board_id,post_id,analysis_unit,title,published_at,source_url,selection_reason,views,recommendations,comment_count,analyzed_comment_count,comments_complete,body_sentiment,comment_reaction,intent,topic,confidence,evidence_terms,body_excerpt,model_version
2294,457537,adele,아델은 번거롭긴하지만 오히려 버프인거에요?,2026-07-16 08:35:00+00:00,https://www.inven.co.kr/board/maple/2294/457537,comments,1745,0,5,5,True,neutral,neutral,information,커뮤니티,0.35,,키다운중 게블사용이면 원래 못쓰는거 쓰게 해주는건가요?,domain-lexicon-v1.1
2298,224646,angelic_buster,근데 이번 신스킬 스택쌓고 재사용 하는거,2026-07-13 15:00:00+00:00,https://www.inven.co.kr/board/maple/2298/224646,comments,1157,7,23,21,False,neutral,negative,complaint,밸런스·스킬,0.35,,이번에 레테 신규 6차는 스택 다 털면 자동으로 나가고 렌 5차 망혼각성인가 그거 막타도 자동으로 나가는데 우리는 왜 수동으로 해야되는걸까요 ᅳᅳ..,domain-lexicon-v1.1
2298,224713,angelic_buster,엔버 근데 노래는 왜 정상화 안해주는거?,2026-07-14 15:00:00+00:00,https://www.inven.co.kr/board/maple/2298/224713,recommendations,804,11,6,6,True,neutral,neutral,complaint,커뮤니티,0.35,,게임 소소하게하는사람이라 성능은 솔직히 알빠노인데 익절트 보컬 없앤거 왜 재녹음안해주지... 아쉬운데,domain-lexicon-v1.1
2298,224761,angelic_buster,신규스킬 자동시전으로 바뀌었네요,2026-07-16 07:59:00+00:00,https://www.inven.co.kr/board/maple/2298/224761,views,1336,0,3,3,True,neutral,neutral,information,보스·전투,0.35,,■ 엔젤릭버스터 - 팝핑 하트 · 팬이 8명 모였을 때 팬들이 자동으로 적을 향해 돌진하도록 수정됩니다. · 이미 등장한 팬은 맵을 이동해도 유지되도록 수정됩니다. · 돌진하는 팬과 응원 에너지의 공격이 보스 전투 후 보상 몬스터를 타격할 수 없도록 수정됩니다.,domain-lexicon-v1.1
2294,457575,aran,마하 언리시드 이제 6차 적용되는건가,2026-07-16 08:57:00+00:00,https://www.inven.co.kr/board/maple/2294/457575,comments,1595,0,7,7,True,neutral,negative,information,커뮤니티,0.35,,헌터즈에 있는 155% 안받던게 고쳐진건가,domain-lexicon-v1.1
2294,457813,aran,마하 언리시드 열면 극딜 준극에 브마 안 넣는 게 더 쌔려나?,2026-07-16 15:05:00+00:00,https://www.inven.co.kr/board/maple/2294/457813,recommendations,61,0,0,4,True,neutral,positive,information,밸런스·스킬,0.35,,지금은 극딜 때 브마 섞는 편인데 신스킬 후엔 어쩌련지,domain-lexicon-v1.1
2294,457623,aran,아란 5차 최종뎀없애고 깡딜올렸네,2026-07-16 09:35:00+00:00,https://www.inven.co.kr/board/maple/2294/457623,views,2134,0,3,3,True,negative,negative,information,밸런스·스킬,0.6,너프,이러면 살짝 근소 너프인가,domain-lexicon-v1.1
2295,299453,arch_mage_fire_poison,인페르날 웨이브 이펙트 변경 없음.,2026-07-16 09:06:00+00:00,https://www.inven.co.kr/board/maple/2295/299453,comments,1478,6,25,23,False,positive,negative,praise,커뮤니티,0.6,기대,여전히 럭키 포이즌 리전입니다...... 패치 노트에 없어도 은근 기대했었는데 전혀네요.....ᄏᄏᄏᄏᄏ...크흡....,domain-lexicon-v1.1
2295,299568,arch_mage_fire_poison,테섭 불독 필터키 사용 체험 후기,2026-07-16 10:50:00+00:00,https://www.inven.co.kr/board/maple/2295/299568,recommendations,1340,6,5,9,False,neutral,mixed,information,버그·사용성,0.35,,"기존 필터키 프로그램 쓴 느낌처럼 사용감이 괜찮음. 헤이즈 - 이럽션 콤보 부드럽게 나감. 텔마 딜하다가 방향 삑나는 일 없음. 도노체 후 이럽션 콤보 부드럽게 나감. 채팅칠 때나 보스 UI, 아이템 구입 UI 입력시 실수 없음. GOAT",domain-lexicon-v1.1
2295,299386,arch_mage_fire_poison,불독 2차 테섭 인페르날 웨이브 변경점,2026-07-16 08:05:00+00:00,https://www.inven.co.kr/board/maple/2295/299386,views,2690,4,25,22,False,neutral,positive,information,밸런스·스킬,0.35,,퍼뎀 조정은 없지만 이그나이트가 생성되게 변경. 그래...불 스킬이 이그나이트 발동 안시키는게 말이 안됐지...나이샤~!,domain-lexicon-v1.1
2295,299377,arch_mage_ice_lightning,릴리즈 썬콜,2026-07-16 07:59:00+00:00,https://www.inven.co.kr/board/maple/2295/299377,comments,2290,0,14,14,True,neutral,negative,information,보스·전투,0.35,,"■ 아크메이지(썬,콜) - 서브제로 퍼미네이션 · 공용 스킬을 제외한 직접 사용하는 공격 스킬이 적중하지 않아도 서브제로 퍼미네이션의 재사용 대기시간이 감소하는 현상이 수정됩니다. ■ 아크메이지(썬,콜) - 프로즌 라이트닝 · 마력 개화의 공격이 보스 전투 후 보상 몬스터를 타격할 수 없도록 수정됩니다.",domain-lexicon-v1.1
2295,299525,arch_mage_ice_lightning,썬린이인데 신규스킬 열어도 되나요,2026-07-16 10:05:00+00:00,https://www.inven.co.kr/board/maple/2295/299525,recommendations,1145,1,4,4,True,neutral,positive,question,밸런스·스킬,0.35,,직게보니까 반응이 영 좋지는 않네요.,domain-lexicon-v1.1
2298,224746,ark,하드메이린 90.5퍼인데,2026-07-16 03:44:00+00:00,https://www.inven.co.kr/board/maple/2298/224746,comments,757,0,12,12,True,neutral,positive,information,밸런스·스킬,0.35,,"기믹 때 평딜 쉬고 악몽/흉몽, 혼돈 정도만 털어준다는 생각으로 해도 클리어각 볼만한가요?... 일단 기믹을 한번도 실수하지 않아야 되는 건 맞는 것 같은데",domain-lexicon-v1.1
2298,224792,ark,와우 아크 스킬보이스,2026-07-16 09:05:00+00:00,https://www.inven.co.kr/board/maple/2298/224792,recommendations,1005,1,2,1,False,neutral,neutral,debate,밸런스·스킬,0.35,,평소에 안키다가 이번에 켜놓고 보스 쳐봤는데 진짜 못듣겠다 이건ᄏᄏᄏ 보이스 작업 다시 해야 하는 거 아닌가,domain-lexicon-v1.1
2298,224764,ark,신규스킬 스택,2026-07-16 08:02:00+00:00,https://www.inven.co.kr/board/maple/2298/224764,views,2565,0,3,3,True,neutral,negative,information,밸런스·스킬,0.35,,보스한테 안쌓이고 스킬 자체에서 카운트 되는걸로 바꼈네,domain-lexicon-v1.1
2295,299397,battle_mage,명계의 번개 범위가 늘면 뭐가 좋은 거예요?? 사냥스킬인가요??,2026-07-16 08:14:00+00:00,https://www.inven.co.kr/board/maple/2295/299397,comments,747,0,8,8,True,neutral,negative,question,밸런스·스킬,0.35,,ᄌᄀᄂ,domain-lexicon-v1.1
2295,299485,battle_mage,전장연의 심리가 이해되는 하루다,2026-07-16 09:27:00+00:00,https://www.inven.co.kr/board/maple/2295/299485,recommendations,379,5,1,1,True,neutral,neutral,information,밸런스·스킬,0.35,,ᄏᄏ개씨발 이딴 1급지체장애인직업 탈출은 지능순이야~~~,domain-lexicon-v1.1
2295,299409,battle_mage,결국 배메는 너프네,2026-07-16 08:25:00+00:00,https://www.inven.co.kr/board/maple/2295/299409,views,930,1,3,2,False,negative,negative,information,커뮤니티,0.6,너프,너프전에 데티 칼로스 잡아서 다행이다,domain-lexicon-v1.1
2295,299470,bishop,이번 신규 스킬코어 열지도 않을 사람들은 추천좀,2026-07-16 09:17:00+00:00,https://www.inven.co.kr/board/maple/2295/299470,comments,1528,5,14,15,True,neutral,negative,information,밸런스·스킬,0.35,,일단 나부터... 딱봐도 지금 상황에서 변할게 없어 보임... 하드벨로나 2인은 나와봐야 알거 같고,domain-lexicon-v1.1
2295,299399,bishop,2차테섭 신스킬 딜 점유율,2026-07-16 08:17:00+00:00,https://www.inven.co.kr/board/maple/2295/299399,recommendations,2288,7,8,8,True,neutral,negative,information,밸런스·스킬,0.35,,2.81% 1차 테섭은 3.03%였습니다,domain-lexicon-v1.1
2294,457676,blaster,패치가 뭣같아도 할건 해야하니..,2026-07-16 10:12:00+00:00,https://www.inven.co.kr/board/maple/2294/457676,comments,393,0,9,9,True,neutral,negative,information,밸런스·스킬,0.35,,"매그팡 매크로로 쓰시는분들은 오버를 매크로 넣어서 쓰실거면 릴파+오버 매크로를 묶을게 아니라 오버+매그+팡 매크로를 묶는게 맞는거 같음.. 릴파+오버를 매크로로 묶어서 써보니까 릴파 후딜때매 오버가 한참 늦게 나감 근데 막상 오버는 후딜이 짧아서 더킹/스웨이로 캔슬할시간에 해매팡처럼 바로 매그팡 쓰는게 나은듯 릴파 -> 더킹/스웨이캔슬 -> 오버+매그팡 -> 더킹/스웨이캔슬 -> 매그팡 이런식으루.. 전 해매팡을 매크로로 묶어서 쓰다보니 릴파, 해매팡 매크로, 오버매그팡 매크로 이렇게 3개 키로 쓰려구요..",domain-lexicon-v1.1
2294,457789,blaster,신스킬 사용법,2026-07-16 13:34:00+00:00,https://www.inven.co.kr/board/maple/2294/457789,recommendations,225,1,3,5,True,neutral,neutral,information,밸런스·스킬,0.35,,"릴파벙 + 오버히트 매크로 설정 릴파벙 후 더킹캔슬시 릴파벙 키 재입력으로 오버히트 사용 릴파벙 공중판정으로 더킹 공캔시 자동으로 오버히트 사용 릴파벙 후 더킹 타이밍으로 직접발동 할것이냐, 자동발동 시킬것이냐가 조절되는 격인데 저는 이렇게 사용해볼 것 같습니다",domain-lexicon-v1.1
2294,457620,blaster,필터키 기능 레전드,2026-07-16 09:34:00+00:00,https://www.inven.co.kr/board/maple/2294/457620,views,664,0,5,5,True,neutral,neutral,information,커뮤니티,0.35,,ᄏᄏᄏᄏᄏᄏᄏᄏᄏ필터키 켜보니까 더킹 차칭하고 점프 한번만눌러도 덕슬됨 ᄏᄏᄏᄏᄏᄏᄏᄏᄏ 이거 재밌네 ᄏᄏᄏᄏ,domain-lexicon-v1.1
2296,184441,bowmaster,그래도 할만하니 일단은 걍할래..,2026-07-16 09:23:00+00:00,https://www.inven.co.kr/board/maple/2296/184441,comments,1452,0,5,5,True,positive,positive,praise,밸런스·스킬,0.6,만족,메카닉이나 미하일정도는아니니까.. 만족하면서할래 근데 폭시중 스킬발동안되는거랑 오징어는 개빡치긴함,domain-lexicon-v1.1
2296,184448,bowmaster,'응 안 열어'하고 있지 말고 건의합시다ㅠㅠ,2026-07-16 09:36:00+00:00,https://www.inven.co.kr/board/maple/2296/184448,recommendations,882,10,1,1,True,neutral,neutral,request,밸런스·스킬,0.35,,그래도 6차 코어칸 한 자리 차지하는 스킬 받는 건데 데미지는 약한 거 인정하지만 이펙트랑 구조 개선은 다같이 건의해요! 폭시 끊는 뻑뻑한 사용감에 오징어는 진짜 아니잖아요ᅲᅲ,domain-lexicon-v1.1
2296,184376,bowmaster,신규6차 진짜 안열어야겠다,2026-07-16 08:33:00+00:00,https://www.inven.co.kr/board/maple/2296/184376,views,1855,0,2,1,False,neutral,neutral,information,밸런스·스킬,0.35,,딜도 별로 안쌔지고 걍 유기해야겠네 ᅲᅲ,domain-lexicon-v1.1
2298,224823,buccaneer,5차강화 적용안되면 30강해도 손해임.,2026-07-16 10:31:00+00:00,https://www.inven.co.kr/board/maple/2298/224823,comments,979,12,8,9,True,neutral,negative,complaint,밸런스·스킬,0.35,,"기존 - 씨 서펜트 인레이지 : ( 970 + 340 ) x 8 x 2.2 = 23,056 % - 서펜트 어썰트 인레이지 : 853 x 6 x 10 x 2.2 = 112,596 % 신규 스킬 -씨 넵투누스 : 1050 x 12 = 12,600 % -넵투누스 어썰트 : 1061 x 13 x 8 = 110,344 % 씨 넵투누스가 8번발동이니 넵투누스 어썰트가 2회 발동이니 그런건 의미가 없음 왜냐면 신규 스킬 자체가 ""기존 스킬을 강화하는"" 방식이기 때문에 딜이 쌔지기 위해선 당연히 기존 스킬 퍼뎀보다 높아야 하는데 퍼뎀을 보셈. 저게 30레벨 기준인데 30레벨조차 기존 스킬 퍼뎀보다 낮음. 그런데도 5차 강화코어 적용 안되는게 의도된 사항이다? 아무리 20초간 데미지10% 증가가 있다 해도 스킬 자체딜이 저렇게 약해지는게 맞는거임? 점유율이 몇퍼네 마네 그건 전혀 의미가 없음. 기존스킬 강화방식이기 때문에 그만큼 씨 서펜트 인레이지랑 서펜트 어썰트 인레이지가 낮아지는거라 저 퍼뎀이 ",domain-lexicon-v1.1
2298,224762,buccaneer,다들 고생많으셨습니다,2026-07-16 08:01:00+00:00,https://www.inven.co.kr/board/maple/2298/224762,views,1236,0,0,0,True,neutral,neutral,information,커뮤니티,0.35,,바이퍼 이제 놔줍시다,domain-lexicon-v1.1
2297,331288,cadena,브릭 단일 캔슬 질문,2026-07-16 11:09:00+00:00,https://www.inven.co.kr/board/maple/2297/331288,comments,311,0,6,7,True,neutral,positive,question,커뮤니티,0.35,,보통 브릭 캔슬할때 체이스로 끊으면 브릭이 증발해서 클로로 끊잖아요 전 사용할때 윗브 클해서 터트리고 클로로 다시 내려오는걸로 사용하는데 제가 잘 사용하고있는지 몰라서요.. 그리고 브릭 단일캔슬할때 클로쿨이 돌아있어야 캔슬이 되는거죠?,domain-lexicon-v1.1
2297,331169,cadena,●▅▇█▇▆▅▄▇ 족쇄추가 무조건 막아야합니다,2026-07-16 08:43:00+00:00,https://www.inven.co.kr/board/maple/2297/331169,recommendations,519,7,2,3,True,neutral,neutral,request,밸런스·스킬,0.35,,오드넌스 끝나는거 보고 써야하는 구조는 말도안되는 족쇄입니다 오드넌스랑 분리해서 극딜시작과 동시에 딸깍 누르면 되는 스킬로 개선받아야해요,domain-lexicon-v1.1
2297,331242,cadena,카쌤들 그래서 신6차 안열어도댐?,2026-07-16 10:00:00+00:00,https://www.inven.co.kr/board/maple/2297/331242,views,867,0,2,2,True,neutral,positive,information,커뮤니티,0.35,,오드 10렙 메일10렙인 어머밥임,domain-lexicon-v1.1
2298,224623,cannon_shooter,캐슈 체급 어떤가요 ??,2026-07-13 15:00:00+00:00,https://www.inven.co.kr/board/maple/2298/224623,comments,1331,0,12,12,True,neutral,neutral,request,밸런스·스킬,0.35,,직업 이해도와 보스 이해도 차이가 있다고 해도 이적자 120퍼 2초 남기고 잡고 하드 세렌 106퍼인데 택도 없게 많이 남는데 체급이 낮은 편인가요 평균인가요 ?? 추가로 첫 극딜 일필 맞추고 준극이 일필보다 빨리 도는데 극딜 좀 밀리더라도 일필에 맞추는게 나은가요 ??,domain-lexicon-v1.1
2298,224766,cannon_shooter,키다운이 손해니까 키다운딜을 올리고 막타딜을 내렸습니다~ 짜잔~,2026-07-16 08:10:00+00:00,https://www.inven.co.kr/board/maple/2298/224766,recommendations,981,5,2,2,True,neutral,neutral,information,밸런스·스킬,0.35,,버스터 마코30기준 신규코어는 저레벨구간에서 키다운을 하는게 손해라서 키다운을 강제하고 막타딜을 내렸네요. 대단하다 개 창 섭 캐논슈터 - 메가 캐논 봄바드 · 지속 포격의 데미지가 마스터 레벨 기준 839%에서 1259%로 증가됩니다. · 폭발의 데미지가 마스터 레벨 기준 3693%에서 2462%로 감소됩니다.,domain-lexicon-v1.1
2298,224670,corsair,캡틴 검마 3페 팁좀,2026-07-13 15:00:00+00:00,https://www.inven.co.kr/board/maple/2298/224670,comments,1036,0,12,12,True,neutral,positive,information,보스·전투,0.35,,"해방x 핵환 3.3 나오고 1페는 극딜 1어센트면 넘어감, 2페도 무난무난 근데 3페만 가면 정신 나가겠음,, 연모로 계속하고 있는데 3페가 진짜 미친새ᄀ임 + 바닥에 장판깔리는 즉사패턴에서 검마 밀격 당하면 끔살이던데 이때 왼쪽으로 달려서 피해도됨?",domain-lexicon-v1.1
2298,224842,corsair,[테섭](개선 요청)신규스킬 에어리얼 봄바드먼트 타격 범위_260716,2026-07-16 12:24:00+00:00,https://www.inven.co.kr/board/maple/2298/224842,recommendations,602,14,2,1,False,neutral,neutral,request,밸런스·스킬,0.35,,"에어리얼 봄바드먼트의 기본 설명 입니다. https://www.inven.co.kr/board/maple/2298/224275 -------------- -------------- -------------- -------------- -------------- -------------- -------------- -------------- 에어리얼 봄바드먼트 공격 타입 중 에어 스트라이크 의 좁은 범위로 일부 보스에서 손해가 발생합니다. 폭발 범위 증가 건의 드립니다. 에어 스트라이크 는 스택1 (소형 갈매기) 하나당 5번(타수)의 공격 을 합니다. 공격횟수 = 사용횟수 X 5회 입니다. 이 공격은 폭발형 이며, 일정 범위 에 최대 4마리 까지 공격 가능합니다. 따라서 대상이 2마리일 경우 스택1당 공격 타수가 10번 씩 찍힙니다. [에어스트라이크 - 2마리 타격 횟수] ​ ​ ​ 갈매기의 등장 방향은 랜덤이지만 처음 7~8회의 공격 모두 오른쪽에서만 등장 했으며 대상의 우측에만 폭",domain-lexicon-v1.1
2298,224734,corsair,신규스킬 이펙트고 딜이고,2026-07-15 22:49:00+00:00,https://www.inven.co.kr/board/maple/2298/224734,views,1475,0,10,12,True,neutral,mixed,request,밸런스·스킬,0.35,,"최근 1주일 동안의 캡틴 게시판 반응 겸 제 생각 스킬이 이대로 나온다면, 언제 나올지 모를 리마스터 전까지는 이펙트 개선도 없을 것이다. 동의 -> 캡틴이 챌섭 추천 캐릭, 유챔 추천 캐릭에 오르내리며 최근 유입 인구가 많아진 것으로 알고 있습니다. 누군가에게는 향수를 불러일으키는 이펙트라고도 생각합니다. 저도 처음에는 ""와, 에어스트라이크!"" 했지만, 정신을 차리고 보니 함장으로 콘셉트를 바꿨는데?라는 생각 이 들었습니다. 리마스터 이후 함대를 운영하는 콘셉트를 좋아해서 오신 분들도 많을 거라고 생각합니다. 이에 더해 직업의 콘셉트를 리마스터하면서 동물은 전부 치워내고 함대 콘셉트로 바꿨기 때문에, 이펙트 개선 의견에 동의합니다. 이펙트는 그렇다 치더라도 딜이 약하다. = 부분동의 -> 이번 신규 스킬 기준으로 이펙트를 챙길 수 '없다면' , 차라리 딜이라도 받자는 의견에도 어느 정도 공감하는 바입니다. 이 부분은 오늘 라이브가 나와 봐야 알 수 있을 것 같습니다. 어차피 이펙트",domain-lexicon-v1.1
2294,457589,dark_knight,◀――●▅▇█▇▆▅▄▇ 일단 누울게요 9월에 깨워주세요,2026-07-16 09:08:00+00:00,https://www.inven.co.kr/board/maple/2294/457589,recommendations,701,1,3,3,False,neutral,neutral,request,밸런스·스킬,0.35,,비홀더 계열 스킬 동시 사용 가능 궁니르 비중 닼신숔or피사클 이관 리인카 수동 발동 기능 추가 레조넌스 최종뎀 롤백 돌진으로 평딜기 캔슬 기능,domain-lexicon-v1.1
2294,457719,dark_knight,이번 닼나 2차 테섭 솔직한 후기,2026-07-16 10:58:00+00:00,https://www.inven.co.kr/board/maple/2294/457719,views,943,0,3,4,True,negative,neutral,request,밸런스·스킬,0.6,불편,"여전히 직게에 불만글이 많이 올라오고 있는데, 이번 신규 코어 패치를 전체적인 분위기와 상황을 고려해서 이성적으로 평가해보면 저는 다행이라고 생각합니다. 1. 쇼크/임팩트 동시사용 이번 2차 테섭에서 쇼크 or 일반임팩트후 강화임팩트 딜레이를 삭제했음에도 쇼크/임팩트 동시사용은 개선되지 않았습니다. 이걸 보면 적어도 이번 7월 패치에서는 쇼크/임팩트 동시사용을 손볼 생각은 추호도 없어 보여요 어차피 쇼크/임팩트는 기존부터 있었던 족쇄인 만큼, 이번 신규스킬 패치만 놓고본다면 기존의 깔끔한 극딜구조가 그대로 유지됐고 불쾌한 부분도 사라졌습니다. 지금 다른 직업들을 보면 구조 변경으로 인해 불편함이 생긴 경우도 많아보이는데, 지금 분위기를 생각하면 닼나는 현재 상황에선 다행이라고 봅니다. 2. 강화임팩트 사용 시 일반임팩트 증발 이 부분을 불만으로 말씀하시는 분들도 계신데, 저는 지금 방식이 맞다고 봅니다. 만약 일반임팩트가 증발하지 않는 구조였다면 극딜 고점은 아마 일반임팩트 -> 시",domain-lexicon-v1.1
2294,457534,demon_avenger,신스킬 나오면 키세팅,2026-07-16 08:34:00+00:00,https://www.inven.co.kr/board/maple/2294/457534,comments,697,0,9,9,True,neutral,neutral,request,밸런스·스킬,0.35,,도무지 넣을 자리가 없는데 다른분들은 어떠신가요? ps) 아 제발 디맨션도 현재체력 코스트로 바꾸고 시퀀스에 좀 넣게 해주라; 이거 해준다고 데벤 씹사기캐 되는것도 아니고 편의성 개선인데 코악물고 안해주네 진짜..,domain-lexicon-v1.1
2294,457788,demon_avenger,다 좋고 잘받은거 알겠는데,2026-07-16 13:32:00+00:00,https://www.inven.co.kr/board/maple/2294/457788,recommendations,306,2,0,2,True,neutral,neutral,information,커뮤니티,0.35,,디멘션 레퀴엠 체력코스트랑 디멘션 시퀀스화는 언제 해주는?,domain-lexicon-v1.1
2294,457584,demon_avenger,신스킬 회복제한,2026-07-16 09:04:00+00:00,https://www.inven.co.kr/board/maple/2294/457584,views,837,1,7,7,True,neutral,neutral,information,밸런스·스킬,0.35,,"테섭에서 테스트 해봤는데 블피,이여축으도 결국 스킬로 회복되는거라 회복적용 안되네요! 정상화되서 다행입니다. 다만 포션은 회복적용이 되서 이제 펫 자동포션은 못넣어놓지 싶네요",domain-lexicon-v1.1
2294,457542,demon_slayer,챌섭에서 듀블키우는데 데슬로 바꿀까하는데 어떤가요,2026-07-16 08:37:00+00:00,https://www.inven.co.kr/board/maple/2294/457542,comments,628,0,6,6,True,neutral,positive,information,밸런스·스킬,0.35,,뽀뽀딜하면서 딜까지 구리길래 맘이 싱숭생숭 하네요,domain-lexicon-v1.1
2294,457802,demon_slayer,지금이야말로 구조개선의 토론을 할때 아닌가?,2026-07-16 14:13:00+00:00,https://www.inven.co.kr/board/maple/2294/457802,recommendations,151,0,0,4,True,neutral,negative,debate,커뮤니티,0.35,,어웨 상시화 루포실 피격댐 포스 개선 오리진 압축 이정도만 되면 그냥 싸버릴듯 ᄋᄋ,domain-lexicon-v1.1
2297,331190,dual_blade,닼나나 바이퍼는 방무 추가 줬네ㅋㅋ,2026-07-16 09:04:00+00:00,https://www.inven.co.kr/board/maple/2297/331190,comments,1791,18,8,8,True,neutral,neutral,request,커뮤니티,0.35,,듀블 방무 스킵은 무능이 아니라 그냥 의도된 사항이네요ᄏᄏ 도대체 왜?,domain-lexicon-v1.1
2295,299475,evan,드래곤소어 구조 추가 개선안,2026-07-16 09:21:00+00:00,https://www.inven.co.kr/board/maple/2295/299475,comments,1099,9,16,16,True,neutral,negative,request,밸런스·스킬,0.35,,1-1. 소어 엘블 바로 사용 시 남은 소어 데미지 피니셔에 포함 혹은 1-2. 소어 피니셔 데미지 적용 시간 차이로 극딜 돌아와 타이밍이 강제로 바뀌는데 이펙트 모션 시간 줄이든가 해서 기존 드브 임브와 동일하게 맞추기 (기존 드브 3마나 임브 7마나 돌아와 -> 테섭 소어 3.5마나 피니셔 8마나 돌아와) 2. 보이스 정상화 3.(추가) 드브 및 소어 돌아와 에반 위치가 아닌 보스 몬스터 위치에 생성 (포지셔닝 강요 완화) 신규 6차 관련 테섭 문의 넣으려고 하는데 더 의견내실거 있을까요,domain-lexicon-v1.1
2295,299372,evan,에반 2차테섭 변경사항,2026-07-16 07:56:00+00:00,https://www.inven.co.kr/board/maple/2295/299372,views,1756,3,3,3,True,neutral,neutral,information,밸런스·스킬,0.35,,■ 에반 - 드래곤 소어 · 스킬 설명이 수정됩니다. · 스킬 보이스가 변경됩니다. · 재사용 대기시간이 삭제됩니다. · 조디악 레이 지속 시간 동안 1회 사용 가능하도록 변경됩니다. - 버티컬 피니셔 · 스킬 보이스가 변경됩니다.,domain-lexicon-v1.1
2295,299443,flame_wizard,플위 2차 테섭 변경점 있나요?,2026-07-16 08:55:00+00:00,https://www.inven.co.kr/board/maple/2295/299443,comments,607,0,3,3,True,neutral,neutral,information,커뮤니티,0.35,,이펙트나 퍼뎀 달라졌나요? 제발,domain-lexicon-v1.1
2295,299604,flame_wizard,플위 고수님들,2026-07-16 13:09:00+00:00,https://www.inven.co.kr/board/maple/2295/299604,recommendations,226,0,1,3,True,neutral,neutral,information,커뮤니티,0.35,,카칼 98.93퍼인데 솔플 가능성 있을까요,domain-lexicon-v1.1
5974,6769863,free,메이린·레테 인장 받아가세요! 2026 메이플 인벤 여름 이벤트,2026-06-23 15:00:00+00:00,https://www.inven.co.kr/board/maple/5974/6769863,comments,23619,26,91,79,False,positive,mixed,request,커뮤니티,0.6,재미,"안녕하세요, 인벤팀입니다. 메이플스토리 2026년 여름 이벤트 '오버드라이브' , 재미있게 즐기고 계신가요? 저도 레테로 메이린을 잡고, 빠르게 티어도 올리고 있습니다. 여러 개선 사항이 더해진 만큼, 성장 속도도 역대급으로 느껴지네요. 뜨거운 여름을 맞아, 메이플스토리 인벤에서도 커뮤니티 이벤트와 인장 업데이트를 준비했습니다. 딸깍 몇 번으로 이벤트에 참여하고, 귀여운 메이린 인장 과 레테 인장 을 모두 받아가세요. 이외에도 레테 아크릴 스탠드 를 드리는 이벤트도 준비되어 있으니 많은 관심 부탁드립니다. 메이플스토리 인벤 여름 이벤트 페이지 바로가기 이벤트 한눈에 보기 아래 항목을 선택하면 해당 이벤트 안내로 이동합니다. EVENT.1 게임 프로필 갱신 이벤트 - 프로필을 갱신하고 메이린 인장 받기 EVENT.2 레테 인장 출시 및 전직업 인장 복각 - 원하는 직업 인장 선택 EVENT.3 팁과 노하우 게시판 이벤트 - 신규·복귀 유저를 위한 팁 작성 EVENT.4 질문과 답변 게",domain-lexicon-v1.1
5974,6889698,free,(추가2) 테섭 신규이벤트&라이브&캐시 요약 : 사과 보상/부티크 등,2026-07-16 09:11:00+00:00,https://www.inven.co.kr/board/maple/5974/6889698,recommendations,62390,143,54,51,False,mixed,positive,information,이벤트·캐시,0.8999999999999999,감사 · 오류 · 부족,[수정/추가 사항] 1. 프리미엄 헤어/성형 쿠폰 목록 추가 2. 일부 오타들 수정 3. 모멘텀 패스 구성품 : 교환 불가 ----------------- 안녕하세요 이 글은 오늘 진행된 테섭과 라이브의 핵심이 되는 내용들을 간략히 보실 수 있게 정리한 것입니다 이후 여력 되는 대로 보충하겠습니다 잘못 적힌 또는 누락된 부분은 말씀해 주시면 감사히 수정합니다 -------------------- ▶ 이 글의 내용들(라이브&테섭에서 공개된 것들)은 본섭 적용 시 변동/변경될 수 있으며 본섭에 7/23(목) 업데이트 적용 예정입니다. 잘못 적힌 또는 누락된 부분 있을 수 있으며 이 경우 수정 시 글 맨 위에서 말씀 드립니다 ---------------------- [메이플 옥션 관련 관련 사항 / 오류 사과 보상] 1. 아무리 도전적인 콘텐츠였다고 해도 저조차도 이해 못 할 너무나도 잦은 오류들에 대해 진심으로 사과의 말씀 드린다. 이번에 개선하긴 했는데 많이 부족하다. 문의 해주신 부,domain-lexicon-v1.1
2294,457147,hero,오랜만에 써보는 히어로 개선안,2026-07-13 15:00:00+00:00,https://www.inven.co.kr/board/maple/2294/457147,comments,4740,18,16,17,False,negative,mixed,request,밸런스·스킬,0.75,불편 · 문제,"히어로 구조 개선 및 레이지 익스플로젼 개선안 신규 스킬이 추가되는 시기인 만큼, 현재 히어로가 여전히 불편하게 사용되는 부분과 개선이 필요하다고 생각되는 내용을 GPT로 정리해 봄 ------------------------- 1. 히어로의 전체적인 문제점 히어로는 별도의 파티 시너지가 거의 없는 순수 딜러임 하지만 현재는 여러 구조적 불편함을 감수할 만큼 확실한 실전 딜 우위를 보여주지 못하고 있음 2025년 패치를 통해 플래시 슬래시 2회 사용과 일부 스킬의 액션 딜레이 감소 등 기본적인 조작감은 개선됐지만, 오래된 스킬을 각각 직접 사용해야 하는 구조와 극딜 과정의 불편함은 여전히 남아 있음 1-1. 소드 일루전에 지나치게 의존하는 극딜 구조 히어로의 극딜은 소드 일루전의 짧은 최종 데미지 증가 시간 안에 주요 스킬을 최대한 몰아넣어야 하는 구조임 특히 스피릿 칼리버의 긴 연출 중에도 소드 일루전의 지속시간이 감소하기 때문에 실제로 버프를 활용할 수 있는 시간이 지나치게 짧음",domain-lexicon-v1.1
2297,331222,hoyoung,나름 메이플 열심히 했다 생각하는데,2026-07-16 09:32:00+00:00,https://www.inven.co.kr/board/maple/2297/331222,comments,1553,3,54,54,False,negative,negative,complaint,보스·전투,0.6,문제,호영 마코 솔직히 그정도로 문제있는 내용인지 진지하게 이해가 안가요 그냥 5초 극딜기 생겼다고 생각해도 될거같은데 딜도 잘 받았잖아요 이번에 키다운 애들 생각해서 맵패턴 안나오는 것도 해줬잖아요 토긍파긍이 문제 있는것도 충분히 알겠는데 딜량 10등이면서 극딜 준극딜때 묶일때만 쓰는 딜사이클이 그정도면 솔직히 그렇게 나쁘지 않다고 생각해요,domain-lexicon-v1.1
2295,299394,illium,그람에 좀 해주지,2026-07-16 08:12:00+00:00,https://www.inven.co.kr/board/maple/2295/299394,comments,627,0,4,4,True,neutral,negative,information,커뮤니티,0.35,,즉발도 아니고 지속형으로 주고선 먼 이그에 터지게 만들었나..,domain-lexicon-v1.1
2295,299619,illium,신규스킬 방향성은 차라리 이게 맞는듯,2026-07-16 14:22:00+00:00,https://www.inven.co.kr/board/maple/2295/299619,recommendations,137,0,0,0,True,neutral,neutral,request,밸런스·스킬,0.35,,"땅그니션 빌드 막으려고 하는거같고, 내 생각에도 땅그니션은 없어져야 하는 기형적인 빌드임 (정착화 되면 안댐) 9월에 일리움 구조 제대로 바꿔주길바람 1. 패차 극딜기화 2. 게이지삭제",domain-lexicon-v1.1
2295,299380,illium,일리움 신규6차 2차테섭 수정,2026-07-16 08:01:00+00:00,https://www.inven.co.kr/board/maple/2295/299380,views,1541,0,4,5,True,neutral,neutral,request,커뮤니티,0.35,,이러면 어떤가요 개선된건가요?,domain-lexicon-v1.1
2296,184318,kain,카인 퍼뎀 올라갔네요,2026-07-16 08:03:00+00:00,https://www.inven.co.kr/board/maple/2296/184318,comments,1735,2,3,3,True,neutral,neutral,request,밸런스·스킬,0.35,,■ 카인 - [발현] 스트라이크 임팩트 · V매트릭스 강화 코어 효과를 적용받지 않도록 수정됩니다. · 몬스터 방어율을 추가 무시하게 됩니다. · 데미지가 마스터 레벨 기준 597%에서 1313%로 증가됩니다. · 돌격의 데미지가 마스터 레벨 기준 483%에서 1051%로 증가됩니다. - [처형] 팬텀 레퀴엠 · V매트릭스 강화 코어 효과를 적용받지 않도록 수정됩니다. · 몬스터 방어율을 추가 무시하게 됩니다. · 난도질의 데미지가 마스터 레벨 기준 191%에서 420%로 증가됩니다. · 열격의 데미지가 마스터 레벨 기준 153%에서 343%로 증가됩니다.,domain-lexicon-v1.1
2294,457720,kaiser,히히 브래스 발싸~,2026-07-16 10:58:00+00:00,https://www.inven.co.kr/board/maple/2294/457720,comments,1395,11,6,6,True,neutral,neutral,information,커뮤니티,0.35,,​ ​,domain-lexicon-v1.1
2297,331167,khali,그래 시발 걍 안열게,2026-07-16 08:41:00+00:00,https://www.inven.co.kr/board/maple/2297/331167,comments,1638,3,18,18,True,neutral,negative,information,커뮤니티,0.35,,ᄏᄏᄏᄏᄏᄏ 저딴걸 다조주고 열라고? 코젬이면 열어준다 내가,domain-lexicon-v1.1
2297,331198,khali,● ▅▇█▇▆▅▄▇ 이럴거면 버프기로하던가 시퀀스 넣던가해야됨,2026-07-16 09:10:00+00:00,https://www.inven.co.kr/board/maple/2297/331198,recommendations,457,4,0,0,True,neutral,neutral,information,밸런스·스킬,0.35,,안그래도 모기만한 딜량 더까였는데 이거 넣자고 싸이클꼬이고 캔슬까지 해줘야한다고? 딜상승량이야 맞춰주면 알겠다하는데 이런 컨셉으로 낼거면 적어도 버프나 설치기로 시퀀스 안넣어주면 진짜 ᄌᄂ 족쇄될듯 애초에 사용감 자체가 너무 구림 후딜 심하고 캔슬도 부드럽게 되는편도 아님,domain-lexicon-v1.1
2295,299450,kinesis,근데 2.5~3퍼에 맞춰서 낸다면서,2026-07-16 08:59:00+00:00,https://www.inven.co.kr/board/maple/2295/299450,comments,1064,1,5,6,True,neutral,neutral,information,밸런스·스킬,0.35,,평딜스킬이면 3퍼에 맞춰서 줘야지 1.96퍼는 뭐니 창섭아,domain-lexicon-v1.1
2295,299508,kinesis,사거리도 여전히 문제고 단일 타겟 사출기인 게 싫다,2026-07-16 09:50:00+00:00,https://www.inven.co.kr/board/maple/2295/299508,recommendations,688,3,3,4,True,neutral,negative,complaint,밸런스·스킬,0.35,,"지금 바뀐 사거리가 딱 스매싱 최대 사거리임 진짜 스매싱 최대 사거리에서 한걸음만 멀어져도 보스 인식 못함 프레셔 발동하는 범위보다도 좁음 거기에 칼로스, 진힐라, 듄켈 같은 잡몹 보스에서는 보스 텔타는 사이에 잡몹에 새고 보스는 멀리있는데 가까운 잡몹이 공격 맞아서 잡몹 타겟팅하고 단일 타겟 스킬이라 검마1페랑 카링3페 같이 보스가 여러 마리면 딜 절반으로 줄고 앞으로의 보스전에 잡몹이나 2인 이상의 보스가 더 나올지 누가 앎 안 그래도 단일 타겟 사출기인 텔키 비중이 제일 높은 와중에 신스킬로 또 단일 타겟 사출기 받은 것도 맘에 안들고 근데 사거리는 텔키보다 훨씬 좁은데다가 쓸데없이 1회 튕기는 매커니즘 넣어서 막타 증발할 위험까지 있는다는 거임 제일 성의없는 이펙트는 덤이고 진짜 로오그 처음 받을 때 느낌 물씬 든다",domain-lexicon-v1.1
2295,299373,kinesis,키네 6차 신스킬 바뀐 점,2026-07-16 07:56:00+00:00,https://www.inven.co.kr/board/maple/2295/299373,views,1421,0,2,2,True,neutral,neutral,information,밸런스·스킬,0.35,,그래비티 오브젝트 변경 점,domain-lexicon-v1.1
2295,299506,lara,스킬 코어 효율 변동을 계산해보자,2026-07-16 09:48:00+00:00,https://www.inven.co.kr/board/maple/2295/299506,comments,950,4,9,9,True,neutral,negative,information,밸런스·스킬,0.35,,분출 30렙 퍼뎀 손실 : 273218% (변동 없음) 조정된 분출 30렙 퍼뎀 손실 : 291166% (변동 없음) 한아름 아우른 숨결 1렙 퍼뎀 : 1154316% → 283212% (75.46% 감소) 한아름 아우른 숨결 30렙 퍼뎀 : 1435500% → 541080% (62.31% 감소) 한아름 아우른 숨결 1렙 효율 : 863150% → -7954% (100.92% 감소) 한아름 아우른 숨결 30렙 효율 : 1144334% → 249914% (78.16% 감소) 마스터리 코어 풀강을 찍으면 개방 효율이 음수가 된다는 전설의 스킬 등장,domain-lexicon-v1.1
2295,299516,lara,그놈의 분분분정 때문에 되도않는 2초딜로스 너프쳐먹고,2026-07-16 09:58:00+00:00,https://www.inven.co.kr/board/maple/2295/299516,recommendations,885,13,6,6,True,negative,neutral,complaint,밸런스·스킬,0.6,답답,딜은 계속 하위권에 처박히는데 움직이는보스상대로 딜로스 말도안되게 심하고 걍 개병신만드네 계속 ᄏᄏᄏ 패치 때마다 라라유저도아니면서 분탕치러오는 새끼들은 수두룩하고 존나 걍 답답하네,domain-lexicon-v1.1
2295,299455,lara,테섭 전후 딜량비교,2026-07-16 09:08:00+00:00,https://www.inven.co.kr/board/maple/2295/299455,views,2018,1,6,6,True,neutral,neutral,debate,밸런스·스킬,0.35,,1렙 기준 20초 딜량 전 후,domain-lexicon-v1.1
2294,457750,len,오히려 망혼 유연하게 쓰도록 바뀐거 아님?,2026-07-16 11:46:00+00:00,https://www.inven.co.kr/board/maple/2294/457750,comments,1604,0,17,22,False,mixed,negative,complaint,밸런스·스킬,0.75,편하다 · 불편,일필 맞춰 쓴다고 장전 -> 일필때 다 터는걸 못하게 된 것 같은데 여유시간 5초 줄 테니까 괜히 몸비틀지 말고 끊어서 쓰라는건 아닐까? 강제로 유연함을 강요하는 느낌이라 뭔가뭔가긴 한데 승화분리 처음 막을때도 같은 맥락이긴 하니까. 원래는 30초마다 3초+@ 키다운 강제되는게 족쇄라고 생각했는데 패치 들어오면 20초마다 2초 키다운 강제라는 글이 있어서 의견 적어봄 + 원래 일필장전 안 하는 유저들은 여유시간이 5초로 줄어서 더 불편하다고 느낄 수 있음 몇몇 소수만 찬 큰 족쇄 풀어서 모두한테 작은 족쇄 채워준 모양새가 됐음 사실 남들이야 승화분리를 하든 일필장전을 하든 관심없고 쉬운 직업이라서 하는 유저들이 많으니 작은 족쇄도 안 채우는게 바람직하다고 생각함.,domain-lexicon-v1.1
2294,457563,len,렌 스킬 개발자님. 유도하시는 방향을 모르겠습니다.,2026-07-16 08:49:00+00:00,https://www.inven.co.kr/board/maple/2294/457563,recommendations,1330,17,2,2,True,mixed,neutral,complaint,밸런스·스킬,0.8999999999999999,만족 · 재미 · 문제,"5분만 커뮤눈팅하고, 2분만 극딜해봐도 이 구조가 왜 불호인지 아실텐데요. 렌 유저들은 낮은 체급에도 불구하고 구조적 유연함과 실전딜에 나름 만족감을 느끼고 있습니다. 고쿨뚝 유저들의 경우 일필에 맞춰 망혼을 사용하는 재미를 느끼며 게임합니다. 애초에 최초 설계도 그렇게 하셨을거구요. 그런데 지금 이 상황은 이해가 안됩니다. 1. 망혼이 노쿨로 나갈 경우 극딜 딜지분이 높아지는게 문제시면 평소 노쿨에 승화 지속시간동안 사용횟수 제한 (설마 이 로직 추가하는게 귀찮아서 군대식 일처리를 하시는거면 진짜 다시 생각해주시기 바랍니다.) 2. 노쿨로 나갈시에 전체딜상승률이 너무 높다고 생각하시는거면 수치를 조정하시면 되지 않을까요? (설마 수치 조정이 귀찮아서 군대식 일처리를 하신거면 진짜 다시 생각해주시기 바랍니다.) 만약 이대로 넘어온다면 저희는 그냥 렌 스킬 담당자분께서 일하기 귀찮다 라고 생각하며 자기 편한대로 일하시는 분이라고 생각할수밖에없습니다. 그에 관련하여 앞으로 나올 모든 패",domain-lexicon-v1.1
2294,457610,len,죄송한데 그래서.. 일단 좋아진거 아닌가요?,2026-07-16 09:26:00+00:00,https://www.inven.co.kr/board/maple/2294/457610,views,2388,0,8,7,False,neutral,positive,debate,커뮤니티,0.35,,"분위기 안 좋은 와중에 죄송합니다. 근데 승화 쓰면 초기화되는 거라 일단 그래도 예전보단 좋아진 거죠? 저도 쿨 없애는 방향 적극 찬성입니다만, 지금 패치된 결과가 좀 궁금해서요.",domain-lexicon-v1.1
2295,299381,lete,최종뎀 버프에 펠 최종뎀감 완화면 괜찮은거 같은데?,2026-07-16 08:01:00+00:00,https://www.inven.co.kr/board/maple/2295/299381,comments,4301,0,12,12,True,negative,negative,request,커뮤니티,0.6,너프,추가타가 확률로 바뀌긴 했는데 근데 이러면 스택 소모가 충분히 되려나 +이딕트 너프 있네 이거 저번 테섭에도 있었나,domain-lexicon-v1.1
2295,299501,lete,이러면 신스킬자체는 많이 너프 아닌가요?,2026-07-16 09:42:00+00:00,https://www.inven.co.kr/board/maple/2295/299501,recommendations,3013,4,9,9,True,neutral,negative,debate,밸런스·스킬,0.35,,"임프린트 데미지를 100이라고 치면 심상파괴까지 기존: 100×0.68×220=14,960 변경: 100×0.95×220÷2=10,450 변경은 임프린트 최종뎀 90%로 감소에 최종뎀5퍼버프로 0.95 50퍼확률로 터져서 2로 나눔",domain-lexicon-v1.1
2295,297526,lete,레테 직업 게시판 팁 모음 (7/6),2026-06-29 15:00:00+00:00,https://www.inven.co.kr/board/maple/2295/297526,views,14563,4,7,7,True,neutral,positive,information,보스·전투,0.35,,✦ 기본 가이드 ↗ 레테 직업가이드 완성본 ✦ 스킬·운용 팁 ↗ 컨버지 및 스캐터 활용법 ↗ 레테 극딜순서 다시 짜왔음 ↗ 임프린트에 대해서 (+에르다노바 대신 자체바인드를?) ↗ 체인 커맨드에 대해서 ↗ 당신이 임펠을 계속 눌러야 하는 이유 ↗ 레테 스킬 tmi ↗ 레테의 오버로드 마나 적용 범위 ✦ 사냥 정보 ↗ 챌섭 레테 제자리 사냥터 모음 (세르니움~도원경) ✦ 보스·실전 팁 ↗ 하드세렌 100% 클리어 및 잡다한 팁,domain-lexicon-v1.1
2295,299594,luminous,인게임 필터키 문의하거나 안써야할듯,2026-07-16 11:49:00+00:00,https://www.inven.co.kr/board/maple/2295/299594,comments,458,0,3,3,True,neutral,negative,information,운영·소통,0.35,,기능키는순간 이퀄상태 텔 제어가안됨 아무리짧게눌러도 무조건두번나감 기존처럼 외부프로그램쓰던지 문의해서 수치를 조정해달라해야할듯,domain-lexicon-v1.1
2295,299622,luminous,약한건 둘째치고 감응도 안돼 시퀀스도 안돼 퍼니싱으로 모션캔슬도 안돼,2026-07-16 14:56:00+00:00,https://www.inven.co.kr/board/maple/2295/299622,recommendations,58,0,0,3,True,neutral,neutral,question,밸런스·스킬,0.35,,안그래도 무적기 싹다쓰면서 딜레이없이 앱킬 우겨넣어야 성능나오는데 60초마다 누를게 하나 더생겼네? ???: 야 이퀄상태에만 사용가능인데 어떻게 넣어주냐? 진문도 이퀄조건에 시퀀스 들어가는데? ???: 스킬 60초마다 겨우 한번 누르는데 무슨 딜레이 타령이야 이퀄때 빛둠 퍼니싱없이 쓰다가 후딜때문에 패턴맞고 데카까이는경우 ᄌᄂ많은데? 근데 스킬하나 더누르라고? 성의없는 디자인에 성의없는 스킬구조 루미 맘에들어서 저번 챌섭에 키우고 쿨뚝까지 사주고 본캐로 키우려고하는데 서운합니다.. 루미 맘에 들었던게 완벽한 구조 + 지리는 이펙트 + 재사용 뽕맛 이거였는데 이번 스킬 개발 그냥 리워크할때 참여를 하나도 안한사람이 전담했나 싶을정도로 딸깍해서 만든 느낌임 너무 실망이 큼,domain-lexicon-v1.1
2295,299388,luminous,루미너스 신규스킬 변경사항,2026-07-16 08:07:00+00:00,https://www.inven.co.kr/board/maple/2295/299388,views,1559,0,2,2,True,neutral,negative,information,밸런스·스킬,0.35,,■ 루미너스 - 앱솔루트 스페이스 · 스킬 설명이 수정됩니다. · 절대 공간의 공격에 적중한 적에게 가끔 절대 심판이 발동하지 않는 현상이 수정됩니다. · 몬스터가 순간 이동 시 가끔 절대 심판의 타격 이펙트가 어색한 위치에 출력되는 현상이 수정됩니다.,domain-lexicon-v1.1
2296,184313,marksman,변경사항,2026-07-16 08:00:00+00:00,https://www.inven.co.kr/board/maple/2296/184313,comments,2185,3,10,11,False,neutral,mixed,information,커뮤니티,0.35,,,domain-lexicon-v1.1
2298,224658,mechanic,호밍 온오프화 해주면 안되나,2026-07-13 15:00:00+00:00,https://www.inven.co.kr/board/maple/2298/224658,comments,1095,0,41,50,True,neutral,negative,information,커뮤니티,0.35,,메카닉 키누려는데 키세팅만 몇분째 고민중이네여,domain-lexicon-v1.1
2298,224828,mechanic,07/16 전분제출 + 기존 헥사강화 순서 오류안내,2026-07-16 10:37:00+00:00,https://www.inven.co.kr/board/maple/2298/224828,recommendations,387,2,6,7,True,neutral,positive,information,버그·사용성,0.35,,저번 제보때 트랜지션 점유율이 5.26%로 제보되었는데 오늘 쳐보니 7.03%가 나오더라구요... 그래서 저번영상 다시 검수해보니 측정도중 트랜지션이 가출한걸 제가 캐치못하고 찐빠냈습니다.. 현기준 강화순서에서는 트랜지션이 저평가 되어있어요 이번 패치 전분반영 이후에는 트랜지션 순서가 조금씩 당겨질거 같습니다.......... 부끄럽네요... 저번 전분제보 게시글 링크 https://m.inven.co.kr/board/maple/2298/220479?my=post,domain-lexicon-v1.1
2296,184335,mercedes,이동기 풀린게 의미없는 eu,2026-07-16 08:11:00+00:00,https://www.inven.co.kr/board/maple/2296/184335,comments,1861,12,11,12,True,negative,positive,complaint,밸런스·스킬,0.6,문제,"​ ​ - 둘 다 이동기 특성상 x좌표가 변화하지만 메르세데스의 스킬인 엘리멘탈 고스트, 이하 ""엘고"" 로직에 따르면 잔상의 x좌표는 시전 당시의 영향을, 잔상의 방향은 현재 방향의 영향을 받기에 만약 보스 좌측 -> 보스 우측 으로 이동기를 사용 시 우측에서 좌측을 바라보지 않으면 현재 사용할 스킬의 잔상이, 우측에서 좌측을 바라본다면 좌측에서 사용했던 스킬의 잔상이 타격이 되지 않을 가능성이 높은 구조입니다.(구조적 문제) 거다 - 스높부때문에 어차피 서지쓰고 못 씀 +수정 스피어 덥점 서지 거다 써지긴 하는데 음 연계끊으면서 이동기쓰면서까지 써야할지는 엣지 - 잔상 흘릴 가능성이 높아서(극단적으로 ""엔릴+엣지""는 ""엔릴만"" 쓴 것보다 ""약함"") 기피대상임 문썰트 - 엄​",domain-lexicon-v1.1
2296,184382,mercedes,이동기가 x신이에요 -> 그럼 쓰지마 -> 제정신? -> 그럼 써,2026-07-16 08:37:00+00:00,https://www.inven.co.kr/board/maple/2296/184382,recommendations,1054,12,3,2,False,neutral,negative,information,커뮤니티,0.35,,얼척x,domain-lexicon-v1.1
2294,457724,mihile,미하일 분들이 바인드에 걸린 상태에서 맵패턴에 가드를 해서 딜을 넣는게 사라지는게 아쉬워하는 분들이 있어서,2026-07-16 11:03:00+00:00,https://www.inven.co.kr/board/maple/2294/457724,comments,544,1,18,18,True,negative,negative,complaint,보스·전투,0.6,아쉽,아쉬워...?????아쉬워??????? 아쉽다는 표현은 진짜 아닌것같은데 퇴근하고 라방 미하일 언급한거 듣다가 확긁히네,domain-lexicon-v1.1
2294,457588,mihile,유튜버 Tero 대리작성) 오늘 패치 소신발언 및 개선안,2026-07-16 09:08:00+00:00,https://www.inven.co.kr/board/maple/2294/457588,recommendations,882,12,3,3,True,negative,negative,request,보스·전투,0.6,부족,"일단 작성자 피셜 하꼬임. 하꼬니 뭐니 비꼬는거 금지 그러니 그냥 내용만 보셈 ================================ 오늘 겨우 급하게 ""바인드 시 맵 패턴 삭제""에 따른 가드 반격 조치가 들어왔습니다. 하지만 이 내용은 미하일의 이해도가 있었다면 너무도 기본적인 조치였고, 여전히 그럼 최장 약 20초간 이어지는 바인드 시간동안 이미 다 타고 없어지는 미하일의 파티 유틸 (로 아이아스, 라이트 오브 커리지) 보호막은 이제 무슨 소용인지 이에 대한 답변은 전혀 없었습니다. 이러한 시점에서 유저들은 개별 직업에 대한 이해도 부족을 의심할 수 밖에 없게 됩니다. 따라서 다음 부분에 대한 유저 개선 요구의 적용과 인식 변화로서 다음 항목을 촉구드립니다. --- ■ 3줄 요약 : - 현재 미하일의 유틸 능력은 개발진에게 너무 이전 검밑솔 시절의 기준으로 과대평가되어 있는 것으로 보인다. - 그러나 그란디스 이상의 '요즘 메타의 보스들'은 예전과는 달리 애초에 피격이 클리어",domain-lexicon-v1.1
2297,331112,night_lord,9월에 밸패한다는대,2026-07-16 08:11:00+00:00,https://www.inven.co.kr/board/maple/2297/331112,comments,1007,0,10,10,True,neutral,neutral,request,커뮤니티,0.35,,그전에 목소리 좀 진짜 내야할듯 구조개선 체급 등등 목소리 좀 내보자,domain-lexicon-v1.1
2297,331130,night_lord,ㅅㅂ 우리가 목소리를 안내는게 아니라니까?,2026-07-16 08:21:00+00:00,https://www.inven.co.kr/board/maple/2297/331130,recommendations,959,4,3,3,True,neutral,negative,information,커뮤니티,0.35,,아니 수년간 냈어 냈는데 내면 뭐하냐고 ᄏᄏᄏᄏᄏᄏᄏᄏᄏᄏᄏ 아니 듣질않는다니까?ᄏᄏᄏᄏᄏᄏᄏᄏᄏᄏᄏᄏᄏᄏᄏ,domain-lexicon-v1.1
2297,331204,night_lord,신창섭님 감사합니다.,2026-07-16 09:14:00+00:00,https://www.inven.co.kr/board/maple/2297/331204,views,1008,1,1,1,True,positive,neutral,praise,이벤트·캐시,0.6,감사,"복귀 하자마자 코디충이라 코디에만 100 질렀는데, 그만 돈 시간 낭비하고 현생 살라고 일침 주셔서 감사합니다",domain-lexicon-v1.1
2297,331265,night_walker,신스킬 사용 / 미사용 전분 비교,2026-07-16 10:30:00+00:00,https://www.inven.co.kr/board/maple/2297/331265,comments,1307,16,11,10,False,neutral,positive,debate,밸런스·스킬,0.35,,"신스킬 미사용 1449조 퀸터 3356회, 배트 868회, 어비셜 151회 신스킬 사용 1495조 퀸터 3270회, 배트 880회, 어비셜 172회 나머지 스킬 사용횟수 다 맞춤 변수 최대한 줄이기 위해 서버렉 먹는 링크 빼고 진행 (카인, 모도) 극, 준극 사용 순서가 중요 싱귤(캔슬) - 팔랑크스 - 오멘 - 바이트(캔슬) - 퀸터 - 래피드 싱귤을 맨 앞에 놔야 기존에 생성되어있던 배트가 사출되면서 팔랑크스 오멘 바이트 타이밍에 배트 로스가 없음 어비셜 딜량 늘어난거 보면 1렙 개방효율 상당히 좋은 편 만렙기준 신스킬로 인한 딜 증가량은 대략 3%정도. 순서 잘 지킵시다.",domain-lexicon-v1.1
2294,457595,paladin,팔라딘 본캐였는데,2026-07-16 09:12:00+00:00,https://www.inven.co.kr/board/maple/2294/457595,comments,568,0,1,5,True,neutral,neutral,question,이벤트·캐시,0.35,,"걍 본캐는 이벤트 캐시템, 훈장 이런거 받아두는 용도로 방치하고 신캐나 키워야되나 시발 ᄏᄏ 어떻게된게 비슷한 스펙으로 레테가 더 쎈거같냐? 기분탓인가 이상하네 참 ᄏᄏᄏᄏ",domain-lexicon-v1.1
2294,457687,paladin,일단 매번넣던 문의넣어나 봐야겠다,2026-07-16 10:19:00+00:00,https://www.inven.co.kr/board/maple/2294/457687,recommendations,235,1,0,1,True,neutral,neutral,request,운영·소통,0.35,,노블 디맨드 << 시퀀스추가 어드밴스드 홀리차지 패시브화,domain-lexicon-v1.1
2294,457561,paladin,팔라딘 얼마나 망했는지 감도 안옴,2026-07-16 08:49:00+00:00,https://www.inven.co.kr/board/maple/2294/457561,views,804,0,1,1,True,neutral,neutral,complaint,커뮤니티,0.35,,옆집 히어로 닼나는 불타는데 여긴 왜케 조용하냐..,domain-lexicon-v1.1
2296,184397,pathfinder,패파 필터키 쓰지않나?,2026-07-16 08:52:00+00:00,https://www.inven.co.kr/board/maple/2296/184397,comments,1096,0,10,10,True,neutral,mixed,information,커뮤니티,0.35,,이번에 뭐 실험실칸에 필터키 들어왔다던데 이거 쓰면 됨? 원래는 안썼음,domain-lexicon-v1.1
2296,184518,pathfinder,걍 이번스킬 mp쓰는 아스트라 아님?,2026-07-16 11:55:00+00:00,https://www.inven.co.kr/board/maple/2296/184518,recommendations,540,4,5,7,True,neutral,neutral,information,밸런스·스킬,0.35,,ᄏᄏ아스트라가 이제 무적기가 되니 비슷한형태로 내는거야??,domain-lexicon-v1.1
2296,184306,pathfinder,패파 변경점,2026-07-16 07:57:00+00:00,https://www.inven.co.kr/board/maple/2296/184306,views,1353,1,9,9,True,neutral,neutral,request,밸런스·스킬,0.35,,■ 패스파인더 - 마테리얼 버스트 · 스킬 설명이 수정됩니다. · 렐릭 게이지를 소비하지 않고 MP를 소비하도록 변경됩니다. · 일정 시간마다 렐릭 마테리아가 생성되고 렐릭 마테리아를 소모하여 마테리얼 버스트를 사용할 수 있도록 변경됩니다. · 마테리얼 버스트를 사용한 횟수에 따라 에인션트 버스트를 사용할 수 있게 변경됩니다. · 폭발 화살의 데미지가 마스터 레벨 기준 122%에서 265%로 증가됩니다. · 고대 화살의 데미지가 마스터 레벨 기준 376%에서 797%로 증가됩니다. · 폭쇄의 데미지가 마스터 레벨 기준 439%에서 930%로 증가됩니다. · 렐릭 에볼루션 사용 시 렐릭 마테리아가 추가 생성되는 기능이 추가됩니다. · 렐릭 에볼루션 사용 시 렐릭 마테리아의 최대 보유 제한이 증가하는 기능이 추가됩니다.,domain-lexicon-v1.1
2297,331315,phantom,제논 게시판은 배율 90퍼 디폴트 값으로 생각하는데,2026-07-16 12:31:00+00:00,https://www.inven.co.kr/board/maple/2297/331315,comments,622,0,7,7,True,negative,negative,information,밸런스·스킬,0.75,너프 · 화난다,진짜 신규 코어도 암울하고 스위칭도 ᄌ같고 9월까지 기다리라는것도 개화난다 제논 상향 팬텀 너프는 칼주고싶다 이번에 9월 밸패 꼬라지 보고 또 유기하면 그냥 템 다정리하고 제논갑니다,domain-lexicon-v1.1
2297,331202,phantom,하이퍼스위칭 개선하지말라고 누가 칼들고 협박함??,2026-07-16 09:13:00+00:00,https://www.inven.co.kr/board/maple/2297/331202,recommendations,521,10,1,1,True,neutral,neutral,request,커뮤니티,0.35,,와 진짜 ᄏᄏᄏ 열불나서 뒤지겠다 그냥 근 한두달동안 얘기나온것도 아니고 거의 몇년째 하이퍼 마우스로 스위칭하는거 너무 불쾌하다고 제발 이것좀 개선해달라고 얘기만 수천번 수만번을 쳐 했다 개새끼들아 니새끼들이 사람의 감정과 양심이란게 있다면 하다못해 뭐 한마디라도 이에 관련해서 코멘트 한줄이라도 적어줄수 있는거 아니냐? 진짜 팬텀한테 왜그러는건데? 대체 왜???,domain-lexicon-v1.1
2297,331260,phantom,팬텀 신규스킬 빨간약,2026-07-16 10:23:00+00:00,https://www.inven.co.kr/board/maple/2297/331260,views,1564,1,2,2,True,neutral,negative,information,밸런스·스킬,0.35,,블랙잭보다 퍼뎀낮음.. 심지어 느와르도 블랙잭이 4개 더 사출함...,domain-lexicon-v1.1
2300,359535,qna,원래 세렌 정신병자가만든 보스맞나요?,2026-07-12 15:00:00+00:00,https://www.inven.co.kr/board/maple/2300/359535,comments,3825,9,44,43,False,neutral,negative,debate,보스·전투,0.35,,제가 트라이하다가 정신병걸릴거같은데 하드듄캘이랑 두마리 개초딩패턴으로 돈뽑아처먹을려고만든 보스같은데 제가 똥손인거임? 내가 똥손이라서 그러면 과감하게 남은거 팔아재끼고 접을꼐요 배율 170퍼입니다,domain-lexicon-v1.1
2298,224618,shade,다들 연무장dpm보셨는지요...,2026-07-13 15:00:00+00:00,https://www.inven.co.kr/board/maple/2298/224618,comments,1871,1,10,10,True,neutral,neutral,information,커뮤니티,0.35,,평소에도 약하다 느끼고있긴했다만 이정도일줄은...,domain-lexicon-v1.1
2298,224648,shade,핵심 시너지를 날렸으면 적어도 체급이라도 챙겨줘야지,2026-07-13 15:00:00+00:00,https://www.inven.co.kr/board/maple/2298/224648,recommendations,1472,14,8,7,False,neutral,neutral,information,밸런스·스킬,0.35,,중간에서 어느정도 아래면 이해라도 하겠음 근데 밑바닥에서3번째는 좀 심하지않냐? 심지어 저거 실전딜로 뽑기도힘든 점캔 기준이라는 말도있는데 점캔까지빼면 그냥 꼴등급이라는거잖아 시너지 9할이상 빼가고 체급도 안챙겨준거야?,domain-lexicon-v1.1
2297,331154,shadower,"1,2차 러프하게 테섭에서 쳐봐서 전분 공유",2026-07-16 08:30:00+00:00,https://www.inven.co.kr/board/maple/2297/331154,comments,1551,0,20,20,True,neutral,negative,information,커뮤니티,0.35,,---1차 테섭 5분 40초 ---- ------2차 테섭 5분 40초 ------ 스인미 크오솔 2번씩 썼습니다. 닼플은 무한 유지로 햇어요 4리 5컨이라 5리이신 분들은 점유율이 더 높게 뜰 수 있어요 한번씩 쳐본거라 그냥 참고용으로만 보시면 될 것 같습니다,domain-lexicon-v1.1
2297,331175,shadower,못 끄게 할 게 아니라 끌 필요가 없게 해줘야지 씨팔,2026-07-16 08:48:00+00:00,https://www.inven.co.kr/board/maple/2297/331175,recommendations,1382,14,6,6,True,neutral,negative,request,밸런스·스킬,0.35,,버프 켜진 상태가 더 세면 우리가 미쳤다고 줫만한 버프표기 찾아가며 마우스로 끄겠어요? 버프 켜졌는데 ᄉᄇ 평소보다 쳐약하다고 그래서 끈다고요 근데 코강으로 최종뎀 +120% 오르는 거 빼버리고 퍼뎀은 +100%만 상향하면 씨팔 결국 더 약해졌잖아요 그러면서 버프 수동 종료를 원천 금지해버리면 버프 켜진 동안 더 약해지라는 게 스킬 출시 의도입니까? 아니면 찍지 말고 조각 아끼라고 배려라도 해주는 건가요? 도대체 뭘 하고 싶은 겁니까?,domain-lexicon-v1.1
2297,331238,shadower,무아지경 후기,2026-07-16 09:53:00+00:00,https://www.inven.co.kr/board/maple/2297/331238,views,1581,2,16,16,True,neutral,mixed,information,커뮤니티,0.35,,멸꾹하다 절하는건 타이밍진짜 잘 재야할거같고 멸꾹하다 절의식하고 멸절하는건 잘나감 5초뚝 암영절소 시작기준 무아지경지속시간이 딱좋음 암영절소ᅳ절ᅳ절(3번째절에 무아지경딱끝남) ᄌ같은점이 있긴한데 조각수3천이라 참을만함 1렙쓰실분은 무아지경 시퀀스15초전에 쓰시는거 추천드림 30렙쓰실분은 시퀀스넣어쓰심됨,domain-lexicon-v1.1
2294,457616,soul_master,신규 스킬 연타는 둘째치고 대체 솔루나파워 발동은 왜 안되는지,2026-07-16 09:29:00+00:00,https://www.inven.co.kr/board/maple/2294/457616,comments,653,0,3,3,True,negative,neutral,complaint,밸런스·스킬,0.6,불편,"현재 제가 알고있는 딜사이클 이클립스 - 시퀀스 - 시그너스 팔랑크스 - ""엘리시온 1대 치기"" (솔루나 파워, 코스믹 버스트, 플레어 슬래시 발동) - 오리진 - 엘리시온 스택 털기 - 이클립스 막타 신규 스킬 추가 이후 딜사이클 이클립스 - 시퀀스 - 시그너스 팔랑크스 - 신규 스킬 사용(코스믹 버스트, 플레어 슬래시 발동) - 엘리시온 1대 치기(솔루나 파워 발동) - 오리진 - 엘리시온 스택 털기 - 이클립스 막타 굳이 솔루나 파워를 제외해서 굳이 엘리시온 1대 치기를 불편하게 냅둘 이유가 없지 않나 생각이 드는데 문의를 해도 들어주질 않네요.",domain-lexicon-v1.1
2294,457626,soul_master,또 속는 흑우 읍제??,2026-07-16 09:38:00+00:00,https://www.inven.co.kr/board/maple/2294/457626,recommendations,517,2,1,1,True,neutral,neutral,request,보스·전투,0.35,,완벽한 전투경험 개선 -> 솔루나파워 인데 뭘 바람 ᄏᄏᄏᄏᄏᄏᄏᄏᄏᄏᄏᄏᄏᄏᄏᄏᄏᄏᄏᄏᄏᄏ,domain-lexicon-v1.1
2294,457580,soul_master,혹시 소마도 코어 열면 손해보는 구조는 아니...겠죠?,2026-07-16 09:01:00+00:00,https://www.inven.co.kr/board/maple/2294/457580,views,808,0,1,1,True,neutral,neutral,information,밸런스·스킬,0.35,,1렙 열었는데 막 극딜때는 엘리시온 손해때문에 신스킬 쓰지 말아야한다던가 그런 구조는 아니겠죠?,domain-lexicon-v1.1
2298,224705,thunder_breaker,쌀피엠 낮다 낮다 얘기만 들었지 이렇게 낮을줄은...,2026-07-14 15:00:00+00:00,https://www.inven.co.kr/board/maple/2298/224705,comments,1895,0,10,10,True,neutral,negative,information,커뮤니티,0.35,,본캐면 몰라도 유챔 부캐로는 많이 빡세네요 다른캐릭보다 조각을 훨씬 많이써도 헥환이 너무 낮음ᅲᅲ,domain-lexicon-v1.1
2298,224627,thunder_breaker,챌린저스 시즌4 스트라이커 -완-,2026-07-13 15:00:00+00:00,https://www.inven.co.kr/board/maple/2298/224627,recommendations,1567,5,5,5,True,neutral,neutral,information,밸런스·스킬,0.35,,"직업 체급도 무시 못 하지만 처음 입문할때 그냥 상어/고래가 좋아서 손 아파도 한건데 의외로? 그렇게 아프진 않았음 본캐가 제로여서 그런가 동질감 느껴짐 -장점 - 파도-이거 잘 쓰고 못 쓰고로 스커의 본질이 달라지는 거 같음 해파-걍 goat 해신강체-보호막 리필 될 때마다 이래서 맞딜하는구나 싶음 -단점- 연계 직군이다 보니 살짝만 눌러도 리듬 못 타고 혼자 스킬나감 창뇌연격 누를 때마다 손아픔 하이퍼스킬에 추천스킬로 강화패시브가 찍히는데 처음에 유튭 가이드 영상 안봤더라면 ""벽력-리인포스 -> 질풍-보너스 어택"" 이거 신경 못 쓰고 지나쳤을듯 챌린저 기간은 약 한달정도 잡았는데 결계/어빌이 심하게 억까 들려서 곤란했지만 무기/엠블렘/장갑 무기-레/유 잠재 발라서 시작 엠블렘 깡통 13억주고 유/에 잠재 발라서 시작 장갑 50억 주고 크/주 였던거 전부 잘나와서 생각보다 돈 많이 안쓴 시즌이였음 템값 구매나 이것저것 합치면 500-600억 정도 추정됨 패스권은 전부 다 구매함 개",domain-lexicon-v1.1
2304,47805,tips,인증 스압) 쓰잘데기 없는 보스 TMI,2026-06-29 15:00:00+00:00,https://www.inven.co.kr/board/maple/2304/47805,comments,45787,112,135,34,False,neutral,positive,information,보스·전투,0.35,,"1 스우 1페 배리어는 지속 시간이 끝날 때 남아있는 쉴드에 비례하여 체력을 회복한다 2 스우 2페 3페의 침입자 격퇴 프로토콜은 좌측 하단에 사각지대가 있다 3 스우한테 공멸형 패턴을 적중 시킬 때 나오는 효과음이 있다 4 스우 2페이즈에서 하늘색 공 날리는 드론은 공멸형 패턴을 일정 수치 이상 적중시킬 경우 사라진다 3페이즈에도 이런 패턴이 있었으나 아예 삭제됐다 5 데미안 1페에서 낙인사를 7번 하면 체력을 유지한 채 즉시 2페이즈로 넘어간다 https://www.inven.co.kr/board/maple/5974/6286676 6 데미안 1페 돌진은 벽쪽을 바라봤을 때 공간이 없으면 무조건 반대 방향으로 시전한다 7 데미안 2페 폭주 패턴은 시전 직전 투명한 상태로 잠깐 맵에 나타나는데, 디버프 아이콘 또는 보스 타격 실루엣으로 확인할 수 있다. 이 때 의지를 사용하면 석화(좌우 연타로 푸는거)에 걸리지 않는다 8 데미안 1페이즈 속박 패턴은 캐릭터 내성에 따라 입력해야하는 ",domain-lexicon-v1.1
2304,44501,tips,메이플스토리 인벤 공략 모음 (6.10),2026-06-15 15:00:00+00:00,https://www.inven.co.kr/board/maple/2304/44501,views,102041,21,45,44,False,neutral,positive,request,밸런스·스킬,0.35,,"※ 추가 및 수정이 필요한 게시글은 제보 부탁드립니다. 🌱 기본·효율 팁 ⚔️ 직업·스킬 운용 🧭 콘텐츠·유니온 🔰 신규·복귀 가이드 ✨ 코디·도감 📈 스펙업·장비 세팅 👑 보스 공략 📱 메이플스토리M 🌱 기본·효율 팁 ↗ 돌아온 잡다한 환기성 팁들.txt ↗ 거래가능한 드메템 총정리 ↗ 메카베리 농장 경험치 분석 ↗ 경험치 BM 효율 시트 (260113 수정) ↗ 제네시스 패스 정보 & 챌섭vs본섭 어디서 하는게 좋은가 ↗ MVP 퀵패스 몬스터파크 서순에 따른 비용 차이 ↗ 메이플 홈: 업적 보상 가구 조건과 이미지 등 신규 콘텐츠 정리 ↗ 스펙 구간별 결정 가격 증감률 ↗ 조합키와 노블스킬(+영메)팁 ↗ (팁)유니온 배치 ↗ 시퀀스 등록 꿀팁 ↗ 가격 대비 경험치 도핑 효율(24.09.30 14:05 수정) ↗ 마가티아 85 -101 마을 퀘스트 동선 절약 하기. ↗ 사냥, 컨텐츠 및 BM에서 경험치 및 관련 아이템 효율 비교 (8월 이후) ↗ 펫줍 제외할거 공유 ↗ 헥사스탯 선",domain-lexicon-v1.1
2296,184343,wild_hunter,그냥 안여는게 맞을듯,2026-07-16 08:15:00+00:00,https://www.inven.co.kr/board/maple/2296/184343,comments,1109,0,6,6,True,neutral,neutral,information,밸런스·스킬,0.35,,1렙 점유율 2%도 못나오는데 구조까지 망친다? 그냥 병신스킬임 저거랑 비비는 스인미 크오솔도 깜박 안누를 때가 얼마나 많은데.. 그냥 저거 여느니 다른 6차 레벨 올리는게 더 쌔짐 진지하게 ᄋᄋ,domain-lexicon-v1.1
2296,184449,wild_hunter,건의합시다!,2026-07-16 09:38:00+00:00,https://www.inven.co.kr/board/maple/2296/184449,recommendations,526,3,2,2,True,neutral,neutral,request,운영·소통,0.35,,https://maplestory.nexon.com/Testworld/N23BugReport/Create 저번주에도 보냈는데 눈번쩍만 개선해줬네요. 발칸중 사용안되는거랑 쿨관련해서 개선사항 문의하기 남겨야 할 듯 합니다. 인구수?가 적어서 저희 목소리가 잘 안들리나 봅니다!! 한번의 번거로움이 우리의 사용 경험을 바꿀 수 있을 거라 믿습니다.,domain-lexicon-v1.1
2296,184299,wind_archer,보조 보공 몇줄 질문,2026-07-16 05:55:00+00:00,https://www.inven.co.kr/board/maple/2296/184299,comments,412,0,4,4,True,neutral,positive,question,경제·옥션,0.35,,무기 공공보인데 보조 어느정도 선이 좋을까요? 예산은 주당 50억 수급가능해요 공보방 / 공공 130억 보보공/ 공공 200억 보공공/ 공공 230억 대략 시세 이정도인것 같아요,domain-lexicon-v1.1
2296,184386,wind_archer,[1.2.204] 윈브 신규 스킬 변경점 계산,2026-07-16 08:41:00+00:00,https://www.inven.co.kr/board/maple/2296/184386,recommendations,3044,11,3,4,True,neutral,neutral,information,밸런스·스킬,0.35,,계산 방식은 https://www.inven.co.kr/board/maple/2296/183775?my=post 참고 변경점 -테섭 팔랑크스 스톰브링어 고정 확률 미적용되던 현상 수정(본섭에서는 정상이던 현상) -살프스 브레스 트라이플링 윔 하이퍼 확률 증가 패시브 적용되던 현상 수정 따라서 살프스 브레스의 트라이플링 윔 확률을 일반32%/강화48% -> 일반28%/강화42%로 수정 1렙 개방 시 0.69342% 30렙 풀강 시 3.12305% 1차 테섭 대비 0.05%p 정도 하락으로 큰 차이는 없습니다 -------------수정------------- 천노 비용을 계산해놓고 차감을 안 했었네요 각각 0.11% 지불하기에 해당 수치만큼 차감하여 수정,domain-lexicon-v1.1
2298,224814,xenon,제논 인게임 필터키 + 신규 스킬코어 체감,2026-07-16 09:58:00+00:00,https://www.inven.co.kr/board/maple/2298/224814,comments,1995,8,14,16,False,neutral,positive,information,밸런스·스킬,0.35,,원래 필터키 사용 안했는데 이번 신규코어 랑 시너지가 좋은듯? 저격이랑 같이 쏠때 딜레이가 거의 없는 수준 귀찮아서 안썼었는데 이제 인게임에서 사용 가능하니 꼭 사용하시길 바랍니다.,domain-lexicon-v1.1
2294,457569,zero,무생긴 이펙트 그대로네요,2026-07-16 08:53:00+00:00,https://www.inven.co.kr/board/maple/2294/457569,comments,1662,6,12,12,True,neutral,negative,information,커뮤니티,0.35,,​ ​,domain-lexicon-v1.1
2294,457577,zero,2차테섭 이펙트근황,2026-07-16 08:59:00+00:00,https://www.inven.co.kr/board/maple/2294/457577,recommendations,2035,6,1,1,True,neutral,positive,information,커뮤니티,0.35,,,domain-lexicon-v1.1
2294,457572,adele,메린이 질문,2026-07-16 08:56:00+00:00,https://www.inven.co.kr/board/maple/2294/457572,comments,520,0,4,4,True,neutral,neutral,question,커뮤니티,0.35,,가엔링 이거 어떻게 하면 좋나요? 메멘토 각인 끝나면 팔까요? 아니면 그냥 돌리는게 좋을까요?,domain-lexicon-v1.1
2294,457672,adele,저도 키세팅 공유해봅니다,2026-07-16 10:09:00+00:00,https://www.inven.co.kr/board/maple/2294/457672,comments,595,0,4,8,True,neutral,positive,information,커뮤니티,0.35,,홈키에 뤼페 들어갈 예정 R은 레비테이션 S는 레조,domain-lexicon-v1.1
2294,457677,adele,아델 일필 질문있습니다,2026-07-16 10:13:00+00:00,https://www.inven.co.kr/board/maple/2294/457677,comments,383,0,3,3,True,neutral,neutral,question,밸런스·스킬,0.35,,첫 극딜 오리진 막타에만 뭍히고 다음 극딜부터는 신경 안 쓰나요?,domain-lexicon-v1.1
2294,457708,adele,신스킬 이해가 안되는데 도와주세요,2026-07-16 10:43:00+00:00,https://www.inven.co.kr/board/maple/2294/457708,comments,663,0,4,4,True,neutral,positive,question,밸런스·스킬,0.35,,안녕하세요 데티해방이후 오랜만에 글을 쓰네요 무더운 여름 날씨 조심하시길 바랍니다 1. 신스킬 키다운 도중 게블사용시 시전동작없이 사용가능하다는 말이 키다운 도중 스킬을 쓸수 있다는 건가요? 통상적으로 스킬을 쓸수 있다고 표현할텐데 시전동작이 없어진다는 말을 이해를 못했습니다 2. 극딜 순서는 팡이님이 말한대로 시퀀스 게블 오리진 이후에 신스킬 + 게블을 하면 되나요??,domain-lexicon-v1.1
2294,457643,adele,이번에 시작한 뉴비도 다 아는 상황인걸....,2026-07-16 09:50:00+00:00,https://www.inven.co.kr/board/maple/2294/457643,recommendations,694,1,0,0,True,neutral,neutral,request,커뮤니티,0.35,,안그래도 누를게 많은데 키다운까지 추가하는건..... 시전중에 게블을 쓸 수 있게 해준다고 해결될게 아닌데 왜 키다운을 안 빼주는거야,domain-lexicon-v1.1
2294,457670,adele,키다운말고 설치기나 즉발기로 바꿔주세요,2026-07-16 10:08:00+00:00,https://www.inven.co.kr/board/maple/2294/457670,recommendations,285,3,0,0,True,neutral,neutral,request,커뮤니티,0.35,,제발,domain-lexicon-v1.1
2294,457764,adele,진지하게 신스킬 해금도 하지말까 고민됨,2026-07-16 12:15:00+00:00,https://www.inven.co.kr/board/maple/2294/457764,recommendations,763,1,2,3,True,positive,negative,question,밸런스·스킬,0.6,기대,굳이 조각써가며 올려야할까싶음 스펙상 20렙정도에 주차할텐데 기대 스펙업은 3퍼내외 거기다 9월에 밸패로 어떻게 될지도 모르고 극딜사이클 바뀌고 바인드누수는 덤 굳이 써야할까? 생각이드네,domain-lexicon-v1.1
2294,457806,adele,신스킬 어디다 놔야 하는거야,2026-07-16 14:34:00+00:00,https://www.inven.co.kr/board/maple/2294/457806,recommendations,92,1,0,5,True,neutral,neutral,request,밸런스·스킬,0.35,,다른 부캐들 키다운 스킬 a에 두고 써서 그래서 다이크도 평생을 a에 두고 썼었는데 안 그래도 액티브 좀 줄여 줬으면 하는데 밀격 추가되고 키다운 추가되고 그만 좀 해다오,domain-lexicon-v1.1
2294,457543,adele,하 ㅅㅂ 아델 본캐갈아탄다고 채집키 c로 옮겼는데 ㅋㅋ,2026-07-16 08:37:00+00:00,https://www.inven.co.kr/board/maple/2294/457543,views,928,0,0,0,True,neutral,neutral,information,커뮤니티,0.35,,키세팅 존나골때리네,domain-lexicon-v1.1
2294,457550,adele,스킬하나추가때매 바인드낭비+키셋 다시해야댐,2026-07-16 08:43:00+00:00,https://www.inven.co.kr/board/maple/2294/457550,views,954,0,2,2,True,neutral,neutral,request,밸런스·스킬,0.35,,시발 진짜 이중으로 ᄌ같네요,domain-lexicon-v1.1
2294,457680,adele,아델은 스킬 열만함?,2026-07-16 10:14:00+00:00,https://www.inven.co.kr/board/maple/2294/457680,views,1397,0,2,3,True,neutral,neutral,question,밸런스·스킬,0.35,,질문 이런게 ᄌᄂ 어이없네,domain-lexicon-v1.1
2298,224607,angelic_buster,타직업유저의 그여축 질문,2026-07-12 15:00:00+00:00,https://www.inven.co.kr/board/maple/2298/224607,comments,881,0,10,10,True,neutral,positive,question,밸런스·스킬,0.35,,"안녕하세요 카이저 유저입니다 그여축 확정초기화 들어와서 엔버는 1극 사이클 내에 벞지 좀만 챙겨도 엔버링크를 80초 이상은 챙겨갈 수 있겠다고 생각하여 (+엔버는 엔버링크가 더 세기도 하고) 그동안 쓸 일 없던 그여축 초기화를 제대로 사용할 수 있어 엔버 체급 꽤 오르겠구나 생각했습니다 근데 여기 직게는 꽤 그여축 패치를 싫어하는 걸로 보이더라고요 막 어빌에서 벞지대신 공을 뽑는다는 게시글도 있고 전 잘 이해가 안가는데 벞지 100퍼만 되더라도 극딜시작과 동시에 엔버링크 사용 (20초 지속) 20초 뒤에 꺼지고 엔버링크 또 사용 (20초 추가지속, 총 40초 연속지속) 그여축 꺼져가는 시점에 엔버링크 또 사용 (20초 추가지속, 총 60초 연속지속) 준극과 동시에 엔버링크 또 사용 (20초 추가지속, 총 80초 연속지속) 전 이게 굉장히 유의미한 버프라고 생각했거든요 기존에는 엔버링크에 재사용이 터져도 준극이 중요한 엔버기에 재사용 터진 엔버링크를 누를 엄두를 제대로 못냈을텐데, 이",domain-lexicon-v1.1
2298,224666,angelic_buster,솔직히 엔버는 유틸이 문젠 거 같은데,2026-07-13 15:00:00+00:00,https://www.inven.co.kr/board/maple/2298/224666,comments,964,3,10,10,True,positive,mixed,complaint,밸런스·스킬,0.6,기대,얘는 애초에 딜이 높았던 적이 없어서 딜 기대하고 진입한 사람은 없을건데 유틸 보고 들어왔더니 지금 유틸 ᄇᄉ같은 게 제일 맘에 안듬 소울 레조넌스 에테폼화시키던가 디아크처럼 쿨감시켜주는 방식으로 변경하고 윗점 후 트점만 해줘도 지금보다 훨씬 취급 좋아질거라고 생각함 요즘 패치기조 보면 엔버 딜 약한 거는 개발진이 인지하고 있는 것 같은데 애초에 유틸 강캐였던 엔버한테 유틸 주는 걸 왜 이렇게 눈치보는지 이해가 안됨 같은 10초 무적기 있는 키네 와헌처럼 텔을 달라는 것도 아니고 근두운을 달라는 것도 아니고 더미나 속사기를 달라는 것도 아닌데 왜 윗점 덮점 레조넌스 개편 안해주냐고 심지어 딜은 유틸 제일 구린 엔버가 제일 낮잖아... 엔버 떡상까진 바라지도 않고 불쾌함만 줄어들면 본캐급으로 키워주려고 늘 생각하는데 이 ᄉᄁ는 불쾌함이 너무 심해서 예뻐도 못 키워주는 게 주보 돌 때마다 열받는다 아,domain-lexicon-v1.1
2298,224717,angelic_buster,얘 원래 이렇게 배율빨 안 받나요?,2026-07-14 15:00:00+00:00,https://www.inven.co.kr/board/maple/2298/224717,comments,1073,0,8,8,True,neutral,neutral,information,보스·전투,0.35,,"환산사이트 기준 메이린 104퍼 나오는데 패턴 싹다 깨고 중간에 5차 한번, 오리진 두 번, 최종뎀 한 번, 어센트 한 번 이렇게 떴는데 피 12퍼 남기고 타임아웃됨... 극딜 준극딜 시퀀스 전부 잘 했는데 그냥 얘가 약한거임?",domain-lexicon-v1.1
2298,224736,angelic_buster,사실상 극딜 더 길어진거아님?ㅋㅋ,2026-07-16 00:15:00+00:00,https://www.inven.co.kr/board/maple/2298/224736,comments,1039,0,8,8,True,neutral,negative,complaint,밸런스·스킬,0.35,,다른직업은 극딜 압축시키는데 얘는 왜 극딜이 80초로 늘어남?ᄏᄏ 체급도 구린데 압축을 시켜야지 늘려서 줄 생각을하네,domain-lexicon-v1.1
2298,224678,angelic_buster,'팝핑 하트' 엔버 스킬별 스택 적용 수치,2026-07-14 15:00:00+00:00,https://www.inven.co.kr/board/maple/2298/224678,recommendations,1006,6,3,3,True,neutral,neutral,request,밸런스·스킬,0.35,,"먼저 팝핑 하트는 엔젤릭버스터의 공격 6회 적중 시 팬 1마리를 소환합니다. 그리고 8마리 모였을 시 사용 가능하기에 총 48스택이 필요합니다. 테섭에서 실험해 본 스킬별 스택 적용 수치 공유 드립니다. 1. 트리니티 -> 1스택 2. 트리니티 퓨전 -> 9스택 (풀히트) 3. 마코패 -> 키다운 13스택, 막타 7스택 (합 20스택) 4. 슈퍼 노바 -> 18스택 (1회 타격 당 1스택) 5. 에너지 버스트 -> 15스택 6. 오리진 -> 50스택 (풀스택) 유의미한 스택은 여기까지며 그밖에 스택 적용 스킬은 7. 소울 레조넌스 -> 35스택(풀히트), 2초 사용 시 대략 10스택 8. 핑크 스커드 -> 1스택 9. 로어 -> 1스택 10. 페투치아 -> 1스택 이 정도의 스킬이 있습니다. 스택 적용 X인 스킬은 1. 스포트라이트 2. 소울시커 (직접 사용해도 스택X) 3. 판테온 4. 솔 헤카테 5. 어센트 6. 스인미, 크오솔 7. 에르다 노바 8. 해방무적 입니다. 개인적으로",domain-lexicon-v1.1
2298,224789,angelic_buster,(심각도 낮?음) 신스킬 자동 발동 시 응원풍선으로 안나가네요.,2026-07-16 08:52:00+00:00,https://www.inven.co.kr/board/maple/2298/224789,recommendations,1095,8,3,4,True,neutral,negative,information,밸런스·스킬,0.35,,이번 2차 테스트서버에서 팝핑 하트가 자동 발동으로 바뀌었는데 응원 풍선 버프가 걸리기 전에 팝핑 하트가 발동(48타)되어서 팝핑 하트로 유도되는 사출기가 응원 풍선 대신에 일반 소울 시커로 적용되네요. 이대로 들어오면 그냥 작게나마 딜 손해를 보거나 오리진 끝나고 팝핑 하트를 새로 써야 되는데 어느 쪽이 되든 별로 인 것 같네요.. 수정 해서 들어왔으면 좋겠네요.. (오리진 시전 시 팝핑 하트는 발동되었으나 응풍은 발동되지 않은 모습),domain-lexicon-v1.1
2298,224830,angelic_buster,회고록,2026-07-16 10:39:00+00:00,https://www.inven.co.kr/board/maple/2298/224830,recommendations,401,6,2,2,False,mixed,neutral,request,밸런스·스킬,0.8999999999999999,기대 · 재미 · 너프,"이제 더는 못버티겠다. 7년이면 오래버텼다고생각한다. 그냥 딱 씹덕이라 15주년때 엔버로 메이플을 시작했다. (초딩때 깔짝한건 솔직히 빼야된다고생각) 근데 그랬으면 안됐다 이게임은 컨셉보고 직업을 정하면안되는 게임이라는걸 당시의 나는 몰랐다. 돌아가면 제논이나 모법쳐하라고 대가리를후리고싶다. 인벤도 엔버때문에 가입했다. 아무리봐도 병신스킬인 마코패를 그냥받을땐 몰랐는데 트리니티퓨전때 보니까 이 직업 직게는 뭔스킬을 받아도 그저 헤헤거리고 되도않는 스펙으로 자기직업 너프해도된다는 이상한새끼들이 주류여론인 곳이었다. 이미 딜너프를 여러번쳐먹고 개선점이 산더미같은 상황에도 그러고있는걸 도저히 두눈뜨고보기힘들어서 트리니티퓨전도 마코패처럼 병신으로받을수는없어서 개선안을 쓰고, 공유하려고 가입했다. 2021년검마, 딜구조도병신에 파티유틸도없어서 파장잡고 꾸역꾸역 갈때도 버텼고, 칼로스때 딜 약한퓨딜이라 남들보다 심볼20만큼 클리어가 늦어져도 버텼다. 오리진이 기존딜구조랑 안맞는 병신스킬로 나왔",domain-lexicon-v1.1
2298,224676,angelic_buster,엔버 그여축 개편시 상승량,2026-07-14 15:00:00+00:00,https://www.inven.co.kr/board/maple/2298/224676,views,1222,1,6,6,True,neutral,neutral,information,밸런스·스킬,0.35,,"엔버 그여축 개편시 리레 극 이후 ~ 준극까지 35초 (2초뚝 기준) 동안 뎀 120퍼 증가 (가정) 1. 리레극 이후 ~ 준극까지 보+뎀 평균 878퍼 (기본 보총 714퍼) 2. 어빌 안 바꾸고 보상벞 그대로 사용해서 벞지 106퍼 3. 허수아비 기준, 평딜 100퍼 넣는다 가정 4. 트리/트퓨/그피풍선 자체 뎀증 무시 (풀로 넣어서 계산해도 최뎀 0.15퍼 정도 차이) 5. 어센트 / 신규 6차 미고려, 2초뚝 기준 (측정값) 1. 5분 30초 사이클 기준 리레극~준극 이 차지하는 비중 : 18.8퍼 (계산) 1. 그여축 개편시 최뎀 증가량 : 18.8 * 120 / (878+100) = 2.306 퍼 트리/트퓨/응풍 뎀증 최대(50) 로 고려해도 최뎀 증가량 : 18.8 * 120 / (878+100+50) = 2.195 퍼 * 보벞상 -> 보상공 으로 바꿀때 스펙에 따라 0.3퍼 가량 최뎀 증가 근데 준극 16~20초에 최뎀 10퍼 정도 (=dpm 기준 0.2퍼) 감소해서 ",domain-lexicon-v1.1
2294,457538,aran,뉴비 궁금한게있습니다.,2026-07-16 08:36:00+00:00,https://www.inven.co.kr/board/maple/2294/457538,comments,709,0,4,4,True,neutral,mixed,question,성장·보상,0.35,,지금 환산사이트에서 비욘더를 찍으라고 되어있는데 신규 6차 들어오면 우선순위가 바뀔까요? 조각이랑 솔에르다는 계속 모으고있어서 신규6차 찍을건 만들수있을거같은데 그럼 환산사이트에서 시키는대로 일단 찍고있으면 될까요?,domain-lexicon-v1.1
2294,457717,aran,신규 코어 1렙 무조건?,2026-07-16 10:56:00+00:00,https://www.inven.co.kr/board/maple/2294/457717,comments,1317,0,2,1,False,neutral,neutral,information,밸런스·스킬,0.35,,이겠죠?,domain-lexicon-v1.1
2294,457800,aran,형님들 250비약 하나 쓰려고 하는데 어떤 캐릭에 써야하나요?,2026-07-16 14:09:00+00:00,https://www.inven.co.kr/board/maple/2294/457800,comments,163,0,2,2,True,neutral,positive,question,커뮤니티,0.35,,250은 비숍 하나밖에 없어요 메르가 정배인가요??,domain-lexicon-v1.1
2294,457757,aran,필터키 설정값,2026-07-16 12:01:00+00:00,https://www.inven.co.kr/board/maple/2294/457757,recommendations,351,0,0,3,True,neutral,neutral,information,커뮤니티,0.35,,얼마로 쓰시나요?,domain-lexicon-v1.1
2294,457767,aran,신규6차 효율관련 질문있습니다,2026-07-16 12:22:00+00:00,https://www.inven.co.kr/board/maple/2294/457767,recommendations,272,0,0,3,True,neutral,positive,question,커뮤니티,0.35,,뉴비라 조각 2000개정도 쓴 상태인데 6차가 저렇게 나와서 마코 적용 안되는거면 헥사코강 비욘더랑 헌터즈 강화효율 떨어질거 같은데 그러면 라스 몰빵 강화도 괜찮을까요?,domain-lexicon-v1.1
2294,457790,aran,그대로 넘어와도 테섭이랑 본섭 상승률이 좀 다를듯,2026-07-16 13:35:00+00:00,https://www.inven.co.kr/board/maple/2294/457790,recommendations,269,0,0,0,True,negative,neutral,complaint,밸런스·스킬,0.6,문제,"테섭에 노블이 없어서 메용2, 오쓰같은 뎀증 극딜 버프가 다소 고평가됨 문제는 스킬 구조상 아드 섭렉 몇초냐도 영향을 좀 받을거 같네요",domain-lexicon-v1.1
2294,457585,aran,아란에 소울 페네트레이션이 있나요,2026-07-16 09:04:00+00:00,https://www.inven.co.kr/board/maple/2294/457585,views,1056,0,1,1,True,neutral,neutral,information,밸런스·스킬,0.35,,바인드 스킬 적다가 복붙실수한건가,domain-lexicon-v1.1
2294,457649,aran,저는 3퍼 나오네요,2026-07-16 09:54:00+00:00,https://www.inven.co.kr/board/maple/2294/457649,views,1541,0,2,2,False,neutral,neutral,information,커뮤니티,0.35,,"6.6억 리6컨5 일필o 1,632조 8,377억 → 1,683조 493억 3.07퍼 개방전 브마108 개방후 브마 112",domain-lexicon-v1.1
2295,299487,arch_mage_fire_poison,불독 뉴비 걱정되는게 있어서 질문드립니다,2026-07-16 09:31:00+00:00,https://www.inven.co.kr/board/maple/2295/299487,comments,765,1,9,9,True,neutral,positive,question,커뮤니티,0.35,,메이플 진지하게 하는건 이번이 처음인데 배율대로 못치면 욕먹나요? 불독 많이 어렵던데,domain-lexicon-v1.1
2295,299513,arch_mage_fire_poison,테섭 30초 이그나이트 비교,2026-07-16 09:54:00+00:00,https://www.inven.co.kr/board/maple/2295/299513,comments,1496,1,4,5,True,neutral,neutral,debate,커뮤니티,0.35,,<본섭 30초 이그나이트> <테섭 30초 이그나이트> <본섭 오리진 포함 30초 이그나이트> <테섭 오리진 포함 30초 이그나이트> 3번씩 쳐봤는데 테섭이 이그 횟수 조금 더 높긴하네요,domain-lexicon-v1.1
2295,299542,arch_mage_ice_lightning,11초라 30렙 바로 해야 하는걸 알면서도,2026-07-16 10:17:00+00:00,https://www.inven.co.kr/board/maple/2295/299542,comments,1005,0,3,3,True,neutral,negative,request,밸런스·스킬,0.35,,이번 스킬코어는 진짜 존나 찍기가 싫네 평딜기 추가에 2~3%는 진짜 어지러운데,domain-lexicon-v1.1
2295,299547,arch_mage_ice_lightning,신스킬 개방은 해야될거같아요,2026-07-16 10:24:00+00:00,https://www.inven.co.kr/board/maple/2295/299547,comments,1480,0,12,12,True,neutral,neutral,information,밸런스·스킬,0.35,,"실험을 딱 1회만 해보긴 했는데, 오리진 1사이클/2초/리5 + 서브제로 30렙에서 1렙 퍼뎀 역산했을 때 완전 미사용대비 7회 사용 시 최종뎀 1%정도 오르는 거 같아요 안쓸수는 없을 거 같습니다.",domain-lexicon-v1.1
2295,299550,arch_mage_ice_lightning,이팩트가 너무 아란 내려찍기 같아요...,2026-07-16 10:29:00+00:00,https://www.inven.co.kr/board/maple/2295/299550,comments,759,0,2,2,True,neutral,neutral,information,커뮤니티,0.35,,좀 더 이쁘게 못 다듬어 주나 너무 파란색 ᄋᄉᄋ,domain-lexicon-v1.1
2295,299395,arch_mage_ice_lightning,●▅▇█▇▆▅▄▇,2026-07-16 08:13:00+00:00,https://www.inven.co.kr/board/maple/2295/299395,recommendations,533,1,1,0,False,neutral,neutral,information,커뮤니티,0.35,,●▅▇█▇▆▅▄▇ ᄌᄀᄂ,domain-lexicon-v1.1
2295,299581,arch_mage_ice_lightning,난 고정15초도싫다,2026-07-16 11:10:00+00:00,https://www.inven.co.kr/board/maple/2295/299581,recommendations,818,0,1,2,True,neutral,neutral,information,밸런스·스킬,0.35,,쿨감기능 아예 삭제하고 딜 늘려서 40초로 썬브랑같이쓰게 해줘라 그냥..,domain-lexicon-v1.1
2295,299616,arch_mage_ice_lightning,얜 스킬 다 따로노네,2026-07-16 13:57:00+00:00,https://www.inven.co.kr/board/maple/2295/299616,recommendations,190,0,0,0,True,neutral,neutral,information,밸런스·스킬,0.35,,5초 15초 40초 60초 ᄏᄏᄏᄏᄏᄏᄏᄏᄏ 레전드직업,domain-lexicon-v1.1
2295,299623,arch_mage_ice_lightning,신규스킬은 자동사출이어야지ㅋㅋ,2026-07-16 14:56:00+00:00,https://www.inven.co.kr/board/maple/2295/299623,recommendations,68,0,0,2,True,neutral,neutral,information,밸런스·스킬,0.35,,자꾸 손이 바빠져 다른직업도 그렇고,domain-lexicon-v1.1
2295,299404,arch_mage_ice_lightning,이럴거 같긴했는데,2026-07-16 08:22:00+00:00,https://www.inven.co.kr/board/maple/2295/299404,views,1297,0,1,0,False,neutral,neutral,information,커뮤니티,0.35,,진짜 저거만 띡 나올줄은 몰랐네 옘xᄏᄏ,domain-lexicon-v1.1
2295,299449,arch_mage_ice_lightning,오리진 쓰기 전에 썬스 날리는거부터 짜친데,2026-07-16 08:59:00+00:00,https://www.inven.co.kr/board/maple/2295/299449,views,1012,0,1,1,True,neutral,neutral,information,커뮤니티,0.35,,이제 퍼미까지 써야하나??,domain-lexicon-v1.1
2298,224603,ark,우리 신규 6차 개망했는데 이제 해탈해서 아무 말도 없는거임?,2026-07-12 15:00:00+00:00,https://www.inven.co.kr/board/maple/2298/224603,comments,1550,0,9,9,True,negative,positive,complaint,밸런스·스킬,0.6,답답,"일단 첫째로 거스트, 스칼렛, 어비스 스펠 구슬보다 점유율이 낮음 ᄏᄏ 둘째로 스킬 이펙트 격류는 몰라도 심연의 가시는 난 비호감이긴한데 마음에 드는 분 있음? 셋째는 왜 스택을 적한테 쌓음? 히어로 퓨리어스 엣지처럼 걍 맞히면 아크가 갖게 해주면 안됨? 거기다가 격류 X축 개 길게 나갈거 같이 나오면서 짧은게 답답하던데 ᄅᄋ 말 ᄌᄂ 나올만한데 조용하네",domain-lexicon-v1.1
2298,224651,ark,궁금한게 지금 떠들석한 연무장표,2026-07-13 15:00:00+00:00,https://www.inven.co.kr/board/maple/2298/224651,comments,1869,0,9,9,True,neutral,neutral,question,커뮤니티,0.35,,마지막에 게이지 다 턴거임?,domain-lexicon-v1.1
2298,224685,ark,진짜 직업이 체급 하나는 좆된다 진짜,2026-07-14 15:00:00+00:00,https://www.inven.co.kr/board/maple/2298/224685,comments,2209,0,9,9,True,neutral,negative,information,밸런스·스킬,0.35,,하세랜 배율 103%가 깨지네 나워는 진짜 몸 쳐 비틀어도 120%에도 간당간당하거나 못 깨는데 확실히 재사용 + 체급 고점이 남다른 직업이다 보니 진짜 아크 본캐로 삼은 게 후회되지가 않는다,domain-lexicon-v1.1
2298,224841,ark,격류 이거 그냥 넘어가면 안되는 상황인가?,2026-07-16 11:56:00+00:00,https://www.inven.co.kr/board/maple/2298/224841,comments,748,0,7,8,True,neutral,neutral,information,밸런스·스킬,0.35,,30추보니까 9월에 다른 헥사에서 종뎀 가져와서 이번 신규 스킬에 붙인다는 말이 있던데 듣고보니 굉장히 그럴듯함 지금이야 2퍼따리라 안맞아도 에휴하고 넘어가지 이거 다른곳에서 칼질해와서 종뎀 6~10퍼 만들면 진짜 비상아님? 얘네 그정도로 무능하지는 않나..? 딴겜이면 말도 안되는 걱정인데 메이플이라 진짜로 일어날 것 같음,domain-lexicon-v1.1
2298,224694,ark,테섭 최소컷 투표,2026-07-14 15:00:00+00:00,https://www.inven.co.kr/board/maple/2298/224694,recommendations,586,1,0,0,True,neutral,neutral,information,보스·전투,0.35,,일단 하적자 노히트 업적부터 트라이할 예정입니다. 2차 테섭이라 어느 정도 본섭에 그대로 들어온다 생각하고 상위보스 최소컷 쭉 쳐볼 예정입니다. (유피테르는 포스 땜에 안될수도),domain-lexicon-v1.1
2298,224759,ark,낙인제거 ㅅㅅ,2026-07-16 07:57:00+00:00,https://www.inven.co.kr/board/maple/2298/224759,recommendations,2083,1,5,5,True,neutral,neutral,information,커뮤니티,0.35,,아크 야호~,domain-lexicon-v1.1
2298,224846,ark,테섭 필터키 체감,2026-07-16 13:05:00+00:00,https://www.inven.co.kr/board/maple/2298/224846,recommendations,537,0,0,0,True,neutral,neutral,information,커뮤니티,0.35,,0 100 1 사용중이였는데 인게임 필터키도 써보니 괜찮은거같네요,domain-lexicon-v1.1
2298,224725,ark,킹-갓 아크,2026-07-14 15:00:00+00:00,https://www.inven.co.kr/board/maple/2298/224725,views,1946,0,2,2,True,neutral,neutral,information,밸런스·스킬,0.35,,체급 개도라이 ᄏᄏᄏᄏ 저번 목요일 떙 하자마자 대가리 박으면서 챌린저 달성했음 ᄒᄒ 당시 배율은 94~5퍼 정도? 확실히 평딜 퀄리티가 중요해서 어떤 판은 10분 50초쯤에 2페이지를 보는 반면 어떤 판은 절대로 2페 안넘어가고.. 진짜 80퍼 후반으로 클리어하시는 분들 대단합니다 bb,domain-lexicon-v1.1
2295,299437,battle_mage,신규 6차 안열면 어비셜 너프받고 끝인거임?,2026-07-16 08:45:00+00:00,https://www.inven.co.kr/board/maple/2295/299437,comments,778,0,6,5,False,neutral,negative,information,밸런스·스킬,0.35,,열어야지 기존 딜 나오는건가요?,domain-lexicon-v1.1
2295,299482,battle_mage,평균적으로 2-3퍼 올려준다며,2026-07-16 09:26:00+00:00,https://www.inven.co.kr/board/maple/2295/299482,comments,768,1,5,5,True,neutral,neutral,information,밸런스·스킬,0.35,,배메는 1.5퍼 따린데 본섭올때 어비셜 데미지라도 원상복구 해놔라,domain-lexicon-v1.1
2295,299586,battle_mage,최종댐 20% ' 줘 ',2026-07-16 11:15:00+00:00,https://www.inven.co.kr/board/maple/2295/299586,comments,494,0,4,4,True,neutral,neutral,information,커뮤니티,0.35,,모르겠고 그냥 ' 줘 ',domain-lexicon-v1.1
2295,299605,battle_mage,알터 <- 이 샛기 헨리테 선생님이 스파이로 넥슨 잠입해서 바꿔주고 간거 아님?,2026-07-16 13:12:00+00:00,https://www.inven.co.kr/board/maple/2295/299605,comments,262,2,4,4,True,neutral,mixed,request,밸런스·스킬,0.35,,알터 생긴게 웃겨서 그랬지 뭐 지금도 웃기게 생기긴 했는데 배메가 이렇게 좋은 패치를 받은 적이 언제 있었나 싶을 정도로 기깔나게 바뀌었는데 근데 지금 스킬 만드는 놈들이 이 개쩌는 변경을 했다는거임? 믿을 수 없는데?,domain-lexicon-v1.1
2295,299480,battle_mage,병신이따로없네,2026-07-16 09:23:00+00:00,https://www.inven.co.kr/board/maple/2295/299480,recommendations,296,2,0,0,True,neutral,neutral,information,커뮤니티,0.35,,맘대로해라 그냥,domain-lexicon-v1.1
2295,299540,battle_mage,아니 걍 개발진 병신들이 사낫에 코강 적용되는거 모르는 거 같음,2026-07-16 10:16:00+00:00,https://www.inven.co.kr/board/maple/2295/299540,recommendations,593,2,4,5,True,neutral,neutral,information,밸런스·스킬,0.35,,"이 새끼들 사낫 퍼딜만 보고 300%x12? 헥사 적용해도 350%x12라고? 10방에 42,000%니까 1렙 모티스가 그거랑 비슷한 40,000%면 되겠네~ 징표 더 터지니 전체 딜은 조금 셀거고. 30렙 기준 대충 210,000%니 사낫보다 4배~5배쯤 세니 극딜기로 딱 맞는다! 이런 생각한 거 아님? 진짜 이딴 과정을 거쳐서 나온 게 아니면 상식적으로 설명이 안됨ᄏᄏᄏ 극딜기가 기존 준극 강화 평타보다 약함<<이게 맞냐고",domain-lexicon-v1.1
2295,299595,battle_mage,돌고 돌아 배메의 만악 근원은 이거임,2026-07-16 11:58:00+00:00,https://www.inven.co.kr/board/maple/2295/299595,recommendations,550,2,3,3,True,neutral,neutral,request,밸런스·스킬,0.35,,"""다크라이트닝 VI 성장성 1.17배"" 뭐 최종뎀 버프? 스킬 조정? 신규 코어? 다 의미 없음 걍 배메는 주력기 마코가 개폐급쓰레기 성장성으로 나온 이상 초딩 공책 패치로 최종뎀을 퍼주지 않는 이상 이 캐릭터의 천장은 닫혀있음 남들은 주력기 마코가 1.5~1.7배, 높은 경우 1.8배까지도 오르는데 배메는 주력기 성장성이 1.17배임 남들보다 주력기가 최소 30% 이상 약한거임 배메 닼라 성장성이 1.5배만 되었어도 지금마냥 최하위권 갈 일이 없었음 이거 고치기 전까지는 배메 아무리 개선해도 바닥 못 벗어남 최종뎀 패치보다 이거 고치는 게 먼저임 징표 성장성 1.5배만 해도 최종뎀 9% 늘고 징표 성장성 1.71배하면 최종뎀 14% 늘어남...",domain-lexicon-v1.1
2295,299376,battle_mage,ㅅㅂㅋㅋ 메이린 막힌거같은데,2026-07-16 07:58:00+00:00,https://www.inven.co.kr/board/maple/2295/299376,views,850,0,0,0,True,neutral,neutral,information,커뮤니티,0.35,,그저 병신...,domain-lexicon-v1.1
2295,299378,bishop,비숍 신스킬2분인데 패시브 딜도 늘어난거에용?,2026-07-16 07:59:00+00:00,https://www.inven.co.kr/board/maple/2295/299378,comments,1679,0,14,14,True,neutral,negative,information,밸런스·스킬,0.35,,ᄋᄉᄋ? ■ 비숍 - 엔젤스 플레지 · 정화의 데미지가 마스터 레벨 기준 220%에서 316%로 증가됩니다. · 속죄의 낙인의 데미지가 마스터 레벨 기준 168%에서 121%로 감소됩니다. · 재사용 대기시간이 60초에서 120초로 증가됩니다. · 속죄의 낙인의 재발동 대기시간 버프 아이콘이 가끔 어색하게 보이는 현상이 수정됩니다.,domain-lexicon-v1.1
2295,299458,bishop,씨발 신규코어 약한건 좀 참겠는데,2026-07-16 09:09:00+00:00,https://www.inven.co.kr/board/maple/2295/299458,comments,1873,1,9,10,True,negative,positive,question,밸런스·스킬,0.6,너프,어떻게 매 패치가 원숭이손도 아니고 좆같게만 하는지 모르겠다 리레올려 컨티 올려 염병떨다가 링 익첸내고 갑자기 프레이 10초 찢어버리고 그러고는 또 다음 패치에 리컨 같이 쓰게 해서 프레이만 10초 찢김 청년만들고 제네 후딜 캔슬하면 뭐 얼마나 사기된다고 딜레이만들고 이번에도 기어이 2분화 하나 들어주고 너프먹이네 뭔가 바라면 바랄수록 좆되는 느낌임 ᄏᄏᄏ,domain-lexicon-v1.1
2295,299552,bishop,아니 형들 7.6 숍린이인데 지금이라도 멈춰?,2026-07-16 10:30:00+00:00,https://www.inven.co.kr/board/maple/2295/299552,comments,867,0,7,7,True,neutral,neutral,debate,커뮤니티,0.35,,먼저간 분들의 반응을 계속 볼수록 나도 마음이 꺾이네.. 한창 스펙업 뽐뿌와있었는데 계속하는게 맞나싶네.. 적당히 멈출까.. 헥환 8에서 멈출까여,domain-lexicon-v1.1
2295,299474,bishop,다필요없고 시퀀스에 포함시켜줘,2026-07-16 09:20:00+00:00,https://www.inven.co.kr/board/maple/2295/299474,recommendations,1228,2,6,4,False,neutral,negative,request,커뮤니티,0.35,,제발 그거라도... 제발 그거라도 해조라 ...,domain-lexicon-v1.1
2295,299590,bishop,비숍 dpm 1등!!!!!,2026-07-16 11:40:00+00:00,https://www.inven.co.kr/board/maple/2295/299590,recommendations,1184,1,1,1,False,neutral,neutral,information,커뮤니티,0.35,,"헤... 헤헤... 비... 비숍 상향... 헤헤... 헤헤헤헤... 테, 텔도 생겼떠... 헤헤... 비숍으로 히, 히, 힐도 줄꺼야.. 헤헤헤... 비숍, 숍도 쎄, 쎄졌어... 헤헤... 나도 날아가, 가, 갈거야... 헤헤... 슝슝 달린다... 카링도 잡, 잡고 해방도 할꺼야.. 헤헤헤...",domain-lexicon-v1.1
2295,299374,bishop,비숍 신스킬 2분 된거같은데요?,2026-07-16 07:57:00+00:00,https://www.inven.co.kr/board/maple/2295/299374,views,1596,1,5,5,True,neutral,neutral,information,밸런스·스킬,0.35,,.,domain-lexicon-v1.1
2295,299431,bishop,비숍 깡딜 너프는,2026-07-16 08:39:00+00:00,https://www.inven.co.kr/board/maple/2295/299431,views,1654,0,5,5,True,neutral,neutral,information,밸런스·스킬,0.35,,저스펙 구간 가성비를 고려했단 점에서 오버라이드 강화가 안 된 저헥사강화 유저가 사용하면 3퍼대로 나오고 오버드라이브 풀강해서 준극 때까지 가는 경우에는 오히려 2분화 때문에 2퍼대로 하락해버린 게 아닐지...,domain-lexicon-v1.1
2294,457723,blaster,키세팅 또 어디다 놔야하나,2026-07-16 11:00:00+00:00,https://www.inven.co.kr/board/maple/2294/457723,comments,230,0,5,5,True,neutral,neutral,information,밸런스·스킬,0.35,,릴파벙 수준의 광역기면 그냥 기분 좋게 누르겠는데 줫만한 스킬 하나때문에 키 정리할거 생각하니 열받네,domain-lexicon-v1.1
2294,457747,blaster,신스킬 소감,2026-07-16 11:40:00+00:00,https://www.inven.co.kr/board/maple/2294/457747,comments,438,0,8,9,True,neutral,neutral,request,밸런스·스킬,0.35,,"매크로에 릴파벙, 오버 두개 넣고 차징 매크로 캔슬(오버히트나가기전) - 차징 매크로(과열상태니 오버히트만 나감) 매그팡 캔슬 - 이런식이 젤 편하드라 구요. 이러면 따로 키 뺄필요가 없어서 사운드가 상당히 잘나와서 스킬 쓸때 느낌은 좋았음 매크로에 이것저것 넣는게 짜치기도 하고 그냥 카데나 배트마냥 릴파한번 더누르면 바로 연계 되게 바꿔주면 좋겠음",domain-lexicon-v1.1
2294,457752,blaster,블래는 필터키 키면 매그팡 안됨?,2026-07-16 11:48:00+00:00,https://www.inven.co.kr/board/maple/2294/457752,comments,308,0,5,6,True,neutral,neutral,information,밸런스·스킬,0.35,,테섭에서 해보는데 덕슬은 거의 무조건 되는 수준인데 매그팡이 스킬 한번 누르면 2번씩 나가네,domain-lexicon-v1.1
2294,457734,blaster,말도안되는 개초딩패치 요구한것도 아니고,2026-07-16 11:18:00+00:00,https://www.inven.co.kr/board/maple/2294/457734,recommendations,184,1,0,0,True,neutral,neutral,request,보스·전투,0.35,,릴파벙키로 발동되게 하던지 자동사출이 되게하던지 이게 뭐가 어렵다고 저번부터 누더기마냥 그냥 매크로에 쳐넣어라 이지랄하는거임 전투경험개선이라고 병신만들고 3개월내내 피드백 다 무시하고 걍 다 매크로에 쳐박으세요로 대충 수습하고 또 똑같은 방식으로 처리하네,domain-lexicon-v1.1
2294,457739,blaster,구조박살은 신창섭,2026-07-16 11:24:00+00:00,https://www.inven.co.kr/board/maple/2294/457739,recommendations,207,1,0,0,True,neutral,neutral,information,밸런스·스킬,0.35,,캔슬 완화 어쩌구 하다가 스킬 잡탕밥 만들어서 따로쓰니 묶어쓰니 후딜만 덕지덕지 붙이고 제약못걸어서 안달이네 캔슬 난이도가 완화된건 없어서 저점고점 어쩌구 자체가 성립이 안되지 않나,domain-lexicon-v1.1
2294,457774,blaster,사실 간편하게 만드려면 답은 이미 있음,2026-07-16 12:49:00+00:00,https://www.inven.co.kr/board/maple/2294/457774,recommendations,267,0,1,2,True,negative,neutral,complaint,밸런스·스킬,0.6,불편,☆ 이 글은 타직업 머리채 잡는게 아니라 해결방안의 예시를 보여주기 위해 부득이하게 타직업의 스킬을 하나 빌려서 가져온 것임 만약 운영진이 죽어도 평딜 자동사출은 해주기 싫으면 다른 방안이 있긴함 패파의 엣지 오브 레조넌스는 그냥 다른 스킬을 쓰는 도중에도 딸깍하면 별도의 시전 모션 없이 자연스럽게 나감 블래가 매그팡이나 발칸펀치 누르면서 노바 쓰는거랑 같은 원리임 진짜 굳이굳이 키 하나를 불편하게 더 늘려쓰게라도 해야겠다면 시전동작이라도 좀 없애주면 안될까... 더 좋은 선례가 이미 떡하니 있는데 왜 굳이 불쾌감주려고 딜레이를 쳐 달아놓고 캔슬도 못하게 하는지 모르겠음,domain-lexicon-v1.1
2294,457811,blaster,솔직히 신6차스킬 바꿨으면 좋겠음,2026-07-16 15:02:00+00:00,https://www.inven.co.kr/board/maple/2294/457811,recommendations,50,0,0,2,True,neutral,negative,request,밸런스·스킬,0.35,,오버히트 펀치? 없애고 극딜 때 맥마키면 자동으로 매그팡 강화 맥마 없고 실린더 과열시 매그팡 강화 붉은 화염에서 푸른화염 쪽으로 키 추가도 없고 자동이라 편할듯 어차피 블래유저분들이 좋아하는 플레이가 더킹/스웨이 캔슬하면서 패턴 피하고 사이사이에 매그팡이랑 릴파 섞는거 아님? 내가 개발자라면 오히려 이렇게 낼듯,domain-lexicon-v1.1
2294,457604,blaster,저번주 테섭 하셨던분 질문있음,2026-07-16 09:21:00+00:00,https://www.inven.co.kr/board/maple/2294/457604,views,338,0,2,2,True,neutral,neutral,question,밸런스·스킬,0.35,,[릴파벙+(해머)+오버히트(신스킬)] 이렇게 묶은 매크로만 써서 평딜 때 오버히트 사용이 가능했음?,domain-lexicon-v1.1
2294,457646,blaster,해매팡 어케함?,2026-07-16 09:53:00+00:00,https://www.inven.co.kr/board/maple/2294/457646,views,323,0,3,4,True,neutral,neutral,information,커뮤니티,0.35,,더킹 차징 안에 해매팡 따다닥 누르는거? 아니면 더킹 없이 해머 따로?,domain-lexicon-v1.1
2296,184423,bowmaster,9월에 코어간 밸런스 조정 들어간다는거 보니까 일단 신규코어 찍긴 해야할 듯,2026-07-16 09:14:00+00:00,https://www.inven.co.kr/board/maple/2296/184423,comments,847,0,2,2,True,neutral,neutral,information,밸런스·스킬,0.35,,느낌이 딜 지분 다른 코어에서 신규코어로 이관시켜버릴거 같은데 그래야 일부 코어 안올리고 쌀먹한 사람들 더 매몰되니까,domain-lexicon-v1.1
2296,184432,bowmaster,보마 상추뎀 질문드립니다!,2026-07-16 09:17:00+00:00,https://www.inven.co.kr/board/maple/2296/184432,comments,539,0,3,3,True,neutral,neutral,debate,밸런스·스킬,0.35,,본섭에서는 모법 링크에 상추뎀 효과가 발동된다고 들었는데 맞을까요?! 윈오프 안쓰고 그냥 딜하면 되는게 맞나요?!? 챌섭에서만 상시로 윈오프 써주면 되는걸까요?,domain-lexicon-v1.1
2296,184437,bowmaster,형들 스탯뚝팔고 2초뚝 구매했는데 투자실패인가요??,2026-07-16 09:20:00+00:00,https://www.inven.co.kr/board/maple/2296/184437,comments,1028,0,4,4,True,neutral,neutral,question,커뮤니티,0.35,,익스우 2인격 까지 생각중인데 그럼 상관없으려나요,domain-lexicon-v1.1
2296,184531,bowmaster,보마 신스킬 구지 찍어야할 이유도 없는거 같습니다.,2026-07-16 13:01:00+00:00,https://www.inven.co.kr/board/maple/2296/184531,comments,645,0,2,2,True,neutral,neutral,debate,밸런스·스킬,0.35,,폭시 키다운중 쓸수있게해주는거 아닌이상 딜상태 약한 신스킬을 구지 폭시 끊어가며 쓸이유가 있을지..? 그냥 패치하는인간들이 딜구조 사이클도 모르고 막패치하는데 이게맞나싶네여 솔에르다하고 조각까지 쓰며 뚫어줄껀아닌듯여,domain-lexicon-v1.1
2296,184333,bowmaster,누락이라고 해줘,2026-07-16 08:10:00+00:00,https://www.inven.co.kr/board/maple/2296/184333,recommendations,308,2,0,0,True,neutral,neutral,information,커뮤니티,0.35,,누락이라고 해줘...누락이라고 해줘...누락이라고 해줘...누락이라고 해줘...누락이라고 해줘...누락이라고 해줘...누락이라고 해줘...누락이라고 해줘...누락이라고 해줘...누락이라고 해줘...누락이라고 해줘...누락이라고 해줘...누락이라고 해줘...누락이라고 해줘...누락이라고 해줘...누락이라고 해줘...누락이라고 해줘...누락이라고 해줘...누락이라고 해줘...누락이라고 해줘...누락이라고 해줘...누락이라고 해줘...누락이라고 해줘...누락이라고 해줘...누락이라고 해줘...누락이라고 해줘...누락이라고 해줘...누락이라고 해줘...누락이라고 해줘...누락이라고 해줘...누락이라고 해줘...누락이라고 해줘...누락이라고 해줘...누락이라고 해줘...누락이라고 해줘...누락이라고 해줘...누락이라고 해줘...누락이라고 해줘...누락이라고 해줘...누락이라고 해줘...누락이라고 해줘...누락이라고 해줘...누락이라고 해줘...누락이라고 해줘...누락이라고 해줘...누락이라고,domain-lexicon-v1.1
2296,184346,bowmaster,씨발 최소한 폭시중 사용은 가능하게 해줘야지,2026-07-16 08:17:00+00:00,https://www.inven.co.kr/board/maple/2296/184346,recommendations,521,1,0,0,True,neutral,neutral,information,밸런스·스킬,0.35,,폭시 끊고 저거 30초마다 쓰는게 맞냐? 저거 점유율 1퍼대 생기는게 폭시 끊어서 생기는 딜로스 합치면 그냥 강화하나 마나인거같은데 그것도 풀강기준 ᄏᄏ,domain-lexicon-v1.1
2296,184399,bowmaster,오징어 말고 화살 좀 달라고요..,2026-07-16 08:55:00+00:00,https://www.inven.co.kr/board/maple/2296/184399,recommendations,963,2,1,1,True,neutral,neutral,request,커뮤니티,0.35,,이펙트 싹 바꿔 달라는 것도 아니고 오징어 광선 삭제하고 투사체 화살 좀 나가게 해줘요ᅲᅲ 폭시 사용 중 사용 가능한 개선도 같이!!,domain-lexicon-v1.1
2296,184498,bowmaster,●보우마스터 신규 코어 및 구조 개선 건의문,2026-07-16 11:06:00+00:00,https://www.inven.co.kr/board/maple/2296/184498,recommendations,427,1,1,1,True,mixed,neutral,request,밸런스·스킬,0.8999999999999999,기대 · 불편 · 문제,"​1. 문제점 ​구조의 문제: 신규코어의 강화효율같은 부분은 9월 밸런스패치에서 강화효율을 재조정함으로써 해결될것이라고 생각합니다. 그러나 '게임 플레이에 불쾌감을 유발하는 요소(족쇄)' 를 강요하는 것은 납득하기 어렵습니다. 피드백 부재: 유저들은 당연히 신규스킬이 폭풍의 시 사용 중 사용 가능한 구조 등의 편의성 개선이 이루어질 것이라 기대했으나, 2차 테스트 서버 업데이트 과정에서 이와 관련된 어떠한 언급이나 조치도 없이 배제되었습니다. ​2. 요구사항 ​스킬의 개선: 캐릭터의 구조를 해치면서 강제로 불편함을 추가하는 요소들을 즉각 제거해주십시오. ​개발자 코멘트 요청: 개발진이 지향하는 앞으로의 보우마스터의 컨셉과 플레이 스타일이 무엇인지 유저들이 가늠할 수 있도록 투명한 소통을 요청합니다. 현재와 같은 불투명한 운영은 지속적인 플레이 동기를 저하시키는 원인이 됩니다. ​3. 결론 ​모든 요구사항을 100% 반영하는 것이 불가능함을 인지하고 있습니다. 하지만 캐릭터가 가진 고",domain-lexicon-v1.1
2296,184428,bowmaster,어찌될지 몰라서 챌섭 조각 안쓰고 묵혀놨는데,2026-07-16 09:16:00+00:00,https://www.inven.co.kr/board/maple/2296/184428,views,981,0,1,1,True,neutral,neutral,information,밸런스·스킬,0.35,,걍 기존스킬찍을까 이러면,domain-lexicon-v1.1
2298,224740,buccaneer,서펜트 스크류 60초마다 써줘야 하나요??,2026-07-16 02:45:00+00:00,https://www.inven.co.kr/board/maple/2298/224740,comments,714,0,3,3,True,neutral,neutral,question,커뮤니티,0.35,,100회 타격 다 하면 꺼지는 것 같던데 그럼 무한 지속이 아닌 데에다가 시퀀스에도 안 들어가는 걸 60초마다 쓰는 건가요??,domain-lexicon-v1.1
2298,224767,buccaneer,바이퍼 스펙업 순서질문이요,2026-07-16 08:14:00+00:00,https://www.inven.co.kr/board/maple/2298/224767,comments,526,0,3,3,True,positive,positive,question,커뮤니티,0.6,감사,"안녕하세요. 바이퍼로 메이플 입문해서 현재는 노흉2~3인 익스우2인까지 가고있어요 6.5만 바이퍼 손절할려고 스커 챌섭하고있다지만, 그냥 바이퍼가 재밌고, 진짜 언젠간 체급좋아지겠거니 하고 그냥 올리고싶어서 스펙업 질문드려요 간단하게 여쭤보고싶은게 순서인데요. 지금 헥사관련해서는 좀 배제해서 아이템 세팅만 여쭤보고싶어요 돈 있을때마다 조각사서 올리고있고, 심볼세는.. 물어보니깐 아이템이 우선이라고해서 템먼저 맞추고싶어서 아무튼 먼저 여명라인이 데브,가엔링 빼면 유에 18성인데 22성 레전을 먼저 마련해야하는지 마이링이 아직 없어서 이벤링을 빼고 마이링을 먼저사야하는지 카루타 21성 3셋인데 팔고 22성을 마련을 해야할지, 컨티4렙 리레3렙인데 리레4렙을 마련해야할지 칠흑 마깃대 루컨마 그리고 고근이나 커포링을 하나씩 껴야할지 순서가 어느정도 궁금합니다 일단 목표는 흉성 솔플 혹은 익스우 솔플입니다 7~8만정도 그래서 바 선배님들께 질문드립니다. 감사합니다",domain-lexicon-v1.1
2298,224778,buccaneer,코강 적용 안되는게 버그가 아니였다고?,2026-07-16 08:35:00+00:00,https://www.inven.co.kr/board/maple/2298/224778,comments,1025,0,4,4,True,neutral,neutral,complaint,버그·사용성,0.35,,어휴,domain-lexicon-v1.1
2298,224808,buccaneer,강화코어 미적용 의도된거라시는데요?,2026-07-16 09:50:00+00:00,https://www.inven.co.kr/board/maple/2298/224808,comments,939,0,4,6,True,neutral,neutral,information,밸런스·스킬,0.35,,옆동네보면 의도하신사항임,domain-lexicon-v1.1
2298,224785,buccaneer,창섭이병신,2026-07-16 08:43:00+00:00,https://www.inven.co.kr/board/maple/2298/224785,recommendations,525,1,0,0,True,neutral,neutral,information,커뮤니티,0.35,,병신,domain-lexicon-v1.1
2298,224824,buccaneer,이놈들 계속,2026-07-16 10:32:00+00:00,https://www.inven.co.kr/board/maple/2298/224824,recommendations,405,0,0,0,True,neutral,neutral,information,커뮤니티,0.35,,자꾸 테섭 에서 본섭올때 뭐 하나 빼고 들어오는거 욕하니까 이제는 그냥 처음부터 빼고 내는구나 야랄를 해요 그냥,domain-lexicon-v1.1
2298,224833,buccaneer,딱 저레벨만 열어 놓으면 되는건가,2026-07-16 10:58:00+00:00,https://www.inven.co.kr/board/maple/2298/224833,recommendations,438,0,0,0,True,neutral,neutral,information,밸런스·스킬,0.35,,그래도 상대적으로 그냥 시퀀스에 넣으면 되는 극딜 버프라 완전 망한건 아니라 해야 하나....? 리레에 다 못 넣는대서 불만이었는데 다른 직업보단 양반 같긴 하고,domain-lexicon-v1.1
2298,224850,buccaneer,바이퍼 원래 이렇게 키셋팅이 널널한가요?,2026-07-16 14:09:00+00:00,https://www.inven.co.kr/board/maple/2298/224850,recommendations,138,0,0,2,True,positive,neutral,information,커뮤니티,0.6,재미,피인레만 써도되서 그런지 키보드 자리가 많이 남는데 이게 맞는거죠? 약간 해적계의 렌 같은 존재 같은데 맞죠?? 제가 잘못쓰고 있는거 아니죠??? 바이퍼 재미있네요 ᄏᄏᄏ,domain-lexicon-v1.1
2298,224769,buccaneer,개방하면 쌔지는건 맞나,2026-07-16 08:19:00+00:00,https://www.inven.co.kr/board/maple/2298/224769,views,1062,0,1,1,True,neutral,negative,debate,커뮤니티,0.35,,1렙이면 약한건 없겠지,domain-lexicon-v1.1
2298,224793,buccaneer,신스킬 저따구로 받으면,2026-07-16 09:08:00+00:00,https://www.inven.co.kr/board/maple/2298/224793,views,1144,0,2,2,True,neutral,neutral,information,밸런스·스킬,0.35,,진지하게 얘랑 좋은 승부 가능할듯 ᄋᄋ,domain-lexicon-v1.1
2297,331155,cadena,토렌트 이렇게되면,2026-07-16 08:30:00+00:00,https://www.inven.co.kr/board/maple/2297/331155,comments,785,0,3,3,True,neutral,neutral,information,커뮤니티,0.35,,"메일, 오드넌스 1렙씩만 올렸었는데 토렌트 1렙 올려도 괜찮을까요..? 머리 아프네요",domain-lexicon-v1.1
2297,331201,cadena,뒷골목 깡패컨셉캐릭터가 당췌 왜 대포를 소환하는지 모르겠다,2026-07-16 09:12:00+00:00,https://www.inven.co.kr/board/maple/2297/331201,comments,618,3,6,6,True,positive,neutral,request,밸런스·스킬,0.6,재미,컨셉도 구려 이펙트도 병신이야 후딜도 좆되 보스전할때마다 이거 설치하는거 때매 좆같은데 그냥 오드건 마엘이건 토렌트건 다삭제하고 깡패컨셉에 맞는 새로운 웨폰하나 추가해라 그게 더 고점깎는 재미도 있고 컨셉에 맞지 그저 일하기싫어서 설치기 딸깍 쳐내는게 그냥 사람인가 싶노,domain-lexicon-v1.1
2297,331285,cadena,테섭 필터키 윙대거 다들 괜찮나요?,2026-07-16 11:05:00+00:00,https://www.inven.co.kr/board/maple/2297/331285,comments,287,0,2,2,True,neutral,neutral,information,커뮤니티,0.35,,윙 진짜 짧게 누른다고 생각했는데 자꾸 바로 터짐,domain-lexicon-v1.1
2297,331322,cadena,족쇄 사이클 살짝 성가신 점...,2026-07-16 12:53:00+00:00,https://www.inven.co.kr/board/maple/2297/331322,comments,355,0,5,3,False,neutral,neutral,information,커뮤니티,0.35,,"대충 현재 족쇄 사이클 메일 - 오드 - 시퀀스 - 오드 끝난 거 확인하고 토렌트 - 토렌트 끝나고 다시 오드 인데 여기서... 오드넌스의 풀히트 최단시간은 알다시피 10초지만, 버프창에는 툴팁상 지속시간인 15초 로 나옴. 따라서 오드넌스 끝나는 타이밍을 버프 지속시간으로 확인하다보면 반응이 살짝 늦을 수 있음. ex) 버프창에 오드가 5초 남음 -> 실제론 발사 직전임. 토렌트는 반대로 지속시간 아이콘이 사라지면서 막타가 터짐. 얘는 이펙트나 사운드로 확인했을 땐 살짝 늦고, 버프창에서 아이콘 사라지는 거 뚫어져라 쳐다보다가 사라지면 바로 다시 오드 깔아야함. 2줄 요약) *오드는 버프 지속시간이 4.xx초쯤 남아있을 때 막타를 쏜다 *토렌트는 버프 지속시간이 사라지자마자 막타를 쏜다 두 십련들 막타 타이밍 방식이 서로 다르니 참고참고 그냥 참고 하라고~",domain-lexicon-v1.1
2297,331116,cadena,니들이 연무장 쳐서 보여줘라,2026-07-16 08:15:00+00:00,https://www.inven.co.kr/board/maple/2297/331116,recommendations,647,3,2,3,True,neutral,neutral,request,커뮤니티,0.35,,토렌트 도대체 어떻게 쓰라는거냐? 진짜 겜안분도 정도껏 해야지 구조 씹창났다고 개선안 보내도 씹을꺼면 테섭 왜하는데,domain-lexicon-v1.1
2297,331239,cadena,신규스킬 영상 소개할때마다 캔슬꼬라지볼때부터 알았다,2026-07-16 09:54:00+00:00,https://www.inven.co.kr/board/maple/2297/331239,recommendations,373,3,0,0,True,neutral,neutral,complaint,밸런스·스킬,0.35,,카데나 모르면 적어도 구조는 건드리지 말고 수치딸깍이나 하던가 왜 애꿏은 구조를 박살을 쳐내누;;,domain-lexicon-v1.1
2297,331344,cadena,카데나 세렌 상성이 안 좋나요? ㅜ,2026-07-16 15:20:00+00:00,https://www.inven.co.kr/board/maple/2297/331344,recommendations,1,0,0,4,False,neutral,neutral,question,밸런스·스킬,0.35,,뉴비라 이번에 세렌 아예 처음쳐보는데... 평딜 칠 때 자꾸 기절이랑 암흑 먹여서 어떻게 해야할지 모르겟음... 세렌이 원래 이런건지 카데나로 하는게 어려운건지 모르겠네요ᅮᅮ,domain-lexicon-v1.1
2297,331105,cadena,그래서 ㅅㅂ 극딜 이제 이렇게 하라고?,2026-07-16 08:09:00+00:00,https://www.inven.co.kr/board/maple/2297/331105,views,862,0,1,0,False,neutral,neutral,information,밸런스·스킬,0.35,,오드넌스 설치 - 시퀀스 - 오드넌스터지면 토렌트 ᄏᄏᄏᄏᄏᄏᄏ,domain-lexicon-v1.1
2297,331179,cadena,토렌토 열어도 되나요,2026-07-16 08:54:00+00:00,https://www.inven.co.kr/board/maple/2297/331179,views,791,0,1,1,True,neutral,neutral,question,커뮤니티,0.35,,오드 24인가 26에 메일 14인데,domain-lexicon-v1.1
2298,224639,cannon_shooter,해방 질문,2026-07-13 15:00:00+00:00,https://www.inven.co.kr/board/maple/2298/224639,comments,347,0,4,4,True,negative,neutral,request,밸런스·스킬,0.6,부족,"과금없이 라이트하게 하다보니 아직도 해방을 못하고있는데 대충 헥환 25,000원정도입니다. 열심히 모은 메소는 250억정도되는데.. 혹시 어느정도까지 올려야 검마 잡을수있을까요?.. 어떤부위를 바꿔야할지 모르기도하겟구요 ᅲᅲ 일단 에테 직작 천천히하고있고 무기도 아케인으로 바꿀까 생각중입니다 딜찍누 스펙까지 갈려면 메소 많이 부족할까요? 컨은 자신없는 아재입니다..",domain-lexicon-v1.1
2298,224659,cannon_shooter,5초->2초 가신분 있으신가요.??,2026-07-13 15:00:00+00:00,https://www.inven.co.kr/board/maple/2298/224659,comments,827,0,8,8,True,neutral,mixed,information,보스·전투,0.35,,"11만 캐슈입니다. 5 초뚝 덕분에 데티 해방도 했고, 현재 파티 보스도 5 초뚝 파티에서 잘 지내고있어요. 2 초뚝이 아른아른 거리네요. 코코볼은 5초로 바꾼 뒤 적응이 된 상태긴 한데. 특정 보스에서 방이 바뀌는 부분에서 1발 손해 볼 때도 많고 .. 최근 패치로 인해서 2초로 다시 돌아가시는 분들 많더라고요. 2 초로 가면 STR 약 18%오를텐데 1분에 캐논볼 2발씩 쏘는게 기존 5 초뚝 운영할 때랑 차이가 많이 날까요? 그냥 5 초 그대로 쓰시는 분 계시나요?",domain-lexicon-v1.1
2298,224693,cannon_shooter,캐슈는 메이린 컷이 어찌 되나요?,2026-07-14 15:00:00+00:00,https://www.inven.co.kr/board/maple/2298/224693,comments,611,0,4,4,True,neutral,neutral,question,커뮤니티,0.35,,98~102퍼 정도에 가능한가요?,domain-lexicon-v1.1
2298,224831,cannon_shooter,신규 키다운 저게주력기였으면 짱이였겠다,2026-07-16 10:45:00+00:00,https://www.inven.co.kr/board/maple/2298/224831,recommendations,276,0,0,1,True,neutral,negative,information,커뮤니티,0.35,,짱멋진 속사기 주력기,domain-lexicon-v1.1
2298,224843,cannon_shooter,걍 불편한 키다운 ICBM아님?,2026-07-16 12:32:00+00:00,https://www.inven.co.kr/board/maple/2298/224843,recommendations,185,0,0,2,True,neutral,neutral,complaint,버그·사용성,0.35,,난 이펙트 별로맘에안들던데... 걍 키다운 ICBM이랑 다를게없는 차라리 오리진에있는 초코볼을......,domain-lexicon-v1.1
2298,224606,corsair,날 자꾸 타직업 유저라고 하는데,2026-07-12 15:00:00+00:00,https://www.inven.co.kr/board/maple/2298/224606,comments,1455,1,10,10,True,positive,neutral,debate,밸런스·스킬,0.6,만족,"메이플 특유의 형광 덕지덕지 입체감 없는 그래픽으로 만들지 말아달라고 10년전부터 문의만 몇백번 보낸 유저임. 솔직히 내 덕에 입체적인 스킬로 바꼇다고 생각함. 다른 직업들 보셈 그저~ 형광 이팩트 덕지덕지~ 어쨋든 갈매기?? 예상은 했었음. 몇달전만해도 캡갤에서 갈매기 그립다는 글이 많았음. 그 유저들 다 어디갔는진 모르겠지만, ""캡틴 유저라면 무조건 봤을거라고 생각함."" 운영자는 캡틴 유저들의 의견을 반영한거고~ 개인적으론 노틸러스를 바다와 연관해서 스킬을 만들었으면 더 좋았겠지만, 입체적으로 만들어줘서 만족함.",domain-lexicon-v1.1
2298,224640,corsair,체급 올려줄 때 됐다,2026-07-13 15:00:00+00:00,https://www.inven.co.kr/board/maple/2298/224640,comments,1192,0,12,13,False,neutral,neutral,information,밸런스·스킬,0.35,,"스트레인지 봄 ▶ 극딜버프로 변경 어차피 사냥이든 보스든 쓰지도 않는 joat 스킬 극딜 상향 + 체급 올려줄 겸 극딜버프로 개편좀 해줘라 쿨타임 120초, 20초동안 최종 데미지 10% 증가 지속시간동안 4차 이하 스킬 사용시 100% 확률로 재사용 대기시간 5회 미적용 해줘. 이거 해준다고 강캐되는 것도 아니야..",domain-lexicon-v1.1
2298,224674,corsair,이적자 배율 150나오는데,2026-07-13 15:00:00+00:00,https://www.inven.co.kr/board/maple/2298/224674,comments,995,0,6,6,True,negative,neutral,complaint,커뮤니티,0.75,문제 · 부족,1페 6분 걸리고 2페 7분 걸려서 시간 부족했는데 이거 숙련도 문제 맞죠? 하.. 이칼은 배율 210인데 16분 걸렸는데,domain-lexicon-v1.1
2298,224620,corsair,그렇게 근본이 좋으면,2026-07-13 15:00:00+00:00,https://www.inven.co.kr/board/maple/2298/224620,recommendations,638,7,0,0,True,neutral,neutral,information,커뮤니티,0.35,,메랜이나 하러 가세요 개편으로 청소 열심히 해둔 곳에 똥뿌리러 오지 말고 갈매기 이제 짜치는걸 넘어서 역함 그냥,domain-lexicon-v1.1
2298,224635,corsair,지금 이해를 잘 못하고 계신데요,2026-07-13 15:00:00+00:00,https://www.inven.co.kr/board/maple/2298/224635,recommendations,1084,10,2,2,True,neutral,neutral,information,밸런스·스킬,0.35,,기존 짬뽕이 인기가 없고 잘 안팔리자 해산물 다 뺀 고기짬뽕으로 리메이크 해놓곤 ‘아무리 그래도 짬뽕에는 역시 해산물이 근본이지’ 라며 이제와서 조개를 처 넣고 있냐고요 노선을 틀었으면 확실하게 컨셉잡고 이어나가기만 하면 되는데 이제와서 뒤죽박죽 만들 지 말자라는 얘기를 하는거임 그리고 딜 얘기하는 사람들 있는데 딜은 간 같은 거임 싱거우면 소금치면 되는데 맛의 방향성이랑 감칠맛은 지금처럼 만들 때 아니면 못바꾼다고,domain-lexicon-v1.1
2298,224653,corsair,●▅▇█▇▆▅▄▇ 갈매기 싫다,2026-07-13 15:00:00+00:00,https://www.inven.co.kr/board/maple/2298/224653,recommendations,295,4,0,0,True,neutral,neutral,information,커뮤니티,0.35,,.,domain-lexicon-v1.1
2298,224656,corsair,글 보는데 불호가 거의 90퍼는 되는거 같음,2026-07-13 15:00:00+00:00,https://www.inven.co.kr/board/maple/2298/224656,recommendations,1400,7,6,6,True,neutral,positive,debate,밸런스·스킬,0.35,,"나도 처음 영상봤을때는 ᄏᄏ 웃기네 하다가 스킬셋이랑 캐릭터 설명 읽어보고 얘는 함대원이랑 함대를 부리는 선장이라는 컨셉 아닌가? 문어랑 갈매기 < 이거는 게임사에서도 옛날 구식느낌나서 갈아치우고 선원 , 함대 컨셉으로 간거 아닌가? 그래놓고 갑자기 6차 신스킬에 갈매기 나오는건 좀 이상하긴 했음 오리진이나 다른곳에서 이미 함대 폭격 컨셉 겹친다고 그러는 댓글도 본거같은데 드레드노트 함대 포격이나 봄바드 템페스트 폭격 지원이라거나 어썰트 함대소환 이런거 생각하면 갈매기는 좀 뜬금포인거 같음. 남들한테나 옛날 향수느낌나고 웃기네 정도지 이걸 매번쓰는 입장이 된다고 생각하니까 컨셉이 좀 안맞는 느낌이 강하게 듦",domain-lexicon-v1.1
2298,224692,corsair,그러게 빵야 왜 우리 안줌?,2026-07-14 15:00:00+00:00,https://www.inven.co.kr/board/maple/2298/224692,views,1453,0,2,2,True,neutral,neutral,complaint,커뮤니티,0.35,,내놔 내놔 내놔 내놔 내놔 내놔 내놔 내놔 내놔 내놔 내놔 내놔 내놔 내놔 내놔 내놔 내놔 내놔 내놔 내놔 내놔 내놔 내놔 내놔 내놔 내놔 내놔 내놔 내놔 내놔 내놔 내놔 내놔 내놔 내놔 내놔 내놔 내놔 내놔 내놔 내놔 내놔 내놔 내놔 내놔 내놔 내놔 내놔 내놔 내놔 내놔 내놔 내놔 내놔 내놔 내놔 내놔 내놔 내놔 내놔 내놔 내놔 내놔 내놔 내놔 내놔 내놔 내놔 내놔 내놔 내놔 내놔 내놔 내놔 내놔 내놔 내놔 내놔 내놔 내놔 내놔 내놔 내놔 내놔 내놔 내놔 내놔 내놔 내놔 내놔 내놔 내놔 내놔 내놔 내놔 내놔 내놔 내놔 내놔 내놔 내놔 내놔 내놔 내놔 내놔 내놔 내놔 내놔 내놔 내놔 내놔 내놔 내놔 내놔 내놔 내놔 내놔 내놔 내놔 내놔 내놔 내놔 내놔 내놔 내놔 내놔 내놔 내놔 내놔 내놔 내놔 내놔 내놔 내놔 내놔 내놔 내놔 내놔 내놔 내놔 내놔 내놔 내놔 내놔 내놔 내놔 내놔 내놔 내놔 내놔 내놔 내놔 내놔 내놔 내놔 내놔 내놔 내놔 내놔 내놔 내놔 내놔 내놔 내놔 내놔 내놔 내놔,domain-lexicon-v1.1
2298,224752,corsair,캡틴은 유구한 전통임?,2026-07-16 06:06:00+00:00,https://www.inven.co.kr/board/maple/2298/224752,views,1288,0,1,1,True,neutral,neutral,information,밸런스·스킬,0.35,,이펙트도 못생겨 체급도약해 컨셉방향을 잡았으면 이펙트라도 제대로 그려야될거아니야 스봄은 언제까지 아무데도 안쓰는 스킬로 냅둘껀데?,domain-lexicon-v1.1
2294,457546,dark_knight,테섭 전분에는 퍼니시먼트 왜 안찍히ㅣ지,2026-07-16 08:40:00+00:00,https://www.inven.co.kr/board/maple/2294/457546,comments,479,0,5,5,True,neutral,positive,complaint,커뮤니티,0.35,,아시는 분,domain-lexicon-v1.1
2294,457562,dark_knight,오케이 많은 거 바라지 않을게요,2026-07-16 08:49:00+00:00,https://www.inven.co.kr/board/maple/2294/457562,comments,785,0,8,7,False,neutral,neutral,request,밸런스·스킬,0.35,,궁니르 딜비중 줄이고 극딜로 이관 비홀더 스킬들 동시 사용 그냥 이것만 해주세요 쌰@갈,domain-lexicon-v1.1
2294,457567,dark_knight,진짜 이 좆망 직업 9월 패치 보고 렌으로 갈아타던가 해야지,2026-07-16 08:52:00+00:00,https://www.inven.co.kr/board/maple/2294/457567,comments,839,0,7,7,True,neutral,neutral,information,밸런스·스킬,0.35,,곧 데티 해방인데 해방 각 보고 있던거 걍 빡쳐서 안할까 생각도됨;;; 진짜 렌으로 갈아타야겠는데 다음 벨패 보고 하;;;;,domain-lexicon-v1.1
2294,457559,dark_knight,사실 몇년을 버텼는데 2개월쯤이야,2026-07-16 08:48:00+00:00,https://www.inven.co.kr/board/maple/2294/457559,recommendations,608,1,3,2,False,neutral,neutral,information,커뮤니티,0.35,,포기할땐 하더라도 할 수 있는 노력은 해보고 결과까지 보고 직변하던 해야겠네요,domain-lexicon-v1.1
2294,457664,dark_knight,하 시발 대장님 접을 때 같이 접었어야했다,2026-07-16 10:05:00+00:00,https://www.inven.co.kr/board/maple/2294/457664,recommendations,738,0,1,2,True,neutral,neutral,information,커뮤니티,0.35,,내 마음속 닼나 대장 팀에이컴퍼니 대장님.. 몇 수 앞을 내다보고 갖다 버리셨나요,domain-lexicon-v1.1
2294,457741,dark_knight,일단 그래도 1렙 개방은 해주는게 맞나요?,2026-07-16 11:26:00+00:00,https://www.inven.co.kr/board/maple/2294/457741,recommendations,561,0,1,5,False,neutral,neutral,debate,커뮤니티,0.35,,점유율이 낮다곤해도 1렙정도는 열어주는게 맞겠죠?,domain-lexicon-v1.1
2294,457674,demon_avenger,익스큐션 29렙 신스킬 1렙 일때,2026-07-16 10:12:00+00:00,https://www.inven.co.kr/board/maple/2294/457674,comments,656,0,2,3,True,neutral,neutral,question,밸런스·스킬,0.35,,이래도 신스킬 1렙 쓰는게 극딜중에 더 강한가요? 본캐는 아니고 애정있는 부캐인데 신스킬 열어줘야 하는지 잘 모르겠어서 질문 드림다,domain-lexicon-v1.1
2294,457699,demon_avenger,신스킬 제대로 쓰려면 극딜밀림 각오해야하려나요,2026-07-16 10:35:00+00:00,https://www.inven.co.kr/board/maple/2294/457699,comments,564,0,2,2,True,neutral,negative,information,밸런스·스킬,0.35,,극딜하다 피찰때쯤에 신스킬써서 피빼는식으로 쓰는게 제일 좋을거같은데 이러면 극딜이 밀릴거같아서 고민이네요,domain-lexicon-v1.1
2294,457780,demon_avenger,2차 테섭 데벤 이펙트 바뀜??,2026-07-16 13:00:00+00:00,https://www.inven.co.kr/board/maple/2294/457780,comments,284,0,1,2,True,neutral,neutral,information,커뮤니티,0.35,,아님 그대로임?,domain-lexicon-v1.1
2294,457606,demon_avenger,스킬 코어 밸런스 조절한다는 말이 왜 불안할까,2026-07-16 09:22:00+00:00,https://www.inven.co.kr/board/maple/2294/457606,views,508,0,1,2,True,neutral,negative,complaint,밸런스·스킬,0.35,,얘네 9월에 다른 스킬 깎고 블피 뜬금포로 버프 먹여서 뎀감기를 뎀감기로 못 쓰게 할 것같아서 불안하다,domain-lexicon-v1.1
2294,457663,demon_slayer,데쌤들 질문 하나만요,2026-07-16 10:05:00+00:00,https://www.inven.co.kr/board/maple/2294/457663,comments,569,0,4,4,True,neutral,positive,question,밸런스·스킬,0.35,,극딜때 리레켜져있을때 체인이 돌면 그것도 써줘야하나요 아님 걍 어웨 터는게 최우선인가요?,domain-lexicon-v1.1
2294,457773,demon_slayer,6차 강화 질문,2026-07-16 12:41:00+00:00,https://www.inven.co.kr/board/maple/2294/457773,comments,201,0,1,1,True,neutral,neutral,question,커뮤니티,0.35,,환산주스탯에서는 임펙트를 강화하라고 하는데 데슬은 어웨이크닝이 메인으로 알고 있는데 그러면 슬래시 강화를 먼저 해야 하는거 아닌가요? 궁금해서 질문드립니다.,domain-lexicon-v1.1
2297,331113,dual_blade,구조 고칠려고 한거면 탐색범위 늘리는게 맞냐?,2026-07-16 08:13:00+00:00,https://www.inven.co.kr/board/maple/2297/331113,comments,1022,0,5,5,True,neutral,neutral,information,밸런스·스킬,0.35,,이상한 빡센 조건부 쿨감 맥여놔서 매번 같은 극딜타이밍이여도 횟수가 다르게 나가는데 편차있는 신규6차 받는게 맞음? 이상한 타수 조건부 없애라,domain-lexicon-v1.1
2297,331180,dual_blade,5초뚝 사냥하시는 분들 질문 있습니당,2026-07-16 08:54:00+00:00,https://www.inven.co.kr/board/maple/2297/331180,comments,411,0,4,4,True,neutral,neutral,question,보스·전투,0.35,,이번에 유니온 패치되고 어떻게 사냥하시나요? 메르 140 꾹키 사냥 중이었는데 이제 쿨이 빨라져서 꾹키가 안되더라구요 ᅲᅲ,domain-lexicon-v1.1
2297,331245,dual_blade,퇴근! 테섭하러 가야징,2026-07-16 10:02:00+00:00,https://www.inven.co.kr/board/maple/2297/331245,comments,811,0,5,2,False,neutral,neutral,information,커뮤니티,0.35,,듀블 섀도어 나로 떡상했겠죠?,domain-lexicon-v1.1
2297,331256,dual_blade,듀블이 언제부터,2026-07-16 10:20:00+00:00,https://www.inven.co.kr/board/maple/2297/331256,comments,1373,4,5,5,True,neutral,neutral,information,밸런스·스킬,0.35,,원거리 직업이었냐?ᄏᄏ '탐색 범위' ᄋᄌᄅᄏᄏᄏ 숨이 턱 막히네...,domain-lexicon-v1.1
2297,331160,dual_blade,●▅▇█▇▆▅▄▇ 이펙트부터 구조까지 싹다 바꿔라,2026-07-16 08:36:00+00:00,https://www.inven.co.kr/board/maple/2297/331160,recommendations,342,1,0,0,True,neutral,neutral,request,커뮤니티,0.35,,●▅▇█▇▆▅▄▇ 좆같네,domain-lexicon-v1.1
2297,331189,dual_blade,이펙트라도 개선 안되나?,2026-07-16 09:01:00+00:00,https://www.inven.co.kr/board/maple/2297/331189,recommendations,321,2,1,1,True,neutral,neutral,request,밸런스·스킬,0.35,,스킬 점유율 낮은건 다른 직업도 다 그런거라고 하지만 요실금 지리듯 후루룩 나가는 이펙트는 지금 개선 안 받으면 평생 이 상태로 갈 거 같은데 제발 이펙트라도 개선해줘 개인적으로 전 직업 중에 제일 성의 없고 별로인듯 ᅲ,domain-lexicon-v1.1
2297,331246,dual_blade,●▅▇█▇▆▅▄▇병신같은 스킬구조 쓰레기같은 이펙트와 개성죽이기 여기서 근절해야함,2026-07-16 10:03:00+00:00,https://www.inven.co.kr/board/maple/2297/331246,recommendations,580,3,0,1,True,neutral,neutral,information,밸런스·스킬,0.35,,또 가만히 있으면 앞으로도 쭉 같은식의 대우만 받을거임,domain-lexicon-v1.1
2297,331253,dual_blade,블레이드 매지컬 작해도 되나용??,2026-07-16 10:18:00+00:00,https://www.inven.co.kr/board/maple/2297/331253,views,756,0,2,3,True,neutral,positive,question,커뮤니티,0.35,,챌섭에서 유챔용 듀블 키우고 있는 유저입니당 나중에 본캐 데티해방하면 좀 세게 키울 생각도 있어서 보조무기 작을 어떻게 해야하는지 궁금합니당 아스트라는 작도 따로 없고 작 동일한건가요? 그러면 그냥 대충 주흔작해도 상관없는지 궁금합니당,domain-lexicon-v1.1
2295,299429,evan,드브랑 쿨공유는 그대로인가?,2026-07-16 08:35:00+00:00,https://www.inven.co.kr/board/maple/2295/299429,comments,1002,0,9,9,True,neutral,positive,information,커뮤니티,0.35,,드브 조디악 소어엘블 가능?,domain-lexicon-v1.1
2295,299543,evan,제가 생각하는 에반 dpm 순위는 적어도 10위권 안입니다,2026-07-16 10:17:00+00:00,https://www.inven.co.kr/board/maple/2295/299543,comments,912,0,9,12,True,neutral,negative,request,밸런스·스킬,0.35,,지금 에반의 현주소에 대한 넥슨의 인식이 처참한 것 같습니다 고수의 초고점 플레이에도 연무장 dpm 32등이라면 일반유저기준으로 40등도 안나올수도있습니다 혹시나 시너지 컨트롤 직업이라는 족쇄때문에 발목 잡는 필요없는 시너지 떼도 상관없으니깐 구조개선과 컨트롤캐에 맞는 딜지표를 갖게 해주십시오 소위 말하는 딸깍캐와 에반 같은 연계 컨트롤 캐에 의미있는 데미지 차이가 필요합니다,domain-lexicon-v1.1
2295,299554,evan,그래서 이거 1랩 찍어도 되는거에여?,2026-07-16 10:32:00+00:00,https://www.inven.co.kr/board/maple/2295/299554,comments,761,0,5,5,True,neutral,positive,information,커뮤니티,0.35,,1랩기준 손해보는건 따로없을까요,domain-lexicon-v1.1
2295,299593,evan,에반 294인데 방향 고민좀…,2026-07-16 11:45:00+00:00,https://www.inven.co.kr/board/maple/2295/299593,comments,544,0,12,15,True,neutral,negative,request,밸런스·스킬,0.35,,암녕하세요 챌2때 에반 키으기시작해서 어느덧 294입니다 7.3이라 익스우 배율 125퍼로 도전중입니다 매번 탈출하려고햇는데 어느덧 294가되넛네요 앞으로 어케할지 고민이 많이됩니다 6차때 딜은 그대로 유지에 밸패는 또 9월.. 매번 하던거보면 또 딜은 ᄌ박을거라 예상합니다 타직업으로 넘어갈지 쭉할지 진지하게 고민됩니다 294라 모멘텀을 에반한테 먹여아할지 다른케함테 먹여야할지도 고민되구여.. 선배님들음 어떻게 생각하시나여? 아직 할만한가요? 에반은? 기어드락까진 가볼까요..? ᅮᅮ 설직히 딜좀 올려주고 마나통 개선해주고 몇몇 수정거쳐서 오래오래해보고싶습니다 ᅲ 늙은 제 손으로는 근데 보스가 안잡혀요 배율 125퍼인데 현타 존나옵니다,domain-lexicon-v1.1
2295,299534,evan,신규스킬정돈 연계타밍 상관없이 풀딜 꽂히게 해주면 안되나..,2026-07-16 10:12:00+00:00,https://www.inven.co.kr/board/maple/2295/299534,recommendations,433,3,1,1,True,neutral,neutral,information,밸런스·스킬,0.35,,족쇄 그만 차고 싶어요,domain-lexicon-v1.1
2295,299571,evan,문득새삼 프리드 1.4퍼의 에반이횽이 대단하네,2026-07-16 10:52:00+00:00,https://www.inven.co.kr/board/maple/2295/299571,recommendations,764,1,4,4,True,neutral,neutral,information,커뮤니티,0.35,,자게랑 오늘 조각 갯수 줄어든거 보고 느낌 숭배를 안 할 수가 없잖아,domain-lexicon-v1.1
2295,299589,evan,해방하고 검마 잡았어요!,2026-07-16 11:37:00+00:00,https://www.inven.co.kr/board/maple/2295/299589,recommendations,253,2,4,4,True,neutral,positive,information,커뮤니티,0.35,,도중에 죽어서 조디악과 임브가 한 번씩 날아갔지만 160퍼에 널널하게 1분 남기고 잡았네요 에반 재밌당,domain-lexicon-v1.1
2295,299387,evan,신규6차 평균 2.5~3퍼 딜상승을 의도했다는데,2026-07-16 08:07:00+00:00,https://www.inven.co.kr/board/maple/2295/299387,views,1253,0,1,1,True,negative,neutral,information,밸런스·스킬,0.6,너프,저흰 상승률 2.2~2.3퍼였는데 또 너프인가 연무장 참고했다는데 운영진은 에반이 있어야할 위치를 40등권으로 보고있는걸까요..,domain-lexicon-v1.1
2295,299398,evan,근데 임브 조디악 레이어 순서 바뀐거 고치긴했나요?,2026-07-16 08:15:00+00:00,https://www.inven.co.kr/board/maple/2295/299398,views,966,0,4,4,True,neutral,neutral,information,커뮤니티,0.35,,지금 임브 조디악 뒤로 가버려서 이펙트 보이지도않는데 버티컬은 어케된거지,domain-lexicon-v1.1
2295,299463,flame_wizard,9월밸패 최소 인플서설치기 받아야됩니다,2026-07-16 09:11:00+00:00,https://www.inven.co.kr/board/maple/2295/299463,comments,499,0,2,2,True,neutral,neutral,information,커뮤니티,0.35,,ᄌᄀᄂ..,domain-lexicon-v1.1
2295,299481,flame_wizard,뭐 성능은 다 비슷하니 이펙트라도 수정문의 넣어야겠음,2026-07-16 09:23:00+00:00,https://www.inven.co.kr/board/maple/2295/299481,comments,357,0,2,2,True,neutral,neutral,request,운영·소통,0.35,,성능은 안바꿔줄게 뻔하고 시퀀스 + 이펙트개선 이거는 문의넣어야함,domain-lexicon-v1.1
2295,299512,flame_wizard,2.5~3% 의도한거면 아무리 그래도 2.5는 맞춰줘야지,2026-07-16 09:54:00+00:00,https://www.inven.co.kr/board/maple/2295/299512,comments,587,0,1,1,True,neutral,neutral,information,커뮤니티,0.35,,그게 맞지 않나,domain-lexicon-v1.1
2295,299495,flame_wizard,●▅▇█▇▆▅▄▇ 형편없는 스킬,2026-07-16 09:37:00+00:00,https://www.inven.co.kr/board/maple/2295/299495,recommendations,253,0,0,0,True,neutral,neutral,information,밸런스·스킬,0.35,,보상방에서 상자 터트리는거나 수정하고 아무것도 없는 그저 딸깍 버튼 하나 더 누르게 생김,domain-lexicon-v1.1
2295,299528,flame_wizard,진짜 좀 느낌 싸한데,2026-07-16 10:11:00+00:00,https://www.inven.co.kr/board/maple/2295/299528,recommendations,315,0,0,0,True,neutral,neutral,information,커뮤니티,0.35,,시퀀스에라도 넣던가 좀,domain-lexicon-v1.1
2295,299567,flame_wizard,왜맨날 못생긴동물?,2026-07-16 10:49:00+00:00,https://www.inven.co.kr/board/maple/2295/299567,recommendations,224,0,0,0,True,neutral,neutral,complaint,밸런스·스킬,0.35,,불사조로 나오던가 플레임 기어로나오던가 아마테라스로 주던가 불컨셉 직업이많아도 플위만의 스킬로 주지 왜 맨날 못생긴 동물이나오는거임?,domain-lexicon-v1.1
2295,299393,flame_wizard,시퀀스에도 안들어가는 점유율1.5퍼스킬 쓸바에야 걍 안열고 오비탈 던짐 ㅇㅇ,2026-07-16 08:11:00+00:00,https://www.inven.co.kr/board/maple/2295/299393,views,359,0,0,0,True,neutral,neutral,information,밸런스·스킬,0.35,,돈아깝다,domain-lexicon-v1.1
5974,6891871,free,[1.2.204] (스압) 부티크 기프트 코디 패키지,2026-07-16 13:53:00+00:00,https://www.inven.co.kr/board/maple/5974/6891871,comments,15325,33,54,58,False,neutral,positive,information,이벤트·캐시,0.35,,"​ ​ 다른 코디 부위 제외하고 패키지 종류만 정리했습니다! - 은하 별무리 세트 ( 180개, 전투복 능력치 없음 ) ​ ​​​ ​ ​ ​​ ​ ​이펙트 4종 중 하나를 선택 후 수령 가능 이펙트는 다른 이펙트와 중복 X ( 내바스, 글로리 하트 등 ) ​ ​​​ ​ ​ ​ ​ - ​아이스 버블 바니 세트 ( 30개 ) ​ ​​​ ​ ​ ​​​ ​ - ​콩콩 수달 세트 교환권 ( 15개, 재출시 ) ​ ​ - 알쏭달쏭 코디 상자 ( 5개, 랜덤으로 코디 아이템이나 패키지 획득 ) 코디 상자에서 해당 패키지 상자를 일정한 확률로 획득 가능 - 땡땡이 디스트로이드 세트(남) / (여) ​​ ​ ​ ​- 체크 포인트 세트(남) / (여) ​​ ​ ​ ​- 힙합 무드 세트(공용) ​ ​ ​- 스포티 무드 세트(공용) ​ ​",domain-lexicon-v1.1
5974,6891882,free,혹시 본인이 메잘알이다 하시는분 와보삼 ㄹㅇ...,2026-07-16 13:55:00+00:00,https://www.inven.co.kr/board/maple/5974/6891882,comments,232,0,18,18,True,neutral,neutral,request,밸런스·스킬,0.35,,윗잠 인트 33퍼 밑잠 레전 2줄 페어리하트 > 플하로 업글가능함 이벤트링 드드 드메 2개 보유 리4 컨4 보유 교불 보조 쌍레 5줄 보유 위 아이템셋팅이 어느정도의 가치를 가진거같음? 물어보는 이유는 직업 2개가 고민중인데 A직업은 맨땅스타트고 B직업은 저 위에 아이템 갖고있는 예전에 키우던 캐릭임 A직업은 그냥 한번도 안해봤고 요즘 관심이 가는 직업이고 다만 B직업은 약간 컨트롤요소를 필요로 하는 직업이라 내가 하다가 손절할꺼면 빨리 손절하자는 마인드로 관둔건데 메이플 접는동안 패치로 어느정도 컨트롤요소를 완화시켜줘서 고민중임,domain-lexicon-v1.1
5974,6891885,free,메린이 인간승리 우승!!,2026-07-16 13:56:00+00:00,https://www.inven.co.kr/board/maple/5974/6891885,comments,1645,9,19,10,False,neutral,neutral,information,커뮤니티,0.35,,레테 유입 메린이 4시간 트라이 끝에 하드 메이린 클리어 메린이 업적들 검마 124% 컷 이지 대적자 108% 컷 이지 칼로스 110% 컷 이지 카링 120% 컷 하드 메이린 102% 컷 현재 284렙 진짜 메이플 존나 재밌다 그냥,domain-lexicon-v1.1
5974,6891903,free,이거 40억은 양심이 없는거임?,2026-07-16 14:00:00+00:00,https://www.inven.co.kr/board/maple/5974/6891903,comments,853,0,20,19,False,neutral,neutral,information,커뮤니티,0.35,,,domain-lexicon-v1.1
5974,6891917,free,엘리시움>스카니아 이사 어케생각?,2026-07-16 14:03:00+00:00,https://www.inven.co.kr/board/maple/5974/6891917,comments,238,0,20,20,True,neutral,neutral,information,커뮤니티,0.35,,챌섭복귀유전데 엘리시움 템 매물도 없고 자석펫같은것도 스카대비 비싸네 돈지르는사람은없고 쌀먹만하는섭인듯?? 스카도 자체관세 낸다고하지만 매물차이가 2~3배정도나는듯 유니온9천이랑 자석펫1개 있는데 버리고이사갈만함?,domain-lexicon-v1.1
5974,6891948,free,아... 갑자기 또 쪽지와서 놀랐는데.. 아니 뭐야?,2026-07-16 14:09:00+00:00,https://www.inven.co.kr/board/maple/5974/6891948,comments,1986,5,18,10,False,neutral,neutral,information,커뮤니티,0.35,,어... 그래 하나는 차마 누르진 않을게요..... 반품 없나요...? 아니 30추 간거도 아닌데 저격 뭐냐고!!!!!!!!!,domain-lexicon-v1.1
5974,6891959,free,진짜 웃긴콘 보여줌,2026-07-16 14:12:00+00:00,https://www.inven.co.kr/board/maple/5974/6891959,comments,125,0,22,8,False,neutral,positive,information,커뮤니티,0.35,,댓글달아보삼요,domain-lexicon-v1.1
5974,6891978,free,흠...난 신규 스킬 데미지 적절하다고 보는데?,2026-07-16 14:15:00+00:00,https://www.inven.co.kr/board/maple/5974/6891978,comments,13912,68,49,53,False,neutral,mixed,complaint,밸런스·스킬,0.35,,"대부분 신규 스킬이 크오솔, 스인미랑 비빈다고 하는데 크오솔은 미트라의 힘 으로 태양의 열기를 방출한 후 불꽃의 분노를 현실에 구현하는 스킬 스인미는 윌의 에르다로 공간을 붕괴시켜 거울 세계와 현실을 연결한 후 거울 속의 거미를 일정 시간 현실에 구현하는 스킬 여기서 잠깐!! 미트라가 누구냐? 이분임 초월자가 존재하기도 전 그러니까 원시 메이플 시대. 그때 활동했던 초고대 고대 티라노랑 친구 먹었던 고대의 신 중 하나고 한때 엄높산에서 천족들을 이끌며 지금은 살아있는 태양신 으로 숭배 받고 계심 이런 분의 힘을 빌려서 사용하는 스킬이 바로 크오솔인데 검마도 1대1이 아니라 대륙 영웅이랑 군대랑 있는 거 없는 거 죄다 연합해서 겨우 때려잡은 메붕이 캐릭터들의 신규 스킬 데미지랑 비빈다는 것 자체가 기적이며 또한 이분에게 모욕임 왜? 이분의 전성기 시절에는 검마는 모습조차 보이지 않았고 제른 다리미는 세상에 나타나지도 않았음 검마가 벌벌 떨고 제른 다리미가 꽁꽁 숨을 정도로 무섭고 강력",domain-lexicon-v1.1
5974,6891994,free,창섭아 씨발 일로와봐라,2026-07-16 14:19:00+00:00,https://www.inven.co.kr/board/maple/5974/6891994,comments,9633,59,41,57,False,neutral,negative,complaint,밸런스·스킬,0.35,,라이브 이제봤는데 그냥 화가 머리 끝까지 나네? 지금 역대급 흥행인데 뭐? 2.5%가 의도? 이렇게 얼음물 컨테이너째로 쳐부을래? 그게 아니더라도 ^유일한6차순수딜링기^가 2.5%가 말이나 되니? 그리고 뭐 9월에 코어 밸런스 조정? 일하면서 휴먼애러 뒤지게 많이 내는 놈들이 왜 휴먼필링을 모르실까? 밸런스 조정해서 신스킬 지분 올라가면 그게 좋겠냐? 딴스킬들이 내려가는데?? 만약 이걸 의도하고 말한게 아니라면 그놈의 9월 계획이 뭔지 조금이라도 말해봐라 어차피 초기화권 준다며. 나참씨발이해가안되는놈들이네,domain-lexicon-v1.1
5974,6892029,free,창섭이는 미래를 팔았네,2026-07-16 14:25:00+00:00,https://www.inven.co.kr/board/maple/5974/6892029,comments,12257,63,39,83,True,positive,positive,praise,밸런스·스킬,0.6,기대,쇼케이스에서 신스킬이 꽤 큰 지분을 차지할텐데 이따위로 나오면 남은 스킬은 기대도 안하지 쇼케이스에서 가장 기대하는 것 중 하나를 박살낸거임 앞으로 나올 스킬들은 얼마나 올릴가치가 있는지 매번 증명해야할거고,domain-lexicon-v1.1
5974,6892036,free,일리움콘 업데이트 되었다,2026-07-16 14:26:00+00:00,https://www.inven.co.kr/board/maple/5974/6892036,comments,1914,14,49,31,False,neutral,negative,information,커뮤니티,0.35,,,domain-lexicon-v1.1
5974,6892038,free,비틱은 정신병임,2026-07-16 14:26:00+00:00,https://www.inven.co.kr/board/maple/5974/6892038,comments,4887,16,31,42,False,neutral,negative,information,커뮤니티,0.35,,내 오랜 생각임,domain-lexicon-v1.1
5974,6892043,free,갈비탕 먹고 싶다,2026-07-16 14:27:00+00:00,https://www.inven.co.kr/board/maple/5974/6892043,comments,116,0,19,14,False,neutral,neutral,information,커뮤니티,0.35,,부추전 김치전도 같이 먹고 싶다 여름이었다,domain-lexicon-v1.1
5974,6892049,free,신규스킬 3퍼증가라고 찡찡거리는 메붕이들,2026-07-16 14:29:00+00:00,https://www.inven.co.kr/board/maple/5974/6892049,comments,218,0,18,19,True,mixed,positive,request,밸런스·스킬,0.75,감사 · 부족,"제목 어그로 죄송합니다 신규스킬 여론에 대해 궁금한게 있어서 질문드리려고 합니다. 김창섭디렉터가 말한대로 신규스킬 추가로 최종댐 상승 3%기준, 기존 딜 비중에 보완형(극딜캐 평딜강화, 평딜캐 극딜강화)이라는 기준으로 질문 드리겠습니다. 일단 현 기준 최종댐3퍼증가가 정말 부족한지에 대한 질문입니다. 물론 신규스킬치고 드라마틱하게 강하지는건 아닌건 분명하지만, 저번 어센트 추가 이후 벨페와 신규 스킬 2개(헤카테, 공용스킬)추가 받은 이 후 받은 스킬인데 이전 벨페등으로 직업마다 딜 상승량은 다르지만 일반적으로 최소 벨페 5% 헤카테4% 공용코어스킬 3%이상 효율로 강해진걸로 보여집니다. 이 상황에서 보면 이번 신규 스킬이 3%상승한다는건 역산하면 3.4%이상 최종댐 받는 스킬을 받은것과 다르지 않다고 보는데, 기존 벨페 및 스킬추가로 먼저 말한 수치 이상 버프된 직업들은 당연하게 더 효율높게 상승한다고 보면 3%가 증가가 적지 않은것 아닌가 해서 질문 드립니다. 예시로 좀 보기 편",domain-lexicon-v1.1
5974,6892056,free,메린이 자랑 한 번만,2026-07-16 14:31:00+00:00,https://www.inven.co.kr/board/maple/5974/6892056,comments,3215,19,26,32,False,neutral,positive,information,커뮤니티,0.35,,세렌 잡음,domain-lexicon-v1.1
5974,6892100,free,너네 왜 노딱 무시함?,2026-07-16 14:40:00+00:00,https://www.inven.co.kr/board/maple/5974/6892100,comments,121,0,19,7,False,neutral,neutral,complaint,커뮤니티,0.35,,우리가 멀그리 잘못햇는대,domain-lexicon-v1.1
5974,6892130,free,무따기가 최고죠?,2026-07-16 14:48:00+00:00,https://www.inven.co.kr/board/maple/5974/6892130,comments,157,0,16,1,False,neutral,positive,praise,커뮤니티,0.35,,,domain-lexicon-v1.1
5974,6892197,free,본인들이 제일 많이쓰는 스티커 뭐임?,2026-07-16 15:03:00+00:00,https://www.inven.co.kr/board/maple/5974/6892197,comments,99,0,22,5,False,neutral,neutral,information,커뮤니티,0.35,,하나씩 쓰고가주라 이쁘면 나도쓰게,domain-lexicon-v1.1
5974,6891972,free,개발진이랑 유저간 신규 스킬에대한 스탠스가 달랐나봄,2026-07-16 14:14:00+00:00,https://www.inven.co.kr/board/maple/5974/6891972,recommendations,2209,16,13,29,True,mixed,positive,complaint,밸런스·스킬,0.75,기대 · 문제,"저번 공용 스킬 패치때 솔헤카테에 비해 적은 재화를 쓰는 대신 적은 대미지 상승량을 주는 스킬을 냈는데 반응이 그리 나쁘진 않았음 그래서 개발진 입장에선 이번엔 스킬 이펙트나 사운드도 다 새로 뽑은 새로운 스킬에 재화 대비 상승치는 공코쯤으로 잡으면 새로운 자극+ 가성비 측면에서 나름 합리적인 대미지 상승치를 잡을 수 있다고 생각한듯 근데 문제는 유저들 입장에선 이번 스킬 소개과정에서 오리진, 어센트와 같은 선상에 있는 신규 스킬이라 기대가 많이 컸다는거임ᄏᄏ.. 공코야 주년 패치 시즌에 그냥 지나가듯, 원래라면 등장하지도 않았을, 타이밍에 잠깐의 해프닝 같은 스킬이라 그냥 가볍게 넘어간거고.. 너무 생각이 달랐던거 같음",domain-lexicon-v1.1
5974,6891988,free,와,2026-07-16 14:17:00+00:00,https://www.inven.co.kr/board/maple/5974/6891988,recommendations,1489,6,9,4,False,neutral,neutral,information,커뮤니티,0.35,,최근에 쓴 조각 전부 페이백 해주네 지렸다..,domain-lexicon-v1.1
5974,6892072,free,아니 신규 코어 평딜기는 허수를 쳐도 3퍼면 씨발아,2026-07-16 14:35:00+00:00,https://www.inven.co.kr/board/maple/5974/6892072,recommendations,571,6,2,25,True,neutral,negative,request,밸런스·스킬,0.35,,보스 아무거나 해도 3퍼는 그대로는 안 나오겠다 씨발아 기존 딜구조에서 평딜기 추가되는 좆같음을 겪고 점유율 통일할 거면 씨발 패파는 블디도 조작감 좆같은데 평딜기 5개 쓰라노 ᄏᄏᄏᄏᄏᄏᄏᄏᄏ 이젠 좀 속사기로 바꿔주던가 ᄏᄏᄏᄏᄏᄏᄏᄏ,domain-lexicon-v1.1
5974,6892076,free,9월에 3개월로 나눠서 밸패 한다고하면???,2026-07-16 14:35:00+00:00,https://www.inven.co.kr/board/maple/5974/6892076,recommendations,916,9,6,34,True,neutral,negative,information,커뮤니티,0.35,,ᄏᄏᄏᄏᄏᄏᄏ,domain-lexicon-v1.1
5974,6892088,free,9월 패치 유출.jpg,2026-07-16 14:37:00+00:00,https://www.inven.co.kr/board/maple/5974/6892088,recommendations,848,3,7,6,True,neutral,neutral,information,커뮤니티,0.35,,그렇다네요~,domain-lexicon-v1.1
5974,6892164,free,근데 스킬렙업비용이 비싼데 증가량낮은건 좀 그렇긴해,2026-07-16 14:57:00+00:00,https://www.inven.co.kr/board/maple/5974/6892164,recommendations,76,2,3,4,True,neutral,neutral,request,밸런스·스킬,0.35,,필요량이 좀 떨어진다고해서 할만한 수준인건아닌데 스킬하나 풀강화하는데 몇십만원치 재화가 들어가는데 걍 모르는사람한테 딜 관련 스킬이 12개있는데 이번에 1개 추가했음 풀강하는데 수십만원 드는데 2.5프로쎄짐 심지어 처음열면 약해지는직업 및 족쇄달리는애들도있음 이라고하면 말같지도 않은 소리라고 할거같은데,domain-lexicon-v1.1
5974,6892179,free,비틱하려구 가입한 뉴비인데,2026-07-16 15:00:00+00:00,https://www.inven.co.kr/board/maple/5974/6892179,recommendations,701,6,8,20,False,neutral,neutral,information,커뮤니티,0.35,,공짜블큐로 뜬건데 좋은거에요???,domain-lexicon-v1.1
5974,6892220,free,이거 개꼴리네,2026-07-16 15:06:00+00:00,https://www.inven.co.kr/board/maple/5974/6892220,recommendations,250,2,14,8,False,neutral,neutral,information,커뮤니티,0.35,,,domain-lexicon-v1.1
5974,6892091,free,테섭에서 노는중인데 이거 맞냐? ㅋㅋㅋㅋ,2026-07-16 14:38:00+00:00,https://www.inven.co.kr/board/maple/5974/6892091,views,398,0,4,9,True,neutral,neutral,information,밸런스·스킬,0.35,,1렙이긴한데 데미지 퍼센트 폭력적이네 ᄏᄏᄏ,domain-lexicon-v1.1
5974,6892097,free,재획할 때 보면 ㄹㅇ 최고인 최신애니.jpg,2026-07-16 14:39:00+00:00,https://www.inven.co.kr/board/maple/5974/6892097,views,619,0,4,4,False,neutral,neutral,praise,커뮤니티,0.35,,담배고양이 ᄀᄀ혓,domain-lexicon-v1.1
2294,456585,hero,"만악의 근원 → """"서버렉""""",2026-07-09 15:00:00+00:00,https://www.inven.co.kr/board/maple/2294/456585,comments,765,1,8,8,True,neutral,positive,complaint,밸런스·스킬,0.35,,"진짜 보스할때마다 자주보는데 일루전: 8초 → 14초 인팅: 20초 → 25초 버프지속시간이 이 안에서 왔다리 갔다리 겁나함 진캐챌 1, 2차 본사람들은 알거임 1차에서 바닥이던 히어로가 2차에서 순위가 중위권까지 확 오른 건, 실력도 어느정도 있겠지만 서버렉 운빨이 지배적이었다고 확신함 버프가 공격력 30 같은게 아니라 깡 최종뎀 약 35% 증가라 영향력이 압도적인데 뭔 지속시간이 툴팁의 두배씩 가버리는 얼탱이 없는 상황이 나옴 그러다 보니 서버렉을 제대로 받은판 못받은 판 차이가 극심하니까 신규 스킬 나올 때마다 측정도 부정확하고 일루전안에다가 이번 신규스킬을 포함 레블이나 레업라 끼워넣어서 고점볼려는 이상한 딜사이클 생기고 서버렉때문에 벞지 챙겨서 엔버링크 안전하게 모셔야하고 데이터가 쌓여서 가장 높은 딜이 좋은 딜사이클인줄 알고 패치해버리면 손해보고 일필, 시드링 패치때 같이 조정되었어야 했는데 왜 이게 남아있는건지 이해안감 지속시간이나 데미지 조정하고 서버렉 없애야 한다고 ",domain-lexicon-v1.1
2294,456753,hero,하드세렌 135퍼 팁좀....ㅠㅠ,2026-07-10 15:00:00+00:00,https://www.inven.co.kr/board/maple/2294/456753,comments,1539,0,12,12,True,positive,neutral,information,밸런스·스킬,0.6,재미,챌섭 히어로 키우는데 재미는 있는거같아용 근디 하드세렌 135퍼 노해방으로 치려니까 자꾸 12퍼정도 남는데 이거 여명 빡딜 못하면 못깨는건가요..... 여명 딜하기 너무 힘들어 ᅲᅲ,domain-lexicon-v1.1
2294,456955,hero,근데 오블이랑 레업라는 언제부터 보스에서 쓰게 된 거임?,2026-07-11 15:00:00+00:00,https://www.inven.co.kr/board/maple/2294/456955,comments,1426,0,10,10,True,neutral,neutral,information,보스·전투,0.35,,옛날처럼 인레이지 쓰고 그냥 레블만으로 후드려 패는 히어로가 하고 싶다...,domain-lexicon-v1.1
2294,456991,hero,안녕하세요 히어로 뉴비입니다. 신스킬 딜사이클 관련 질문 있어용,2026-07-12 15:00:00+00:00,https://www.inven.co.kr/board/maple/2294/456991,comments,931,0,10,10,True,neutral,positive,question,밸런스·스킬,0.35,,신스킬 1분쿨이던데 극딜이든 준극이든 일루젼 뒤에 쓰고 딜 하면 되나요?,domain-lexicon-v1.1
2294,456600,hero,이번 패치에 받아야 할 것,2026-07-09 15:00:00+00:00,https://www.inven.co.kr/board/maple/2294/456600,recommendations,1373,11,4,4,True,neutral,neutral,request,밸런스·스킬,0.35,,1. 일루전 1분쿨 16초 지속으로 변경 > 극딜 시 섭렉 로또딜 최소화 2. 인사이징 디버프 패시브화 or 신규스킬에 효과 추가 > 파티시너지 달려서 패시브화 안해준다는건 말이 안됨 타직업 끌고오는거 같아서 좀 그렇긴한데 엔버 피니투라 페투치아 보면 엔버뎀증은 패시브로 바뀌고 파티뎀증은 남아있음 아니면 일필이라도 안터지게 해주던가 어차피 신규스킬1분마다 쓰는건데 여기에 옮겨주던가 좀 해줘라 기싸움좀 그만하고 3. 신규스킬 퍼뎀 증가 최소2배 > 깡 퍼뎀만 봐도 너무 약함 소드일루전에 밀리는 수준,domain-lexicon-v1.1
2294,456648,hero,그냥 뭐 어떻게든 더 쎄져야 하는게 맞음,2026-07-09 15:00:00+00:00,https://www.inven.co.kr/board/maple/2294/456648,recommendations,1270,5,7,7,True,neutral,mixed,question,밸런스·스킬,0.35,,안 그래도 시너지 하나 없는 퓨딜인데 유틸도 데폴 플슬 ᄏᄏᄏ 애초에 데폴도 이젠 무적기 중에서 안 좋은 편이라고 생각함 도대체 뭔 무적기가 썼는데 뒤짐 인사이징 레블 둘 다 걍 둔탁함 레익 들어오면서 쓸 거는 더 많아지고 앞으로 더 그럴텐데 인사이징 패시브로 해주고 레익 딜도 좀 올려줬으면 좋겠음,domain-lexicon-v1.1
2294,457153,hero,히어로 개선안 요약,2026-07-13 15:00:00+00:00,https://www.inven.co.kr/board/maple/2294/457153,recommendations,1247,5,7,7,True,neutral,neutral,request,밸런스·스킬,0.35,,1. 일루전60초화 2. 인사이징패시브화 3. 콤보인스팅트 딜압축 4. 신규6차 딜상승,domain-lexicon-v1.1
2294,457597,hero,실전딜넣는데 제약도 ㅈㄴ많은직업이 허수아비딜량도 중하위권ㅋㅋㅋㅋ,2026-07-16 09:14:00+00:00,https://www.inven.co.kr/board/maple/2294/457597,recommendations,873,3,3,3,True,neutral,neutral,information,밸런스·스킬,0.35,,씨발 ᄏᄏᄏᄏᄏᄏᄏᄏᄏᄏᄏ,domain-lexicon-v1.1
2294,456620,hero,히어로들 아직도 정신 못차렸네,2026-07-09 15:00:00+00:00,https://www.inven.co.kr/board/maple/2294/456620,views,1863,0,7,7,True,neutral,negative,information,밸런스·스킬,0.35,,매맞는 아내라 그런가 2배 이러고 있네 3배는 받아야 다른직업 따라갈까 말까인데 오랜만에 와도 변한게 없구나... 신스킬 점유율 10퍼급 나와도 히어로 중위권 안됨,domain-lexicon-v1.1
2294,456668,hero,근데 히어로 접고 싶어도 뭘 해야할지 모르겠음...,2026-07-09 15:00:00+00:00,https://www.inven.co.kr/board/maple/2294/456668,views,1679,0,7,7,True,negative,neutral,complaint,밸런스·스킬,0.6,답답,"이펙트가 검사 느낌 나는 게 해봤자 렌 데벤 카이져인데 렌은 딜약해서, 하는 사람 너무 많아서 데벤은 내가 감당할 직업이 아니라서 카이져는 변신이라는 컨셉 자체가 맘에 안 들어서 손이 도저히 안 감 결국 할 게 히어로 밖에 없는데 매번 신스킬, 밸패 들어올 때마다 실망스러워서 이러지도 못 하고 저러지도 못 하고 너무 답답해",domain-lexicon-v1.1
2294,456705,hero,히어로 10년 차 접고 도망,2026-07-09 15:00:00+00:00,https://www.inven.co.kr/board/maple/2294/456705,views,3120,0,5,5,True,neutral,neutral,information,밸런스·스킬,0.35,,낭만으로 칼 받고 좋아지겠지 하면서 어느덧 10년차 신규5차로 데폴 받을때 정말 좋아했는데 군대에서 신규 스킬 인팅 보고 참 좋았는데 와헌타락 해버림 나름 히어로 숙련도 높다고 생각했는데 헥환차이 많이나도 실전딜차이가 넘사로 나버리네 패턴을 보고피한다 << 이게 된다라... 즐거웠다 히어로,domain-lexicon-v1.1
2297,331197,hoyoung,하드메이린 피드백,2026-07-16 09:09:00+00:00,https://www.inven.co.kr/board/maple/2297/331197,comments,347,0,6,6,True,neutral,positive,request,커뮤니티,0.35,,요번에 호앵으로 복귀한 유저입니다 저번주부터 하메를 계속 트라이하는데 실패를 해서 피드백좀 받아보고 싶습니다 배율은 105퍼입니다 화끈한 피드백 부탁드리겠습니다 https://youtu.be/bZBO1rDPdG8,domain-lexicon-v1.1
2297,331215,hoyoung,기존 유저들은 지금이 기회임,2026-07-16 09:21:00+00:00,https://www.inven.co.kr/board/maple/2297/331215,comments,1353,1,9,10,True,neutral,neutral,request,밸런스·스킬,0.35,,다 죽어버려서 게시판 글도 없었는데 김창섭의 호영 언급 연무장 9등으로 좋은 직업으로 인식되서 매몰된 사람은 많아짐 챌섭 인구 10등대에 슬슬 해방도 했고 창섭이가 말한 구조개선은 나사 빠져있고 연무장 9등이라 쌘 줄 알았더니 빨간약은 어느정도 먹은 거 같고 밸패 해준다했으니 차라리 이렇게 사람 몰렸을 때가 기회다,domain-lexicon-v1.1
2297,331291,hoyoung,호린이 챌 달성했어,2026-07-16 11:20:00+00:00,https://www.inven.co.kr/board/maple/2297/331291,comments,480,0,4,6,True,neutral,positive,information,커뮤니티,0.35,,하드메이린 103퍼로 잡았어요 95퍼로 3~4퍼 남아서 그냥 프펫공 사서 스펙업해서 잡음... 꺄호 ~,domain-lexicon-v1.1
2297,331316,hoyoung,호린이 질문,2026-07-16 12:32:00+00:00,https://www.inven.co.kr/board/maple/2297/331316,comments,241,0,4,6,True,neutral,positive,question,밸런스·스킬,0.35,,메이플 1년정도해서 본캐는 2억언저리 챌섭에서 호영현8천만 키우고있는데 아직 이캐릭이 어떤지 모르겠는데 상위보스 가면갈수록 많이 꾸진가요?? 실전딜이나 흡성와류나..,domain-lexicon-v1.1
2297,331269,hoyoung,260716 2차 테섭 기준 호영 개선안,2026-07-16 10:33:00+00:00,https://www.inven.co.kr/board/maple/2297/331269,recommendations,647,1,1,1,True,negative,neutral,request,밸런스·스킬,0.6,불편,"1) 본섭 문의 하는 법 넥슨 아이디 로그인 후 https://cs.nexon.com/HelpBoard/Nexon?gamecode=18 링크 접속 들어가신후 1:1 문의 작성 클릭 -> 게임문의 클릭 -> 건의사항 2) 테섭 문의 하는법 넥슨 아이디 로그인 후 https://maplestory.nexon.com/Testworld/N23BugReport/Create 링크 접속 구분을 건의사항으로 바꾸신 뒤 내용 작성(아래내용 복붙도 가능) 기존에 신스킬이 3~4초 가만히 있어야해서 키다운 직업 됐다 발언은 삭제했습니다. 객관적으로 봤을때도, 제가 다시 생각하기에도 약코 같긴 하더라고요 그래서 그냥 강제점프 딜사이클 개선을 위로 올렸습니다. 신스킬 보다 더 중요한거같아서 그리고 개선안이 틀렸다고 생각하시는 내용 있으시면, 삭제 및 수정해서 보내시면 됩니다! -------------------------------------------------------------------------",domain-lexicon-v1.1
2297,331289,hoyoung,시퀀스넣어줘,2026-07-16 11:13:00+00:00,https://www.inven.co.kr/board/maple/2297/331289,recommendations,171,1,0,0,True,neutral,neutral,information,커뮤니티,0.35,,0.1초라도 누수를 줄여줘,domain-lexicon-v1.1
2297,331343,hoyoung,5초...,2026-07-16 15:19:00+00:00,https://www.inven.co.kr/board/maple/2297/331343,recommendations,8,0,0,0,True,neutral,neutral,information,커뮤니티,0.35,,도 아니라고?! 더 짧다고?!,domain-lexicon-v1.1
2297,331207,hoyoung,낫베드긴 한듯,2026-07-16 09:15:00+00:00,https://www.inven.co.kr/board/maple/2297/331207,views,1253,0,2,2,True,negative,neutral,information,밸런스·스킬,0.6,너프,1레벨 따면 너프 먹는 직업과 1레벨 안 따면 너프 먹는 직업도 있는데 1레벨 개 쌀먹 가능한 호영 정도면 호중딱에 딱 어울리는 거 같음,domain-lexicon-v1.1
2297,331233,hoyoung,걍 재미로 1렙은 열만한듯...,2026-07-16 09:50:00+00:00,https://www.inven.co.kr/board/maple/2297/331233,views,666,0,1,1,True,neutral,neutral,information,커뮤니티,0.35,,도철 + 금고봉무한 못참겟음 근데 도철은 그냥 이펙트만 있는걸로 ᄏᄏᄏ,domain-lexicon-v1.1
2297,331258,hoyoung,혹시 신규스킬 개방하면 최뎀 0.1퍼는 오르나요?,2026-07-16 10:21:00+00:00,https://www.inven.co.kr/board/maple/2297/331258,views,803,0,2,3,True,neutral,neutral,information,밸런스·스킬,0.35,,..?,domain-lexicon-v1.1
2295,299433,illium,일리움 고수님!! 제 극딜 한번만 봐주시면 감사하겠습니다!!,2026-07-16 08:42:00+00:00,https://www.inven.co.kr/board/maple/2295/299433,comments,330,0,2,3,True,negative,positive,complaint,보스·전투,0.6,불편,입장 후 오리진 극딜입니다. 바인드걸고 제자리에 게이트를 깝니다. 극딜 버프 올리고 날아서 윙비트 팡 + 그람홀더 + 이그니션 꾸욱 합니다. 이그니션 끝나면 바로 내려서 패차 후 다시 날아서 윙비트 팡 + 오리진 누릅니다. 윙비트 팡 2번에 위에 극딜기 모두 리레 안에 넣구 오리진 컷신 중간쯤에 리레 꺼집니다. 극딜밀리는게 싫어서 후오리진을 사용중이구 이대로 쓰면 괜찮을지 아니면 조금 불편해지더라도 바꾸는게 좋을지 고수형님들께 여쭤봅니다!!,domain-lexicon-v1.1
2295,299514,illium,일리움 고점빌드 질문,2026-07-16 09:57:00+00:00,https://www.inven.co.kr/board/maple/2295/299514,comments,344,0,1,3,True,neutral,neutral,question,커뮤니티,0.35,,저는 예전부터 그냥 시퀸스에 버프다 때려박고 시퀸스 오리진 그람 이그니션 그냥 쓰면서했는데 지금 뭔기 빨리내리고 하는 빌드를 쓰던데 이게 리레안에 윙비트 두번쓰기위함인가요? 리레5렙쓰면 지속 늘어서 딱히 안써도 되는 빌드인지 궁금합니다,domain-lexicon-v1.1
2295,299440,illium,일리움 고점 키분리 질문,2026-07-16 08:47:00+00:00,https://www.inven.co.kr/board/maple/2295/299440,recommendations,230,0,0,0,True,negative,neutral,question,밸런스·스킬,0.6,부족,고점극딜 사이클 영상을 봤는데 키를 다 분리하더라고요. 어떻게 분리해서 쓰는건지 자세히 정리되어있는곳 있나요? 지금은 오리진 극딜후에 글윙풀고 패치쓰는식으로 하고있는데 키분리를 어떻게 해야되는건지 막연하게 느껴지네여 (엔버링크랑 헤카테도 따로 쓰는중인데 계속해서 키분리를 하다보니 키가 부족해져서 부담스러워지는듯 해요),domain-lexicon-v1.1
2295,299479,illium,그람홀더에 발동되야 뒤탈이없는데;;,2026-07-16 09:22:00+00:00,https://www.inven.co.kr/board/maple/2295/299479,recommendations,336,0,0,0,True,neutral,neutral,information,커뮤니티,0.35,,에휴;;;,domain-lexicon-v1.1
2295,299496,illium,다른 직업보니깐 선녀같은데 ㅈ댔네,2026-07-16 09:38:00+00:00,https://www.inven.co.kr/board/maple/2295/299496,recommendations,655,0,0,0,True,neutral,neutral,request,밸런스·스킬,0.35,,빨리 개선하라고,domain-lexicon-v1.1
2296,184297,kain,카인 보공 관련해서 질문 드려요!,2026-07-16 05:46:00+00:00,https://www.inven.co.kr/board/maple/2296/184297,comments,317,0,1,2,True,neutral,positive,question,커뮤니티,0.35,,카인 키우는 중인데 보공 효율을 잘 모르겠어요... 무보엠 기준으로 보공 보통 몇 줄 쓰나요? 현재는 무기와 보조에 세줄정도 사용중인데 가장 좋은 효율이 몇줄인지 궁금해요!,domain-lexicon-v1.1
2296,184515,kain,카인은 1차때랑 큰 딜차이는 없는건가요?,2026-07-16 11:40:00+00:00,https://www.inven.co.kr/board/maple/2296/184515,comments,451,0,2,2,True,neutral,neutral,information,밸런스·스킬,0.35,,테섭을 못들가는 상황인데 따로 이야기는 안나와서 여쭈어봅니다,domain-lexicon-v1.1
2294,457547,kaiser,옛날 카이저 아는사람,2026-07-16 08:42:00+00:00,https://www.inven.co.kr/board/maple/2294/457547,comments,865,0,5,4,False,neutral,neutral,debate,커뮤니티,0.35,,진짜 기가+윌오소 딸깍이었던 것같은데 아닌가,domain-lexicon-v1.1
2294,457612,kaiser,카이저 뉴비인데 옵션 좀 골라주세여,2026-07-16 09:27:00+00:00,https://www.inven.co.kr/board/maple/2294/457612,comments,378,0,5,5,True,neutral,neutral,information,커뮤니티,0.35,,기존 보조가 보35 보30 올6 였는데 블큐 3개 돌렸는데 올9 공9 공9 가 떴는데 뭐가 더 좋은건가요 ??,domain-lexicon-v1.1
2294,457765,kaiser,밸패도 2달뒤인게 ㅋㅋㅋㅋ,2026-07-16 12:16:00+00:00,https://www.inven.co.kr/board/maple/2294/457765,comments,429,0,4,4,True,neutral,neutral,information,커뮤니티,0.35,,"이따구로 밸패 주기가 긴 게임이 있기는 함? 밸패해도 창섭이는 윌오소,윙비트 자동 안줄것 같음 ᄏᄏ",domain-lexicon-v1.1
2294,457782,kaiser,카이저 지표 오르려 하면 바로 걷어차는 이유가,2026-07-16 13:03:00+00:00,https://www.inven.co.kr/board/maple/2294/457782,comments,367,0,5,6,True,neutral,neutral,information,커뮤니티,0.35,,압도적 기동성 때문인가? 더블점프+압도적인 텔 성능?,domain-lexicon-v1.1
2294,457791,kaiser,키다운중 윌오소가 가능하거지,2026-07-16 13:37:00+00:00,https://www.inven.co.kr/board/maple/2294/457791,recommendations,256,0,2,2,True,neutral,neutral,information,커뮤니티,0.35,,윌오소 0.3초 내부쿨 여전하거 아님? 3.5초나 되니깐 다 털기야 하겠다만 솔직히 ᄌᄂ 뻑뻑할것 같은데,domain-lexicon-v1.1
2294,457792,kaiser,신스킬 뭐 어케 써먹어야 할지 감이 안 오네,2026-07-16 13:42:00+00:00,https://www.inven.co.kr/board/maple/2294/457792,recommendations,299,0,3,4,True,negative,negative,complaint,밸런스·스킬,0.6,최악,윌오소/드블 패치도 별 의미는 없어보이는데 본섭 패치 이후 실질딜 상승량 3%는 나올까요? 평딜캐한테 있어 최악의 극딜기를 줬는데 이걸 방치할 줄은 상상도 못 했음,domain-lexicon-v1.1
2294,457809,kaiser,신스킬 구조,2026-07-16 14:58:00+00:00,https://www.inven.co.kr/board/maple/2294/457809,recommendations,67,0,0,0,True,neutral,neutral,debate,밸런스·스킬,0.35,,그여축 인퍼널 6회 다털고 드라코닉 쓰면서 윌소드 1번 추가로 날리는게 (쿨초안될시) 최선 아닌가요 ? 그여축 제외 쿨초 안터졌다 가정하고 3.5초면 한번날리는게 끝인거같은데.. 그나마 윌오소스 돌면 같이 던질수있는거..? 최종적으론 다털고 기가윌소드 쓰는 시간을 드라코닉 윌소드 쓰는시간으로 바꼈다 이건거같은데 맞나..,domain-lexicon-v1.1
2294,457810,kaiser,걍 화끈하게 키다운중 노딜레이 드라코는 힘들었나,2026-07-16 15:01:00+00:00,https://www.inven.co.kr/board/maple/2294/457810,recommendations,54,0,0,2,True,neutral,neutral,information,밸런스·스킬,0.35,,이건 힘들었겠지 그치...,domain-lexicon-v1.1
2294,457615,kaiser,브레스가 드블 발동시킨다는게,2026-07-16 09:29:00+00:00,https://www.inven.co.kr/board/maple/2294/457615,views,737,0,2,2,True,neutral,mixed,information,커뮤니티,0.35,,윌오소VI 2스택을 이제 브레스도 발동시킨다는건가요 아니면 브레스를 쏘면 윌오소VI 2스택 없이도 드블이 발동되는건가요?,domain-lexicon-v1.1
2294,457671,kaiser,패치내용이 크게 의미없는것같은데,2026-07-16 10:08:00+00:00,https://www.inven.co.kr/board/maple/2294/457671,views,688,0,4,4,True,neutral,neutral,debate,밸런스·스킬,0.35,,극딜할때 인퍼널 털고 키다운 누르는 동안 윌오소 최대한 땡겨주면 되는거아닌가요?? 윌오소 재사용 터지는데 표식 못터뜨리는 경우만 약간 보완해준것같은데 ??,domain-lexicon-v1.1
2294,457704,kaiser,진지하게 족쇄 추가 아닌가여?,2026-07-16 10:40:00+00:00,https://www.inven.co.kr/board/maple/2294/457704,views,676,0,3,3,True,neutral,neutral,request,커뮤니티,0.35,,흠..,domain-lexicon-v1.1
2297,331153,khali,칼리 개선받아야할 부분,2026-07-16 08:30:00+00:00,https://www.inven.co.kr/board/maple/2297/331153,comments,570,0,5,5,True,negative,neutral,request,밸런스·스킬,0.6,문제,일단 저런 쓰레기같은 점유율의 액티브는 의미가없다고 생각함 그냥 버프화(시퀀스에들어감)가 필요해보임 가장큰 문제는 오블리비온시간이랑 겹치면 안되게 켜야한다는거임 그냥 블로썸 지속중 주기적으로 자동사출 이런식으로 바꾸던가 하는게 맞는듯해보임 저런 기괴한 구조로 나와서 쿨 신경써야하는건 말이안되는구조임 1.딜점유율 저럴거면 키세팅이라도 안먹게 하는 방향으로 딜 유지시켜야 한다 2.오블리비온 지속시간이랑 겹치면 손해보는 부분 수정필요,domain-lexicon-v1.1
2297,331176,khali,그 레투다 끝물에 안써도 되것는데?,2026-07-16 08:51:00+00:00,https://www.inven.co.kr/board/maple/2297/331176,comments,923,0,6,6,True,neutral,neutral,information,밸런스·스킬,0.35,,대충 쳐보긴했는데 그냥 극딜 시작할떄 판블듄오리진~~ 이렇게 시작해서 하는거랑 레투다 끝물에 듄쓰는거랑 딜차이가 그렇게 크지가 않는데? 심지어 시작할 때 듄 쓴게 근소하게 더 쎔.... 내가 잘못한건지 혹시 쳐본 다른사람 있음?,domain-lexicon-v1.1
2297,331268,khali,와 근데 레조타수 안정적으로 3000~3200타 나오긴하네여,2026-07-16 10:33:00+00:00,https://www.inven.co.kr/board/maple/2297/331268,comments,893,0,13,19,True,negative,neutral,complaint,밸런스·스킬,0.6,아쉽,딜 상승은 아쉽지만 레조타수 저점보완은 확실한거 같네요 보통 2500~2600나왔는데 테섭가서 쳐보니 최소 3천은 나오는듯요. 덤으로 필터키 인게임에서 써보니 체감 엄청나네요 ᄃᄃ,domain-lexicon-v1.1
2297,331296,khali,필터키 쓰시는 분들,2026-07-16 11:30:00+00:00,https://www.inven.co.kr/board/maple/2297/331296,comments,596,0,7,7,True,positive,neutral,praise,커뮤니티,0.6,감사,필터키 프로그램 쓰시는 분들 있나요? 있으시면 설정 값 공유 좀 해주시면 감사하겠습니다!,domain-lexicon-v1.1
2297,331115,khali,이럴거면 버프로내라,2026-07-16 08:14:00+00:00,https://www.inven.co.kr/board/maple/2297/331115,recommendations,569,1,3,3,True,neutral,positive,information,커뮤니티,0.35,,키세팅 칸쳐먹고 쓰는타이밍 신경쓰이는게 더 손해인거같은데 개존심은 쌔서 저따구로 내는거 역겹네그냥 걍 최종뎀주는 버프에 자동사출달던가 뭐하는 ᄏᄏ,domain-lexicon-v1.1
2297,331134,khali,ㅋㅋㅋㅋㅋㅋㅋㅋㅋㅋㅋㅋㅋㅋ 5분35초 전분,2026-07-16 08:23:00+00:00,https://www.inven.co.kr/board/maple/2297/331134,recommendations,1013,1,5,5,True,neutral,negative,information,커뮤니티,0.35,,이제 스인미랑 좋은 승부 못함 개찌발림 ᄏᄏᄏᄏᄏᄏᄏᄏᄏᄏᄏᄏᄏᄏᄏᄏᄏᄏᄏᄏᄏ 근데 레조 발현량은 유의미하게 증가하긴 한듯 저번에 쟀을 때는 2248회 찍혔는데 이번엔 2712회 찍혓네,domain-lexicon-v1.1
2297,331325,khali,신규코어 설명만 들었는데 원래 고점유저는,2026-07-16 13:30:00+00:00,https://www.inven.co.kr/board/maple/2297/331325,recommendations,319,0,1,1,True,neutral,neutral,information,밸런스·스킬,0.35,,아래글정도랑 다른 글에서 설명정도만 봤는데 그럼 아래글 예시로 원래 3천타 나오는 사람은 상승효과가 없는고임? 스킬 자체는 차크리 레조 발현만 돕는걸로 아는데 그럼 원래 차크리 생성제한 안막히면 효과가 없는거임? 아니면 알게모르게 생성제한에 딜 2퍼 이상으로 체감될 정도로 막히고 있던거임 ?,domain-lexicon-v1.1
2297,331220,khali,퍼뎀 너프한거 보면 그냥 버프긴데,2026-07-16 09:30:00+00:00,https://www.inven.co.kr/board/maple/2297/331220,views,1077,0,2,2,True,negative,neutral,information,커뮤니티,0.6,너프,퍼뎀 낮은편이었던 걸 더 너프한거 보면 데스 블로섬에 대응되는 버프기로 방향성을 잡은것 같은데 그럼 시퀀스 넣어줘야하는거 아님? 테섭 칼리분들 시퀀스 됨?,domain-lexicon-v1.1
2295,299438,kinesis,더 바뀐건 없는거임?,2026-07-16 08:45:00+00:00,https://www.inven.co.kr/board/maple/2295/299438,comments,655,0,3,3,True,neutral,positive,information,커뮤니티,0.35,,조용하네.....,domain-lexicon-v1.1
2295,299611,kinesis,그냥 뭐 시발...,2026-07-16 13:38:00+00:00,https://www.inven.co.kr/board/maple/2295/299611,comments,242,0,1,2,True,neutral,neutral,information,밸런스·스킬,0.35,,우린 딜구조에 영향은 없으니까 다행이라 쳐야되나... ᄏᄏᄏᄏᄏ 뭔 ᄏᄏᄏᄏ 씨발 신규스킬 패치에 구조 안조져서 다행이다 ᄋᄌᄅ 하는것도 좆같긴하네 씨ᅵᅵᅵᅵ 발 ᄏᄏᄏᄏᄏᄏ,domain-lexicon-v1.1
2295,299444,kinesis,키네보조무기 추천 부탁드립니다,2026-07-16 08:56:00+00:00,https://www.inven.co.kr/board/maple/2295/299444,recommendations,332,0,1,1,True,neutral,neutral,request,커뮤니티,0.35,,오늘 제네무기는 해방해서 보조무기를 사줄려고 하는데 지금 제네 무기 옵션이 윗잠 마21퍼 보공35/에디 마력15퍼입니다 보조무기는 윗잠을 마마보 해야할지 보보마 해야할지 추천부탁드려요,domain-lexicon-v1.1
2295,299452,lara,"제가 이래서 딜보다 구조 개선이 더 중요하다 말했던거임,,",2026-07-16 09:05:00+00:00,https://www.inven.co.kr/board/maple/2295/299452,comments,1043,1,9,9,True,neutral,negative,request,밸런스·스킬,0.35,,"극딜에 분출 딜 잡아먹고 강제로 갱신 시키면서 2초 딜로스 나는거 무시하고 타직업이랑 점유율 똑같이 맞추면 이딴 스킬을 열라는거야 말라는거야,, 딜은 그냥 딸깍 하면 오를수도 내릴수도 있는데 스스로 족쇄차고 싶어서 먼 딜 받으면 2초 갱신 놔둬도 괜찮으니 머니 다 죽일까???????????",domain-lexicon-v1.1
2295,299555,lara,연무장에서 대충 쳐본 후기 (딜 비교),2026-07-16 10:35:00+00:00,https://www.inven.co.kr/board/maple/2295/299555,comments,811,0,5,5,True,negative,neutral,debate,밸런스·스킬,0.6,너프,필터키 체감도 보려고 해서 잠깨 재사용터지는거 걍 썼으니 느낌만 보세요. 일필은 x 5분 40초 기준 기존 : 3293조 필터키 on : 3337조 (약 1.3퍼 상승) 필터키 + 3차 코어 : 3464조 ( 6차 코어로 상승량 : 약 3.8퍼 ) 야무지게도 너프했네,domain-lexicon-v1.1
2295,299421,lara,분출 재설치시 딜로스나는것부터 해결해라,2026-07-16 08:30:00+00:00,https://www.inven.co.kr/board/maple/2295/299421,recommendations,663,6,3,3,True,neutral,negative,information,밸런스·스킬,0.35,,타직업이랑이랑 동비율로 주는게 맞음? 우린 재설치할때마다 2초 딜로스 그대론데 아니면 분분분 후속패치 롤백하던가 리컨 후속조치도없어 공용코어 실전딜 쓰레기급으로줘 주력기는 보스 이동할때마다 딜로스야 레전드 찐빠직업 어지럽다 어지러워,domain-lexicon-v1.1
2295,299428,lara,이제 텔포 정상화좀,2026-07-16 08:34:00+00:00,https://www.inven.co.kr/board/maple/2295/299428,recommendations,780,5,3,3,True,neutral,neutral,information,밸런스·스킬,0.35,,"[용맥의 자취] ""일반적인 마법사 텔레포트와 달리 120ms의 액션 딜레이가 있어 다른 스킬 사용 도중에 사용할 수 없다."" ""2스택 제한이 있어 원하는 시점에 이동하지 못하는 경우가 매우 빈번하게 생긴다."" 일반 법사텔은 바라지도 않으니까(덥점, 돌진 있으니) 딜레이 줄여주던가 스택좀 늘려줘...",domain-lexicon-v1.1
2295,299523,lara,딴건 모르겠고 분출 선딜은 조정해주지..,2026-07-16 10:04:00+00:00,https://www.inven.co.kr/board/maple/2295/299523,recommendations,545,10,2,2,True,neutral,neutral,complaint,밸런스·스킬,0.35,,"신규 코어 산의 씨앗, 분출 생성은 다 들어줬고 솔직히 타직업에 비해서 짜치는 이펙트 빼고 구조적으로는 괜찮다고 봐요 지금 거의 라라 플레이 경험에서 불쾌함의 99%는 분분분 막으면서 생긴 분출 선딜인데 바인드 패치하면서 더더욱 의미 없어진 아름드리 패치만 하고 분출은 왜 계속 유기하는지 모르겠네요 롤백하고 속성별 쿨 약간만 달면 분분분 막으면서 생긴 갱신로스는 없앨 수 있을텐데",domain-lexicon-v1.1
2295,299601,lara,라라 신규코어 3극딜 지분,2026-07-16 12:39:00+00:00,https://www.inven.co.kr/board/maple/2295/299601,recommendations,666,6,1,0,False,neutral,neutral,information,밸런스·스킬,0.35,,"조건 일필제거 어센트안씀 스인미크오솔 2회사용 보스/방어380/레벨285(풀렙뻥)/반감 무릉 풀도핑 1. 아무것도 강화안한상태 (풀코강 x / 분출만렙, 오리진18렙, 스킬코어 20 20 22 30렙, 화중군자 19렙 ) 2. 아무것도 강화안한상태 + 신규코어1렙 (풀코강 x / 분출만렙, 오리진18렙, 스킬코어 20 20 22 30렙, 화중군자 19렙 ) 3. 풀코강 + 신규코어 1렙 4. 풀코강 + 신규코어 30렙 (정기 1대 더들어감 / 3조정도 뺴야함) ※ 정리 1. 내 기준(스킬코어쪽 풀강이아니라 극딜약함, 분출 평딜지분 높음),으로 분출최종뎀 2.83% 분출딜 손해 + 신규코어 1렙기준 극딜 3.06% = 0.23%증가 상위 1%라라들을 제외한 대부분의 라라유저가 저랑 코강상황이 비슷하지 않을까 싶습니다. 마코는 거의 29~30렙이고 스킬코어쪽은 레벨이 낮은상황이죠 그리고 헥사 풀강인분들은 신규코어 1레벨 딜지분이 더 낮고 분출 데미지감소량이 더 적을겁니다. 2. 풀코강 ",domain-lexicon-v1.1
2295,299383,lara,너프 받을건 알고 있었는데,2026-07-16 08:03:00+00:00,https://www.inven.co.kr/board/maple/2295/299383,views,1989,0,2,2,True,neutral,neutral,debate,밸런스·스킬,0.35,,너무 줄어든 거 아닌가 싶은데 원래 분출 데미지 먹고 나오는거라 불안한데,domain-lexicon-v1.1
2295,299396,lara,다른 직업에 비해 과도하게 점유율잘나왔던건 인정,2026-07-16 08:13:00+00:00,https://www.inven.co.kr/board/maple/2295/299396,views,944,0,0,0,True,neutral,neutral,information,밸런스·스킬,0.35,,딜 가져가고 분출 다시깔면 딜로스 나는거 수정안해주는건 인정못해,domain-lexicon-v1.1
2294,457609,len,이러면 후오리진이 낫나?,2026-07-16 09:26:00+00:00,https://www.inven.co.kr/board/maple/2294/457609,comments,1599,0,10,10,True,neutral,neutral,information,밸런스·스킬,0.35,,승화분리 기준 선오리진 평소에 쓰던게 1234 승화 1 오리진 섬무 였는데 오리진 때에도 만참 쿨은 돌아있는데 4타가 안나가니까 섬무때까지 쿨타임 안가다가 섬무때 234 긁으면서 만참 터지는거니까 결국 두번만 들어가게되고 후오리진은 1234 승화 섬무 1234 1234 123 오리진 4 이런식으로 만참 세번넣을수 있는건가? 리5인 분들이 이런 테스트 해주실수 잇나요,domain-lexicon-v1.1
2294,457681,len,그러니까 렌 구조가,2026-07-16 10:15:00+00:00,https://www.inven.co.kr/board/maple/2294/457681,comments,2327,3,9,9,True,neutral,neutral,information,밸런스·스킬,0.35,,승화분리X 후오리진 = 시퀀스-예인-섬무망혼꾹-오리진 선오리진 = 시퀀스-예인-망혼1타-오리진-섬무망혼꾹 (만참을 늦게털기떄문에 후오리진보다 손해) 총 극딜 때 만참을 1회밖에 못쓰는거고 승화분리O 후오리진 = 시퀀스-예인-(망혼+만참)-승화시퀀스-섬무망혼꾹-오리진 선오리진 = 시퀀스-예인-(망혼+만참)-승화시퀀스-섬무1타-오리진-섬무망혼꾺 승화분리한 구조에서도 선오리진을 하면 만참 쿨을 못돌리기에 무조건 후오리진 해야하고 그나마 저점과 고점 딜편차가 적은 직업이 저점<=>고점 차이가 더 벌어지게 되는거잖아?,domain-lexicon-v1.1
2294,457729,len,5초뚝 리레5 극딜 방법 3만참 이거 맞나요,2026-07-16 11:13:00+00:00,https://www.inven.co.kr/board/maple/2294/457729,comments,768,0,11,11,True,neutral,neutral,debate,밸런스·스킬,0.35,,"선오리진 시퀀스-예인-(망혼3,4+만참)-승화시퀀스-망혼1타-오리진-섬무+망혼(만참)-돌아오는 망혼(만참) 이게 된다는 건가요 20초안에 3만참 넣기 이게 되나",domain-lexicon-v1.1
2294,457522,len,15초쿨은 누구 뇌속에서 나온걸까,2026-07-16 08:28:00+00:00,https://www.inven.co.kr/board/maple/2294/457522,recommendations,1334,8,3,3,True,neutral,negative,information,밸런스·스킬,0.35,,어 극딜에 만참 여러번 돌리면 패치기조에 어긋나네? 아하! 15초쿨을 달아서 방지하면 되잖아!!! 역시 난 천재야~ 이 생각하고 쳐낸건 아니었으면 좋겠다,domain-lexicon-v1.1
2294,457636,len,걍좀 1타장전 쿨 4타 발동 해주면 안되나 습박,2026-07-16 09:45:00+00:00,https://www.inven.co.kr/board/maple/2294/457636,recommendations,477,4,0,0,True,neutral,neutral,information,밸런스·스킬,0.35,,노쿨은 평딜극딜 다 오르는거라서 싫으면 저렇게해조 1타에 장전하면서 쿨돌고 4타에 발동하면 씁박 스킬세이브 해놔도 만참쿨 안밀리게 다 돌릴수있는데 꼬리에 불붙은 개새끼마냥 아씁박 빨리 털어 이지랄 해야하냐?,domain-lexicon-v1.1
2294,457693,len,모르겠다 어차피 편함으로 선택한 캐릭이라,2026-07-16 10:26:00+00:00,https://www.inven.co.kr/board/maple/2294/457693,recommendations,841,7,0,0,True,neutral,neutral,information,밸런스·스킬,0.35,,원래 최소컷 깎는 사람도 아니고 배율 높여서 여유로 잡는 사람이라 그냥 하던대로 승화분리니 뭐니 신경 안쓰고 시퀀스 꾹 극딜써야지. 신규코어 나와서 조금이라도 강해졌다고 생각하고 게임할 듯,domain-lexicon-v1.1
2294,457579,len,렌 6차 1렙찍을거면 안찍는게 낫나요?,2026-07-16 09:00:00+00:00,https://www.inven.co.kr/board/maple/2294/457579,views,2115,0,3,3,True,neutral,positive,information,커뮤니티,0.35,,ᄌᄀᄂ,domain-lexicon-v1.1
2294,457611,len,렌 승화 분리를 아직도 하는 거였음?,2026-07-16 09:27:00+00:00,https://www.inven.co.kr/board/maple/2294/457611,views,2123,0,5,5,True,neutral,neutral,information,밸런스·스킬,0.35,,저번 승화 정상화 패치 이후로 승화 분리 그냥 생각도 안 하고 있었는데 그동안 승화 시퀀스에 넣었으면 딜 엄청 손해봤던 거임?,domain-lexicon-v1.1
2294,457660,len,승화분리 필수된거임?,2026-07-16 10:04:00+00:00,https://www.inven.co.kr/board/maple/2294/457660,views,1958,1,3,3,True,neutral,neutral,information,밸런스·스킬,0.35,,원래 그냥 편하게 후오리진하고 시퀀스에 넣고 했는데 이제 선오리진에 승화분리해서 극딜해야하는거임?,domain-lexicon-v1.1
2295,299385,lete,아 심상세계 확률은 좀 그런데,2026-07-16 08:04:00+00:00,https://www.inven.co.kr/board/maple/2295/299385,comments,4065,0,9,9,True,negative,negative,complaint,밸런스·스킬,0.6,문제,"딜의 문제는 모르겠고, 전분 분석이 빡세지는데 저럴거면 전분분리라도 해주지",domain-lexicon-v1.1
2295,299454,lete,변경된 신스킬 툴팁,2026-07-16 09:07:00+00:00,https://www.inven.co.kr/board/maple/2295/299454,comments,4340,0,11,11,True,neutral,neutral,request,밸런스·스킬,0.35,,추가 공격 확률 50% 흠...,domain-lexicon-v1.1
2295,299559,lete,레테 걍 너프라고 생각하면 되죠?,2026-07-16 10:37:00+00:00,https://www.inven.co.kr/board/maple/2295/299559,comments,3563,0,8,8,False,negative,negative,question,커뮤니티,0.6,너프,얼마나 너프된건가요? 최종뎀 한 10퍼 급 너프인가요? 신규6차는 풀강아니면 의미도 없을꺼고,domain-lexicon-v1.1
2295,299426,lete,헤이즐로이드 내가 해냈어 형들!,2026-07-16 08:34:00+00:00,https://www.inven.co.kr/board/maple/2295/299426,recommendations,2109,4,2,0,False,neutral,neutral,information,커뮤니티,0.35,,내가 해냈어!!!,domain-lexicon-v1.1
2295,299483,lete,1렙 기준으로 열기만 할거면 걍 다른거 올리는게 나을거같은데,2026-07-16 09:27:00+00:00,https://www.inven.co.kr/board/maple/2295/299483,recommendations,2603,3,5,5,True,neutral,negative,information,밸런스·스킬,0.35,,아무것도 안건들고 기존 챌섭캐 그대로 옮겨온거에 1렙으로 까기만 했는데 40초 극딜로만 쳐보긴했다만 몇번을 쳐봐도 0.3퍼대 딜량이고 안열고 쳤을때 재사용 한 두세번만 더 터져도 딜 따이는거 보면 그냥 안열고 조각170개 일반 스킬강화코어에 박아도 될듯 버프형이라고 해도 1렙기준 10초버프라 이딕트 재사용좀 터지면 오리진 버프못묻히고 끝나버림..,domain-lexicon-v1.1
2295,299585,lete,레테 신스킬 5줄 요약,2026-07-16 11:14:00+00:00,https://www.inven.co.kr/board/maple/2295/299585,recommendations,4035,3,3,3,True,negative,negative,information,밸런스·스킬,0.6,너프,1.시퀀스 넣어도 됨. 분리랑 차이가 안나는수준 2.30레벨 기준으로는 1차테섭보다 오히려 평균적으로 세지는 감 운이 나빠야 1차테섭보다 약해짐 3.1레벨 오픈 효율은 모르겠음 4.근데 가만히 있으면 너프인데 신규 스킬 당연히 열어야함 5.1렙기준은 해본건 아니고 예상만 한건데 그냥 시퀀스 - 이딕트 오버로드 이딕트에 최종뎀 버프 넣는게 좋을거라 예상합니다. 개발자들 스킬구조 바꾸는데 계산 하느라 고생했겠다 싶음,domain-lexicon-v1.1
2295,299382,lete,레테는 하는 직원 있나본데?,2026-07-16 08:02:00+00:00,https://www.inven.co.kr/board/maple/2295/299382,views,6267,0,3,3,True,neutral,neutral,complaint,커뮤니티,0.35,,왜케 패치 맘에드냐,domain-lexicon-v1.1
2295,299515,luminous,레전드 늅늅이 플러스 패스 질문...,2026-07-16 09:57:00+00:00,https://www.inven.co.kr/board/maple/2295/299515,comments,400,0,2,2,True,neutral,neutral,question,커뮤니티,0.35,,일단 주는 대적자 코인은 전부 블큐로 바꿔먹어서 저 옵션 띄우긴 했는데 앞으로 주는 코인을 어떻게 써야할 지 고민입니다! 1추 보공 뜰 때까지 심환불 갈길까요 아니면 블큐로 바꿔먹어서 3줄 저격 갈까요?,domain-lexicon-v1.1
2295,299531,luminous,이번 테섭 필터키 뭔가 이상한데,2026-07-16 10:12:00+00:00,https://www.inven.co.kr/board/maple/2295/299531,comments,607,0,2,2,True,neutral,negative,information,커뮤니티,0.35,,노바 1회 사용 타수가 56회인데 재사용 연속 100번 ᄃᄃ,domain-lexicon-v1.1
2295,299572,luminous,여튼 우리는 열어도 괜찮은거에요?,2026-07-16 10:58:00+00:00,https://www.inven.co.kr/board/maple/2295/299572,comments,705,0,3,3,True,neutral,neutral,information,커뮤니티,0.35,,우리 직게만 이런 글이 없네,domain-lexicon-v1.1
2295,299608,luminous,해방 잠재,2026-07-16 13:19:00+00:00,https://www.inven.co.kr/board/maple/2295/299608,recommendations,134,0,1,2,True,neutral,neutral,request,커뮤니티,0.35,,안녕하세요 루미 선생님들 해방하구 카레잠 바르자마자 마보보 12/30/30 떴는데 굳이 블큐 여기에 더 쓸 필요 있을까요? 우선 쓰다가 다른 부위먼저하구 더 돌리는게 나을까요..?,domain-lexicon-v1.1
2295,299612,luminous,진문보다 점유율낮은걸 진짜 6차라고 내다니,2026-07-16 13:52:00+00:00,https://www.inven.co.kr/board/maple/2295/299612,recommendations,216,0,0,0,True,neutral,neutral,information,밸런스·스킬,0.35,,뒤에 코어들 얼마나 좋게낼라고 이따구로 내니..,domain-lexicon-v1.1
2295,299620,luminous,축제인가요?,2026-07-16 14:36:00+00:00,https://www.inven.co.kr/board/maple/2295/299620,recommendations,120,0,0,0,True,neutral,neutral,question,커뮤니티,0.35,,이펙트는 걍 소마 복붙이던데,domain-lexicon-v1.1
2295,299424,luminous,※-----※ ●▅▇█▇▆▅▄▇,2026-07-16 08:32:00+00:00,https://www.inven.co.kr/board/maple/2295/299424,views,698,0,0,0,True,negative,neutral,complaint,버그·사용성,0.6,오류,이걸거면 테섭 왜함? 오류수정은 본섭가서 해도 되는데,domain-lexicon-v1.1
2296,184312,marksman,ㅅㅅ,2026-07-16 08:00:00+00:00,https://www.inven.co.kr/board/maple/2296/184312,comments,974,2,1,1,True,neutral,neutral,request,커뮤니티,0.35,,■ 신궁 - 리썰 퍼니셔 · 리썰 볼트를 모두 소모하고 최대 HP가 가장 높은 적의 폭발성 화살 중첩이 최대치일 때 리썰 버스트가 발동하는 자동 사용 모드가 추가됩니다.,domain-lexicon-v1.1
2296,184474,marksman,스플릿75초 된거 나쁘지 않다 생각하는데,2026-07-16 10:16:00+00:00,https://www.inven.co.kr/board/maple/2296/184474,comments,796,0,6,6,True,neutral,negative,question,밸런스·스킬,0.35,,120초 그대로였으면 입장극딜 어떻게든 욱여박는식으로 빌드 짜였을거같고 그러면 그거 안하면 손해 느낌으로 밸패 계속 들어왔을거같은데 그런거 미연에 방지하는 느낌이라 긍정적으로 생각함,domain-lexicon-v1.1
2296,184494,marksman,선생님들 하드세렌,2026-07-16 11:02:00+00:00,https://www.inven.co.kr/board/maple/2296/184494,comments,271,0,4,4,True,neutral,positive,information,커뮤니티,0.35,,114퍼면 많이 힘들까요,domain-lexicon-v1.1
2296,184530,marksman,그래서 스플릿 75초된거 좋은거에요 나쁜거에요??,2026-07-16 12:59:00+00:00,https://www.inven.co.kr/board/maple/2296/184530,comments,301,0,3,6,True,positive,negative,complaint,커뮤니티,0.6,좋다,뭐가뭔지 잘모르겠서요.... 왜 안좋다고 느껴지는거죠ᅲᅲ,domain-lexicon-v1.1
2296,184311,marksman,"신규6차 자동발사모드 추가, 스플릿 지속시간 감소",2026-07-16 08:00:00+00:00,https://www.inven.co.kr/board/maple/2296/184311,recommendations,758,1,0,0,True,neutral,neutral,request,보스·전투,0.35,,스플릿은 저러면 사냥에서도 지금이랑 비슷하겠네,domain-lexicon-v1.1
2298,224637,mechanic,2022년부터 리마 존버하신분 살아계신가요?,2026-07-13 15:00:00+00:00,https://www.inven.co.kr/board/maple/2298/224637,comments,717,0,12,12,True,positive,neutral,praise,밸런스·스킬,0.6,감사,"부캐로 썬콜 루미 보마 렌 일리움 100퍼 배율로 최소컷 잘만깨왔는데 현타오네요. 메카닉만 120퍼에서 130에까지 스펙업해야 그나마 클리어하고... 모험가 시그 개화월영 키네 와헌. 리마하면 우리차례도 올 줄 알았지 구조도 낡았고 체급도 구리고 에휴 타이탄 무적기 행동불가, 극딜기 10초 키다운 행동불가 운영자님 이 두개라도 좀 풀어줘봐요 뻑뻑해요.부캐하다오면 한숨만 나와요 애정캐 매몰 누칼협이라 말한다면 할말 없습니다만 서럽 ᅮᅮ. + 검마 4페 20분쳐봐라 참고로 드릴러쉬 딜레이 패치랑 로봇 3형제 온오프는 감사합니다 좋은패치였어요 잘쓰고있습니다",domain-lexicon-v1.1
2298,224704,mechanic,Num Lock 을 이용한 호밍 자동사출 하는법,2026-07-14 15:00:00+00:00,https://www.inven.co.kr/board/maple/2298/224704,comments,900,0,4,4,True,neutral,neutral,information,보스·전투,0.35,,"준비물: 텐키가 있는 키보드(노트북도 가능) 1. 호밍을 Insert 버튼에 올려놓는다 (다른 버튼은 안되고 Insert만 가능) 2. 넘버락을 해제한다(숫자키 2,4,6,8번으로 방향키가 작동된다면 해제된 것) 3. 0번(Insert)을 누른 상태에서 넘버락을 킨다 (본인은 텐키로 방향키 및 home end pgup pgdn delete를 사용하기 때문에 켰다가 다시 끄는데, 이래도 가능함) 4. 호밍이 자동으로 나가는 것을 보면서 사냥도 하고 보스도 한다 *사냥할 땐 1분마다 한번씩 움직여 줘야 안멈춘다. *다른 스킬 및 소비아이템은 사용 가능한데, 호밍을 누르고 있는 판정이라 인벤토리나 스킬창 등 UI는 열지 못한다. *보스할 때는 전탄발사 누를 때, 기절 걸릴 때 풀어지니까 다시 설정해줘야 한다.",domain-lexicon-v1.1
2298,224774,mechanic,기어코 가로 마미컨으로 내는구나 ㅋㅋㅋㅋㅋㅋ,2026-07-16 08:25:00+00:00,https://www.inven.co.kr/board/maple/2298/224774,comments,938,1,5,5,True,neutral,negative,information,밸런스·스킬,0.35,,진지하게 인팬6차 스킵하고 이번꺼 화력 몰빵해줬으면 안됐나? 괜히 딜량 찢어놔서 두개 다 뽕맛도안느껴지고 좆같네 나우에서 이럴거면 스킬 내지 말라는거에 진심으로 공감했다 9월 밸패도 보나마나 개좆같이할거면서 ᄏᄏᄏᄏ,domain-lexicon-v1.1
2298,224711,mechanic,메카닉 바인드 패치,2026-07-14 15:00:00+00:00,https://www.inven.co.kr/board/maple/2298/224711,recommendations,630,0,0,0,True,neutral,neutral,information,밸런스·스킬,0.35,,이제 저 패치 들어오면 전탄을 설치기로 바꾸거나 제논처럼 적어도 키다운이라도 줄여야될텐데요.. 그동안 매시브라도 박아넣게.... 다른 직업중에 2분 극딜에 무적 키다운애들이 남아있는 직업이 있나요?,domain-lexicon-v1.1
2298,224844,mechanic,근데 이건 그냥 조롱아님 ?,2026-07-16 12:42:00+00:00,https://www.inven.co.kr/board/maple/2298/224844,recommendations,347,0,1,1,True,neutral,negative,information,밸런스·스킬,0.35,,"쇼케때 굳이 메카닉 스킬 화면에 크게 예시로 보여주면서 평딜 비중이 높은 직업들은 극딜 스킬을 줬다면서 자신있게 얘기하더니, 막상 받은건 2분 마미컨 나우에서는 극딜 줄려고 했던 스킬들이 데미지 비중이 낮은거 알고있다 근데 기다려라 9월에 해주겠다 이게 뭔말임 ?",domain-lexicon-v1.1
2298,224845,mechanic,"버스터 스테이션 최대 사거리, 타겟 재추적, 공중 잔류시간 체크",2026-07-16 13:00:00+00:00,https://www.inven.co.kr/board/maple/2298/224845,recommendations,159,1,1,3,True,neutral,positive,information,커뮤니티,0.35,,수로는 선오리진> 시퀀스 빌드에선 누수x 시퀀스 > 선전탄 빌드에선 누수o (약 30% 증발),domain-lexicon-v1.1
2296,184307,mercedes,테섭 스킬조정 메르파트,2026-07-16 07:57:00+00:00,https://www.inven.co.kr/board/maple/2296/184307,comments,1418,0,8,8,True,neutral,negative,information,밸런스·스킬,0.35,,"■ 메르세데스 - 베리안 서지 · 거스트 다이브, 라이트닝 엣지, 롤링 문썰트와 연계 가능하도록 변경됩니다. ■ 메르세데스 - 거스트 다이브 · 베리안 서지와 연계 가능하도록 변경됩니다. - 라이트닝 엣지 · 베리안 서지와 연계 가능하도록 변경됩니다. - 롤링 문썰트 · 베리안 서지와 연계 가능하도록 변경됩니다. - 레전드리 스피어 · 스킬 설명이 수정됩니다. - 레전드리 스피어 VI · 스킬 설명이 수정됩니다. 사이트검색 메르 해본결과 이거만있음 퍼뎀은 나와봐야알듯",domain-lexicon-v1.1
2296,184388,mercedes,평딜 4초뚝 기준 기존이 아무리쳐도 더높은데 정상인가요?,2026-07-16 08:42:00+00:00,https://www.inven.co.kr/board/maple/2296/184388,comments,960,0,8,8,True,neutral,neutral,question,밸런스·스킬,0.35,,2차테섭들어오고나서 쳐봤는데... 평딜 기준으로 요렇케 쳤는데 아무리 쳐도 기존 사이클이 더 높아요.. 잘못치고있는건가요? 기존 사이클 : 엔릴 - 스듀 - 유니콘 - 스피어 - 맆토 변경 사이클 (베리안 30렙) : 베리안 - 스피어 - 맆토 - 엔릴,domain-lexicon-v1.1
2296,184444,mercedes,ㅈ된건 서지 연계로 고점은 이제 중위권안착이라는거임 ㅋㅋ,2026-07-16 09:28:00+00:00,https://www.inven.co.kr/board/maple/2296/184444,comments,995,0,8,8,True,neutral,negative,complaint,밸런스·스킬,0.35,,이제 허수아비 딜보고 메벤남들 와~ 시너지도있고 중위권 딜량인데 메르 왜 징징댐? << 이 초식 쓸 예정 ᄏᄏ 그럼 운영진들 흐뭇해하며 아무것도안할듯,domain-lexicon-v1.1
2296,184511,mercedes,얘드라 안접으면 이기는거야,2026-07-16 11:30:00+00:00,https://www.inven.co.kr/board/maple/2296/184511,comments,881,4,10,10,False,neutral,negative,information,밸런스·스킬,0.35,,3분시절 실피디아타고 무릉 몹 거다로 벽에다 쳐박아놓고 벽박치기 하던거 막 2분 됐을 때는 70초 넘게 연계하고 이르칼라 쏘면서 시드링 존나 누르고 연계 끝나면 가이디드 헤카테 끄고 v 코어 열어서 치격 스위칭하고 가이디드 헤카테 다시 키고 연계중에 링 익스체인지 누르고 컷씬에 프리드 안날아가길 기도하고 2025년 9월 10월 11월 12월 한숨만 쉬고 이스케이프 섞어서 연계하는거 연습하고 다 주마등처럼 지나간다 아련하네 베리안서지? 너네 더한것도 다 견뎌냈어 우리 또 몸비틀기 해보자 화이팅 개씨발새기들아,domain-lexicon-v1.1
2296,184309,mercedes,ㅈㅈ,2026-07-16 07:58:00+00:00,https://www.inven.co.kr/board/maple/2296/184309,recommendations,1598,11,6,6,True,neutral,neutral,information,밸런스·스킬,0.35,,메르세데스는 더이상 존재하지 않는 직업입니다 돌아가십시오,domain-lexicon-v1.1
2296,184339,mercedes,그냥 안열고 살게 시발럼들아,2026-07-16 08:13:00+00:00,https://www.inven.co.kr/board/maple/2296/184339,recommendations,731,6,0,0,True,negative,neutral,complaint,밸런스·스킬,0.6,불편,딜상승량 보수적으로 잡을 수 있지 있는데 그럴거면 신스킬로 생기는 난이도나 리스크도 비슷하게 했어야지 새로 배워야하고 더 불편해졋는데 똑같이 쌔지면 뭔 심지어 시발 평딜 내지 긴극딜로 봐야하는 스킬 쳐 내놓고는,domain-lexicon-v1.1
2296,184528,mercedes,개발진이 볼진 모르겠지만 메르 신스킬 개선안입니다,2026-07-16 12:54:00+00:00,https://www.inven.co.kr/board/maple/2296/184528,recommendations,394,8,0,1,True,negative,negative,request,밸런스·스킬,0.95,문제 · 답답 · 부족 · 심각,"글이 길어 신스킬 관련 개선 희망 사항 선 3줄 요약. 1. 스킬의 선후딜로 인해 사용감이 매우 , 매우 , 정말 심각하게 나쁩니다 . 베리안 서지의 선후딜을 가능한 한 많이 줄여주십시오 . 2. <- 얘 아예 없애고, 와 만 남겨서, 3타 스킬이 아닌 2타 스킬로 바꿔 주십시오. 즉 , ' 엔-베-베-슾-베 ' 가 아닌 ' 엔-베 -슾-베 ' 로 사이클을 수정해 주십시오 . 3. 베리안 서지 자체의 쿨타임이 너무 깁니다 . 데미지를 감소시켜도 좋으니 쾌적한 연계를 위해 쿨타임을 더 줄여주십시오 . . . . 오늘 공개된 2 차 테스트 서버 패치 내역을 보면 , 개발진은 이 문제투성이 신스킬을 포기할 생각이 없어 보입니다 . 신스킬 베리안 서지의 기획 의도는 명확히 알 것 같습니다 . "" 엘고 타임 때 더 강력해진 연계를 통해 극딜캐인 메르세데스의 화력을 더욱 높이고 , 기존의 쿨뚝 수치마다 달라지던 연계 사이클을 하나로 통일하여 편의성을 제공하자 ."" 여기서 말하는 편의는 유저의 ",domain-lexicon-v1.1
2296,184384,mercedes,메르분들 신스킬불편하다고요? ㅋㅋ,2026-07-16 08:39:00+00:00,https://www.inven.co.kr/board/maple/2296/184384,views,1072,0,1,1,True,neutral,neutral,complaint,밸런스·스킬,0.35,,"""진심 아닐거라고 생각합니다""",domain-lexicon-v1.1
2296,184455,mercedes,이대로 나오면 안쓴다는 사람들 ㅈ된 이유,2026-07-16 09:44:00+00:00,https://www.inven.co.kr/board/maple/2296/184455,views,1356,1,7,7,True,neutral,negative,information,밸런스·스킬,0.35,,신규 스킬을 안연다고? ᄏᄏ 스킬 코어간 밸런스 조정 아 ᄏᄏ 너네 오리진 어센트 딜 깎고 신규 스킬로 줄게 무조~건 열어야 하게 만들어 주마 ᄏᄏ,domain-lexicon-v1.1
2294,457541,mihile,크바도 행동불가인데 가드 터지나?,2026-07-16 08:37:00+00:00,https://www.inven.co.kr/board/maple/2294/457541,comments,336,0,5,5,True,neutral,positive,information,커뮤니티,0.35,,테스트 해보려고햇는데 제로를 못구해서 그냥 포기함. 일정도 없고..,domain-lexicon-v1.1
2294,457688,mihile,그로기에 가드 안터짐,2026-07-16 10:22:00+00:00,https://www.inven.co.kr/board/maple/2294/457688,comments,631,1,5,5,True,neutral,neutral,information,커뮤니티,0.35,,​ ​,domain-lexicon-v1.1
2294,457700,mihile,미하일 하면서 계속 궁금했던게,2026-07-16 10:35:00+00:00,https://www.inven.co.kr/board/maple/2294/457700,comments,415,0,7,7,True,neutral,neutral,complaint,커뮤니티,0.35,,딸깍 무적이라는 말은 왜 나온건가요? 대적자 패링 0.5초도 힘들다는 사람들이 있는 게임인데 0.24초 제한 있는 가드가 왜 딸깍이에요?,domain-lexicon-v1.1
2294,457799,mihile,그냥 리마스터는 희망회로 접어두는게 나을듯?,2026-07-16 14:03:00+00:00,https://www.inven.co.kr/board/maple/2294/457799,comments,182,0,5,6,True,positive,negative,praise,커뮤니티,0.6,기대,9월로 또 기다려 기대컨 쳐거는거보니 이새끼들 능력상 리마급 볼륨 절대 못챙김 그냥 씨발 민생최종뎀이나 줬으면 박수쳐주겠네,domain-lexicon-v1.1
2294,457593,mihile,구조개선 의사 똑바로 표현해야 합니다,2026-07-16 09:10:00+00:00,https://www.inven.co.kr/board/maple/2294/457593,recommendations,486,6,3,3,True,neutral,neutral,request,보스·전투,0.35,,이 개새끼들 겜안분새끼들이라서 시대에 뒤쳐진 로아 라오커같은 스킬 개편해달라 하면 아무 생각 없이 아 극딜때 패턴안나오고 패턴 나오면 로아 라오커 끝나니까 지속시간 두배 늘려주면 되겠지? 하고 띡 던지고 끝낼 새끼들임 지금 그란디스 보스 메타에서는 로아 라오커의 의미가 없어요 그냥 이 쓸모도 없는스킬 갈아엎고 컨셉 바꾸고 체급 올려주는 준리마급 개선이 필요해요,domain-lexicon-v1.1
2294,457621,mihile,개인적으로 유틸 및 시너지를 자진반납할 필요가 있나 생각함,2026-07-16 09:34:00+00:00,https://www.inven.co.kr/board/maple/2294/457621,recommendations,315,2,1,1,True,mixed,neutral,request,밸런스·스킬,0.75,기대 · 너프,"시너지 때문에 미하일이 약한거라 생각하기엔 아크, 캐슈라는 반례가 존재함. 그리고 시너지 때문에 딜 약한거라 생각하고, 이럴거면 시너지 가져가라 했던 직업들 지금 어케됐냐 살펴보면 은월, 소울마스터, 비숍 등 지금 체급 좋지 않음. 그냥 시너지만 사라진 직업 됨. (플레임위자드는 반례인게 리마스터를 한 번 더 받아버렸기 때문에 지금 그나마 체급이라도 남은 상황) 고로 굳이 쥐꼬리만한 시너지마져 없애고 그냥 퓨딜로 당당하게 강하게 해주세요 <= 이 주장 굳이 할 필요없음. 걍 당당하게 체급올려주세요. 이러면 됨. 어차피 운영진 미하일 잘 몰라서 시너지 필요없다고 주장하면, 그래? 아 저런게 있었구나, 저런거 필요없다 하니까 뭐 있던 것도 없애지 뭐. 하면서 그 얼마 없는 시너지만 가져갈 운영진임. (미하일이 패치를 너프를 계속 받아왔던건, 미하일의 유틸과 시너지 때문이 아니라 그냥 운영진이 미하일을 안해서라고 생각함. 아니면 매번 패치 때마다 패치 잘 받는 직업들은 계속 잘 받는걸 설",domain-lexicon-v1.1
2294,457639,mihile,전미협은 글자님의 미하일 찍먹을 환영합니다.,2026-07-16 09:49:00+00:00,https://www.inven.co.kr/board/maple/2294/457639,recommendations,516,4,1,1,True,positive,neutral,praise,커뮤니티,0.6,감사,미하일 공론화에 힘써 주셔서 감사합니다.,domain-lexicon-v1.1
2294,457682,mihile,제로 크리티컬 바인드에 로얄 가드 터짐,2026-07-16 10:16:00+00:00,https://www.inven.co.kr/board/maple/2294/457682,recommendations,439,4,3,3,True,positive,neutral,praise,보스·전투,0.6,감사,​ 도와주신 제로님 감사​,domain-lexicon-v1.1
2294,457566,mihile,이건 너프임 버프임?,2026-07-16 08:50:00+00:00,https://www.inven.co.kr/board/maple/2294/457566,views,814,0,4,4,True,neutral,positive,information,보스·전투,0.35,,"극딜때 라오커, 로아는 거의 뺏기긴했는데 그래도 보스때 가드 가동률은 올려줬네 결국 맵패턴이 미하일 때려줘야 발동하던거 이젠 그냥 쿨마다 발동이니",domain-lexicon-v1.1
2297,331164,night_lord,1개찍고,2026-07-16 08:40:00+00:00,https://www.inven.co.kr/board/maple/2297/331164,comments,723,0,2,2,True,neutral,neutral,information,밸런스·스킬,0.35,,패시브 쌀먹하고 2분극딜때 쓰는건 그리 효율안나올거같고 준극에만 돌려줄게,domain-lexicon-v1.1
2297,331209,night_lord,질문요..ㅠ,2026-07-16 09:17:00+00:00,https://www.inven.co.kr/board/maple/2297/331209,comments,620,0,7,7,True,neutral,positive,question,커뮤니티,0.35,,나로 진짜 버린거같아서 갈아타고싶은데 9월 밸패때메 뭘로 가야할지 모르겟네.. 추천좀..,domain-lexicon-v1.1
2297,331280,night_lord,9월 벨패? 이젠 기대도 안함,2026-07-16 10:59:00+00:00,https://www.inven.co.kr/board/maple/2297/331280,comments,474,0,3,4,True,neutral,neutral,praise,밸런스·스킬,0.35,,나로는 그냥 다른직업으로 갈아타는게 벨패임,domain-lexicon-v1.1
2297,331142,night_lord,나로 문의 안 한 이유가 이거임,2026-07-16 08:27:00+00:00,https://www.inven.co.kr/board/maple/2297/331142,recommendations,920,2,1,1,True,negative,neutral,request,버그·사용성,0.6,오류,씨발 2020년부터 2025년까지 문의했다고 6년간 문의해서 고쳐준 거 좆도없음 스프레드 오류 수정 이후에 나로 유저들 개선안 선택된 거 없음.,domain-lexicon-v1.1
2297,331310,night_lord,고맙다 창섭아,2026-07-16 12:24:00+00:00,https://www.inven.co.kr/board/maple/2297/331310,recommendations,417,0,0,0,True,neutral,neutral,information,커뮤니티,0.35,,그냥 쌀숭이 할게 너가 나의 지갑을 지켜주는구나,domain-lexicon-v1.1
2297,331313,night_lord,이번 신규스킬,2026-07-16 12:27:00+00:00,https://www.inven.co.kr/board/maple/2297/331313,recommendations,569,0,1,1,True,neutral,neutral,information,밸런스·스킬,0.35,,이대로 들어오면 풀강 기준 최종뎀 몇퍼 정도임???,domain-lexicon-v1.1
2297,331140,night_walker,신규코어 개방 꼭 해야할까요?,2026-07-16 08:26:00+00:00,https://www.inven.co.kr/board/maple/2297/331140,comments,1208,0,3,3,True,neutral,positive,information,밸런스·스킬,0.35,,나머지 풀강이면 하는건데 퀸터 레벨 엄청 낮은 거 아니면 딜 증가가 거의 없지 않나요?,domain-lexicon-v1.1
2297,331141,night_walker,2차테섭은 패싱이네요,2026-07-16 08:27:00+00:00,https://www.inven.co.kr/board/maple/2297/331141,comments,761,0,0,0,True,negative,neutral,request,커뮤니티,0.6,문제,구조적인 문제는 크게 없었다만 이러면 오픈딱 하는게 맞으려나 아님 조각 요구량 줄어서 우선순위 그래도 높게 잡히려나 밸패도 9월달이라고 못박아놓으니 어째 슴슴하네요...,domain-lexicon-v1.1
2297,331282,night_walker,스킬반복입력향상 이거 상당히 유용한 듯,2026-07-16 11:03:00+00:00,https://www.inven.co.kr/board/maple/2297/331282,comments,648,0,2,2,True,neutral,neutral,request,보스·전투,0.35,,"기존에 필터키 안쓰던 분들은 꽤 유용한 패치 인거 같음. 작년 전투경험개선때 딜레이 패치 못받은걸 지금에서야 받은느낌? 신규 스킬은 뭐 거기서 거기라니까, 바인드 시 맵패턴 제거랑 필터키 패치 이 2개가 나워한텐 꽤 유의미한듯 퀸터 중 바이트나 오멘, 방향전환 이베이젼 등 생각보다 꽤 부드럽게 나감",domain-lexicon-v1.1
2297,331340,night_walker,나워 신규 6차 딜 상승량 정정(전분 포함),2026-07-16 15:09:00+00:00,https://www.inven.co.kr/board/maple/2297/331340,comments,41,0,0,1,False,neutral,neutral,information,밸런스·스킬,0.35,,"안녕하세요 필순입니다! 직게에 펀시님 글 보고 이전 1.476%로 정리했던 딜 상승량이 뭔가 단단히 잘못된 것 같아 다시 쳐보았습니다! 기존 사이클 퀸터 3424회 기존 사이클 1203.4742조 신규 6차 포함 퀸터 3394회 신규 6차 포함 1237.1629조 로 측정되었으며 결론적으로 2.799% 상승했습니다. 1차 테섭 전분 측정 때 리레 4렙이었던지라 도미니언, 익텐 등 극딜버프 서버렉 + 카인, 모도 링크 포함한 상태라 비정상적으로 튀는 값이 측정됐던 것 같습니다. 이후 링크 제거 후 리5로 강화한 뒤 테스트 해보니 결과값이 많이 안정됐습니다! 1차 테섭 때 잘못된 정보 전달해드린 것 같아 죄송합니다.. 이대로면 나름 준수하게 나온 것 같아 기분이 좋네요ᄒ 나 워 하시는 모든 분들 화이팅입니다!",domain-lexicon-v1.1
2294,457698,paladin,카칼 도저히 120퍼에서 못줄이겠다,2026-07-16 10:33:00+00:00,https://www.inven.co.kr/board/maple/2294/457698,comments,192,0,0,1,True,neutral,neutral,information,밸런스·스킬,0.35,,120퍼 배율로 딱 11.5극 다쓰니까 깨지네요 암만 더 연습해봐야 내손으로 평딜 더 넣는건 무리고 걍 템을 사야할듯;,domain-lexicon-v1.1
2294,457807,paladin,유챔세렌 133퍼..,2026-07-16 14:35:00+00:00,https://www.inven.co.kr/board/maple/2294/457807,comments,72,0,0,5,True,neutral,neutral,complaint,밸런스·스킬,0.35,,뭐지? 133퍼면 여유컷이겠다 싶어서 쳐봤는데 10퍼정도 남기고 계속 타임아웃하는데;; 극딜도 안밀리고 평타도 열심히 쳤는데 왜..133퍼정도면 1페 몇분정도에 넘겨야될까요?,domain-lexicon-v1.1
2296,184331,pathfinder,아 게이지 문제만 해결했네 씨발 ㅋ,2026-07-16 08:09:00+00:00,https://www.inven.co.kr/board/maple/2296/184331,comments,1052,0,9,9,True,neutral,neutral,complaint,커뮤니티,0.35,,2초마다 최대 7개까지 충전 결국 신경 써야 할 거 늘어난 건 똑같구나 그래도 전보단 훨씬 낫네,domain-lexicon-v1.1
2296,184404,pathfinder,신규 코어 1렙 효율 좋음?,2026-07-16 09:01:00+00:00,https://www.inven.co.kr/board/maple/2296/184404,comments,889,0,7,7,True,neutral,neutral,information,밸런스·스킬,0.35,,"지금 노칼돌이로 쓰는 중인데, 1렙 열면 유의미한 딜량 상승이 있을까",domain-lexicon-v1.1
2296,184457,pathfinder,신규스킬 개선 의견 (정리x / 간단 아이디어),2026-07-16 09:47:00+00:00,https://www.inven.co.kr/board/maple/2296/184457,comments,770,2,7,7,True,mixed,negative,complaint,밸런스·스킬,0.8999999999999999,기대 · 문제 · 하향,2차 30레벨 툴팁 둘은 다른 제의입니다 - 버스트 시전 시 게이지50소모 및 통제된 저주 1개 획득 / 노쿨 사양 1차 와 같게 100% << 76.3% 롤백 @ 게이지 문제 해소 @ 타격감 복귀 @ 수치 조정 간단함 (1차에서 변경) - 렐릭 해방 지속 중 버스트 시전 시에도 마법 화살 1개 생성 및 증가할 33%분 조정 / 충전 사양 (2차테섭) 유지 @ 오리진 시 렐릭 해방 지속 중 마테리얼 버스트의 렐릭 에볼루션에 의한 효과가 의미 없어지는 퍼뎀 (블디가 버스트 세트보다 셈) 해결 @ 2.5% 상승 의도에 맞게 하향 조정 + 노쿨 사양과 충전 사양의 기대 사용 횟수 비율은 왜 그런 값으로 산정하셨는지 (Q3 추정) 코멘트 받고 싶습니다 (2초뚝 / 5초뚝 / 메르250) + 마테리얼 버스트 이후에도 트랜지션을 캔슬러블로 넣어주세요 (210 / 300) (어썰트 - 트랜지션 처럼 박자 맞게),domain-lexicon-v1.1
2296,184349,pathfinder,2차테섭 2분측정,2026-07-16 08:19:00+00:00,https://www.inven.co.kr/board/maple/2296/184349,recommendations,950,2,1,1,True,neutral,neutral,information,밸런스·스킬,0.35,,헥사코어 올만렙 기준 우선 2분측정하였고 5분40초도 측정할 예정입니다. 참고용 1차 평가 : 생각보다 빨리 쌓임 // 타격감은 전보다 별로.. + 마테리얼 버스트 안쓰고 친 전분 339조 8831억,domain-lexicon-v1.1
2296,184484,pathfinder,아무리봐도 오리진극딜떄 더약한건 구조적하자인데,2026-07-16 10:40:00+00:00,https://www.inven.co.kr/board/maple/2296/184484,recommendations,594,2,4,4,True,neutral,negative,request,밸런스·스킬,0.35,,다른 개선은 사실상 이야기해도 들어줄지 말지도모르겠고 본섭올때 무조건 이거하나는 해결해서 들고와야될거같아요 ᅮ,domain-lexicon-v1.1
2296,184547,pathfinder,진지하게 이게 구조 개선이라고 준거 맞나요?,2026-07-16 14:38:00+00:00,https://www.inven.co.kr/board/maple/2296/184547,recommendations,171,1,1,2,True,neutral,neutral,request,밸런스·스킬,0.35,,"블디 쓸 시간에 대신 써야하는데 게이지 수급 못함 →전체 게이지 수급량 감소(극딜 올릴 때 게이지 신경쓸 필요 커짐) 그렇다고 게이지 소모해서 렐마라라도 터트려서 딜을 더 챙기는가? →게이지 소모안해서 안 터짐 카디널 포스가 아니라 사출기도 안나감 →오리진뿐 아니라, 렐릭 에볼루션의 지속효과도 못받음(사출기 1개 증가) 렐릭 에볼루션 때 스택 증가하니 극딜 때 최대한 많이 쓰자 →게이지 수급이 안되니 콤레 재사용 터지면 골치아파짐 뭘 어째도 기존 딜싸이클에 매끄럽게 어우러지질 않는거같은데 제 기분 탓일까요",domain-lexicon-v1.1
2296,184325,pathfinder,마테리얼 버스트 2차테섭 툴팁,2026-07-16 08:05:00+00:00,https://www.inven.co.kr/board/maple/2296/184325,views,1097,1,4,4,True,neutral,positive,information,커뮤니티,0.35,,ᄋᄋ,domain-lexicon-v1.1
2296,184358,pathfinder,1렙 6차 2분 전분 비교. 단순후기,2026-07-16 08:26:00+00:00,https://www.inven.co.kr/board/maple/2296/184358,views,1263,1,5,5,True,neutral,neutral,debate,밸런스·스킬,0.35,,"신규 X 전분 신규 O 6차 2분 전분 우연히도 레조랑 콤썰트가 사용횟수 똑같이 터져서 공유겸 올립니다 단순 허수로만 보면 1렙에 2%올라갔다고 볼수있겠지만 허수치기시작할때 7스택인 상태로시작해서 렐릭에볼루션을 쓰게되면 17스택으로 늘어나게됨으로 첫극 7개만큼은 실전딜과 괴리가있을 수있음. 또한 6차사용 에볼루션 - 얼블 후에 17스택을 다터는식으로 운용했는데 어떻게 사용하느냐에따라 점유율 변동있을 수 있음 이제 14초마다 스킬을 써줘야되는 스킬로 바뀌게되었고, 빼주지않으면 그만큼 손해보는 스킬로 바뀌긴했는데 준극으로도 사용할수있을것같고 어떤 플레이경험을 주려고했는진 알겠어서 뭐 이제는 취향차이인거같아요 게이지를 신경써야되는점은 없어졌고, 극딜 전에 꼭 털어야되는건 아니게됐으니 신경써줘야되는부분은 많이 덜어냈네요 다만 평딜구조가 완전히 바뀌게된거라 실전도 쳐보고 정확하게 후기남겨야될거같아요",domain-lexicon-v1.1
2297,331227,phantom,신규스킬 1랩 30랩 차이,2026-07-16 09:40:00+00:00,https://www.inven.co.kr/board/maple/2297/331227,comments,1204,0,3,3,True,neutral,neutral,information,밸런스·스킬,0.35,,이대로 나온다고합니다,domain-lexicon-v1.1
2297,331241,phantom,아 제논으로 갈아탈까,2026-07-16 09:57:00+00:00,https://www.inven.co.kr/board/maple/2297/331241,comments,608,0,3,3,True,neutral,negative,information,커뮤니티,0.35,,ᄌᄂ 고민되네 하,domain-lexicon-v1.1
2297,331247,phantom,맠오팬보다 약한거 아닌데요?,2026-07-16 10:04:00+00:00,https://www.inven.co.kr/board/maple/2297/331247,comments,1491,7,7,9,True,neutral,neutral,information,커뮤니티,0.35,,헥사 올 만렙기준 각 1회씩 사용했을때 기준으로 블잭보다 약해용 ᄏ,domain-lexicon-v1.1
2297,331275,phantom,이게 안하던 스위칭까지 해가면서 써야 하는 스킬인가?,2026-07-16 10:47:00+00:00,https://www.inven.co.kr/board/maple/2297/331275,comments,784,0,4,4,True,neutral,neutral,information,밸런스·스킬,0.35,,개맛도리 마오팬 2방에도 안 묻히던 개맛도리 리브 2방에도 안 묻히던 개맛도리 템오카 3방에도 안 묻히던 개맛도리 블랙잭 4방에도 안 묻히던 프리퍼레이션을 모든 강화 구간에서 블랙잭 단타보다 약한 스킬 한 방에 묻히기 위해 그 스위칭까지 새로 연습해가면서 써야하나,domain-lexicon-v1.1
2297,331097,phantom,얘는 제발 키세팅 문제 해결좀 해주면 좋겠는데,2026-07-16 08:05:00+00:00,https://www.inven.co.kr/board/maple/2297/331097,recommendations,308,2,0,0,True,neutral,neutral,complaint,커뮤니티,0.35,,라모르랑 이번 6차 연속으로 또 쿨봐야되는거 받으니까 머리가 아픕니다 퀵슬롯 자리도 없다고,domain-lexicon-v1.1
2297,331188,phantom,전직업 유틸 보급+보스 패턴 완화해놓고 보상 패치 없는 병신 캐릭,2026-07-16 09:01:00+00:00,https://www.inven.co.kr/board/maple/2297/331188,recommendations,586,2,0,0,True,negative,neutral,complaint,밸런스·스킬,0.8999999999999999,불편 · 오류 · 문제,"무적기 없던 애들 노리스크 딸깍 무적기 보급 돌진기 없던 애들 돌진기 보급 딜 구조 불편한 애들 개선 또는 리마스터 보스 패턴 완화 보스 플레이타임 2/3 단축 2021년 데스티니 업데이트(모험가 리마스터)를 기점으로 유틸 평준화, 플레이 경험 개선이 진행중인데, 4년이 넘는 시간동안 패치를 늦게 받거나 (조커 보우타, 블랙잭 공속 오류, 스킬 점프샷 등) 아직도 못 받은 패치가 많은데 (키다운 도중 엎드림 판정, 슈라우드 텔포 알고리즘 등) 당연히 유틸 완화, 보스 완화되어야 하는게 맞습니다. 그런데 왜 기존 유틸 캐릭터들은 패치를 늦게 받거나 못 받는가?입니다. 유틸을 인질로 족쇄가 달려 있던 애들은 왜 개선을 안해주나요? 요즘 신캐들이나 리마스터 캐릭들은 왜 기존 유틸 캐릭보다 유틸도 좋고, 체급도 좋나요? 팬텀은 A라는 유틸이 있으니 B라는 조건(족쇄)는 당연하다. 신캐는 A라는 유틸 끝. 체급은 별개인 것처럼 이번에 60초 준극딜기도 퍼뎀은 다른 애들도 문제가 많아 2차에서",domain-lexicon-v1.1
2297,331337,phantom,3퍼 정도의 성능을 생각하고 낸거면,2026-07-16 14:09:00+00:00,https://www.inven.co.kr/board/maple/2297/331337,recommendations,238,2,0,0,True,neutral,neutral,request,커뮤니티,0.35,,그냥 자동 사출기로 바꿔라 ᄏᄏ 풀강 기준 3퍼 처먹겠다고 조각쓰고 키세팅 해야하냐? 블랙잭보다 약한걸??? 응??,domain-lexicon-v1.1
2297,331240,phantom,팬텀 개발자가 저능아인건에 대하여,2026-07-16 09:56:00+00:00,https://www.inven.co.kr/board/maple/2297/331240,views,728,0,2,2,True,neutral,neutral,information,밸런스·스킬,0.35,,연무장 최댓값 지표보고 팬텀딜이 중하위로 생각해서 무한날검 리트는 생각안하고 딜을 안올리는게 아닐까 고점일때의 확률은 생각없이 고점이 이정도구나만 생각하는건 아닐까,domain-lexicon-v1.1
2300,359586,qna,챌섭 뉴비 프펫공 프악공 질문,2026-07-12 15:00:00+00:00,https://www.inven.co.kr/board/maple/2300/359586,comments,1486,0,14,14,True,neutral,positive,question,보스·전투,0.35,,프악공이랑 프펫공 사려는데 보스코인샵에서 사는게 정배인가요..?,domain-lexicon-v1.1
2300,359593,qna,복귀뉴비 5석펫 개오바겠죠?,2026-07-12 15:00:00+00:00,https://www.inven.co.kr/board/maple/2300/359593,comments,642,0,11,11,True,neutral,neutral,information,보스·전투,0.35,,이번 챌섭으로 복귀했어요 20만원 정도 현질해서 드/메 80/100 정도 맞추고 메제까지 사냥한지 한 2주 정도 된거같은데 일단은 챌섭 공짜석펫 + 피방석펫으로 2석펫 끼고 사냥중입니다 근데 여기서 3석펫 더맞추려면 100만원이라.. 뉘집 개이름도 아니고.. 진지하게 사고싶어진거면 대가리 깨진거겠죠? 스펙업에는 현금쓰진 않고 재획하면서 번거 투자한거라 그렇게 많이는 안썼고 하드세렌정도 잡는 배율까지 왔네요,domain-lexicon-v1.1
2300,359603,qna,뉴비 이 캐릭터 버려야하는지 고민입니다..,2026-07-12 15:00:00+00:00,https://www.inven.co.kr/board/maple/2300/359603,comments,2302,0,16,16,True,neutral,positive,information,보스·전투,0.35,,"273렙이고 저번챌섭때 키운거라 기본보장세트있습니다. 무기,방어구 아무것도 없고 엠블렘하나있어유 이거 보스돌이로 키워서 메소를 모아놓을지 아니면 그냥 유기하고 챌섭캐로 재획해서 이번겨울 챌섭을 노리는게 맞는지 고민입니다.",domain-lexicon-v1.1
2300,359612,qna,메이린 배율 96퍼에서 5퍼 끌어올리고 싶은데,2026-07-13 15:00:00+00:00,https://www.inven.co.kr/board/maple/2300/359612,comments,1655,0,14,14,True,neutral,positive,request,커뮤니티,0.35,,현재 이런 상태이고 배율 96.00퍼센트입니다 101퍼 + 렙업 2퍼로 103퍼 트라이하고싶은데 여기서 5퍼는 어떻게 올리는게 좋을까요? 도움 부탁드려요 닉네임 MyReina 입니다,domain-lexicon-v1.1
2300,359615,qna,헤카테:스틱스 바인드 질문,2026-07-13 15:00:00+00:00,https://www.inven.co.kr/board/maple/2300/359615,comments,398,0,9,9,True,neutral,positive,question,보스·전투,0.35,,"보마 키우는 중입니다. 오리진,에르다노바, 스틱스 이렇게 3개가 다 바인드잖아요? 전엔 막 눌렀는데 무슨 저항이 있어서 뭐라뭐라 하는데 잘 이해가 안되서.. 노바는 풀강화했습니다. 보스 잡을때 저 3개 스킬 쓰는 타이밍, 순서좀 알려주세요 메이플 어렵네요 ᅲᅲ",domain-lexicon-v1.1
2300,359616,qna,ㄹㅇㄸ 에서 메소사면 정지 먹나요..?,2026-07-13 15:00:00+00:00,https://www.inven.co.kr/board/maple/2300/359616,comments,3253,0,13,13,True,neutral,positive,question,경제·옥션,0.35,,ᄅᄋᄄ 에서 메소사면 정지 먹나요..? 메이플에 오랜만에 접속해서 메소를 좀 사고 싶은데 메소마켓이랑 물통거래 시세가 상당히 차이나네요. 몇 주 전에 메이플 인벤에서 물통샀다가 정지먹었다는 글을 몇 개 봐서 질문드립니다.,domain-lexicon-v1.1
2300,359631,qna,초보 보스 공략하려면 환산주스탯 몇퍼정도부터 트라이하면 좋을까요?,2026-07-13 15:00:00+00:00,https://www.inven.co.kr/board/maple/2300/359631,comments,411,0,12,12,True,positive,positive,praise,보스·전투,0.6,좋다,"안녕하세요. 복귀뉴비인데 보스 처음 연습할 때, 환산주스탯으로 몇퍼정도에서 패턴 연습 시작하면 좋을까요? 남은 보스들은 하드 듄캘, 카오스 더스크, 하드 진힐라, 검마 ... 입니다. 카엔슬 150%에서도 타임아웃나고, 하드루시드 120%에서도 3페에서 0.5줄 남기고 무한 트라이 하고.. 직업(렌)은 좋다고 하니 손이 찐빠인건지..ᅲᅲ 대충 제 수준이 어느정도냐 하면.. 1. 카이 잡는데 3시간(1페 2.5시간, 2페 0.5시간) 걸림. 2. 지금도 노말 힐라 400%에서 한 두번씩 실카아웃 함. 3. 더스크 파란 구슬 맞기 전에 의지 써본 경험 없음 ᅲᅲ. 명령이 눈->뇌->손까지 가는데 지연시간 좀 걸림. 입니다. 진힐라는 200%인데, 아직도 손이 안가고.. 참 그렇습니다. 기존에 게임하신 분들 보면 120~130%정도에서 넉넉하게 하시는거같은데, 찐빠 좀 있다고 가정하고 200%면 타임아웃 스트레스 크게 없이 도전할만 할까요?",domain-lexicon-v1.1
2300,359640,qna,와이프가 시작한다해서 보마로 하버 만들어줬는데 텔포직업을 원합니다 ㅠ,2026-07-13 15:00:00+00:00,https://www.inven.co.kr/board/maple/2300/359640,comments,1676,1,15,15,True,neutral,negative,question,밸런스·스킬,0.35,,하버랑 비욘드는 캐삭하고 재지정 하면 그만이긴 하지만 아버를 못받으니 이거 뭐..... 어떻게해야할지 모르겠네요 ᅲ 1:1문의글도 남기긴 했지만 ᅲ 아버 종결 아이템으로 가장 싸게 맞춘다면 장비만 100억 밑으로 맞출 수 있을까요? 레테로 진행하려 합니다 ᅲ,domain-lexicon-v1.1
2300,359649,qna,방무는 어떤 위치의 옵션임?,2026-07-13 15:00:00+00:00,https://www.inven.co.kr/board/maple/2300/359649,comments,2481,0,11,12,True,neutral,positive,information,커뮤니티,0.35,,공 마 보 를 제외한 옵션은 취급도 안하던데 챌섭 한정 방무를 쳐주는거임?,domain-lexicon-v1.1
2300,359653,qna,챌섭 질문있습니다!,2026-07-13 15:00:00+00:00,https://www.inven.co.kr/board/maple/2300/359653,comments,215,0,9,9,True,neutral,positive,question,커뮤니티,0.35,,"혹시 에메랄드랑, 챌린저스 각각 찍는데 소요되는 시간이 얼마나 될까요? 군인이라 8월에 휴가 14일 쓰는데 그안에 최소 에메랄드는 찍고 싶어서요! 에메 찍기 쉬운거 같으면 챌린저스 까지 노려보려고합니다! 레테 하버 키웁니다 과금은 20정도 하고 하루에 메이플 4시간 이상은 할 것 같습니다",domain-lexicon-v1.1
2300,359656,qna,282레테 키우고있는데 부캐 키워도됨?,2026-07-13 15:00:00+00:00,https://www.inven.co.kr/board/maple/2300/359656,comments,1012,0,16,16,True,neutral,mixed,information,밸런스·스킬,0.35,,레테가 이뻐서 하긴 했는데 이런 딸각직업보다 꾸준히 스킬 누르면서 바쁜캐릭 좋아해가지고 유챔 키울겸 부캐 하나 키우려는데 280까지는 너무 먼거같고 260이라도 찍어줘가지고 에픽던전 좀 먹이려는데 얼마나 걸릴까요 mvp레드라 레테꺼 몬파 줄 수 있습니다,domain-lexicon-v1.1
2300,359668,qna,메린이 컴퓨터 질문 드려도 되나요..?,2026-07-14 15:00:00+00:00,https://www.inven.co.kr/board/maple/2300/359668,comments,411,0,11,11,True,negative,negative,question,밸런스·스킬,0.6,문제,"오늘 메이플 들어가는데 갑자기 버벅거려서 질문드립니다.. 컴퓨터 문제인지 인터넷 문제인지 잘 모르겠어서요.. 우선 컴퓨터 프레임 드랍은 없는 편입니다. 약간 모 유튜버에 나온 더스크 6차 전직? 그런 느낌으로 조용해졌다가 -> 한순간에 확 바뀌는 느낌으로 반복이 되는데 인터넷 문제일까요? 컴퓨터 문제가 아니라고 생각하는 이유는 화면이 아예 멈추는게 아니여섭니다! 캐릭터들(저를 포함 파티원 전부)의 숨쉬는 애니메이션, 스킬 모션은 그대로 진행이 되는데, 데미지가 안들어가고 멈췄다가, 다시 움직이는 순간 한꺼번에 진행되는 느낌입니다! 열심히 찾아봤는데 관련 내용은 안보여서 질문드립니다 ᅲᅮᅲ",domain-lexicon-v1.1
2300,359678,qna,플라즈마 하트 본캐 vs 부캐 고민,2026-07-14 15:00:00+00:00,https://www.inven.co.kr/board/maple/2300/359678,comments,705,1,9,8,True,neutral,positive,question,커뮤니티,0.35,,"안녕하세요 이번 챌섭에서 플라즈마 하트를 받을 수 있을 것 같은데, 본캐를 줘야되나요 하니면 챌섭캐가 그대로 들어야 되나요? 본캐는 환산 5만 정도에요!",domain-lexicon-v1.1
2300,359697,qna,이지카링이 짜증나는 이유가 뭔가요??,2026-07-14 15:00:00+00:00,https://www.inven.co.kr/board/maple/2300/359697,comments,1855,0,11,11,True,neutral,negative,question,밸런스·스킬,0.35,,이번에 트라이하고있는데 글들 보면 카링은 진짜 극혐이다 최소컷진짜힘들다 이런말 많이 봤는데요 어떤점 때문에 그런지 궁금합니다 일단 페이즈별로 다 깨보면서 제가 느꼈던점은 1. 게이지 관리는 텔직업이라 그런지 안어려웠다 2. 1페를 3마리로 나눠서 잡아야 하니 극딜낭비가 생겨 최소컷이 힘들다? 저는 다음 극딜 돌아올때 되면 피가 준극으로는 안죽고 극딜로는 남아버리는 피인 상황이 와서 애매하더라고요 3. 2페가 가시+도올장판 깔리면 서있을 곳이 너무 좁다 4. 단추구멍이랑 강제텔장판이 잘 안보인다 5. 나쁜도올 만나면 짜증난다 이정도인데 메고수분들이 외치는 짜증나는점은 뭔가요??,domain-lexicon-v1.1
2300,359707,qna,메뉴비 30만원으로 드메 세팅 맞추는 법,2026-07-14 15:00:00+00:00,https://www.inven.co.kr/board/maple/2300/359707,comments,1466,0,11,11,True,positive,neutral,question,보스·전투,0.6,감사,"안녕하세요 요즘 메이플이 재밌어서 30만원만 질러서 드메템을 사고싶은데요! 재획은 평일엔 거의안하고 주말엔 2시간정도 합니다. 그래서 보스 드랍이 좀 욕심나서 메획보단 드랍 위주로 챙기고 싶은데 괜찮을까요? 만약 30만원으로 제 기준 드메 세팅하면 드랍1줄로 8부위 전부 세팅할지 (이벤링 두개가 21,27퍼라 하나만 드랍20입니다) 적당히 드메 드드 섞는게 좋을지 궁금합니다! 효율을 어떻게 보는게 좋을지 아예 감이 안와서 도와주시면 감사하겠습니다!!",domain-lexicon-v1.1
2300,359719,qna,헥사 코어 3 때문에 벽에 막힌거 같습니다,2026-07-14 15:00:00+00:00,https://www.inven.co.kr/board/maple/2300/359719,comments,3334,0,22,22,True,neutral,positive,request,보스·전투,0.35,,이번 유입 메린이 보마로 281렙 찍고 검밑솔 보스들 다 돌면서 행메중이었는데 헥사 코어 2 까지 뚫는데 좀 부담이 되었었습니다 근데 이번에 3까지 뚫으려는데 생각보다 어마무시하게 솔 에르다와 조각이 필요하더라고요... 이건 자연 사냥으로 얻긴 좀 힘든 양 같은데 여기서 현질을 하라고 만든 시스템인가요 아니면 사냥 꾸준히 하면 충분히 가능한 양일까요...? 뉴비라서 진짜 몰라서 여쭤봅니다,domain-lexicon-v1.1
2300,359783,qna,원래 보스 어려워서 사냥만 하던 유저인데,2026-07-16 06:58:00+00:00,https://www.inven.co.kr/board/maple/2300/359783,comments,266,0,9,9,True,neutral,negative,request,보스·전투,0.35,,이번 챌린저스에서 좀 열심히 해보려고 해방까지도 해보려고 보스건드려보고 있는데 카이 노말 806퍼 찍히는데 도저히 못깨겠습니다. 벽느껴져요 꿀팁이 필요합니다..,domain-lexicon-v1.1
2300,359795,qna,메카베리가 블루베리보다 좋은건가요?,2026-07-16 08:23:00+00:00,https://www.inven.co.kr/board/maple/2300/359795,comments,2327,0,9,11,False,neutral,neutral,debate,커뮤니티,0.35,,메카베리 1만메포 블루베리 7500메포네요 악몽선경 4배랑 비교해서 효율 어떤가요?,domain-lexicon-v1.1
2300,359820,qna,안녕하세요 쌩뉴비입니다 오늘 제네시스 해방했는데 한번만 봐주세요 ㅠㅠㅠㅠ,2026-07-16 12:40:00+00:00,https://www.inven.co.kr/board/maple/2300/359820,recommendations,121,0,3,3,True,neutral,positive,question,경제·옥션,0.35,,일리움 키우고 있는 시즌4 쌩뉴비인데.. 대충 1추라는개념 2추라는개념 보고 공부좀 하고 검환불 있는거 300개 다 돌렸는데 저 옵션 나왔는데 1추는 아닌데..음 어찌저찌 쓸만한건가요? 일단은 킵하고 써도 되나요..?? 안되면 메소로 조금 더 돌려야하나해서요 마력1추로 뽑는게 제일 좋은건 알고있는데 진짜 안나오네요,domain-lexicon-v1.1
2300,359821,qna,메이린 tab스킬 계속 들고 있을 수 있나요 ??,2026-07-16 12:40:00+00:00,https://www.inven.co.kr/board/maple/2300/359821,recommendations,104,0,0,0,True,neutral,neutral,request,밸런스·스킬,0.35,,오리진초기화 나오면 오리진 극딜 한번 쓰고 다음 극딜에 쓰고 싶은데 그게 가능한지요 ?? 그리고 5차 초기화는 가장 쓰기 좋은 타이밍이 언제일까요 고수님들 도움 부탁드립니다 ᅮᅮ,domain-lexicon-v1.1
2300,359822,qna,제네 패스 지금사도 될까요?,2026-07-16 12:44:00+00:00,https://www.inven.co.kr/board/maple/2300/359822,recommendations,168,0,3,5,True,neutral,positive,information,커뮤니티,0.35,,저번주에 메이플 시작해서 이번주에 제네패스 살까하는데 충분할까요? 노말 진힐라 까지 연모로 잡아봤어요,domain-lexicon-v1.1
2300,359823,qna,루컨마 힘180급 가격 어느정도 될까요?,2026-07-16 12:55:00+00:00,https://www.inven.co.kr/board/maple/2300/359823,recommendations,106,0,0,0,True,neutral,neutral,information,경제·옥션,0.35,,올텟 6퍼에 힘 119입니다 18성 윗잠 인트27퍼에 아랫잠 에픽 마력2줄인데 팔고 다시 사면 차익이 남을까요?,domain-lexicon-v1.1
2300,359824,qna,쌩뉴비 해방이후 템세팅 진로(자본 80억),2026-07-16 13:12:00+00:00,https://www.inven.co.kr/board/maple/2300/359824,recommendations,82,0,0,1,True,neutral,neutral,question,성장·보상,0.35,,"안녕하세요, 오늘 인생 처음으로 해방했습니다!!!!!!!! 지금 자본은 80~90억 정도 있고, 보조랑 엠블렘을 좀 건드려야 하지 않나 싶긴 합니다. 카르마 레전 잠재 하나 남아있어서, 어디다 써야 할지도 좀 고민스러운 상황입니다. 전체적으로 재화를 어떻게 투자하면 될지 조언해주실 수 있을까요? (or 혹은 아껴두고 나중에 샤타포스나 미라클 타임에 사용해야 하는지)",domain-lexicon-v1.1
2300,359825,qna,복귀 템 시세좀..,2026-07-16 13:13:00+00:00,https://www.inven.co.kr/board/maple/2300/359825,recommendations,80,0,0,0,True,neutral,neutral,information,경제·옥션,0.35,,팔고 챌섭에서 쓰려는데 ᅲ,domain-lexicon-v1.1
2300,359827,qna,해방무기질문,2026-07-16 13:37:00+00:00,https://www.inven.co.kr/board/maple/2300/359827,recommendations,44,0,1,1,True,neutral,neutral,question,성장·보상,0.35,,안녕하세요 이번에 복귀한 메린이 해방무기 큐브를 어제 돌렸는데 제네패스플러스 재화를 어디에 돌리는게 나을까요..? 윗잠 더 돌려볼까요?,domain-lexicon-v1.1
2300,359828,qna,꼬님키,2026-07-16 13:38:00+00:00,https://www.inven.co.kr/board/maple/2300/359828,recommendations,62,0,3,4,True,neutral,positive,request,이벤트·캐시,0.35,,"안녕하세요. 5월 중순에 복귀해서 현재 280 렌, ​챌린저스 서버 섀도어를 본캐로 육성 중인 뉴비입니다. 이번 섀도어 패치를 보고 많이 실망해서, 매몰비용도 아직 크지 않으니 섀도어는 유챔 세렌급 정도까지만 스펙업하고 이후에는 제논을 본캐로 전향할 생각입니다. 현재 아버, 제네시스 패스 등 주요 이벤트 혜택은 대부분 섀도어에 사용한 상태고, 다음 챌린저스 서버를 기다리기는 어려울 것 같습니다. 그래서 제논은 사실상 맨땅 육성을 해야 할 것 같은데, 고민 본섭 유니온 8500 현재 상황 챌섭 섀도어: 헥환 4.3 직전 챌섭 등급: 마스터 본섭: 유니온 8500 280 렌 유챔 A등급 완료 이 경우 제논을 키운다면 1.본섭에서 유니온 8500 효과를 받으며 기존 200 제논을 키우는 게 나을지 2.챌섭에서 챌섭 버프 + 테라버닝을 활용해 새로 키우는 게 나을지 3.다음챌섭or하이퍼버닝이라도 기다리기 조언 부탁드립니다. 현재 생각은 섀도어를 먼저 유챔 세렌급까지 맞춘 뒤, 이후에는 제논",domain-lexicon-v1.1
2300,359829,qna,챌섭 카블큐 사용처 질문,2026-07-16 13:41:00+00:00,https://www.inven.co.kr/board/maple/2300/359829,recommendations,94,0,1,1,True,neutral,neutral,question,커뮤니티,0.35,,지금 카블큐 레전천장까지 60개 남았고 인밴에도 카블큐 60개 잇습니다 레전 하나 만드는게 좋을까요? 지금 해방무기는 레전2중이고 대적자 큐브 기다리는중입니다.,domain-lexicon-v1.1
2300,359830,qna,본캐렌인데 레테로 바꾸는거 어때연,2026-07-16 13:47:00+00:00,https://www.inven.co.kr/board/maple/2300/359830,recommendations,153,0,1,2,True,neutral,neutral,information,커뮤니티,0.35,,이제 익스우 조금씩 노크하고 있는수준인데 레테 재사용뽕맛이 넘 재밌음,domain-lexicon-v1.1
2300,359831,qna,마일리지 가위 구매,2026-07-16 13:56:00+00:00,https://www.inven.co.kr/board/maple/2300/359831,recommendations,76,0,1,1,True,neutral,neutral,question,커뮤니티,0.35,,마일리지로 플래티넘 카르마 가위 사려는데 캐쉬가 없다면서 구매가 안 되네요 가위는 전액 마일리지로 구매하지 못하나요?,domain-lexicon-v1.1
2300,359832,qna,뉴비 레테 레전 똥블렘 그냥 쓰면될까요?,2026-07-16 14:11:00+00:00,https://www.inven.co.kr/board/maple/2300/359832,recommendations,108,0,1,1,True,neutral,neutral,information,커뮤니티,0.35,,"엠블렘부터 얼추 맞춰야한다고 들어서 약간 자원투자해서 만들었는데 큐브가 부적해서 이정도에서 멈추고 제네시스 담주에 해방되면 제네무기 잠재, 유니크 상태인 보조무기 맞추고 천천히 투자하면 될까요?",domain-lexicon-v1.1
2300,359833,qna,헥사 떡작 질문드려요,2026-07-16 14:13:00+00:00,https://www.inven.co.kr/board/maple/2300/359833,recommendations,50,0,0,4,True,neutral,positive,question,커뮤니티,0.35,,"헥사 떡작할때 그냥 주스탯, 보공, 공마 3개 돌려가면서 메인스탯하고 나머지 2개 채우는식으로 하면 되나요? 지금 2까지 열었는데 어디서 그냥 3개 돌려가면서 떡작하면 된다고 들어서요 제가 제네 윗잠이 보보공인데 3은 크주공으로 해도 상관없을까요? 1은 보주공 2는 주공보입니다",domain-lexicon-v1.1
2300,359834,qna,복귀뉴비 챌섭 키우는데 리프할 서버 추천부탁드려요,2026-07-16 14:14:00+00:00,https://www.inven.co.kr/board/maple/2300/359834,recommendations,39,0,1,2,True,neutral,positive,request,경제·옥션,0.35,,에오스서버 유니온 8500에 이래저래 키우다 접고 본섭도 루나서버 유니온 8400정도에 이래저래 키우다 접고 이번에 복귀해서 챌린저도 해보려고 하는중인데 서버는 루나서버로 돌아가서 하는게 나을까요? 예전에는 뭐 3대장서버 있고 비매너도 많고 이래저래 루나나 크로아 가려했던거같은데 경매장도 서버별 달랐고하던시절 지금은 검색해보니 다들 스카니아 말밖에 없어서 질문드려요,domain-lexicon-v1.1
2300,359835,qna,메린이 스펙업 방향성 조언 부탁드립니다 ㅠㅠ,2026-07-16 14:21:00+00:00,https://www.inven.co.kr/board/maple/2300/359835,recommendations,48,0,0,6,True,neutral,positive,request,경제·옥션,0.35,,안녕하세요 친구도없고 같이 메이플하는 사람도 없어서 조언좀 구하려고하는데 챌린저스로 입문한 뉴비입니다. 현재 5만점 다이아몬드는 찍었고 현질해서 60억메소정도 모아놨습니다. 뭐부터 업글해야지 검은마법사를 잡을까요 조언 부탁드립니다.,domain-lexicon-v1.1
2300,359836,qna,메린이 도와주세ㅐ요,2026-07-16 14:37:00+00:00,https://www.inven.co.kr/board/maple/2300/359836,recommendations,46,0,1,1,True,neutral,neutral,question,경제·옥션,0.35,,210억에 올라와 있는 매물인데 현재 가격 오른 거 생각해도 이 정도면 괜찮은 가격인가요 ?,domain-lexicon-v1.1
2300,359837,qna,아니 보스배율 웰케 떨어짐?,2026-07-16 14:42:00+00:00,https://www.inven.co.kr/board/maple/2300/359837,recommendations,268,0,3,9,True,neutral,neutral,information,보스·전투,0.35,,"투력은 그대론데 헥환 떨어진듯,,,저 노칼 230퍼였는데 오늘보니 180퍼인데 뭔 패치가 있엇나요? ᅲᅲ",domain-lexicon-v1.1
2300,359515,qna,지금 미트라 거품이 얼마나 심한건가요???,2026-07-11 15:00:00+00:00,https://www.inven.co.kr/board/maple/2300/359515,views,1549,0,5,5,True,neutral,positive,information,커뮤니티,0.35,,공2줄짜리 80억정도 하던데 이걸 감안해서라도 사는게 나을까요?? 급하게 할 생각은 없는데 챌린저는 찍을꺼라 템은 맞춰주고 있습니다. 아니면 우선 돈 모이는데로 다른부위부터 맞추고 미트라는 나중에 사는게 나을까요???,domain-lexicon-v1.1
2300,359526,qna,님들 지금 크크장갑 사면 바보임?,2026-07-11 15:00:00+00:00,https://www.inven.co.kr/board/maple/2300/359526,views,2816,0,6,6,True,neutral,neutral,debate,커뮤니티,0.35,,에테 크크장갑 어차피 가야되서 오늘 주흔 15퍼작 하기 딱 좋은날이라 사서 할라했는데 4일전이랑 거의 2~30억정도 비싸졌던데 정가가 얼마임? 뭔가 손해같아서 그냥 아케인 크크장갑이나 에테 크주 장갑도 생각중인데 그냥 기다리는게 맞나 모르겠네,domain-lexicon-v1.1
2300,359578,qna,메이플 옥션 메포머임?,2026-07-12 15:00:00+00:00,https://www.inven.co.kr/board/maple/2300/359578,views,3294,0,4,4,True,neutral,positive,information,경제·옥션,0.35,,오랜만에 들어왔는데 다른 서버 아이템 구매하려면 10메포씩 드나봐요?? 펫이 다른 서버꺼가 싸서 그런데 메포도 이럴때 쓰려고 충전해야함? 스카니아 기준 1400만원인데 다른 서버꺼 메포 10원 주고 사면 10만원임,domain-lexicon-v1.1
2300,359660,qna,하드 스우에서 루컨마 떳는데,2026-07-13 15:00:00+00:00,https://www.inven.co.kr/board/maple/2300/359660,views,1724,0,4,4,True,neutral,neutral,request,커뮤니티,0.35,,"파는게 나을까요? 아니면 지금 트와일라이트 마크 17성 강화권 바르고 에픽 잠재, 에디 레어 잠재로 쓰고 있는거 있는데 이거 대신 바꿔낄까요? 이번에 챌섭시작한 뉴비입니다.",domain-lexicon-v1.1
2300,359672,qna,100억으로 할것,2026-07-14 15:00:00+00:00,https://www.inven.co.kr/board/maple/2300/359672,views,1650,0,6,6,True,neutral,neutral,debate,커뮤니티,0.35,,100억 정도 지를건데 미트라랑 레테보조가 너무 비싸서 100억어치 조각사서 강화할 생각중인데 어떻게 생각하시나요 고수분들,domain-lexicon-v1.1
2300,359680,qna,드메 지금 비싸도 사는게 맞나요?,2026-07-14 15:00:00+00:00,https://www.inven.co.kr/board/maple/2300/359680,views,1599,0,6,6,True,neutral,positive,debate,커뮤니티,0.35,,하루 4소재는 꾸준히 해주는 것 같은데 쌍메 하나 사서 메획이라도 올리는게 나을까요? 이벤링은 두 개은 메획으로 사용 중,domain-lexicon-v1.1
2300,359713,qna,챌패스 늦게사면 뭐가손해인가오,2026-07-14 15:00:00+00:00,https://www.inven.co.kr/board/maple/2300/359713,views,1479,0,8,8,True,neutral,neutral,debate,커뮤니티,0.35,,제네패스는 해방늦는건알겠는데 챌패스가 출첵류가있나요? 늦게 사서 한방에 블루배리먹어됴되는거아닌가요??,domain-lexicon-v1.1
2300,359737,qna,보 70 vs 보 65 방무 30 뭐가 좋나요?,2026-07-15 18:32:00+00:00,https://www.inven.co.kr/board/maple/2300/359737,views,1499,0,8,8,True,neutral,neutral,question,밸런스·스킬,0.35,,"뉴비라 잘 모르겠어서 질문드려요 환산사이트 기준 방무 111,475 종합 62089 입니다 직업은 렌입니다",domain-lexicon-v1.1
2300,359757,qna,일주일에 10시간 정도 사냥하면 드메템 굳이인가요,2026-07-16 01:51:00+00:00,https://www.inven.co.kr/board/maple/2300/359757,views,1333,0,5,6,True,neutral,neutral,question,보스·전투,0.35,,"평일에는 할 때도 있고 안 할 때도 있는데 주말에는 좀 많이 하는 편임 약속 없으면 토일 중 하루는 메제 채우는 편이고 한 200억 정도 준비해서 메생 내내 쓸 무교템으로 드메, 드메, 드메 or 메메 이렇게 3부위 정도 살까 싶은데 본섭에도 드메템이 업서요",domain-lexicon-v1.1
2298,224633,shade,연무장 dpm표 보는데 걱정했던 일이 일어난것같습니다....,2026-07-13 15:00:00+00:00,https://www.inven.co.kr/board/maple/2298/224633,comments,1419,0,8,8,True,negative,neutral,complaint,밸런스·스킬,0.6,아쉽,전에 제가 분격 사라질 때 시너지 칼질 당하고 체급 잠깐 올라와도 나중에 수치조정당해서 밑바닥에 박히면 파티구할 때 시너지 어필 이점도 사라지는거라 파티격 구인 메리트도 사라지면 어쩌나 했는데 결국 시너지도 뺏기고 딜도 낮아졌네요 저게 점캔 기준이라는건데 대부분 은월분들은 점캔 하실 줄 모르시거나 익숙하지 않으셔서 삑나실거라 더 낮으실거라 생각이 듭니다 전에 제가 그래서 그냥 시너지라도 지키자고 글 올렸었는데 솔플러들은 족쇄다 뭐다 하셨는데 검밑보스는 그렇다치고 림발흉라인 솔플가는사람 몇 없습니다.... 은월이 궁수분들이랑 시너지도 잘 어울렸구요 파티격에서 평균보다 낮아도 채용되는 이점도 있었는데 그마저 사라지고 아쉽습니다 https://www.inven.co.kr/board/maple/2298/207348?my=post,domain-lexicon-v1.1
2298,224720,shade,창섭이형 은월 스킬에 이런거 어떨까,2026-07-14 15:00:00+00:00,https://www.inven.co.kr/board/maple/2298/224720,comments,1179,3,8,8,True,neutral,neutral,information,밸런스·스킬,0.35,,​ 극딜 때마다 소혼장막이 일시적으로 ᄌᄂ쌔지면서 유저들에게 대체불가능한 뽕맛을 안겨주는거임 이걸 먹어본 사람들은 그 느낌을 평생 잊을 수 없어서 영원한 콘크리트층이 되는거지 ​ 연권도 이런 이펙트가 타격감 훨씬 야무진듯?,domain-lexicon-v1.1
2298,224797,shade,9월밸패예고던데,2026-07-16 09:18:00+00:00,https://www.inven.co.kr/board/maple/2298/224797,comments,948,0,6,6,True,mixed,positive,praise,커뮤니티,0.75,기대 · 부족,지금이라도 탈출해야하나.. 진짜 은월 뎀지뺴고 다 맘에드는데 진짜 너~~~~~~~무약함 지금 투자하긴 너무 꺼려지네요 템이야 사고팔면 그만인데 하필 제기준 심볼+조각이 부족해서 매몰되는 부분 스펙업이 급한지라 9월 밸패 떡상할거같은 기대도 솔직히 아예 안되는데 하 다들 9월밸패 어캐예상함 ᄀᄎ을거같음?,domain-lexicon-v1.1
2298,224826,shade,근데 이 직업은 균등하게 스킬 받으면 안되는 직업임?,2026-07-16 10:34:00+00:00,https://www.inven.co.kr/board/maple/2298/224826,recommendations,308,1,0,0,True,neutral,neutral,request,밸런스·스킬,0.35,,리마 전에도 극딜 스킬을 ᄌᄂ 추가해서 욕 먹어놓고 이번엔 준극딜을 ᄌᄂ 추가해주는데 얘네 리마한 기억을 잃어서 극딜 ᄌᄂ 줬으니까 준극 줘야겠다 이런거임?,domain-lexicon-v1.1
2298,224829,shade,리마 롤백 제발,2026-07-16 10:37:00+00:00,https://www.inven.co.kr/board/maple/2298/224829,recommendations,323,1,1,1,True,neutral,negative,information,커뮤니티,0.35,,성능도 성능인데 이펙트가 너무 그립다... 지금은 뭔 초록아크여,domain-lexicon-v1.1
2298,224851,shade,120초 쿨 해달라고 ㅅㅂ,2026-07-16 14:13:00+00:00,https://www.inven.co.kr/board/maple/2298/224851,recommendations,91,1,0,0,True,neutral,neutral,information,커뮤니티,0.35,,창섭아!!,domain-lexicon-v1.1
2298,224763,shade,2차 테섭 개선내용,2026-07-16 08:02:00+00:00,https://www.inven.co.kr/board/maple/2298/224763,views,1838,0,3,3,True,neutral,neutral,request,커뮤니티,0.35,,진짜 너무한다,domain-lexicon-v1.1
2297,331174,shadower,암메 필터키 쓰시는 분,2026-07-16 08:48:00+00:00,https://www.inven.co.kr/board/maple/2297/331174,comments,1106,0,11,11,True,neutral,neutral,information,커뮤니티,0.35,,차이 많이 큰가요?,domain-lexicon-v1.1
2297,331228,shadower,"섀도어 0렙,1렙,30렙 + 선무아후시퀀스 비교",2026-07-16 09:41:00+00:00,https://www.inven.co.kr/board/maple/2297/331228,comments,1510,5,16,16,True,neutral,negative,debate,밸런스·스킬,0.35,,본인컨기준임 가끔 딜이 거의 10%낮게 측정되던데 이유는모르겠어서 그런값 다 제외하고 가장 중간값 자료만가져왔음 조건 약1분딜 딜사이클 암암메×3+절+암암메 20초딜 후 시퀀스 전부 1레투다2절 기준임 0렙 163.3조 1렙 164.8조 대충 1%오르는듯 선무후시 166.5조 대충 1렙기준 2%오르는듯 ᅳ최대한 보수적으로했음 실전에선 15초전에써도 무방함 15초전에쓴다하면 딜 더 오를듯 30렙 171조 30렙 선무아후시퀀스 169조 1분4초보다 튀는자료는 암암메 1타 더 들어갔다고 봐주면됨 딜량은 잘치시는분들꺼 보시구 확실한것만 말하면 30렙기준 시퀀스무아가 확실히 더 쎔 1렙기준 선무아후시퀀스가 확실히 더 쎔 최종뎀 오르는 수치는 딱히 신빈성있는자료는 아님 내가 특별히 잘치거나 5분40초쳐본것도 아니라서,domain-lexicon-v1.1
2297,331251,shadower,결국 섀86들이 문제였다. 메익 자동사출을 했어야해,2026-07-16 10:13:00+00:00,https://www.inven.co.kr/board/maple/2297/331251,comments,1314,11,9,9,True,neutral,neutral,complaint,밸런스·스킬,0.35,,"피지컬이니 뭐니 망상하면서 필터키, 컴사양에 암메 타수가 저점 고점 널뛰기라 스킬을 요로케 받는거지 뭐",domain-lexicon-v1.1
2297,331191,shadower,딜 상승률 ㅈ박은 이유 추측,2026-07-16 09:05:00+00:00,https://www.inven.co.kr/board/maple/2297/331191,recommendations,1531,3,7,7,True,neutral,negative,request,밸런스·스킬,0.35,,얘들 암메 캔슬 못해서 지들이 칠때 타수 ᄌ박으니까 당연히 일반적인 섀도어 유저보다 허수딜 낮게 나올거고 그만큼 30초 주력기딸깍화 및 자동사출 동안 딜이 상대적으로 더 오를테니까 이따구로 준거아님? 밑에 글 보면 섀도어 유저가 쳤을땐 1.5% 상승인데 지들은 암메 ᄌ같이 쳐서 무아지경 추가하고 쳤을때 3% 상승으로 맞춘거 아닐까,domain-lexicon-v1.1
2297,331271,shadower,결국 최악의 최악의 최악으로 들어 왔구나,2026-07-16 10:35:00+00:00,https://www.inven.co.kr/board/maple/2297/331271,recommendations,1124,3,7,7,True,neutral,negative,complaint,밸런스·스킬,0.35,,진짜 얼마나 일하기 싫은 건지 감도 안옴 버프를 끄는 것이 더 쎄다구요? 그럼 데미지를 올려 드릴테니 끄지마세요 이게 무슨 개 같은 짓거리임?,domain-lexicon-v1.1
2294,457692,soul_master,신규6차 열어도 손해 아니죠??,2026-07-16 10:26:00+00:00,https://www.inven.co.kr/board/maple/2294/457692,comments,307,0,0,1,True,neutral,neutral,information,커뮤니티,0.35,,ᄌᄀᄂ,domain-lexicon-v1.1
2294,457740,soul_master,그냥 핵사스탯이나 내놓지,2026-07-16 11:26:00+00:00,https://www.inven.co.kr/board/maple/2294/457740,comments,167,0,0,1,True,neutral,neutral,request,밸런스·스킬,0.35,,요즘 이새끼들 뭐에다가 인력낭비하고 있는지 감도 안옴ᄏᄏ 퀄리티도 갖다박은거보니 쓰잘데기 없는거 하고있나봐 밸패나 구조개선은 아닌 이유 -> 그거 하고있는거였으면 밸패 후에 신스킬을 내는게 너무 당연함 신스킬로 밸패한다는 허무맹랑한 소리 처음부터 믿지도 않음ᄏᄏ,domain-lexicon-v1.1
2294,457602,soul_master,대체 어디까지 내다봤던걸까,2026-07-16 09:20:00+00:00,https://www.inven.co.kr/board/maple/2294/457602,recommendations,582,1,0,0,True,neutral,neutral,information,커뮤니티,0.35,,2년전 누락사건 이후 저 명대사와 함께 탈메해버린 소마의 왕,domain-lexicon-v1.1
2294,457656,soul_master,신스킬,2026-07-16 10:01:00+00:00,https://www.inven.co.kr/board/maple/2294/457656,recommendations,306,0,0,0,True,neutral,neutral,information,밸런스·스킬,0.35,,1렙 열어도 손해아니죠?,domain-lexicon-v1.1
2294,457637,soul_master,알고 보니 선녀였던 솔루나 파워 ㅋㅋㅋㅋㅋㅋㅋ,2026-07-16 09:46:00+00:00,https://www.inven.co.kr/board/maple/2294/457637,views,440,0,0,0,True,neutral,neutral,information,밸런스·스킬,0.35,,레전드로 ᄌ박은 신스킬 ᄏᄏᄏᄏᄏ,domain-lexicon-v1.1
2298,224679,thunder_breaker,스커..쌀피엠박아서 기운 똑같이쓴 타직업보다 헥환이 낮네..,2026-07-14 15:00:00+00:00,https://www.inven.co.kr/board/maple/2298/224679,comments,1017,0,2,3,True,neutral,positive,information,밸런스·스킬,0.35,,흥ᄀ흑,domain-lexicon-v1.1
2298,224689,thunder_breaker,여러분 혹시 스커도 필터키 써야하나용??,2026-07-14 15:00:00+00:00,https://www.inven.co.kr/board/maple/2298/224689,comments,915,0,5,5,True,neutral,neutral,question,커뮤니티,0.35,,다른사람들도 쓰는지 궁금합니다,domain-lexicon-v1.1
2298,224801,thunder_breaker,스커 ver1.2.204 변경점,2026-07-16 09:31:00+00:00,https://www.inven.co.kr/board/maple/2298/224801,comments,1083,0,4,5,True,neutral,mixed,information,커뮤니티,0.35,,예정된 수순이로군요,domain-lexicon-v1.1
2298,224700,thunder_breaker,스트라이커라는 직업 관련 질문의 건,2026-07-14 15:00:00+00:00,https://www.inven.co.kr/board/maple/2298/224700,recommendations,724,0,1,1,True,neutral,neutral,question,밸런스·스킬,0.35,,스트라이커는 6차 이후와 이전의 차이가 많이 나는 직업일까요? 그리고 차이가 있다면 어떤 점이 차이가 나는지 알 수 있을까요?,domain-lexicon-v1.1
2298,224804,thunder_breaker,만렙 기준 대충 3퍼딱이네,2026-07-16 09:34:00+00:00,https://www.inven.co.kr/board/maple/2298/224804,recommendations,538,0,0,1,True,negative,neutral,information,밸런스·스킬,0.6,너프,액티브 따닥이라 버프동안 태섬횟수 빠지는 거 감안하면 2퍼 후반대 이번 테섭에서 4퍼 가까이로 진입하는 직업들 몇 있는 거 생각하면 대충 1%정도 누락(=너프) 먹었다고 보면 되겠네양,domain-lexicon-v1.1
2304,47736,tips,"키 씹힘을 줄이고 일부 직업의 고점을 뽑는 법, 필터 키 세팅을 알아보자.",2026-06-23 15:00:00+00:00,https://www.inven.co.kr/board/maple/2304/47736,comments,8441,2,15,15,True,positive,positive,praise,밸런스·스킬,0.6,좋다,"메이플은 유독 키씹힘이 심하다. 특히 간혹 가다가,시퀀스를 누른 직후 바로 극딜기 키다운을 했는데 극딜기 키카 씹혀서 안 나갔다가 다시 누르면 바로 키다운이 끊기는 그런 부정적인 경험을 많이들 겪어봤을 거라고 생각한다. 오늘은 이런 키씹힘을 최대한 줄여주고,제로 같은 일부 직업은 직업의 고점 자체가 달라지게 하는 세팅법, 필터키에 대해 알아보자. 1.필터키란?(필터키의 정의) 필터키(FilterKeys)는 시각적으로나 기능적으로 쉽게 설명하자면 '사용자의 실수나 손 떨림으로 인해 키가 의도치 않게 여러 번 눌리거나, 너무 오래 눌려 같은 글자가 연속으로 입력되는 것을 방지하는 윈도우의 접근성(편의) 기능'이다.(출처:제미나이) 일반적으로 필터키를 사용하는 이유는, 키가 여러번 눌리는 걸 방지하기 위해 키 반복입력 속도에 제한을 두는 기능이지만, 레지스트리를 통해 이 값을 건드리면 이것을 역이용해 키가 반복 입력되는 속도를 엄청나게 빠르게 만들어, 키 씹힘 현상을 줄일 수 있다. 오늘",domain-lexicon-v1.1
2304,47755,tips,에테리온 에픽던전 안찍고 에픽 돌았는데,2026-06-24 15:00:00+00:00,https://www.inven.co.kr/board/maple/2304/47755,comments,7931,0,55,49,False,neutral,neutral,information,성장·보상,0.35,,지금이라도 찍는게 나음? 아니면 일퀘로 틀어야함? 보너스 경험치 받을건데 여기에 합계산되면 지금이라도 찍으려고,domain-lexicon-v1.1
2304,47768,tips,뉴비는 사라질 아버를 대비하라,2026-06-25 15:00:00+00:00,https://www.inven.co.kr/board/maple/2304/47768,comments,13901,3,25,22,False,neutral,negative,debate,보스·전투,0.35,,"아버를 준비해야 합니다. ?? : 이제 막 시작했는데 뭔 소리냐 남들 맞출 때 맞추면 비싼 게 당연한 겁니다. 디테일하겐 들어가지 않겠습니다. 기준은 제 주관이며, 상황과 매물에 따라 틀릴 수 있습니다. 모상하 에테 맞추세요 노작이 현 기준 0.4억 정도 합니다. 카룻은 시세와 매물을 볼 줄 알고 나서 생기는 선택지라고 생각합시다. 스타포스는 12>15>17>18 잠재는 에픽 1,2줄 > 유닠 1,2 줄 > 유닠3줄or레전2줄 > 레전 3줄 이런 느낌입니다. 본인의 재정과 취향에 맞춰 갑시다. 추천은 유니크는 카유잠, 레전은 이번 미라클을 즐겨봅시다. (레전 깡통, 잠재 깡통 사는 것도 즐기는 겁니다. 직작은 취향) 그러고 에테에 블큐를 던집시다. 무기에 써야되는데요!<플러스를 지르실 분은 대적자 큐브를, 아니면 무기는 골드큐브가 남아있습니다. 모자 2초+주or올 1줄 상하 유닠2줄 위 정도만 되어도 제법 오래 쓸 수 있습니다. 15성 둘둘이어도 이적자까지도 충분하겠네요. 에디는 에",domain-lexicon-v1.1
2304,47777,tips,쌤들 미라클 대비 도움좀요,2026-06-26 15:00:00+00:00,https://www.inven.co.kr/board/maple/2304/47777,comments,3349,0,17,17,True,neutral,neutral,information,커뮤니티,0.35,,열심히 해서 12억 7월1일 유통기한 블큐 11개정도 있는데 어따바르고 뭐 사먹을까요?,domain-lexicon-v1.1
2304,47780,tips,skrrrrrrrrrrrrrrrrrrrrrrrrrrrrrrrrrrrrrrrrrrrrrrrrrrrrrrrrrrr,2026-06-26 15:00:00+00:00,https://www.inven.co.kr/board/maple/2304/47780,comments,3105,0,23,19,False,neutral,neutral,information,커뮤니티,0.35,,블라인드 된 글입니다. [내용보기] skrrrrrrrrrrrrrrrrrrrrrrrrrrrrrrrrrrrrrrrrrrrrrrrrrrrrrrrrrrr,domain-lexicon-v1.1
2304,47795,tips,"메이플 창모드 렉, 버벅임, 잦은 멈춤 해결법",2026-06-28 15:00:00+00:00,https://www.inven.co.kr/board/maple/2304/47795,comments,8145,0,17,17,True,mixed,negative,request,버그·사용성,0.75,기대 · 문제,"* 실행에 따른 부작용, 예기치 못한 문제 발생에 대한 책임은 사용자 본인에게 있습니다. 문제 발생 가능성이 있음을 충분히 인지하시고 고민해보신 후에 선택하시길 부탁드립니다. 3?줄요약 1. https://nvidia.custhelp.com/app/answers/detail/a_id/5157 사이트로 이동 2. Attachments 항목의 mpo_disable.reg 와 mpo_restore.reg 파일 다운로드 3. mpo_disable.reg 실행 후 재부팅. 메이플 테스트 후 문제 해결되면 상황 종료. 추가 문제 발생 혹은 렉 문제 해결되지 않았을 경우 mpo_restore.reg 실행 후 재부팅 * 해당 방법으로 해결되기를 기대 가능한 문제 · 컴퓨터가 고사양임에도 메이플스토리 창모드 실행 중 잦은 멈춤 (첫 입장 로딩렉 제외) · 창 모드로 다중 작업 중 탭 전환 시 메이플스토리 혹은 웹 사이트의 버벅임 증상 · 모니터 주사율 불일치에 따른 프레임 드랍 증상 Q. 그래서 m",domain-lexicon-v1.1
2304,47801,tips,하드메이린 템세팅 가이드,2026-06-28 15:00:00+00:00,https://www.inven.co.kr/board/maple/2304/47801,comments,40853,19,47,44,False,mixed,positive,request,밸런스·스킬,0.75,감사 · 오류,"참고로, 이 템셋이 무조건 옳다! 는 절대로 아닙니다. 참고를 해서 세팅을 하면 좋겠다 이 정도일 뿐입니다. 스스로 공부해서 본인만의 방향을 찾아가는 것도 상당히 좋은 방법이라고 생각합니다. 들어가기 전, 3줄 요약 조지고 들어갑니다 하드메이린? 은근히 컷 높다. 템을 어느 정도 보강을 해야 한다. 18성 여명, 보조 엠블 레전/에픽으로 가능은 하다! 다들 제네무기 날먹해서 컷을 열심히 내려봅시다! 아래의 조건으로 환산에 시뮬레이션을 돌려 진행하였습니다. 꼭 읽어보고 참고해주시길 바랍니다. 환산주스텟 가이드 : https://www.inven.co.kr/board/maple/2304/47723 환산주스텟 사이트 : https://maplescouter.com/ko 1. 내실 레벨 : 285 (렙뻥도 상당히 중요합니다. 1렙 당 배율 2퍼씩 상승합니다) 6차 강화 : 지금 챌섭에서 키우고 있는 캐릭에 넣었으며, 조각은 1600개 가량, 헥사스텟은 2까지 찍었습니다. 시드링 : 리 4 ",domain-lexicon-v1.1
2304,47806,tips,레드 아닌 분들도 3주차부턴 평일 몬파 7판 추천해요,2026-06-29 15:00:00+00:00,https://www.inven.co.kr/board/maple/2304/47806,comments,21801,15,34,34,True,neutral,positive,request,밸런스·스킬,0.35,,에테리온 아티팩트 활성화 30퍼 + 코어 효과 6퍼 + 훈련일지 50퍼가 다 활성화됐을 때 기준으로 아르테리아 평일 몬파 추가입장 조차도 메포샵 메카딸농보다 1만 메포당 효율이 좋습니다. (메포샵 메카딸농 = 1만메포; 현재는 없음) 280을 찍으신 후 챌섭 사냥이 지치신다면 한번 고민해보세요,domain-lexicon-v1.1
2304,47829,tips,친구들 보여주려고 만든 템셋팅 가이드,2026-07-02 15:00:00+00:00,https://www.inven.co.kr/board/maple/2304/47829,comments,18287,11,78,76,False,neutral,positive,request,밸런스·스킬,0.35,,"챌섭 템셋팅 기본 가이드 1. 무기 제네무기 윗잠방무x3줄 밑잠 2줄 1추@가 최종목표 2. 보조 가성비로 보보방, 보공방 추천 레전에픽 - 40억, 방무 없으면 70억 레전유닠 - 카인90억 렌45억 레테 70억 -> 이렇게 돈 모을 자신 없으면 걍 블랙보조에 대충 직작 3. 엠블렘 미트라 존나비싸서 못산다는 가정 유니크 에픽 15퍼 6퍼 쓰다가 큐브 모아서 등업 노리기 -> 최종적으로 레전 에픽 공21퍼, 공6퍼 노리면 됨 4. 방어구 (오른쪽템) 아이템버닝이나 꾸준히 하자 본인 직업이 쿨뚝 쓰는지 잘 확인하고 / 5. 장신구 가이드라인 최종 목표 - 18성 15퍼 에디에픽2줄 프악공/마작 * 임시 목표 스타포스 - 17성 바르고 샤타때 18성 달아주기 or 17성 깡 직작 (샤타 기준 기댓값 6~8억) 잠재 - 유잠 바르고 15퍼 띄우기 무조건 메멘토 실버 큐브 말고 쓰면 안됨 ex) 메멘토 골드 큐브로 등업 노리면 안됨? ᄋᄋ 안됨 우리할배 운 갖다써도 절대못함 0.04퍼임 ",domain-lexicon-v1.1
2304,47832,tips,하드메이린 클리어 템세팅(114.2퍼),2026-07-02 15:00:00+00:00,https://www.inven.co.kr/board/maple/2304/47832,comments,9435,3,15,15,True,neutral,neutral,information,성장·보상,0.35,,"미트라 80억 (예약 구매) 보조 115억 (예약 구매) 플하 0원(다 이벤트 재화 사용) 무기 55억 (이벤트 큐브 몰빵) 장갑 60억 (15-17 노이벤 때 누름) 몽벨 95억 (판매자가 천사) 데브 22억 (오픈런 구매) 에스텔라 “50억” (잠재 12억, 노이벤 18성 달다가 -40억) 블빈마 20억 (오픈런 구매) 트왈마 45억 (잠재 10억, 노이벤 18성 달다가 -35억) 마이스티링 10억 (잠재 6억, 18성 4억) 가엔링 28억 (오픈런 구매) 사진에 없는 부위인 경우 이벤링, 피도미 사용 기타 비용 진세트 80억(에슝좍) 프펫공 14장 22억 레벨 281, 조각 1600개, 헥사 스텟 2까지 템환 6.08, 헥환 5.03 찐모 배율 114.2퍼",domain-lexicon-v1.1
2304,47836,tips,레테) 하드 메이린 최소컷 템세팅,2026-07-02 15:00:00+00:00,https://www.inven.co.kr/board/maple/2304/47836,comments,29482,3,31,31,True,neutral,positive,complaint,커뮤니티,0.35,,"미트라 165억 + 관세 보조 50억 무기 블큐 화에큐 + 50억 (50억으론 옵션도안뜸) 조각 약 1100개 사용 (교가) 580 기준으로 잡음. 실제로는 더 쌈 플하 대충 2억내외 사용 (교불 블큐) 마깃 60억 루컨 35억 분자벨 (유잠 실큐 + 17성 줌서 4.5억 구매) 레전 7단계 에디 에픽 15억 (미라클에 4개 보냄) 거공 100억 가엔링 17 유에잠 9억 성배 1억 진라벨 35억 D라벨 펫 3억 181 + 50 + 63.8 + 2 + 60 + 35 + 4.5 + 15 + 100 + 9 + 1 + + 35 + 3억 (제네 50억 헛질) 559.3 D라벨 펫 장비 2개 (왜 2개인가요? 초록버섯 자석펫에 장비끼는게 노작 기준으론 더 셈) 번외, 메획 한줄짜리 세개 챌섭 시작하면서 구매해서 45억 소모. 심볼 아케인 올 18, 그란디스 65555 기준 특이사항 ) 패스 전부 구매 + 웰컴 = 11만원 레드 아님 282 찍다가 죽는줄 알았음 브론즈도 어제 달았음 헥사 785",domain-lexicon-v1.1
2304,47837,tips,"아이템 버닝 대체 템셋에 대하여(스압, 장문)",2026-07-02 15:00:00+00:00,https://www.inven.co.kr/board/maple/2304/47837,comments,11936,11,24,25,True,positive,positive,request,성장·보상,0.6,감사,"(10추만 보내서 많은 유저들이 읽을 수 있게 해주시면 감사하겠습니다!!) 챌린저 달성 기념 정말 열심히 준비했습니다. 아이템 버닝을 대체할 수 있을 만한 템세팅은 어느 정도인지, 그리고 아이템 버닝을 끝까지 성장 시켰을 때의 성능은 어느 정도인지 하나하나 계산해보았습니다. 현재 제 챌섭 캐릭터는 템환 60,083 / 헥환 50,018로, 아이템 버닝의 경우 모든 부위 20성인 상태입니다. (편의성을 위해 앞으로는 보스 380 헥환만 언급합니다.) 여기서 아이템 버닝을 22성까지 모두 성장하면 헥환 51,655로, 약 1,637의 환산이 오릅니다. 최종뎀 8.1퍼 가량 상승합니다. 그럼 저 수치를 기억하고, 대체를 한다면 어느 정도로 템을 맞춰야 하는지 계산해보도록 하겠습니다. 템세팅 경우의 수는 아래와 같이 설정하였습니다. 에테르넬 17성 , 유니크 / 에픽 8셋 (모자, 상의, 하의, 장갑, 신발, 망토, 견장) + 제네시스 무기 에테르넬 17성 , 레전드리 / 에픽 8셋 (모자",domain-lexicon-v1.1
2304,47854,tips,[재획 타이머] 메이플 타이머 업데이트 (일필 타이머 등),2026-07-04 15:00:00+00:00,https://www.inven.co.kr/board/maple/2304/47854,comments,5514,12,28,27,False,mixed,positive,request,밸런스·스킬,0.8999999999999999,감사 · 버그 · 문제,"https://maple-timer.com https://maple-timer.com/guide -이전 공유글: https://www.inven.co.kr/board/maple/5974/6694130?my=post ​ ​ 소리 키는거 추천 소리 키는거 추천 안녕하세요. 메이플 타이머 개발자입니다. 또 여러 기능들이 추가되었고, 제보를 보면 반복적으로 잘못 사용하시는 분들이 주로 있어서 글을 작성하려고 합니다. 기존에 적혀있던 기능들말고, 저번 글 기준 업데이트 된 내용을 바탕으로 작성하겠습니다. 글을 시작하기 앞서 홍보를 하자면 이 글을 작성하는 지금 이 순간 실시간 사용자는 500 명이 넘고, 한 달 동안은 10000 명의 세션이 시작된걸 보면 정말 많은 분들이 사용해주시고 계신 것 같아요. 여러 버그를 찾아주시고 좋은 기능들을 제보해주신 여러분 덕입니다. 감사합니다 새로 추가된 점 스킬 알림 1. 알림 기준을 ""쿨타임 이후"" 가능 기존에 "" N초 전 ""만 가능하던 알림을 "" N초",domain-lexicon-v1.1
2304,47858,tips,챌섭 크주 장갑대신 18 상하의 써도 됩니다.,2026-07-05 15:00:00+00:00,https://www.inven.co.kr/board/maple/2304/47858,comments,23004,10,33,33,True,positive,positive,request,경제·옥션,0.6,최고,"20성 도전자 기준입니다. 크주 장갑 상승치 18성 상의 상승치 매물과 가성비를 고려한다면 18성 상의 or 하의( or 견장)도 합리적인 선택지입니다. 상하의는 매물이 많아 스펙업이 더 필요하다면 추옵과 잠재의 급을 높이기 용이하다는 점도 장점입니다. + 도미네이터 관련 도미는 깡통 사서 17성 주문서권 + 유에잠을 사용하는게 최고 가성비이지만, 18도미를 사용하고자 한다면 깡통을 경매장에서 사는 것보단(30억) 19퍼플펜 토드해서 18도미 만들면 더 저렴하게 만들 수 있습니다. (25억)",domain-lexicon-v1.1
2304,47867,tips,하드메이린 오리진 초기화 팁,2026-07-06 15:00:00+00:00,https://www.inven.co.kr/board/maple/2304/47867,comments,16026,11,29,25,False,neutral,positive,question,밸런스·스킬,0.35,,"일단 우리는 20분간 챌섭제공 2초뚝기준 11번의 극딜을 사용하게 되며, 1,4,7,10번째의 극딜에 오리진을 넣어 4번의 오리진극딜을 하게 됩니다. 공용패턴(랜덤기믹)은 55초의 쿨타임이 있어 총20번을 수행하게 됩니다. 그러므로 증강은 총 6번을 뽑을 수 있고, 2번의 기믹정도의 여유가 있습니다. 오리진초기화의 경우 어떨때 뽑으면 총 5오리진을 사용하지만 어떨때는 뽑고도 결국 4오리진을 쓰는 어센트 초기화만도 못한 결과를 낳는 경우가 많은데요 그럼 어떻게 사용해야 5번을 쓸 수 있을까요? case1. 다음 극딜이 4,7,10번째 극딜일 때에 뽑는다. 극딜때 오리진쓰고 초기화해서 바로 다시쓰시면 됩니다. case2. 다음 극딜이 5,8번째 극딜일때에 뽑는다. 초기화 바로 눌러주시고 다음극딜 (5,8)번째에 쓰시면 11번째 극딜에 오리진 쓰면서 5번 사용 됩니다. case3. 다음 극딜이 11번째 극딜일 때에 뽑는다. 극딜때 초기화해서 바로 쓰시면 됩니다 싱글벙글이죠. case4. ",domain-lexicon-v1.1
2304,47870,tips,챌섭 10렙~장인구간 팁,2026-07-06 15:00:00+00:00,https://www.inven.co.kr/board/maple/2304/47870,comments,14441,3,18,18,True,neutral,neutral,request,경제·옥션,0.35,,"일반적으로 알려진 타임리스 신발 쪽은 흑수정 어크 가격이 높게 형성되어있는데 대략 17만 메소라고 가정하고 흑수정 어크는 원석 -> 제련시 6개가 필요하고 제작에 2개 들어가니 (가루 확률은 일단 제외) 1400 숙련도에 17만 메소 * 6 *2 = 204만 메소, 1000숙련도에 145만 메소, 7.14 피로도 데이모스 보조무기 시리즈는 리튬 3개 최상결 2개가 필요한데 개당 3.5만 메소라고 하고 리튬도 제련시 6개가 필요하고 제작에 3개 들어가니 3.5*6*3=63만 메소 1000숙련도에 63만메소에 5피로도임 1000숙련도에 145만 메소, 7.14 피로도 였던 타임리스 시리즈보다 확실히 우위에 있음 최상결 가격은 왜 계산안하냐고? https://www.inven.co.kr/board/maple/2304/3036 이 글을 보면 일반적으로 최상결은 페이백 된다는걸 알 수 있음 레시피 쌀때 꿀빨자",domain-lexicon-v1.1
2304,47881,tips,주간보스 관리 사이트 소개(Maple Week),2026-07-08 15:00:00+00:00,https://www.inven.co.kr/board/maple/2304/47881,comments,3302,0,14,14,True,mixed,positive,request,버그·사용성,0.75,감사 · 버그,"안녕하세요! 2년 전, <메이플 주간보스 관리 사이트>로 한 번 인사드렸던 개발자입니다. 생각보다 많은 분들이 써주시고 피드백도 남겨주셔서, 그동안 틈틈이 서비스를 업데이트 해왔습니다. 그리고 이번 여름방학 시즌 맞이해서, 많은 분들께서 활용해주시면 좋을 것 같아 이렇게 소개글을 남깁니다. 사이트 주소 : https://www.maple-week.com 전체적으로 어떤 기능들이 있는지 짧게 소개드려고 합니다. 1. 캐릭터 및 주차별 보스 클리어 현황 관리 가능 - 캐릭터 및 주차별로 어떤 보스를 언제 클리어했는지 기록할 수 있습니다. 2. 보스 통계 · 히스토리 - 주차별 수익 추이 / 캐릭터별 기여도 / 보스별 랭킹을 그래프로 한 눈에 볼 수 있습니다. - 그동안의 기록이 쌓여서, 내가 그동안 얼마나 벌었는지 장기간 추적이 가능합니다. 이런 분들께 추천드려요! - 본캐 이외에 부캐 보스를 여러 개 돌리시는 분 - 이번 주에 어떤 캐릭으로 어떤 보스를 했는지, 에픽던전은 했는지 자꾸",domain-lexicon-v1.1
2304,47914,tips,[메이플 M] 250작때 해두면 좋은 사전 이벤트,2026-07-16 02:55:00+00:00,https://www.inven.co.kr/board/maple/2304/47914,comments,5852,3,16,29,False,neutral,positive,request,보스·전투,0.35,,"이벤트 기간 : 7월16일~7월29일 *출석 보상 윗줄은 필요가 없음 챌린저스 월드가 진행되기 때문에 (시즌 1이라 어떤 방식으로 진행될지는 모름) 기존에 갖고 있던 아이템이나 윗줄 보상을 못넘겨줌 250작에 쓸만한게 1일차 - 극성비 1개 3일차 - 아케인리버 던전 쿠폰 7일차 - 자석펫 30일 1일차 보상만 먹고 나와도 되고 여유가 된다면 3,7일차까지 추가로 이런 이벤트도 진행하는데 마일리지 받을겸 하는게 좋을듯 일일 콘텐츠 미션은 미니던전 , 보스 , 무릉 , 공간의 경계 4개가 있는데 보스 - 자쿰 무릉도장 , 공간의 경계 - 입장하고 바로 나가도 클리어 됨 미니던전 - 남은 시간 모두 소진해야됨 어차피 120분 자동전투 돌려야되니까 미니던전 120분 돌리셈 하루 티켓 3개씩 주고 120분은 티켓 4개 필요한데 길드 가입하면 출석 보상으로 미니던전 티켓 1개씩 주니까 그걸로 하면 됨",domain-lexicon-v1.1
2304,47739,tips,잡다한 환기성 팁들.txt 『리뉴얼』,2026-06-24 15:00:00+00:00,https://www.inven.co.kr/board/maple/2304/47739,recommendations,7816,11,3,1,False,mixed,neutral,request,버그·사용성,0.75,감사 · 불편,"( _ _ ) 팁게 공지(팁글 모음)에 등재되고 올 여름 많은 편의성 패치가 이루어지면서 바뀐 부분은 수정할 겸 작성하게 되었습니다. 이미 알고 있는 내용은 한번 더 환기하며, 모르는 부분은 알아가는 시간이 됐으면 합니다. # 목차 l 길드 관련 내용 2 보스 관련 내용 3 도움이 될만한 사이트 4 6월 패치 내역 중 알아두면 좋은 사항 5 그 외 알아두면 좋은 사항 1 길드에 관하여 1) 이제 길드에 1캐릭을 넣으면 따로 가입을 하지 않고 그룹 추가로 기존 캐릭 포함 6캐릭을 넣을 수 있습니다. '계정 그룹 추가' 버튼을 누르면 우측 사진처럼 넣을 수 있으며 이후에는 '계정 그룹 리스트'로 관리하시면 됩니다. 2) 주간미션, 플래그 그리고 수로 (1) 주간미션은 레범몬 사냥과 주간 및 일간 보스 퇴치로 쌓을 수 있습니다. (2) 플래그는 한낮 / 석양 / 한밤을 주제로 하는 점프맵을 1회 완주하시면 됩니다. (주마다 테마 변경) (3) 수로는 주간보스처럼 보스세팅 준비를 한 이후 ",domain-lexicon-v1.1
2304,47822,tips,스케줄러 미세 팁 두 가지,2026-06-30 15:00:00+00:00,https://www.inven.co.kr/board/maple/2304/47822,recommendations,10859,24,11,9,False,positive,neutral,praise,보스·전투,0.75,좋아요 · 감사,1) ​ 마우스 휠로 스케줄러 이용하기 ​​ ​​ ​ 마우스 클릭으로 스케줄러 이용하기 ​마우스 휠로 이동하는 것보다 마우스 클릭하고 움직이는 게 훨씬 더 빠릅니다 ​ 보스 추가할 때 사용하면 아주 좋아요 2) 보스 컨텐츠 설정에 들어가시고 밑으로 쭉 내리시면 마일리지 받기가 있는데요 이거 추가하신 다음에 보스 컨텐츠 가장 아래에 짱박혀 있는 마일리지를 우클릭해 준 다음 위치 변경 가장 위로 올려두시면 보스 돌고 마일리지 받을 때 아주 편합니다 이상 스케줄러 미세 팁 두 가지였습니다 감사합니다,domain-lexicon-v1.1
2304,47823,tips,아즈모스 코인샵 다 못쓴 사람 주목,2026-06-30 15:00:00+00:00,https://www.inven.co.kr/board/maple/2304/47823,recommendations,9305,12,11,9,False,neutral,neutral,information,커뮤니티,0.35,,버프 시퀀스 버프 일괄구매 기능으로 영약 구매 가능 참고,domain-lexicon-v1.1
2304,47824,tips,제네패스를 구매하고 제네해방을 하신분을 위한 정보,2026-07-01 15:00:00+00:00,https://www.inven.co.kr/board/maple/2304/47824,recommendations,18732,12,6,6,True,neutral,neutral,request,버그·사용성,0.35,,"1. 해방을 하셨다면 제네패스 탭을 클릭하여 공/마 3% 확정 '소울'을 수령하세요. 이때, 소울 인챈터가 없다면 챌섭 코인샵에서도 구매가 가능하지만 콜렉터에게 500만메소를 주고 구입하는걸 추천합니다. 2. 제네패스 플러스의 물품은 챌섭 티어 달성 보상처럼 본섭에서도 자유롭게 구매/사용 가능합니다. + 대적자의 코인으로 구매한 혹은 미션 달성 보상으로 받을 수 있는 검환 & 큐브는 '월교가' 입니다. 챌섭에서 큐브 등이 남거나 어떤 다른 이유로 본섭에 검환 혹은 큐브를 사용하고 싶으시다면 챌섭에서 수령 후 본섭으로 리프시켜 사용할 필요없이 본섭에서 바로 수령하시면 됩니다. 해방을 하신분들 모두 고생많으셨고 축하드립니다. 좋은 옵션을 뽑으셨으면 좋겠습니다. 남은 챌섭 기간 동안 즐거운 추억 많이 만들어가시길 바랍니다.",domain-lexicon-v1.1
2304,47830,tips,늦었지만 스펙터 블래스트 간단요약,2026-07-02 15:00:00+00:00,https://www.inven.co.kr/board/maple/2304/47830,recommendations,9892,15,9,9,True,neutral,neutral,information,커뮤니티,0.35,,이정도만 알고 가도 깨지않을까...,domain-lexicon-v1.1
2304,47838,tips,"아이템 버닝 대체 5초뚝 템셋 가이드(심화, 장문, 스압)",2026-07-03 15:00:00+00:00,https://www.inven.co.kr/board/maple/2304/47838,recommendations,9872,16,5,7,True,positive,positive,request,경제·옥션,0.6,감사,"아이템 버닝 대체 템세팅 가이드글 잘 보고 오셨나요? 이번에도 좋은 템세팅 가이드글 준비 해봤습니다. (아이템 버닝 대체 템세팅 가이드글 : https://www.inven.co.kr/board/maple/2304/47837) 쿨뚝이 포함된 여러 템세팅 방향에 대해 많은 질문이 있어 따로 준비했습니다. 심화 과정이기에 조금 내용이 깁니다. 양해 부탁 드립니다. 이번에도 환산주스탯 사이트를 활용하여 여러 방면으로 계산하였으며, 새롭게 본섭 경매장 기준 가장 최근에 팔린 합리적인 시세 가격을 포함하였습니다. 다만, ""예상가"" 라는 단어가 있는 경우, 판매 시세를 확인할 수 없어 현재 판매 중인 가격을 조금씩 조율하여 책정한 가격입니다. 이에 따라 템세팅에 들어가는 비용은 달라질 수 있습니다. 이러한 점들을 통해 미리 말씀드립니다. 세팅별 들어가는 재화량은 변동이 무조건 있을 것 입니다. 주의하세요 . 또한, 심화 버전이기 때문에 아이템 조건은 아래와 같이 조건을 박고 시작하겠습니다. 모",domain-lexicon-v1.1
2304,47853,tips,"코젬, 조각 판매할 때 한번 더 검색하세요.",2026-07-04 15:00:00+00:00,https://www.inven.co.kr/board/maple/2304/47853,recommendations,11348,14,6,6,True,neutral,neutral,information,커뮤니티,0.35,,"아이템 올리면 나와있는 최저가로 바로 올리지마시고 검색으로 조각, 코젬 검색을 해보셔요. 이유는 혐사꾼들이 1개씩 올리면서 최저가에 뜨는 금액을 조작해서 님들이 싸게 올리게 만들고 그걸 다시 혐사꾼들이 구매해서 비싸게 올려요. 그런 개쉬기들이 실제로 전서버에 존재합니다.",domain-lexicon-v1.1
2304,47860,tips,뭘 좋아할지 몰라서 계산기 다 때려박아봄,2026-07-05 15:00:00+00:00,https://www.inven.co.kr/board/maple/2304/47860,recommendations,8598,14,13,13,True,mixed,positive,request,경제·옥션,0.75,감사 · 불편,"잠재능력 / 스타포스 / 추가옵션 / 주흔작 / 주문서작 / MVP / 심볼 / 의문의 결계 https://mejeokhwa.com/ 모바일 지원 O 계산기 8개 한 곳에 모아놨습니다 원래 MVP 최적화 계산기만 만들었는데 하나씩 늘리다 보니 이렇게 됐네요 공식 공개 데이터 기준이고 확률 표기는 참고용입니다 강화 비용이 실제 게임에선 N만 단위로 표기되지만 (예: 4,500만 메소) 계산 결과는 그보다 세밀하게 나오는 게 정상입니다 (예: 4,523만 7,000메소) 데이터 틀린 거 있으면 댓글이나 사이트 문의로 알려주시면 바로 잡겠습니다 ---------------아래는 사이트 기능들 입니다--------------- 1. 잠재능력 계산 합계산 적용됩니다. 결과 아래에 역산 기능도 있습니다 2. 스타포스 스타포스도 역산 기능 있습니다 3. 추옵 제논, 데벤져 전용 있습니다 4. 주흔작 순백 가격, 주흔가격 등 입력 가능합니다. 5. 주문서작 놀긍 리턴 등 가장 많이 쓰시는 것들 넣",domain-lexicon-v1.1
2304,47871,tips,사냥터 자리찾기 미세팁 (섭첸 팁),2026-07-07 15:00:00+00:00,https://www.inven.co.kr/board/maple/2304/47871,recommendations,8845,15,10,10,True,positive,positive,request,성장·보상,0.6,감사,"챌섭 사냥터 자리찾느라 열심히 섭첸하시는분들을 위한 팁입니다. 물봉몹 떠있는지, 사람 다 찼다는 안내문구 뜨는지 확인하실 필요 없이 에르다 노바 << 섭첸할때마다 한번씩 눌러주세요. 자리가 없으면 몹이 없어서 에르다노바가 안나가니 섭첸이 바로바로 되고, 자리가 있으면 물봉몹에 에르다노바가 나가면서 숨돌 때문에 섭첸을 못하게 됩니다. 추가로 채널 변경은 단축키에 따로 설정 가능합니다. 단축키 변경에서 < 이친구를 찾아주세요. 그럼 단축키 설정과 에르다노바를 이용해 자리를 좀더 편하게 찾아봅시다. 감사합니다.",domain-lexicon-v1.1
2304,47890,tips,내가 뉴비때 몰랐었던 보스 꿀팁들,2026-07-10 15:00:00+00:00,https://www.inven.co.kr/board/maple/2304/47890,recommendations,12689,13,8,8,True,negative,positive,information,보스·전투,0.6,부족,"1. 무적기가 쿨타임일때 위 아래 어디로 가든 죽는다면 제자리에서 블링크 쓰면 높은 확률로 생존 2. 점프 직후 바로 블링크 쓰면 밀격기에 대처가 가능 3. 진힐라 파란 바인드 맞았을때 바로 리프어택 아래키 텔포 등 이동스킬 연타하면 제자리에 착지 4. 그리드 펜던트는 아이템 드랍률 200 제한에 상관없이 따로 적용됨 5. 보스 보상방에서 팅겨서 못먹고 문의하면 결정석 가격만 돌려줌 6. 버프 즐겨찾기에 일격필살도 넣기 가능 7. 필터키 8. 2페 칼로스 왼비오비 1층 중앙발판쪽에서 스페누르고 간섭작 해야하는쪽 바라보고 있으면 자동저격 9. 1페 대적자 숙인상태로 패링 가능 (점프해서 피하는 3타는x) 10. 카링 2페 원혼패턴 2페 사이사이 가운데 공간에서 블링크로 패턴 날먹 11. 윌 2페 거울 안깨질때 왼쪽 모서리 무적자리 12. 진힐라 오른쪽 끝 모서리 무적자리, 그 자리에서 실 급하게 맞으려면 모서리 보는 방향으로 눕기 13. 환산주스텟에서 하이퍼스텟 남는 자리에 아케인포스",domain-lexicon-v1.1
2304,47891,tips,일루전 링 꿀팁,2026-07-10 15:00:00+00:00,https://www.inven.co.kr/board/maple/2304/47891,recommendations,10643,16,9,9,True,neutral,positive,information,경제·옥션,0.35,,코디는 귀찮고 개성은 챙기고 싶은 사람들한테 꿀팁이랄까 1. 부유 버닝셋 다 장착하면 부유 함 (이번 안경은 안껴도 됨) 원글: https://www.inven.co.kr/board/maple/2304/46080 2. 초사이어언 이번 메소샵에서 재탕하는 용 블래스터 의상 그냥 일루전 링만 끼면 밋밋한데 아그니스 제외 각각 일루전 링 이랑 장착하면 색깔별로 초사이어인 같은 오라가 생김 모자 한벌옷 장갑 망토 다 입어야 됨 예시는 레이든 의상 원글: https://www.inven.co.kr/board/maple/2304/39470,domain-lexicon-v1.1
2304,47893,tips,메이플 아이템 시세 사이트 만들었습니다.,2026-07-10 15:00:00+00:00,https://www.inven.co.kr/board/maple/2304/47893,recommendations,5620,10,10,9,True,mixed,negative,request,경제·옥션,0.75,감사 · 불편,"사이트 링크: https://itemprice.kr 한 줄 설명: 메이플 아이템이 실제로 얼마에 판매됐는지 확인할 수 있는 시세 조회 사이트입니다. 안녕하세요! 아이템을 사고팔 때 현재 경매장에 올라온 가격만으로는 적정 시세를 알기 어려워서, 실제 판매 데이터를 기반으로 아이템 시세를 확인할 수 있는 사이트를 만들었습니다. 사이트의 주요 기능을 간단하게 소개해드리겠습니다. 시세 검색이나 전체보기를 누르시면 실제로 판매된 매물들을 확인할 수 있습니다. 펼쳐보기를 누르면 이렇게도 볼 수 있고요. 아이템 이름을 직접 검색해서 찾아볼 수도 있습니다. 아이템을 클릭하면 해당 매물의 상세 정보를 확인할 수 있습니다. 추가옵션 기댓값도 확인할 수 있고, 스타포스, 추가옵션, 잠재능력, 에디셔널 잠재능력의 제작 비용도 한 번에 계산할 수 있습니다. 아래로 내리면 비슷한 아이템들도 볼 수 있어요! 다음은 아이템 메이커 기능입니다. 원하는 아이템을 선택하고 옵션을 직접 설정해볼 수 있습니다. 스타포스",domain-lexicon-v1.1
2304,47711,tips,[레테 x] 챌린저스 월드 보공 10% 칭호를 쉽게 먹는 법(얼티 1렙으로 카벨 1극컷),2026-06-23 15:00:00+00:00,https://www.inven.co.kr/board/maple/2304/47711,views,36225,1,5,5,True,neutral,neutral,request,밸런스·스킬,0.35,,"※ 주의 본캐 레테 제외입니다. ​ 1. (챌섭 에메랄드는 1-3번으로 스킵) 레테를 200까지 키웁니다 (무조건 본섭에 생성) 1-2. 닥사 하지 말고 공략을 보고 101까지 퀘로 밀고 까지 사냥 후 140 찍고 딸농 한번 1-3. 레테 생성 후 뚱성비를 먹인다 ​ 2. 얼티링을 구매(코강 할 경우 1렙으로 충분히 가능 코강해서 한번에 죽이는걸 추천합니다.) 3. 코어젬스톤 400개 정도 구매(본섭 경매장 스카니아 기준 약 4000만메소) 4. 링크 유니온 세팅(데미지, 보공, 최종뎀, 크뎀, 크확 관련으로만) #주의 얼티링 효과로 인해 공마, 스탯 같은 스펙은 적용이 안됩니다. 5. 코어강화를 합니다. 직업 코어 각각 20렙 정도(마지막꺼는 10렙, 쓸샾, 쓸컴, 오버로드 마나, 이계 여신의 축복, 프라이멀 퓨리 를 1렙만 오픈 6. 시퀀스와 키세팅합니다. 펫 스킬도 넣기 [이건 인터넷에서 찾아보기 마지막에 얼티링과 엔버링크만 넣어주세요.], 길드 가입(연모로 노블 받기) 7. ",domain-lexicon-v1.1
2304,47745,tips,에테리온 아티팩트 트레져헌터 박스 효율 (vs 에픽던전 풀강),2026-06-24 15:00:00+00:00,https://www.inven.co.kr/board/maple/2304/47745,views,18024,0,10,10,True,neutral,neutral,request,성장·보상,0.35,,"1. 에테리온 아티팩트 왼쪽의 효과는 순차적 활성화고 오른쪽 강화 기능만 이번주에 하나 더 개방하는 겁니다. 2.트헌 배율은 나무위키 참고했습니다. 275기준 앵컴 657,300,000,000 x 130% = 1972억 추가 경험치 지역 내 최저렙 [275 시든 봄의 연구자 2,903,024exp] 기준 아티팩트 강화 효과로 67,929 마리 분의 몹 배율 만 챙기면 에픽던전보다 효율이 좋음 이는 에스페시아 레전1회, 유니크1회 만 띄우면 추가 몹 배율 66,000 마리로 폴로 프리토 한두번만 더 띄워도 에픽던전보다 효율 좋음 플메제 극저점기준 폴로 프리토 에픽 44회, 레어 26회 나오면 추가 몹 배율 68,400로 에픽던전 강화보다 경험치량이 높음 280기준 악몽선경 1,039,200,000,000 x 130% = 3117억의 추가 경험치 지역 내 최저렙 [280 하이레프 보병 3,436,027exp] 기준 아티팩트 강화효과로 90,715 마리 분의 몹 배율 만 챙기면 에픽던전보",domain-lexicon-v1.1
2304,47751,tips,챌섭 펫장비작 싸게하는법,2026-06-24 15:00:00+00:00,https://www.inven.co.kr/board/maple/2304/47751,views,14862,1,7,7,True,neutral,neutral,request,경제·옥션,0.35,,1. 지인이랑 서로 본섭에서 필요한 펫장비와 프펫공마를 산다 펫장미에 10작을 한다 2. 한명씩 돌아가면서 본섭에서 올리면 챌섭에서 구매한다 누군가 낚아채 갈 수 있으니 비슷한 시세로 하돼 위와 같이 펫장비 검색을 하면 쉽게 찾을 수 있다 챌섭에서 하면 엄청 비싼스펙업을 3배 정도 싸게 할 수 있다 챌섭 본섭 펫장비주문서값. 많이차이남,domain-lexicon-v1.1
2304,47776,tips,"사냥 드랍, 메획 한줄당 효율",2026-06-26 15:00:00+00:00,https://www.inven.co.kr/board/maple/2304/47776,views,14628,1,12,12,True,neutral,mixed,request,성장·보상,0.35,,"메소효율은 메소주머니 100% 드랍을 가정하여 계산하였습니다.(드랍률 67%이상) 결론 레벨 275몹, 30분당 9600마리(1젠=40마리) 사냥, 조각 가격 650만 가정 메획 20%당 메소 획득 증가량(재획비x): 396만메소 메획 20%당 메소 획득 증가량(재획비O): 475.2만메소 드랍 20%당 메소 획득 증가량: 265.7만메소 (메소주머니 100%드랍 가정) 드랍 0%, 메획 0% 기준 30분 사냥 메소: 1980만메소, 4.08조각 =4632만메소 기본 사냥 메소(어빌+쓸홀심 만렙): 드랍 68%(민생24+홀리심볼24+어빌 20), 메획 15%(어빌15%) 30분 사냥 메소 : 2277만메소 + 5.95조각 = 6145만메소 메획 효율 계산 메소주머니 한개당 메소 공식: (몹 레벨*7.5)+-20% 평균 : 몹 레벨*7.5 레벨 275 몹 기본 메소: 2062.5메소 1젠=7.5초 30분= 240젠 1젠당 마릿수 40마리 사냥터 가정 시 30분 마릿수 = 9600마리 ",domain-lexicon-v1.1
2304,47786,tips,나 다음주에 해방인데 무기 3줄 기댓값 얼마임?,2026-06-26 15:00:00+00:00,https://www.inven.co.kr/board/maple/2304/47786,views,20800,10,5,3,False,neutral,neutral,request,성장·보상,0.35,,"곧 해방인데 메수라이브가 안돼서 확률을 계산해봤습니다. 전제 1. 모든 확률은 메이플스토리 공식 홈페이지에 공개된 확률을 따른다. 2. 확률은 기하분포를 따른다.(처음으로 성공할 때까지 계속 실패하는 분포) 3. 무기, 보조, 엠블렘의 렙제는 200, 100, 200레벨로 가정한다. 4. 본 글에서 공격력으로 표기하며, 마력은 공격력과 같은 확률을 따른다. 5. 무기와 보조 윗잠의 경우, 방무를 제외한다. 6. 에디셔널 옵션의 경우, 보공과 방무를 제외한 공격력% 2줄을 계산한다. 7. 엠블렘은 공공공, 공공방, 방공공의 경우만 계산한다. 8. 이탈 옵션의 경우도 포함해서 계산한다. 9. 윗잠의 경우, 레전드리 등급에서 계산한다. 10. 에디셔널의 경우, 유니크와 레전드리 등급에서 계산한다. ========================================================= 1. 무기 (200레벨) 1-1) 윗잠 옵션 확률 1 보보보 = 0.09163% 2 보보공",domain-lexicon-v1.1
2304,47852,tips,※필독※ 캐시로 자석펫 도전하는 뉴비들,2026-07-04 15:00:00+00:00,https://www.inven.co.kr/board/maple/2304/47852,views,13911,0,5,5,True,neutral,neutral,information,경제·옥션,0.35,,원더베리까고 나오는 일반펫들이랑 합성후 나오는 D라벨들 전부 페이백 가능합니다. 경매장에 몇만원 몇천만원 헐값에 넘기지마시고 페이백해서 메포 챙기세요.,domain-lexicon-v1.1
2304,47876,tips,챌섭 레테 제자리 사냥터 (아르테리아),2026-07-08 15:00:00+00:00,https://www.inven.co.kr/board/maple/2304/47876,views,20925,6,14,12,False,neutral,neutral,information,보스·전투,0.35,,"세르니움~도원경 제자리 사냥터 0:00 ~ 0:23 팁 0:23 ~ 0:45 280 사냥터 - 외곽 전투지역2 서쪽 외곽 0:45 ~ 1:07 281 사냥터 - 최하층 2 (3누스 새벽 사냥) / 1 (황혼 사냥) 1:07 ~ 1:38 282 사냥터 = 최하층 5 / 4 1:38 ~ 2:47 283~284 사냥터 - 최상층 2 4 7 8 / 1 3 5 1. 스캐터 ON 기준 입니다 2. 매크로에 컨버지+임펠 등록하고 사용하면 약 60초 동안 동꼽이 가능합니다 (임펠만 썼을때 : 45초까지 동꼽 가능) 관련 글 : https://www.inven.co.kr/board/maple/2304/47758 추천 사냥터 : 최상층4 - 40마리 / 몹 레벨 284 포탈로 3누스 설치와 회수까지 가능 단, 중간 야누스 설치시 점프 설치해야됨 가운데 포탈에서 황혼 써도 40마리 잡힙니다 설치X로 40마리 잡히는데 포탈회수까지 가능 최하층4 - 36마리 / 몹 레벨 283 무설치 잠수 사냥 가능 포탈",domain-lexicon-v1.1
2304,47879,tips,검솔하는데 딜이 모자른 사람을 위한 딸깍팁,2026-07-08 15:00:00+00:00,https://www.inven.co.kr/board/maple/2304/47879,views,14591,1,10,10,True,neutral,neutral,request,밸런스·스킬,0.35,,이번주 아케인 6지역 20레벨이 찍히고. 길드에 들어가있는 기준 아케인포스는 1450. 이번 제네패스 버프에는 아케인포스+ 가 빠져있고 버닝비욘드 칭호가 없다보니 아케인포스가 미달이라 아래 사진처럼 검마에 데미지가 정상적으로 들어가지 못한다. 여기에서 하이퍼스탯에 아케인포스 항목에 1레벨을 주면. 1455이 되는데 갑자기 보스 배율이 15%이상 뛰는걸 볼 수 있다. 하이퍼스탯 3번 빈칸에 목표 아케인포스 레벨 1렙 준다음 보스세팅최적화 해서 하이퍼스탯을 만지면 됩니다. ps. 제가 늦게 시작해서 아케인 20레벨이 아직이에요. 보스 하급코인상점에서 심볼 교환해도 메생은 망하지 않습니다. 필요한거를 바꿔서 검솔을 도전해보자!,domain-lexicon-v1.1
2304,47901,tips,챌린저스 카레잠 비싸게 사용하는 팁 뉴비들을 위한,2026-07-12 15:00:00+00:00,https://www.inven.co.kr/board/maple/2304/47901,views,13410,1,7,9,True,neutral,neutral,information,경제·옥션,0.35,,"들어가기 앞서 본인은 챌섭 한달동안 큐브 2.5조 사용한 대장장이입니다 고확이나 뉴비분들이 카레잠 사용법을 잘 모르고 그냥 파시는 경우가 많아서 최대한 이득 많이 보는 판매법을 소개하자면 1. 마일리지 가위가 있을경우 아래 사진처럼 노작 아케인 장갑을 산뒤 아무것도 하지말고 그냥 카레잠만 바르고 가위 잘라서 파는경우 현 시세대로라면 잡레 25~26억 정도에 팔립니다 + 나는 카르마블큐같은 게 남는다 그리고 도파민좀 맛보고싶다 그러면 크 + 주스텟 한줄 뽑으면 35~40억에 팔립니다 (근데 이건 비추) 2. 1번째가 많이 퍼져서 이제 아케인 장갑 잡레 가격이 많이 내려가졌을떄 추천 드리는건 마이스터링에 바르기, 아니면 레드 매지션 마이스터 심볼에 바르기 + 마이스터 올마이티링 이 3개가 제일 베스트인거같습니다 제가 계속 봐온바로는 마이스터링 잡레 가 격이 21~22억에 빠르게 팔리는 모습을 매우 잘 봐왔고 거기다 주스 텟 3줄 (27퍼등) + 에디 에픽 잠재 + 18성(샤타때) + 프",domain-lexicon-v1.1
2296,184350,wild_hunter,어떤 무친놈들이야,2026-07-16 08:21:00+00:00,https://www.inven.co.kr/board/maple/2296/184350,comments,865,0,3,3,True,neutral,neutral,information,커뮤니티,0.35,,어떤놈들이 반짝얘기했냐 반짝만 들어왔잖아 ᄉᄇᄉᄇ,domain-lexicon-v1.1
2296,184496,wild_hunter,와헌 뉴비들 귀엽네,2026-07-16 11:03:00+00:00,https://www.inven.co.kr/board/maple/2296/184496,comments,661,2,4,5,True,neutral,neutral,information,밸런스·스킬,0.35,,와헌 원래 뜬금없는 병신스킬 받기 전문이었음 ᄏᄏ 문의나 하러 가긴 할텐데 받아 준 적이 별로 없긴 하다,domain-lexicon-v1.1
2296,184533,wild_hunter,스킬 입력 향상 << 이거 켜두면 표식+텔포 동시에 됨 ;;,2026-07-16 13:12:00+00:00,https://www.inven.co.kr/board/maple/2296/184533,comments,298,0,4,3,False,negative,negative,complaint,버그·사용성,0.6,불편,테섭에서 세렌 치고 있는데 거기 정오 석양 넘어갈때마다 프레데터스 리프 < 저 이거 자주 쓰거든요 아델도 키워서 페이즈 넘어갈때마다 묻히는거는 별로 안불편한데 저거 이번에 실험실 기능에 나온 스킬입력 향상 누르면 프레데서트 리프 누르자마자 걍 보스쪽으로 텔포 타버려서 파파팍 맞아버림; 이상하다 싶어서 무릉왔는데 역시 그럼.. 기분탓인가 커맨드 3종 더 잘눌리는 느낌이였는데.. 해결될랑가요?,domain-lexicon-v1.1
2296,184442,wild_hunter,10초무적도 따로 빼줘야돼요,2026-07-16 09:24:00+00:00,https://www.inven.co.kr/board/maple/2296/184442,recommendations,770,1,2,2,True,negative,neutral,complaint,밸런스·스킬,0.6,불편,"1. 쿨타임 2. 발칸사용중 시전가능 3. 블룸 재사용시 10초무적 1. 쿨타임은 20 60 120중 한개가 제일 좋죠. 근데 썡 20초로 들어오면 극딜때 얘만 쿨감 못받으니 결국 쿨 꼬이는거 똑같고 그렇다고 해서 커맨드 스킬로 변경시켜줄거 같진 않습니다. 120초는, 애초에 30초로 줬다는게 극딜스킬로 줄 생각은 없는거라 생각합니다. 그럼 결국 현실적으로 60초가 최선일거 같네요. 2. 발칸사용중 시전가능 60초가 되면 어짜피 레지인팬때 키다운 떼야하니깐 어느정도 해결되긴 하겠네요. 근데 그래도 레지인팬은 공용스킬이니깐 그런거고 신규스킬은 와헌스킬인데 키다운중 시전가능이 맞다고 생각합니다. 애초에 캐릭 설계를 평딜 극딜 죄다 키다운에 그 키다운 도중에 스킬 쓰는걸 컨셉으로 만들어놓고... 3. 10초무적 이번 바인드 패치로 와헌의 10초무적의 의미가 많이 퇴색되었습니다. 블룸 첫사용엔 버프만 들어가고 블룸 재사용시 10초무적 적용되게 해야합니다. 애초에 오리진때 무적 손해보는것도 ",domain-lexicon-v1.1
2296,184473,wild_hunter,진짜 뭐하는스킬이냐,2026-07-16 10:16:00+00:00,https://www.inven.co.kr/board/maple/2296/184473,recommendations,420,2,0,0,True,negative,neutral,complaint,밸런스·스킬,0.6,불편,쿨도안맞고 다른스킬 발칸쓰면서 잘쓰고있는데 왜 얘만 튐? 60초라도 맞춰서 같이쓰게 만드는거도아니고 뭔 직업을 이래 편하게 쓰고있는거 일부러 불편하게 만들어줌? 개병ᄉ인가 재밋어서 챌섭에서 열심히 키워보려는거 벌써부터 불편해질거 아니까 오만정 다떨어지네.. 처음부터 스킬끈고 나가게 만들던가 재규어스킬도... 이제와서 애정테스트하고 ᄌᄅ이네,domain-lexicon-v1.1
2296,184549,wild_hunter,뉴비 재규어 승차감 질문,2026-07-16 15:00:00+00:00,https://www.inven.co.kr/board/maple/2296/184549,recommendations,21,0,0,1,True,positive,neutral,question,커뮤니티,0.6,재미,내가 알던 와헌은 재규어 색깔별로 수집해서 하양이 빨갱이 퍼랭이 노랭이 등등 골라타는 재미가 있던 놈인데 이제 이거 한마리로 끝임? 튜닝 못함??,domain-lexicon-v1.1
2296,184426,wild_hunter,딜 약한거? 다들 약하니까 그럴수 있음 근데 족쇄는 뭐하잔거임?,2026-07-16 09:16:00+00:00,https://www.inven.co.kr/board/maple/2296/184426,views,655,0,2,2,True,negative,neutral,complaint,밸런스·스킬,0.6,불편,분명 각 직업군들한테 필요한걸 준다면서 왜 ᄌ같이 불편하기만 한 족쇄를 쳐 내놓는건지 도저히 이해가 안되네,domain-lexicon-v1.1
2296,184298,wind_archer,하드메이린,2026-07-16 05:50:00+00:00,https://www.inven.co.kr/board/maple/2296/184298,comments,399,0,3,3,True,neutral,positive,request,커뮤니티,0.35,,직게에서 96~97이면 최소컷 될거같다는 글 보고 96퍼로 트라이 7번정도 해봤는데 7~8퍼쯤에서 타임아웃 당하는중입니다. 제가 모르는 윈브 디테일이 있는건가요 선생님들 비법소스 공유해주세요..,domain-lexicon-v1.1
2296,184445,wind_archer,신규 스킬 개이뿌덩,2026-07-16 09:30:00+00:00,https://www.inven.co.kr/board/maple/2296/184445,comments,1042,0,1,1,True,negative,neutral,complaint,밸런스·스킬,0.6,아쉽,시퀀스 안해준건 아쉽네 ᅮ,domain-lexicon-v1.1
2296,184463,wind_archer,얼마나 약할까 하고 테섭가서 1렙 열어서 5분 쳐봣는데,2026-07-16 10:00:00+00:00,https://www.inven.co.kr/board/maple/2296/184463,comments,1431,0,2,2,True,neutral,negative,information,밸런스·스킬,0.35,,헥환 4.9 챌섭 부캐인데 딜량 5000억 안나옴 ᄋᄋ,domain-lexicon-v1.1
2296,184469,wind_archer,윈브 아네모이 시퀀스 안넣어줬죠?,2026-07-16 10:10:00+00:00,https://www.inven.co.kr/board/maple/2296/184469,recommendations,409,0,0,0,True,neutral,neutral,information,커뮤니티,0.35,,도대체 언제넣어주냐...,domain-lexicon-v1.1
2296,184539,wind_archer,타직업인데도,2026-07-16 13:51:00+00:00,https://www.inven.co.kr/board/maple/2296/184539,recommendations,216,0,0,0,True,neutral,neutral,request,밸런스·스킬,0.35,,시퀀스 개선 받길 응원합니다. 이펙트 개선은 축~,domain-lexicon-v1.1
2296,184548,wind_archer,윈브 5초뚝 유효한가요?,2026-07-16 14:42:00+00:00,https://www.inven.co.kr/board/maple/2296/184548,recommendations,54,0,0,2,True,neutral,neutral,information,커뮤니티,0.35,,5초뚝 수요 있으면 팔게요,domain-lexicon-v1.1
2296,184345,wind_archer,이제 4초뚝은 3초에비해서,2026-07-16 08:16:00+00:00,https://www.inven.co.kr/board/maple/2296/184345,views,1152,0,1,1,True,neutral,neutral,information,커뮤니티,0.35,,아주살짝매끄럽다 말고는 아무메리트가 없는건가요 18에테 윗잠 2초1초잡 아랫잠 1초잡잡인데 아랫잠 그냥 돌리는게..?,domain-lexicon-v1.1
2296,184431,wind_archer,● ▅▇█▇▆▅▄▇,2026-07-16 09:16:00+00:00,https://www.inven.co.kr/board/maple/2296/184431,views,613,0,0,0,True,neutral,neutral,information,커뮤니티,0.35,,식곤증,domain-lexicon-v1.1
2298,224608,xenon,제논 이번 신규 6차,2026-07-12 15:00:00+00:00,https://www.inven.co.kr/board/maple/2298/224608,comments,1679,0,7,7,True,neutral,negative,information,밸런스·스킬,0.35,,"나름 잘받았다고 생각되네요. 가볍게 나온 즉발형 스킬 같은데, 짧쿨이라 중간중간 뽕맛용으로 좋고 듀블 카퓨같아서 좀 재밌네요.",domain-lexicon-v1.1
2298,224628,xenon,제논 챌린저 질문,2026-07-13 15:00:00+00:00,https://www.inven.co.kr/board/maple/2298/224628,comments,1126,0,11,11,True,positive,positive,request,커뮤니티,0.6,재미,안녕하세요 이번 챌섭때 복귀해서 제논 재미있게 하는 사람입니다!! 하다보니 재밌어서 챌린저 욕심도 나는데 혹시 여기 템에서 어떤 걸 바꿔야 챌린저가 좀 수월할까요 해방은 이번주에 합니다!!,domain-lexicon-v1.1
2298,224742,xenon,제논 저스펙 때 좀 약한가요?,2026-07-16 03:11:00+00:00,https://www.inven.co.kr/board/maple/2298/224742,comments,1371,0,6,6,True,neutral,positive,information,커뮤니티,0.35,,화요일에 복귀해서 키우는 중입니다! 미트라+보조 적당히 유효옵으로 맞춰놓고루컨마 마깃안 커포링 거공 박고 시작해도 뭔가 약한 느낌이네요 ᅲᅲ,domain-lexicon-v1.1
2298,224811,xenon,제논 스킬 변경점,2026-07-16 09:55:00+00:00,https://www.inven.co.kr/board/maple/2298/224811,comments,1660,1,6,7,True,negative,negative,request,밸런스·스킬,0.6,버그,"1레벨 ~ 30레벨 퍼뎀 변화 X 1. 스킬 하단범위 확장 레일건 하단 범위 확장 기존 : 앞 480 / 뒤 170 / 위 390 / 밑 150 변경 : 앞 480 / 뒤 170 / 위 390 / 밑 220 참고용) 저격 범위 : 앞 450 / 뒤 1 / 위 220 / 밑 220 * 저격과 통일시켜줬음, 이제 점샷해도 맞음 2. 타격 시점 변경 기존 : 2타로 나뉨, 대부분의 딜이 2타 시점 에 들어감 변경 : 1타 에 7회 공격 한번에 들어가는 구조로 변경 (여전히 증발할 순 있는데 그럴 확률이 많이 줄어듦) 3. 암전 효과 이펙트 투명도 적용 스킬 투명도 내리면 화면 까매지는 효과를 줄일 수 있음 4. 저격 에임 이펙트 롤백 기존 본섭 사양으로 롤백 * 테섭에선 저격 에임 이펙트가 사라졌었음. 버그였던듯? 저격 사용 시 레일건 딜레이 x 요구는 채택해주지 않음 스킬 밸류 관련된 변경점 x 저격 이펙트 버그도 수정되었고 스킬 밸류는 의도한 사항이라고 하니 본섭 올 때 뭐가 더 바뀌",domain-lexicon-v1.1
2298,224735,xenon,"제논 에디 올올올 전부위 완료(모자,장갑 제외)",2026-07-15 23:46:00+00:00,https://www.inven.co.kr/board/maple/2298/224735,recommendations,1427,1,4,5,True,neutral,neutral,information,커뮤니티,0.35,,"신발은 8월중으로 완성할 예정입니다. 모자는 에디 1초올66이고, 장갑은 아예 새로 교체할거라서 에디 크3올66으로 맞출거라 제외시켰습니다. 6년간 빌드업을 쌓아온 결과네요. 확실히 잠재 전승 패치를 잘 활용했다고 생각합니다. 스링만 유일하게 에디 직작해서 뽑은거 말고는 나머진 전부 다 사온겁니다.(하나하나 직작하면 큰일나요;;ᄏᄏ)",domain-lexicon-v1.1
2298,224847,xenon,제논 3초뚝 투자좀 해주는게 맞을까,2026-07-16 13:53:00+00:00,https://www.inven.co.kr/board/maple/2298/224847,recommendations,210,0,2,2,True,neutral,neutral,information,커뮤니티,0.35,,그냥 3초잡 5~60억 사기 vs 2초올올 + 에디 1초 조립해서 만들기(200억+-) 쿨뚝 산다고 치면 그래도 제대로된거 사는게 맞을까? 아니면 그돈으로 다른부위 먼저 맞춰주는게 좋을까,domain-lexicon-v1.1
2298,224849,xenon,제발골라주세요,2026-07-16 14:04:00+00:00,https://www.inven.co.kr/board/maple/2298/224849,recommendations,186,0,2,4,True,neutral,positive,information,커뮤니티,0.35,,환산 8~10만 바라보는 제논뉴비입니다 둘중 뭐가낫나요 제논장인분들,domain-lexicon-v1.1
2298,224669,xenon,레전드사건발생,2026-07-13 15:00:00+00:00,https://www.inven.co.kr/board/maple/2298/224669,views,1667,0,4,4,True,neutral,neutral,information,밸런스·스킬,0.35,,"님들 제논 일반극딜때 스매셔 키다운 눌러줘야되는거죠?? 챌린저까지 달면서 지금 처음알았는데, 딜차이 많이나요?? 하드메이린 104퍼에 클리어보긴했는데",domain-lexicon-v1.1
2298,224699,xenon,포톤 매우 짜증나는데도 불구하고 쉬쉬하는게,2026-07-14 15:00:00+00:00,https://www.inven.co.kr/board/maple/2298/224699,views,1459,0,4,4,True,neutral,negative,request,커뮤니티,0.35,,사용성 개선 혹은 간소화 패치 되도 이 체급이 유지가 될까? 이생각부터 듬,domain-lexicon-v1.1
2294,457576,zero,미하일) 크바 걸렸을때 몸박가드 되나 테스트 도와주실분,2026-07-16 08:57:00+00:00,https://www.inven.co.kr/board/maple/2294/457576,comments,675,0,8,8,True,neutral,neutral,information,커뮤니티,0.35,,ᄌᄀᄂ,domain-lexicon-v1.1
2294,457684,zero,필터키 그렇게나 체감되나요?,2026-07-16 10:17:00+00:00,https://www.inven.co.kr/board/maple/2294/457684,comments,1064,0,9,10,True,neutral,positive,question,보스·전투,0.35,,보스 20분 패치 전에 데티카칼 103%로 필터키없이 1분30초 남기고 원트클하는 유저한테도 체감이 크게 올까요?,domain-lexicon-v1.1
2294,457743,zero,글 지운거보니까,2026-07-16 11:36:00+00:00,https://www.inven.co.kr/board/maple/2294/457743,comments,735,0,9,8,False,neutral,neutral,information,커뮤니티,0.35,,진짜 본인이 분탕인줄 모르는 분탕이였던거임 ᄃᄃ 분탕이면 글남기고 오히려 즐길텐데 ᄏᄏᄏ,domain-lexicon-v1.1
2294,457778,zero,연계가 제대로 되는지 확인할 수 있는 방법있나요?,2026-07-16 13:00:00+00:00,https://www.inven.co.kr/board/maple/2294/457778,comments,365,0,6,6,True,neutral,positive,information,밸런스·스킬,0.35,,하드 메이린 115%로 힘들게 20초 남기고 잡았는데 연계가 제대로 안 되고 있는거겠죠? 전투분석으로 스킬 몇회가 나가야 연계가 되고 있다든지 그런 지표가 있을까요?,domain-lexicon-v1.1
2294,457599,zero,메이플 인게임 필터키 체감 좋네요,2026-07-16 09:16:00+00:00,https://www.inven.co.kr/board/maple/2294/457599,recommendations,1403,5,4,4,True,neutral,neutral,information,커뮤니티,0.35,,조택캔슬 이제 대충 타이밍 놓친거같아도 다 되는 수준으로 좋아졌어요,domain-lexicon-v1.1
2294,457624,zero,최소한 레이어 뒤로 쳐박았으면 좋겠어요,2026-07-16 09:35:00+00:00,https://www.inven.co.kr/board/maple/2294/457624,recommendations,741,5,2,2,True,neutral,neutral,complaint,버그·사용성,0.35,,히어로 접고 제로 반년차인데 경험상 구조건 이펙트건 바뀌는게 없더라구요 이펙트 끄면 되는거아님?< 그럼 게임왜함;; 이라는 생각이라 이펙트보고 선입력 하는데 그냥 지금 굴렁쇠가 모든 이펙트를 다 가려서 뭘 하고 있는지도 안보이는게 저에겐 너무 큰 타격이네요;; 그냥 끌어안고 살아가도 좋으니 굴렁쇠만 좀 레이어 뒤로 빼주면 어떤가요 제발,domain-lexicon-v1.1
2294,457772,zero,"타임 어소리티 이펙트 담당자분들, 초월자 륀느의 기원 추가타 이펙트 한번 봐보셈",2026-07-16 12:40:00+00:00,https://www.inven.co.kr/board/maple/2294/457772,recommendations,688,4,2,5,True,neutral,neutral,request,밸런스·스킬,0.35,,초륀기 쿨240초에서 120초 패치 받았을 때 극딜마다 초륀기 쓸 수 있어서 진짜 행복했음 이 이펙트만 단독으로 보려고 수련장 가서 륀느만 키고 추가타 버프 지급된 상태에서 업드려서 일반 공격하기도 했었음 타임 어소리티 이펙트 안바꿔줄거면 이펙트 온오프 기능이라도 내주세요 극딜마다 내루미처럼 혀 낼름 거리는 굴렁쇠 보고 싶지 않습니다,domain-lexicon-v1.1
2294,457556,zero,저 공식 필터키라는거,2026-07-16 08:45:00+00:00,https://www.inven.co.kr/board/maple/2294/457556,views,1305,0,1,1,True,neutral,neutral,information,커뮤니티,0.35,,외부 프로그램 필터키 느낌처럼 되는걸까요?,domain-lexicon-v1.1
2294,457659,zero,인게임 필터키 감응속도가 너무 좋네,2026-07-16 10:03:00+00:00,https://www.inven.co.kr/board/maple/2294/457659,views,1128,0,2,3,True,neutral,positive,information,밸런스·스킬,0.35,,근데 감응속도가 너무 좋아서 극딜때 빼곤 패턴 피하거나할때 정작 다른스킬을 못씀 이대로 나오면 기존 필터키 쓰는게 나을듯 ​ ​,domain-lexicon-v1.1
