board_id,post_id,comment_id,parent_id,published_at,text,sentiment,model_version
2294,457537,1753180,1753180,2026-07-16 17:39:10,디바이드 한대 더 칠 수 있을듯,neutral,domain-lexicon-v1.1
2294,457537,1753185,1753180,2026-07-16 17:40:11,게더링 360ms 블로썸 300ms 니까 디바이드 한대 정도 맞는듯,neutral,domain-lexicon-v1.1
2294,457537,1753191,1753180,2026-07-16 17:40:55,@라이와메이 다른직업은 수치 내려간다던데 그나마 호재네요,neutral,domain-lexicon-v1.1
2294,457537,1753304,1753180,2026-07-16 18:04:13,"@라이와메이 게더링 모이는 딜레이는 360~370 정도가 맞긴 한데 사용 딜레이는 없어서, 기존에도 다른 스킬 중에 사용 가능하기도 하고 블로섬도 210ms 라서 사실상 딜적인, 디바 이득이라기 보단 4렙의 사이클이 빡빡하던걸 개선, 5렙 이상이더라도 일필 맞춘다거나, 사이클 적으로 뤼페-게블 겹치는 타이밍에 손해를 덜 볼 수 있게 개선 됐다 정도로 보는게 맞지 싶음",neutral,domain-lexicon-v1.1
2294,457537,1753389,1753180,2026-07-16 18:29:10,@Yuter 그쵸 저도 뭐 이득이라서 쓴건 아니고 버프인가요? 라고 물어보시길래 굳이굳이 꼽자면 그냥 디바한대 더치는 느낌이다 요렇게 말씀드린거에용,neutral,domain-lexicon-v1.1
2298,224646,767037,767037,2026-07-14 14:56:32,엔버의 특색 패밀리어 그리워하는 유저들을 위한 추억선물,neutral,domain-lexicon-v1.1
2298,224646,767051,767051,2026-07-14 15:41:29,구닥다리컨셉원툴뒷방늙은아이돌이 바라는게 많네,neutral,domain-lexicon-v1.1
2298,224646,767056,767056,2026-07-14 15:59:36,팬이라고 하는게 뭔 뚱뚱한 솜사탕 같은것들 나오는것도 열받음 개무쌩김,neutral,domain-lexicon-v1.1
2298,224646,767057,767056,2026-07-14 16:08:59,맞아 이상한 팬들 넣어버렸어 ᅲᅲ,neutral,domain-lexicon-v1.1
2298,224646,767058,767058,2026-07-14 16:13:43,제발 이번에 바꿔주길 ᅲᅲ,neutral,domain-lexicon-v1.1
2298,224646,767063,767058,2026-07-14 16:28:53,목욜날 진짜 바껴서 와주길 ᅲᅲ,neutral,domain-lexicon-v1.1
2298,224646,767068,767068,2026-07-14 17:02:11,리마전 패밀리어마스코트 ptsd 느껴보라고,neutral,domain-lexicon-v1.1
2298,224646,767076,767068,2026-07-14 17:37:10,크아악,neutral,domain-lexicon-v1.1
2298,224646,767080,767080,2026-07-14 18:06:58,이 직업은 무조건 불편함이 있어야 한다는 기조가 있는듯 예전에 엔버링크 전직업 후딜 없어질때도 엔버는 후딜을 다른스킬에 이관시켜주질 않나 ᄏᄏ,negative,domain-lexicon-v1.1
2298,224646,767104,767104,2026-07-14 20:17:37,어디 감히 신직업이랑 맞먹으려고,neutral,domain-lexicon-v1.1
2298,224646,767340,767340,2026-07-15 22:37:17,수동이었어요?????,neutral,domain-lexicon-v1.1
2298,224646,767342,767340,2026-07-15 22:42:49,시퀀스에는 등록 기능하구 8스택 쌓으면 직접 스킬 눌러줘야 막타가 나가요 ᅲᅲ,neutral,domain-lexicon-v1.1
2298,224646,767344,767340,2026-07-15 22:44:03,@재울랭 와 진짜 뭔 개병신같은 기믹이지 키셋팅 자리도 부족한데,negative,domain-lexicon-v1.1
2298,224646,767351,767351,2026-07-15 23:38:01,"이게 시퀀스에 등록이 안되는것도 아니고 그냥 평소하던극딜기들 싸악 써주고 신스킬 한번 누르면 되는 그냥 일반적인 '스킬'인데 이런반응이 나올정도로 불편한거임..? 스킬 한번 누르는게 그리 불편했으면 그동안 에버,판테온,패밀리어,트퓨는 불편해서 어케눌렀나싶네 이래놓고 시위하는게 페투를 쿨초먹는 극딜기화 시켜달라는거임?ᄏᄏᄏᄏᄏᄏᄏ 아니 보마유저들도 이정도는 아니겠다 같은엔버유저인데 이게 뭔반응인가싶네",negative,domain-lexicon-v1.1
2298,224646,767353,767351,2026-07-15 23:41:24,아니 진짜 글이고 댓글이고 반응보고 눈을의심했네 무슨 리마전 패밀리어급으로 스택채워야되는것도아니고 스택 있으나마나하게 그냥 알아서 바로 켜지게만들어놨는데 스킬한번눌러야된다고 불편하네뭐네 앞으로 무슨스킬을받아야되냐 이직업은,negative,domain-lexicon-v1.1
2298,224646,767354,767351,2026-07-15 23:41:38,전 뭐 딱히 불편하진 않구 자동 막타가 됐다면 어땠을까 하는 아쉬움에 얘기 해본거긴 합니다 제 글이 보기 불편하셨다면 죄송해요..,negative,domain-lexicon-v1.1
2298,224646,767355,767351,2026-07-15 23:43:48,@위벨 진짜 많이 불편하심 그냥 글 지우겠습니다..,negative,domain-lexicon-v1.1
2298,224646,767356,767351,2026-07-15 23:44:29,@재울랭 공격적으로댓글쓴건전데 제가죄송하죠 글보고는그러려니했는데 회딱님댓글이랑 초딱님답글보고 살짝긁혀서 흥분했네요,neutral,domain-lexicon-v1.1
2298,224646,767357,767351,2026-07-15 23:47:34,@위벨 내일 스킬 추가 패치 함 보시죠 ᄒᄒ 다른 개선사항들 있을 수도!?,neutral,domain-lexicon-v1.1
2298,224646,767499,767351,2026-07-16 17:02:34,@재울랭 창섭이가고쳐줬네요 제생각이짧았네요 다행입니다,neutral,domain-lexicon-v1.1
2298,224646,767502,767351,2026-07-16 17:03:16,@위벨 다행입니당 ᄒᄒ 즐메하셔용!,neutral,domain-lexicon-v1.1
2298,224713,767338,767338,2026-07-15 22:36:15,그거해줄애들이었으면성능부터정상화했음,neutral,domain-lexicon-v1.1
2298,224713,767339,767339,2026-07-15 22:36:16,이거 진짜 개빡침 시발새끼들,neutral,domain-lexicon-v1.1
2298,224713,767378,767378,2026-07-16 03:13:26,인정 저도 같아요ᅮᅮ 매달 문의 넣고 있는데 매크로 답변조차도 안해줌 ᅲ 재녹음은 이제 안해줄 건 가봐요...ᅮᅮ,neutral,domain-lexicon-v1.1
2298,224713,767428,767428,2026-07-16 12:50:25,보컬 진짜 일본어음성 고대로 갖고와도 되니까 걍 추가해주면 안돼?,neutral,domain-lexicon-v1.1
2298,224713,767680,767428,2026-07-16 19:58:25,그러게요 진짜 일본음성이라도...,neutral,domain-lexicon-v1.1
2298,224713,767586,767586,2026-07-16 18:40:13,이런부분에서 진짜 버린새끼라는게 느껴짐,neutral,domain-lexicon-v1.1
2298,224761,767495,767495,2026-07-16 17:00:24,누를 시간에 2대 더 팰 수 있게 되긴 했는데... 먼가 먼가네요,neutral,domain-lexicon-v1.1
2298,224761,767496,767496,2026-07-16 17:00:33,오 그제 글 썼던 거 봤나봐요 다행이네요,neutral,domain-lexicon-v1.1
2298,224761,767501,767501,2026-07-16 17:03:08,다음은 그여축 활용방안 좀 추가해줬으면 좋겠네요,neutral,domain-lexicon-v1.1
2294,457575,1753296,1753296,2026-07-16 18:02:21,6차 백호강화(최종뎀60퍼증가) 이거 계속 적용 안되는거같은데요,neutral,domain-lexicon-v1.1
2294,457575,1753326,1753296,2026-07-16 18:13:29,그럼 5차 코강이 아니라 그냥 모든 코어효과 자체를 안받게 하고 저 퍼뎀을 의도로 한건가 싶기도 하네요,neutral,domain-lexicon-v1.1
2294,457575,1753322,1753322,2026-07-16 18:12:39,그거 스킬 이름이 달라서 미적용이 의도같긴 함,neutral,domain-lexicon-v1.1
2294,457575,1753333,1753322,2026-07-16 18:15:21,비욘더 앱솔루트 여서 비욘더긴 함,neutral,domain-lexicon-v1.1
2294,457575,1753339,1753322,2026-07-16 18:16:15,@그원경기 앱솔루트가 붙긴하니까요 다른 직업들도 5차 코강 죄다 제거한거보면 이건 안 받는게 의도같음.,neutral,domain-lexicon-v1.1
2294,457575,1753340,1753322,2026-07-16 18:16:21,의도인가? 그럼 할말없긴한디 좀 아쉽네,negative,domain-lexicon-v1.1
2294,457575,1753348,1753322,2026-07-16 18:17:49,@감기엔판콜 아쉽긴해요 차라리 다 먹고 퍼뎀 좀 낮은게 나을거 같은데 이대로면 쌀피엠 효율만 겁나 오를듯ᄏᄏ,negative,domain-lexicon-v1.1
2294,457813,1753973,1753973,2026-07-17 00:43:09,백호가 빌때 넣어야 하나,neutral,domain-lexicon-v1.1
2294,457813,1754057,1754057,2026-07-17 07:00:15,드라마틱하게 차이없어서 그냥 하던대로할듯요,neutral,domain-lexicon-v1.1
2294,457813,1754230,1754230,2026-07-17 13:09:02,풀코강 시퀀스 욘더2타(880ms?) vs 브마(960ms) 해보면 아는데 브마가 훨 높게 나옴 욘더 2타가 1.6조면 브마는 3조 뽑힘,neutral,domain-lexicon-v1.1
2294,457813,1754251,1754230,2026-07-17 13:44:53,좋은 정보 감사합니다!,positive,domain-lexicon-v1.1
2294,457623,1753418,1753418,2026-07-16 18:38:17,너프x 그냥 동일,negative,domain-lexicon-v1.1
2294,457623,1753420,1753418,2026-07-16 18:39:26,옹!~,neutral,domain-lexicon-v1.1
2294,457623,1753465,1753465,2026-07-16 18:52:49,그냥 변화없음 딱 그만큼 퍼뎀 올림,neutral,domain-lexicon-v1.1
2295,299453,1154468,1154468,2026-07-16 18:07:00,시발,neutral,domain-lexicon-v1.1
2295,299453,1154470,1154470,2026-07-16 18:07:55,아 이건 좀 고쳐주지... 너무 짜치네..ᅲ,neutral,domain-lexicon-v1.1
2295,299453,1154476,1154470,2026-07-16 18:10:47,ᄅᄋ... 아무리 유저들이 보스전에서 투명하게 한다고 해도 너무 날림임...,neutral,domain-lexicon-v1.1
2295,299453,1154472,1154472,2026-07-16 18:09:08,이펙트 컨셉이 화면 테러인 직업 ᄏᄏ. 어떻게 보면 미스트 때 부터 근본일지도..,neutral,domain-lexicon-v1.1
2295,299453,1154480,1154472,2026-07-16 18:11:02,이런식으로 근본 챙기지 말라고요!!!,neutral,domain-lexicon-v1.1
2295,299453,1154487,1154487,2026-07-16 18:13:05,그나마 인게임 필터키 들어온게 호재인가?..,neutral,domain-lexicon-v1.1
2295,299453,1154492,1154487,2026-07-16 18:14:11,그것도 조금 있다 테스트해볼 예정,neutral,domain-lexicon-v1.1
2295,299453,1154510,1154510,2026-07-16 18:19:10,그냥 240억짜리 템 사서 3퍼정도 쎄졌다고 생각하기로 했습니다 여름인데 신규스킬이 없네~,neutral,domain-lexicon-v1.1
2295,299453,1154637,1154510,2026-07-16 18:49:29,하아...안 열수는 없고...그냥 너무 짜침...,neutral,domain-lexicon-v1.1
2295,299453,1154526,1154526,2026-07-16 18:23:08,많이 아쉽네요..,negative,domain-lexicon-v1.1
2295,299453,1154561,1154561,2026-07-16 18:29:34,내눈이!!!,neutral,domain-lexicon-v1.1
2295,299453,1154633,1154561,2026-07-16 18:49:00,OME,neutral,domain-lexicon-v1.1
2295,299453,1154572,1154572,2026-07-16 18:31:20,진짜 리전 불버전인거잖아 성의 쥰내없네 와중에 쇼케 공개 영상처럼 저거쓰면 메테오 와다다다 떨어지나요?,neutral,domain-lexicon-v1.1
2295,299453,1154632,1154572,2026-07-16 18:48:44,메테오는 안떨어지고 이그나이트는 생성됩니다,neutral,domain-lexicon-v1.1
2295,299453,1154651,1154572,2026-07-16 18:54:56,@GENESIC 참 신기하네요 오리진은 메테오만 떨구게 해놓고 얘는 왜 반대래,neutral,domain-lexicon-v1.1
2295,299453,1154664,1154664,2026-07-16 18:59:07,하..너무해,neutral,domain-lexicon-v1.1
2295,299453,1154790,1154664,2026-07-16 19:40:31,ᅲᅲ,neutral,domain-lexicon-v1.1
2295,299453,1154738,1154738,2026-07-16 19:24:51,보스맵 패턴임?,neutral,domain-lexicon-v1.1
2295,299453,1154792,1154738,2026-07-16 19:40:51,신규 보스 벨로나의 패턴이라네요. 쉽게 피할 수 없을 겁니다!,neutral,domain-lexicon-v1.1
2295,299453,1154798,1154798,2026-07-16 19:43:15,무슨 2차 스킬같네... 식는다 식어,neutral,domain-lexicon-v1.1
2295,299453,1154870,1154798,2026-07-16 20:32:22,ᄅᄋ....창섭하다 진짜...,neutral,domain-lexicon-v1.1
2295,299453,1154898,1154898,2026-07-16 21:02:59,개인적으로 검은색 불꽃 좀 들어가있는게 쌔보이고 이쁜데 좀 아쉽네 ᅲ,negative,domain-lexicon-v1.1
2295,299453,1154919,1154898,2026-07-16 21:50:52,제말이요.... 좀 간지나게 해주지...,neutral,domain-lexicon-v1.1
2295,299568,1154841,1154841,2026-07-16 20:09:51,정보 감사합니다 들어오면 바로 기존에 쓰던 필터키 버립니다 ᄏᄏ,positive,domain-lexicon-v1.1
2295,299568,1154869,1154841,2026-07-16 20:31:55,버리지는 마시와유 다른 직업들은 여전히 문제점이 있어 보이는 것 같으니....,negative,domain-lexicon-v1.1
2295,299568,1154926,1154926,2026-07-16 21:58:29,기존 필터키랑 다른 점이 있나요?,neutral,domain-lexicon-v1.1
2295,299568,1154951,1154926,2026-07-16 22:58:11,맨 마지막 줄이요. UI에서 입력 실수가 없음.,neutral,domain-lexicon-v1.1
2295,299568,1154989,1154989,2026-07-17 00:34:06,"피방 채우도 보스돌때 쓰기 좋을듯 ᄏᄏ. 매번 구글검색하고 다운받고, 관리자권한 설정, 단축키 지정, 딜레이 설정까지 하는게 루틴이었는데",neutral,domain-lexicon-v1.1
2295,299568,1155093,1154989,2026-07-17 10:00:08,ᄋᄀᄅᄋ 피방에서 파일 다운할 필요 없는것도 좋음,neutral,domain-lexicon-v1.1
2295,299568,1155046,1155046,2026-07-17 03:04:19,꾹누르는 기준일까여,neutral,domain-lexicon-v1.1
2295,299568,1155095,1155046,2026-07-17 10:00:51,저는 꾹은 스윕밖에 안하는 편이라... 쿨 돌아올때마다 스킬 누를때 발동되는 조작감을 기준으로 판단했습니다.,neutral,domain-lexicon-v1.1
2295,299568,1155053,1155053,2026-07-17 04:33:29,오 좋아욤~,neutral,domain-lexicon-v1.1
2295,299386,1154299,1154299,2026-07-16 17:06:27,나이샤~,neutral,domain-lexicon-v1.1
2295,299386,1154308,1154299,2026-07-16 17:07:53,불 스킬이면 이그나이트가 생성되는게 맞지~!! 캬!!,neutral,domain-lexicon-v1.1
2295,299386,1154311,1154309,2026-07-16 17:08:15,더줘 벅벅,neutral,domain-lexicon-v1.1
2295,299386,1154337,1154309,2026-07-16 17:14:09,@소마하급봇 6차인데 너무 약해요...흑흑,neutral,domain-lexicon-v1.1
2295,299386,1154318,1154318,2026-07-16 17:10:53,이거 때문에 렉만 안걸리면 될듯,neutral,domain-lexicon-v1.1
2295,299386,1154339,1154318,2026-07-16 17:14:29,그러게요. 렉 안걸리면 금상첨화,neutral,domain-lexicon-v1.1
2295,299386,1154328,1154328,2026-07-16 17:12:41,이펙트 수정은 없는곤가요?,neutral,domain-lexicon-v1.1
2295,299386,1154341,1154328,2026-07-16 17:14:41,테섭 봐야 알겠지만 패치노트에 없는거 보면 이펙트는 그대로일지도,neutral,domain-lexicon-v1.1
2295,299386,1154350,1154350,2026-07-16 17:16:35,생성제한 안풀어주면 유의미하게 올라갈라나 모르겟네 15초동안 거의 생성제한일텐데,neutral,domain-lexicon-v1.1
2295,299386,1154370,1154350,2026-07-16 17:20:08,테섭에서 확인해봐야할듯,neutral,domain-lexicon-v1.1
2295,299386,1154387,1154387,2026-07-16 17:24:34,어쨌든 실질적으로 더좋아진건맞네여,neutral,domain-lexicon-v1.1
2295,299386,1154396,1154387,2026-07-16 17:27:56,이펙트 변경을 위해 계속 외쳐야합니다!,neutral,domain-lexicon-v1.1
2295,299386,1154424,1154424,2026-07-16 17:44:52,좋아졌으니 인정이야~,neutral,domain-lexicon-v1.1
2295,299386,1154452,1154424,2026-07-16 17:56:19,이거면....된거ᄋ....아니....아직이야!!!!,neutral,domain-lexicon-v1.1
2295,299386,1154426,1154426,2026-07-16 17:45:45,오리진 시 무조건 선 오리진 후 인웨 인가요?,neutral,domain-lexicon-v1.1
2295,299386,1154455,1154426,2026-07-16 17:57:25,"시퀀스에 넣고 오리진 전에 쓰셔도 되고, 오리진 후에 쓰셔도 됩니다. 어차피 공격횟수는 똑같아요. 시퀀스에 넣으면 살짝 딜손실이 있긴 한데 오리진 후에 쓸 바에 그 시간에 평타 한대라도 더 때리는게 이득일듯.",neutral,domain-lexicon-v1.1
2295,299386,1154431,1154431,2026-07-16 17:46:26,메테오도 떨어지겠지..? 근데 좀 그렇네 퍼뎀좀 올려주지 극딜이라면서;;,neutral,domain-lexicon-v1.1
2295,299386,1154459,1154431,2026-07-16 17:57:54,공용코어도 그렇고 얘네 너무 보수적으로 잡음...,neutral,domain-lexicon-v1.1
2295,299386,1154448,1154448,2026-07-16 17:52:28,이펙트 바뀐 직업도 설명에 없어서 기대중,positive,domain-lexicon-v1.1
2295,299386,1154461,1154448,2026-07-16 17:58:06,제발....럭키 리전이 되지 않게 해다오...,neutral,domain-lexicon-v1.1
2295,299386,1154564,1154564,2026-07-16 18:29:50,정보 감사합니다,positive,domain-lexicon-v1.1
2295,299386,1154706,1154706,2026-07-16 19:12:16,좋아지긴했지만 이펙트는 아쉬운,neutral,domain-lexicon-v1.1
2295,299377,1154291,1154291,2026-07-16 17:04:04,썬브쿨을고쳐줫는가? x 신스킬 자동발동되게 해줫는가? x 그래도 안때려도 쿨초기화되니 참아야지 / 버그였음 수정,negative,domain-lexicon-v1.1
2295,299377,1154294,1154294,2026-07-16 17:04:48,아니 딜이 그대로라고?,neutral,domain-lexicon-v1.1
2295,299377,1154301,1154301,2026-07-16 17:06:44,더 안좋아져서 왔네 ᄏᄏᄏᄏᄏ,neutral,domain-lexicon-v1.1
2295,299377,1154305,1154305,2026-07-16 17:07:06,조각 줄이고 라라퍼뎀 너프한거 보면 전직업 2~3퍼가 의도인가보네,negative,domain-lexicon-v1.1
2295,299377,1154315,1154315,2026-07-16 17:09:42,ᄏᄏ 속된말로 ᄌᄅ낫다 진짜 네요,neutral,domain-lexicon-v1.1
2295,299377,1154324,1154324,2026-07-16 17:12:19,썬콜 그래도 오리진은 고쳐줬네요... 좋아해야하나 말아야하나...,neutral,domain-lexicon-v1.1
2295,299377,1154329,1154329,2026-07-16 17:12:56,진짜 개웃기네진짜 ᄏᄏᄏᄏ,neutral,domain-lexicon-v1.1
2295,299377,1154336,1154336,2026-07-16 17:14:06,체라 댐지 안건들이고 체라 패시브화로 바꿔줬어도,neutral,domain-lexicon-v1.1
2295,299377,1154347,1154347,2026-07-16 17:15:54,이러꺼면 자동발동이라도 제발 넣어줘,neutral,domain-lexicon-v1.1
2295,299377,1154383,1154383,2026-07-16 17:23:09,허공체라쿨감 사라지면 이제 맵 넘어갈땐 그냥 40초 적용이네요ᄏᄏᄏᄏ,neutral,domain-lexicon-v1.1
2295,299377,1154386,1154386,2026-07-16 17:24:27,아이 싀2발 재사용 말고 재발동 대기시간으로 해줘야하는거 아니냐고,neutral,domain-lexicon-v1.1
2295,299377,1154458,1154458,2026-07-16 17:57:31,창섭아 이게 말이 된다고 생각하나??,neutral,domain-lexicon-v1.1
2295,299377,1154522,1154522,2026-07-16 18:22:35,이럴거면 그냥 15초쿨로 내다오..,neutral,domain-lexicon-v1.1
2295,299377,1154927,1154927,2026-07-16 22:01:38,오리진이 상자 안 까는 건 좋은데 아이스 오라도 안 까지게 해줘야되지 않나;,neutral,domain-lexicon-v1.1
2295,299525,1154704,1154704,2026-07-16 19:10:50,부가적인 효과로 크라이오쇼크 스택 쌓이는게 있어서 찍긴해야할것같아야,neutral,domain-lexicon-v1.1
2295,299525,1154740,1154704,2026-07-16 19:25:08,답변 감사드립니다,positive,domain-lexicon-v1.1
2295,299525,1154736,1154736,2026-07-16 19:23:34,신규스킬 점유율 데이터 나오고 환산 업데이트될거라 업데이트 후 참고하시면 될겁니다.,neutral,domain-lexicon-v1.1
2295,299525,1154739,1154736,2026-07-16 19:24:59,감사합니다,positive,domain-lexicon-v1.1
2298,224746,767449,767449,2026-07-16 14:17:36,물어볼 시간에 연모 한판 돌렸겠노 ᄏᄏᄏ,neutral,domain-lexicon-v1.1
2298,224746,767450,767449,2026-07-16 14:24:39,일단님은 못깨실듯,neutral,domain-lexicon-v1.1
2298,224746,767459,767449,2026-07-16 14:39:23,@배고픈데벤 메타인지 안되는 답정너맨 답게 팩트 한사바리 하니까 바로 긁혀서 메신저 공격 슈웃~ ᄏᄏ 형은 89퍼 원트로 깼는데 어쩌노 ᄏᄏ 박탈감 슈웃~,neutral,domain-lexicon-v1.1
2298,224746,767461,767449,2026-07-16 14:45:40,@자유랭구함d 오 고수 ᄃᄃ 방금 전 템빼고 극최소컷 0.003퍼 깨고 왔음! 분발하세요,neutral,domain-lexicon-v1.1
2298,224746,767480,767449,2026-07-16 16:06:09,인성문제있네 ..,negative,domain-lexicon-v1.1
2298,224746,767509,767449,2026-07-16 17:13:16,@자유랭구함d 혹시 가정교육 독학함?,neutral,domain-lexicon-v1.1
2298,224746,767676,767449,2026-07-16 19:44:50,@이딴게패치냐 답정너맨 재미로 긁고 반응 볼랬더만 메이플에 인생 매몰된 엄한 똥손 찐따가 긁혀서 패드립 박고 있노 ᄏᄏᄏᄏ 반응 꺼~~~~억 야미~~,positive,domain-lexicon-v1.1
2298,224746,767463,767463,2026-07-16 14:53:06,뭐 당연한거 물어본것도 아니고 본인이 모르면 넘어갈것이지 물어볼시간에 연모한판 이러고있노 ᄏᄏ,neutral,domain-lexicon-v1.1
2298,224746,767470,767470,2026-07-16 15:20:27,이거 제가 89퍼로 깰 때 해봤는데 걍 ᄅᄌᄃ 아다리임 5차 초기화만 뜨다가 6차 극딜때 최뎀 뜨고 그래야지 깸,neutral,domain-lexicon-v1.1
2298,224746,767687,767470,2026-07-16 20:03:57,그냥 트라이박아보는게 답이구나........감사함다,positive,domain-lexicon-v1.1
2298,224746,767475,767475,2026-07-16 15:39:18,저는 102퍼클인데도 카드 운빨이 제일 큰거같아요 어센트뜨면 무조건 리하고 패턴도 평딜 많이 때릴 패턴이나 이동 잘안하면 클각 훨씬 잘나오고 그런거 같습니다.,neutral,domain-lexicon-v1.1
2298,224746,767690,767475,2026-07-16 20:06:10,참고하겠습니다!,neutral,domain-lexicon-v1.1
2298,224792,767563,767563,2026-07-16 18:21:16,어센트 대사는 진심 레전드 ᄏᄏᄏ,neutral,domain-lexicon-v1.1
2298,224764,767503,767503,2026-07-16 17:04:18,페이즈 넘어가거나 보스바뀌면 날라가는건 없어졌으니 그나마 다행인듯 격류가 투사체형식은 그대로라 날라가는거 증발안돼는지 잘봐야할듯,neutral,domain-lexicon-v1.1
2298,224764,767505,767503,2026-07-16 17:05:23,입장극딜은 좀 불편할듯 밖에서 2스택 쌓고 입장해야겟네,negative,domain-lexicon-v1.1
2298,224764,767506,767503,2026-07-16 17:07:28,@팔라기 글게요 차라리 딜조정하고 두번에 한번 터지는게 나을거같은데,neutral,domain-lexicon-v1.1
2295,299397,1154344,1154344,2026-07-16 17:15:32,때려도 원래 번개가 안치는 버그가 있는데 그걸 수정해준거에요,negative,domain-lexicon-v1.1
2295,299397,1154346,1154346,2026-07-16 17:15:43,신규스킬 범위늘어날때마다 안맞아서 이번에 그냥 확늘려버린듯,neutral,domain-lexicon-v1.1
2295,299397,1154348,1154348,2026-07-16 17:16:03,신규 스킬 모티스 엣지 막타 사거리가 기존 사낫/피블보다 많이 길어서 끝사거리에서 때렸을 때 어비셜 라이트닝의 번개가 떨어지지 않는 문제가 있었는데 그거 수정한 거예요,negative,domain-lexicon-v1.1
2295,299397,1154352,1154352,2026-07-16 17:16:54,오 그럼 상향인가요?!,neutral,domain-lexicon-v1.1
2295,299397,1154359,1154352,2026-07-16 17:17:34,아니요 그대로에요,neutral,domain-lexicon-v1.1
2295,299397,1154365,1154352,2026-07-16 17:18:45,그냥 찐빠낸거 정상화 시켜준거에요,neutral,domain-lexicon-v1.1
2295,299397,1154377,1154377,2026-07-16 17:22:09,그래도 버려지진 않았다!,neutral,domain-lexicon-v1.1
2295,299397,1154836,1154836,2026-07-16 20:02:51,정확히는 버그수정같은거임 최대사거리에서 떄리면 번개안나갔던거 고쳐준거라,negative,domain-lexicon-v1.1
2295,299485,1154696,1154696,2026-07-16 19:07:21,나 이제 지하철에서 지랄하는 전장연 보이면 옆에가서 같이 휠체어타기로했다,neutral,domain-lexicon-v1.1
2295,299409,1154400,1154400,2026-07-16 17:29:16,밍한 거 구나..,neutral,domain-lexicon-v1.1
2295,299409,1154401,1154400,2026-07-16 17:30:06,이번에 스킬 잘받은 제논 파티로 데려가면 그렇게까지 너프는 아님,negative,domain-lexicon-v1.1
2295,299470,1154515,1154515,2026-07-16 18:21:19,1개정도는 가성비 좋을것 같은데..,neutral,domain-lexicon-v1.1
2295,299470,1154519,1154515,2026-07-16 18:21:58,님은 여세요 가성비 좋음 내가 안나와서 그렇지,neutral,domain-lexicon-v1.1
2295,299470,1154544,1154515,2026-07-16 18:26:11,@숍키우지마 님도? 나도 안열려구요 ᄏᄏᄏ 아니 열어서 뭐해 보스가 똑같은데,neutral,domain-lexicon-v1.1
2295,299470,1154551,1154515,2026-07-16 18:27:12,@사랑메세지 지금 다니는 보스들 몇초 클탐 줄긴할듯요 ᄏᄏ,neutral,domain-lexicon-v1.1
2295,299470,1154529,1154529,2026-07-16 18:23:45,아마 억당 1.4~1.5까지 가성비만 올릴 듯,neutral,domain-lexicon-v1.1
2295,299470,1154536,1154529,2026-07-16 18:24:42,그래도 올리긴 하시는군요,neutral,domain-lexicon-v1.1
2295,299470,1154543,1154529,2026-07-16 18:25:37,@숍키우지마 데티 해방이 아직이라서요.. 손이 구려서 돈이라도 쓰는 중 아마 끝나면 주차할 듯,neutral,domain-lexicon-v1.1
2295,299470,1154548,1154529,2026-07-16 18:26:41,@섹시남비숍 데티 해방은 인정입니다 영끌해야죠,neutral,domain-lexicon-v1.1
2295,299470,1154531,1154531,2026-07-16 18:23:48,그냥 저따위로 낼거면 60초로 내지 ᄏᄏ,neutral,domain-lexicon-v1.1
2295,299470,1154540,1154531,2026-07-16 18:25:10,그러게나 말입니다~,neutral,domain-lexicon-v1.1
2295,299470,1154573,1154531,2026-07-16 18:31:32,"인정입니당,,",neutral,domain-lexicon-v1.1
2295,299470,1154660,1154660,2026-07-16 18:56:37,환산이 불편해져서 찍긴 할건데... 별로긴하네,negative,domain-lexicon-v1.1
2295,299470,1154691,1154660,2026-07-16 19:06:26,뭔가 근소한 차이로 안되는 보스 있으면 찍긴할텐데 지금으로썬 모르겠네요 이 상태면,neutral,domain-lexicon-v1.1
2295,299470,1154921,1154921,2026-07-16 21:52:46,그래도 가성비니깐 올려야지...,neutral,domain-lexicon-v1.1
2295,299470,1155079,1155079,2026-07-17 08:47:01,전직업 퍼뎀이 다 박살난거 보면 애초에 고스펙들만 강화하라고 낸 스킬인가 싶기도 하고...,neutral,domain-lexicon-v1.1
2295,299399,1154362,1154362,2026-07-16 17:18:16,씨 발,neutral,domain-lexicon-v1.1
2295,299399,1154363,1154363,2026-07-16 17:18:21,ᄏᄏ패시브딜 줄인게 개어이없네그냥,neutral,domain-lexicon-v1.1
2295,299399,1154364,1154364,2026-07-16 17:18:43,저도 쳐봤는데 파운틴보다 약하게 나오네요,neutral,domain-lexicon-v1.1
2295,299399,1154367,1154367,2026-07-16 17:18:58,너프 맞다니깐,negative,domain-lexicon-v1.1
2295,299399,1154373,1154373,2026-07-16 17:21:36,메끼야아앜!!,neutral,domain-lexicon-v1.1
2295,299399,1154374,1154374,2026-07-16 17:21:45,아니 줄었다고? ᄉᄇ,neutral,domain-lexicon-v1.1
2295,299399,1154389,1154389,2026-07-16 17:26:09,평딜비중은 줄이는게 맞는 방향이긴 한데 수치는 좀 묘하네요,neutral,domain-lexicon-v1.1
2295,299399,1154917,1154917,2026-07-16 21:47:35,2분뙄 극딜이 좋은게 아니였구나 아 ; ; ;,neutral,domain-lexicon-v1.1
2294,457676,1753560,1753560,2026-07-16 19:26:48,그러면 기존에 쓰고있던 매그넘펌치 매크로에 오버+매그넘펀치로 넣으면 기존에 누르는 키 그대로 키셋팅에 추가 안해도 기존 리듬감 크게 안해치면서 쓸수 있으려나요,neutral,domain-lexicon-v1.1
2294,457676,1753800,1753560,2026-07-16 21:17:57,아래 댓글에서 말씀주신 방법이 가장 좋을듯 하네요 릴파+오버 매크로를 한번에 쓰는것만 생각했는데 따로 쓸수있으니 별도 키입력 할필요없이 오버+매그팡을 해매팡하듯이 쓰면 될듯여,neutral,domain-lexicon-v1.1
2294,457676,1753566,1753566,2026-07-16 19:29:01,오버가 머임,neutral,domain-lexicon-v1.1
2294,457676,1753572,1753566,2026-07-16 19:30:48,아신스킬이구나,neutral,domain-lexicon-v1.1
2294,457676,1753578,1753578,2026-07-16 19:32:38,릴파벙+오버히트 매크로 묶으면 좋다는건 한 번에 둘 다 쓰라는게 아니라 릴파벙은 그대로 따로 캔슬해서 쓰고 과열 땐 오버히트키로 쓰라는 얘기에요 그럼 추가 키 할당 없이 쓸 수 있어요,positive,domain-lexicon-v1.1
2294,457676,1753640,1753578,2026-07-16 19:53:45,이거라면 최악은 아니긴하네요;,negative,domain-lexicon-v1.1
2294,457676,1753670,1753578,2026-07-16 20:01:22,릴-오버 매크로 쓰면 극딜때 릴-해 연계 제대로 되나요? 1차 테섭땐 안됐는데,neutral,domain-lexicon-v1.1
2294,457676,1753729,1753578,2026-07-16 20:19:35,@Treepie 자주 쓰는 매크로들 다 써봤는데 문제없이 나가요,negative,domain-lexicon-v1.1
2294,457676,1753790,1753578,2026-07-16 21:12:13,@승옥이 아 그런식으로 쓰라는 거였군요? 말씀하신대로라면 추가키 없이 쓸수있겠네요,neutral,domain-lexicon-v1.1
2294,457789,1753912,1753912,2026-07-16 23:12:11,ᄏᄏᄏᄏ첨한다고 생각했을때 진짜 진입장벽 레전드이긴하네,neutral,domain-lexicon-v1.1
2294,457789,1753989,1753912,2026-07-17 01:21:13,한가지 로직을 타이밍에 따라 2가지 기능된다느게 어지럽긴한데 실전에서 좀 해보고 적응안되면 저도 ᄌᄌ일듯합니다,neutral,domain-lexicon-v1.1
2294,457789,1753913,1753913,2026-07-16 23:12:21,테섭 실험하시느라 고생하셨습니다,neutral,domain-lexicon-v1.1
2294,457789,1753924,1753924,2026-07-16 23:19:59,저는 어차피 스킬 체급 자체가 낮아서 뭘해도 거기서 거기인데 어차피 9월에 또 다 갈아엎을꺼 짱구 안굴리고 걍 오매팡 하렵니다,neutral,domain-lexicon-v1.1
2294,457789,1753988,1753924,2026-07-17 01:20:36,9월엔 또 어찌될지 ᄒ,neutral,domain-lexicon-v1.1
2294,457620,1753424,1753424,2026-07-16 18:41:05,대신 매그팡이 안된다는데 ?,neutral,domain-lexicon-v1.1
2294,457620,1753488,1753424,2026-07-16 19:04:23,네 근데 매그팡이 안됨 ᄏᄏ,neutral,domain-lexicon-v1.1
2294,457620,1753443,1753443,2026-07-16 18:46:36,그건 덕슬이 아니라 그냥 점프 빨리 세번누른 더블점프임,neutral,domain-lexicon-v1.1
2294,457620,1753489,1753443,2026-07-16 19:04:30,덕슬맞음,neutral,domain-lexicon-v1.1
2294,457620,1753497,1753443,2026-07-16 19:07:37,테섭에서 저도 해봤는데 덕슬임,neutral,domain-lexicon-v1.1
2296,184441,685386,685386,2026-07-16 18:29:56,목소리를 내야 바뀔 수 있어요! 다같이 문의합시다ᅲᅲ,neutral,domain-lexicon-v1.1
2296,184441,685389,685386,2026-07-16 18:31:42,이펙트랑 구조 개선은 건의합시다!,neutral,domain-lexicon-v1.1
2296,184441,685392,685386,2026-07-16 18:33:19,"@댕동동 이펙트는..뭐그래요 요즘 대부분 다 이펙트끄고 사냥,보스하니까 갠적으로 저는 큰 의미는안두는데 폭시중에 쓸수있게해줬으면 좋겠어요 ᅲ",neutral,domain-lexicon-v1.1
2296,184441,685400,685386,2026-07-16 18:39:05,@방산비리척결 이펙트도 게임 재미 요소라고 생각해서 구조랑 같이 꼭 개선됐으면 좋겠어요.. 소수가 아니라 다같이 목소리를 내야 할 거 같아요ᅲᅲ,positive,domain-lexicon-v1.1
2296,184441,685415,685386,2026-07-16 18:54:04,@댕동동 맞아요 저도 이펙트키고 막 화려하게 플레이하고싶은데 그러면 보스패턴이 안보이는걸.. 보스 구별해주는 빤짝이? 그거 옵션에서 켜도 ᅮ,neutral,domain-lexicon-v1.1
2296,184448,685435,685435,2026-07-16 19:04:49,이건 맞음 쓸만하게 받은직업들도 꽤되는데 안열고 안쓰고있으면 결국 도태되는거라서,neutral,domain-lexicon-v1.1
2296,184376,685302,685302,2026-07-16 17:34:09,딜도는 맞아요,neutral,domain-lexicon-v1.1
2298,224823,767660,767660,2026-07-16 19:32:04,씹레전드네,neutral,domain-lexicon-v1.1
2298,224823,767664,767664,2026-07-16 19:33:53,지금도 적용안됨?,neutral,domain-lexicon-v1.1
2298,224823,767666,767664,2026-07-16 19:36:32,적용이 안되는게 맞나봄? 테섭 릴리즈 보면 적용 안되는 직업들이 늘어남,neutral,domain-lexicon-v1.1
2298,224823,767682,767682,2026-07-16 19:59:23,어 뭐야 저만큼 추가 되는게 아니라 저걸로 대체?,neutral,domain-lexicon-v1.1
2298,224823,767726,767726,2026-07-16 21:32:21,너프를 내 돈 주고 사라고?,negative,domain-lexicon-v1.1
2298,224823,767739,767739,2026-07-16 21:59:16,쿨이 1초가 되긴하는데 퍼뎀이 너무 낮아서 참...,neutral,domain-lexicon-v1.1
2298,224823,767746,767746,2026-07-16 22:41:18,기존이 4초쿨이고 신규가 2초쿨이라 강화많이하면 버프고 그전엔 너프인거 같은데 ᄉᄇ이게 맞냐 창섭아,negative,domain-lexicon-v1.1
2298,224823,767747,767746,2026-07-16 22:41:40,돈넣고 스펙다운은 레전드초식이네,neutral,domain-lexicon-v1.1
2298,224823,767849,767746,2026-07-17 08:08:44,쿨타임까지 감안한 퍼뎀으로 계산해봐도 큰차이가 안나는게 문제임 대체 데미지10% 오리진 추가타 데미지 20% 증가의 가치를 얼마나 높게보는건지 어차피 요즘 보공뻥 심해서 뎀증 딜상승은 크게 좋은편이 아닌데..,negative,domain-lexicon-v1.1
2297,331288,1333589,1333589,2026-07-16 20:14:01,"큰 상관없는듯. 쿨이어도 됨. 정확힌 클로, 시미터 '단축키'를 누르면 브릭이 즉시 터지는 거라.",neutral,domain-lexicon-v1.1
2297,331288,1333590,1333589,2026-07-16 20:15:09,아 감사합니다! 그럼 다들 보통 브릭캔슬할때 윗브릭보다는 그냥 브릭사용후 터트리겠네요??,positive,domain-lexicon-v1.1
2297,331288,1333599,1333589,2026-07-16 20:23:54,"@설애 윗브릭 쓰느냐 그냥브릭 쓰느냐를 질문하신 거면, 그것도 상관없으심. 그때그때 원하는대로 쓰세유",neutral,domain-lexicon-v1.1
2297,331288,1333602,1333589,2026-07-16 20:24:11,@Medymedy 감사합니다!,positive,domain-lexicon-v1.1
2297,331288,1333614,1333614,2026-07-16 20:33:52,윗브 상황에 따라 쓰는건 맞는데 굳이 포지션을 크게 변경할 필요 없고 샷이나 봄같은걸 굴릴때 저는 클로가 필요하다 생각해서 굳이 클로를 안쓰는게 고점이라고 생각해요 실제로 카데나 1황이라고 생각하는 형진씌도 클로를 봄샷쓸때 쓰시는 편임,neutral,domain-lexicon-v1.1
2297,331288,1333628,1333614,2026-07-16 20:45:40,아~ 확실히 봄이나 샷쓰고 빠르게 제자리 잡고 딜 욱여넣기 위해선 안쓰는게 좋겠네요.. 그럼 클로만 단일로 쿨이 남아있을때도 클로는 안쓰고 계신편이신가요?,neutral,domain-lexicon-v1.1
2297,331288,1333836,1333836,2026-07-17 10:03:32,"윗브 캔슬 후 클로까지 쓰는 건 상황따라 달라서 정답이라고 말씀드리기 어려울 것 같습니다. 윗분이 말씀해주신 것처럼 시미터나 클로가 쿨이어도 윗브캔슬이 됩니다! 참고로 그냥 브릭도 시미터/클로캔슬이 되어서 조금 더 빠르게 딜을 넣을 수 있어요. 클로 단일만 남았을 때, 저는 그냥 평클을 쓰는 편입니다만 클로로 뭘 회피해야하는 상황이 가깝다면 아낄 때도 있어요.",neutral,domain-lexicon-v1.1
2297,331169,1333393,1333393,2026-07-16 18:47:32,아니 테이크다운으로 강화하면 되는데 왜...........오드넌스를................/,neutral,domain-lexicon-v1.1
2297,331169,1333645,1333645,2026-07-16 21:04:37,그냥 오드 사출기로 주면 안되겠냐? 스킬 누를거 개많다고 ᄉᄇ..,neutral,domain-lexicon-v1.1
2297,331169,1333858,1333858,2026-07-17 10:45:13,오드넌스 에너지로 강화면 오드가 있을 때만 시전되게 하던가 멀쩡한 오드는 왜 부수면서 강화하냐고...,neutral,domain-lexicon-v1.1
2297,331242,1333451,1333451,2026-07-16 19:04:58,저번 주에 메일오드 10/10기준 1레벨만 열면 30초딜 대략 3.5% 감소했음...,neutral,domain-lexicon-v1.1
2297,331242,1333490,1333451,2026-07-16 19:18:49,바뀐거없으니 안열어야지 감사용,positive,domain-lexicon-v1.1
2298,224623,766941,766941,2026-07-14 03:44:29,체급 낮아요,neutral,domain-lexicon-v1.1
2298,224623,767033,766941,2026-07-14 14:55:42,그렇군요 ᅲᅲ,neutral,domain-lexicon-v1.1
2298,224623,766968,766968,2026-07-14 09:34:56,모든직업다 일필에 맞출수없어요 그냥 쓰세여,neutral,domain-lexicon-v1.1
2298,224623,767035,766968,2026-07-14 14:55:49,아하,neutral,domain-lexicon-v1.1
2298,224623,766974,766974,2026-07-14 10:06:13,체급이 낮긴 낮은데 아직 보스패턴이 익숙하지 않아서 그런듯 하네요.. 제가 노적자 110%로 가서 1분정도 남았었고 하드세렌은 110%로 가서 쉽게 깼었던 것 같습니다..,neutral,domain-lexicon-v1.1
2298,224623,766975,766974,2026-07-14 10:06:41,캐슈도 웬만해서는 딱 100%로 가도 거의 깰거에요,neutral,domain-lexicon-v1.1
2298,224623,767036,766974,2026-07-14 14:56:04,@수면양말 넵 ᅲᅲ 연습해야겠네요,neutral,domain-lexicon-v1.1
2298,224623,767078,767078,2026-07-14 17:59:24,사람도 아니고 원숭이가 대포쏘는데 쌜리가,neutral,domain-lexicon-v1.1
2298,224623,767122,767122,2026-07-14 21:49:50,캐슈 쌀피엠이 최하위권이라 약한게 맞음,neutral,domain-lexicon-v1.1
2298,224623,767488,767122,2026-07-16 16:45:40,슬프네요 ᅲᅲ,neutral,domain-lexicon-v1.1
2298,224623,767194,767194,2026-07-15 07:21:32,쌀피엠 낮아서 안되는 게 맞을건데,neutral,domain-lexicon-v1.1
2298,224623,767487,767194,2026-07-16 16:45:22,그렇군요 ᅲᅲᅲ,neutral,domain-lexicon-v1.1
2298,224766,767534,767534,2026-07-16 17:46:46,키다운 딜만 올리면 몰라 막타딜은 깎음 ᄏᄏᄏᄏ,neutral,domain-lexicon-v1.1
2298,224766,767567,767567,2026-07-16 18:22:11,아우 막타딸깍하고 버스터 쓸려했는데 그럼 강제인가,neutral,domain-lexicon-v1.1
2298,224670,767123,767123,2026-07-14 21:54:31,"사실 3페는 모든 직업으로 해도 다 똑같은 반응이에요. 직업적인 팁으로는 말씀하신 것처럼 왼쪽으로 뛰어도 좋지만, 윙즈 글라이딩 체공 이용해서 버티는 것도 좋아요 정 발판이 없다면. 데드아이는 적응되기 전까진 무적기로만 돌리시는 게 좋아요 검마 3페 자체의 팁은, 되도록 보라색 레이저는 하나만, 파란색 레이저는 2개까진 맞아도 괜찮다정도..? 속사기 직업이니까 너무 안 쫄으셔도 된다..?",positive,domain-lexicon-v1.1
2298,224670,767124,767124,2026-07-14 21:58:04,저는 더블점프후 윙즈로 검마한테서 멀어진 다음 블링크로 체공해서 넘기는 편이에요,neutral,domain-lexicon-v1.1
2298,224670,767125,767125,2026-07-14 22:03:57,걍 운빨임 ᄏᄏᄏ 저도 160% 정도로 깼는데 무한트라이 하다가 운좋게 패턴 안겹치게 나온판 깼음요,neutral,domain-lexicon-v1.1
2298,224670,767129,767129,2026-07-14 22:16:35,데드아이 무적 활용잘하기 쿨짧으니 그냥 죽을거같다 싶으면 막 쓰셈,neutral,domain-lexicon-v1.1
2298,224670,767134,767134,2026-07-14 22:35:30,"1.숙이기 잘하기 2.빨간 레이저 잘 피하기, 빨간색 2개 겹쳐서 맞으면 죽음. 파란색은 맞아도 됨 훨씬 덜 아픔 다만 레이저 맞고 뺨 조심. 그리고 질문한 건 당연히 그래도 됨. 3.운석 땅개 시 맵 넓게 활용해서 피하기, 검마 뺨 거리 밖에서 피하는 게 좋음. 그래서 검마 위치를 주차 해두고 검마 위치 조절을 하는 거기도 함. 4.권능 윗 권능 - 좌측이나 우측 긴 윗 장판(밟을 수 있는 거) 아래에서 피할 수 있음. 다만 장판의 앞이나 뒤쪽에 흰색 떨어지는 권능이 많은 쪽 피할 것. 아랫 권능 - 밟는다고 무조건 죽는 것은 아니니 밟아도 빠르게 점프 하면 살 가능성이 있음. 블링크나 윙즈 등으로 검마랑 떨어져서 버티다 내려오기. 질문한 건 당연히 그렇게 피해도 됨.",neutral,domain-lexicon-v1.1
2298,224670,767136,767134,2026-07-14 22:38:39,기본적으로 움직임이 편하려면 뺨 후리는 걸 유도 잘 하는 게 미리 뺨 후리게 하고 권능이던 땅개던 피하는 것들을 하면 죽을 일이 확연히 줄어듦.,neutral,domain-lexicon-v1.1
2298,224670,767141,767141,2026-07-14 23:04:07,160퍼면 그냥 데드아이는 무적기로 킵하시고 기동력이 좋아서 권능때는 질문한것처럼 덥점윙즈로 빨리 왼쪽으로 튀어서 발판 찾는것도 좋은 방법임 (대신 뛸때 검마 밀격타이밍이랑 안겹치게 조심) 그리고 오른쪽 끝 제일위에 생기는 발판에서 점프하면 검마 밀격 피해짐. 왼쪽으로 튀는각 안나오면 그냥 올라가서 점프로 밀격 피하는것도 좋음 (대신 여기는 감자떨어지는게 오른쪽부터 떨어지면 가끔 억까당하긴하는데.. 그건 그냥 죽어야됨),neutral,domain-lexicon-v1.1
2298,224670,767144,767141,2026-07-14 23:10:14,"그래서 3페는 기본적으로 검마를 오른쪽에 너무 안붙이고 적당히 떨어지게 주차를 시켜놔야, 권능이나 땅개 타이밍때 오른쪽에서 버틸동안 검마가 조금 걸어와도 밀격 거리가 안닿아서 여유가 생김",neutral,domain-lexicon-v1.1
2298,224670,767154,767154,2026-07-15 00:25:08,아랫권능 말하시는거죠? 검마 적당한 위치에 주차 잘 해놓고 저는 오른쪽으로 피하게되면 끝에가서 윙즈(윗점)-블링크 쓰고있다가 검마 가까이오면 윙즈로 검마 존에 살짝 걸쳤다가 다시 나가서 검마 싸대기 빼게하고 왼쪽읋 피할땐 더블점프 윙즈로 도망가서 블링크씁니다,neutral,domain-lexicon-v1.1
2298,224670,767161,767161,2026-07-15 01:27:47,일단 메이플 사운드 플레이 하시나요? 그럼 3페 본체 밀격이나 끌당 패턴 때 유독 다른 사운드 나서 그거 반응해사 숙이셈 캡틴 속사기라 소리 듲고 바로 숙이는거 난이도 낮으편임 뭐 헤드샷 연속 재사용 터져서 욕심 부리다 싸대기 맞는 경우가 대부분일거라 래피드 쓰다가 맞는건 하수라,neutral,domain-lexicon-v1.1
2298,224670,767257,767257,2026-07-15 13:58:09,불파에 숙이기 판정있어서 불파쓰고 아래방향키 누르고있으면 발차기 안맞음,neutral,domain-lexicon-v1.1
2298,224670,767316,767316,2026-07-15 20:51:00,그래도 캡틴 정도면 검마 3페 효율 좋아서 연습 많이하시고 감 잡으셔야할듯 특히 데드아이는 쿨돌때마다 쓰기보다 그냥 무적기로만 써도 됨 이게 엄청 큰 딜 비중이 아니라해서 최소컷 아니면 엄청 자주 안 써도 된다캄,neutral,domain-lexicon-v1.1
2298,224842,767743,767743,2026-07-16 22:23:44,항상 고맙습니다.,neutral,domain-lexicon-v1.1
2298,224734,767395,767395,2026-07-16 09:02:57,애당초 딜 상승량은 전 직업 유사하게 할거라고 못박았는데 왜 자꾸 딜 타령을 하는지 모르겠음,neutral,domain-lexicon-v1.1
2298,224734,767417,767395,2026-07-16 12:34:13,난 왜 이펙트 타령을 하는지 모르겠는데,neutral,domain-lexicon-v1.1
2298,224734,767489,767395,2026-07-16 16:46:18,@드가자2 그건 능지 문제임,negative,domain-lexicon-v1.1
2298,224734,767398,767398,2026-07-16 09:43:44,노인장의 향연...,neutral,domain-lexicon-v1.1
2298,224734,767436,767398,2026-07-16 13:16:34,인벤 딱지가 뭔 벼슬이라도되나요?,neutral,domain-lexicon-v1.1
2298,224734,767468,767398,2026-07-16 15:00:31,@Bulletparty 벼슬은 아니어도 어느정도 마패의 느낌은 나지 않을까요?,neutral,domain-lexicon-v1.1
2298,224734,767510,767398,2026-07-16 17:13:24,메세지만 보면되는걸 메신저가 딱지없다고 메세지까지 까내리고있네 인장봤는데 게임커뮤에서 스펙높다고 완장질하는게 수준이 딱 보임,neutral,domain-lexicon-v1.1
2298,224734,767553,767398,2026-07-16 18:12:43,분탕이 줜나 많으니까 그렇지 분탕취급 안받고싶으면 딱지달고오셈,neutral,domain-lexicon-v1.1
2298,224734,767562,767398,2026-07-16 18:20:41,"@Bulletparty 벼슬이라는 건 절대 아니지만, 발언에 힘이 안실리는 건 감안해야겠죠. 인장 다시고 인장 없는 분들이 글 쓰는 거 보면은 이해되실거임",neutral,domain-lexicon-v1.1
2298,224734,767800,767398,2026-07-17 01:14:23,@멘붕멘붕멘 그래서 내용이 공감이 안가면 내용을 반박하면되는걸 왜 다른사람이 분탕이라고 저도 분탕일거라 생각하고 댓글다는이유가뭔데요 혹시 갈매기도 맘에들고 체급이쓰레기인것도 만족하시는건가요? 제가보기엔 조각 4만개도 안박은 멘붕님도 분탕급스펙인거같인데,positive,domain-lexicon-v1.1
2298,224734,767438,767438,2026-07-16 13:31:05,오늘 라이브 나와봐야 알거같긴 하네요. 개인적으로 이펙트 못챙길거면 딜이라도 챙겨야 한다고 생각하긴 하는데 이펙트 포기한다고 딜을 준다고 한것도 아니라 둘중 하나라도 개선됐으면 하긴 합니다.,neutral,domain-lexicon-v1.1
2298,224734,767798,767798,2026-07-17 01:10:02,막상 인장달아보니 첫댓말고는 딱지달아라하는애들은 조각도 얼마안쓴애들이네,neutral,domain-lexicon-v1.1
2294,457589,1753335,1753335,2026-07-16 18:15:59,닼스는 작년에 타수 고정된 걸로 아는데 제가 모르는 게 있나요,neutral,domain-lexicon-v1.1
2294,457589,1753361,1753335,2026-07-16 18:20:24,아 맞네 복귀 유저라 몰랐네요 수정완,neutral,domain-lexicon-v1.1
2294,457589,1754228,1754228,2026-07-17 13:08:00,계속 누워계실듯... 얘 쓸만해질려면 레조넌스 보공이랑 최종뎀수치 바껴야하고 비홀더 2마리씩 대리고 다녀야함...,neutral,domain-lexicon-v1.1
2294,457719,1753677,1753677,2026-07-16 20:04:06,걍 예쁜스킬 하나 생긴게 제일 큰 장점인듯 ᄏᄏᄏᄏᄏᄏᄏᄏᄏᄏᄏ 진짜 븅신같네 ᄏᄏᄏᄏᄏᄏᄏᄏᄏᄏᄏᄏᄏᄏᄏᄏᄏᄏᄏᄏᄏᄏᄏᄏᄏᄏᄏ,neutral,domain-lexicon-v1.1
2294,457719,1753689,1753689,2026-07-16 20:08:03,나도 그냥저냥 어차피 신규코어로 밸패 안한다고 했으니까 9월이 중요할듯,neutral,domain-lexicon-v1.1
2294,457719,1754224,1753689,2026-07-17 13:04:30,9월이라고 뭐가 달라질까...? 개새끼들인데,neutral,domain-lexicon-v1.1
2294,457719,1753853,1753853,2026-07-16 22:08:51,"글에 계속 극딜 빌드 사용됐을거라는 언급 무슨 말이죠? 테섭 극딜치고 와봤는데, 기존에 언급되던 고점 극딜 구조 2개 아직 유효하더라고요. 퍼뎀 계산 끝난 결과값인가요?",neutral,domain-lexicon-v1.1
2294,457534,1753175,1753175,2026-07-16 17:37:03,데벤정도면 키셋팅 자리 넉넉한 편이지,neutral,domain-lexicon-v1.1
2294,457534,1753192,1753175,2026-07-16 17:41:17,혹시 지금 어떻게 쓰고계시는지 스샷좀 가능하실까요? 전 진짜 자리 모자라던데 ᅲ,neutral,domain-lexicon-v1.1
2294,457534,1753207,1753175,2026-07-16 17:43:40,@지yee윤배 단축키세팅 가서 추천 키세팅 누르면 다른사람거 볼 수 있고 연무장에서도 볼수 있음,neutral,domain-lexicon-v1.1
2294,457534,1753199,1753199,2026-07-16 17:42:33,문슬/사소 대신 넣기,neutral,domain-lexicon-v1.1
2294,457534,1753204,1753199,2026-07-16 17:42:54,애초에 문슬도 익시드 스택 빨리 쌓으려고 쓰는거라,neutral,domain-lexicon-v1.1
2294,457534,1753228,1753199,2026-07-16 17:47:36,@검은총 진짜 그거 말곤 없어보이긴 하네요 ᅲᅲ,neutral,domain-lexicon-v1.1
2294,457534,1753239,1753239,2026-07-16 17:50:03,문슬 대신 넣을듯 하네요,neutral,domain-lexicon-v1.1
2294,457534,1753309,1753309,2026-07-16 18:08:19,데벤은 솔직히 키 개 넉넉한편이죠 .. 사냥 보스 통합키셋팅하시나,neutral,domain-lexicon-v1.1
2294,457534,1753600,1753600,2026-07-16 19:41:39,애매하면 포비든이랑 엔버링크 자리도 써주지 크킄,neutral,domain-lexicon-v1.1
2294,457788,1753984,1753984,2026-07-17 00:57:50,인지나 하고있으면 다행일거같은데...ᄏᄏ,neutral,domain-lexicon-v1.1
2294,457788,1754080,1754080,2026-07-17 07:59:16,운영진 데벤 하는사람이 없어서 그래,neutral,domain-lexicon-v1.1
2294,457584,1753311,1753311,2026-07-16 18:08:58,이펙트는 바꼇나요?,neutral,domain-lexicon-v1.1
2294,457584,1753315,1753311,2026-07-16 18:09:42,ᄂ,neutral,domain-lexicon-v1.1
2294,457584,1753317,1753317,2026-07-16 18:10:18,근데 원래도 펫 자동은 안썼어서 쓰면 자꾸 파엘 물보다도 더 많이 마셔대서 오링남,neutral,domain-lexicon-v1.1
2294,457584,1753321,1753317,2026-07-16 18:11:23,그래도 의문사 방지위해서 mvp물약 쓰던 입장에서는 이거도 개선문의 해볼만 할 것 같네요! 개선 문의 잘 받아주는거 같습니다,neutral,domain-lexicon-v1.1
2294,457584,1753347,1753317,2026-07-16 18:17:32,@퇴임용근 엠뷥이업서요,neutral,domain-lexicon-v1.1
2294,457584,1753450,1753450,2026-07-16 18:47:31,혹시 보스할때 데벤은 자동포션 몇퍼센트로 해놓으시나요?,neutral,domain-lexicon-v1.1
2294,457584,1753484,1753450,2026-07-16 19:01:05,전 20퍼로 해놓습니다!,neutral,domain-lexicon-v1.1
2294,457542,1753293,1753293,2026-07-16 18:02:13,듀블 ᄅᄋ 개구림,neutral,domain-lexicon-v1.1
2294,457542,1753442,1753442,2026-07-16 18:46:18,데슬은 보조교불에 아프게맞으면서 딜이구림,neutral,domain-lexicon-v1.1
2294,457542,1753466,1753466,2026-07-16 18:53:12,딜이랑 성능 신경쓰신다면 전 듀블보다 데슬이 더 구리다고 생각해서.. 이펙트 보고 오시는 거 아니라면 추천하긴 힘들다 생각합니다.,neutral,domain-lexicon-v1.1
2294,457542,1753474,1753474,2026-07-16 18:55:43,헉 둘다 또이또이인가보네여 굳이 따지자면 누가 더 나은가요?,neutral,domain-lexicon-v1.1
2294,457542,1753480,1753474,2026-07-16 18:58:06,듀블 본캐였었는데 걍 데슬은 구조 더 박살난 듀블임 듀블하셈,neutral,domain-lexicon-v1.1
2294,457542,1753519,1753474,2026-07-16 19:13:52,@옌율쌈 오우 넵 감사합니다!,positive,domain-lexicon-v1.1
2294,457802,1754077,1754077,2026-07-17 07:49:52,그런 큰문제들은 리마 아니면 답도 없으니깐,negative,domain-lexicon-v1.1
2294,457802,1754174,1754077,2026-07-17 11:49:18,현실적으로 생각하고 그러면 안됨. 그냥 누워서 징징거려야함,neutral,domain-lexicon-v1.1
2294,457802,1754232,1754077,2026-07-17 13:16:18,@아윤님 이제 인벤 여론보고 밸패안함 밸패한다해도 데슬만 저리 크게 바꿔줄일도 없고..,neutral,domain-lexicon-v1.1
2294,457802,1754358,1754077,2026-07-17 16:48:12,왜 계속 초를 치는거임 해달라고 징징대도 모자랄판에 ᄏᄏᄏ 루미 플위처럼 리마 아니어도 리마급으로 밸패가 된 케이스가 버젓이 있는데,neutral,domain-lexicon-v1.1
2297,331190,1333321,1333321,2026-07-16 18:06:25,진짜 이해할수가 없네,neutral,domain-lexicon-v1.1
2297,331190,1333323,1333323,2026-07-16 18:06:52,개씨발 진짜 의도적으로 안넣은거네 ᄏᄏᄏᄏᄏ,neutral,domain-lexicon-v1.1
2297,331190,1333327,1333327,2026-07-16 18:07:44,진짜ᅡ 좆같다..,neutral,domain-lexicon-v1.1
2297,331190,1333348,1333348,2026-07-16 18:20:44,대놓고 엿먹이네,neutral,domain-lexicon-v1.1
2297,331190,1333364,1333364,2026-07-16 18:31:25,대놓고 멕이네 시발 ᄏᄏ,neutral,domain-lexicon-v1.1
2297,331190,1333378,1333378,2026-07-16 18:40:21,현질해서 채우라고 ᄏᄏ,neutral,domain-lexicon-v1.1
2297,331190,1333494,1333494,2026-07-16 19:21:01,방무 ᄉᄇ 처넣으르고좀!,neutral,domain-lexicon-v1.1
2297,331190,1333719,1333719,2026-07-16 23:28:28,스킬 만드시는분들 인성이 빻았네 ᄒᄒ,neutral,domain-lexicon-v1.1
2295,299475,1154552,1154552,2026-07-16 18:27:26,더 길어지는구나,neutral,domain-lexicon-v1.1
2295,299475,1154571,1154552,2026-07-16 18:31:15,네 소어 엘블 오리진 바로 쓰고 기존처럼 컷신끝날때 돌아와 바로 쓰면 피니셔 딜이 덜 들어가요.. 마나 한번 더 사용하고 돌아와해야하는데 은근 불편,negative,domain-lexicon-v1.1
2295,299475,1154558,1154558,2026-07-16 18:29:03,기왕이면 이펙트 잘내줬으니 1번은 진짜... 해줬으면 좋겠네요 소어말고 일반 드브도 남은데미지 임브에 넣어줬으면 좋겠구요ᅮ,neutral,domain-lexicon-v1.1
2295,299475,1154565,1154558,2026-07-16 18:29:55,이게 베스트..죠ᄒᄒ,neutral,domain-lexicon-v1.1
2295,299475,1154559,1154559,2026-07-16 18:29:05,소어 버티컬 지속동안교감 안꺼지나요 혹시,neutral,domain-lexicon-v1.1
2295,299475,1154563,1154559,2026-07-16 18:29:42,"소어는 지속 중에 교감이 계속 갱신되고, 피니셔는 갱신은 안되는데 풀딜 넣어도 교감이 꺼지지는 않아요",neutral,domain-lexicon-v1.1
2295,299475,1154570,1154559,2026-07-16 18:31:11,@용용이즈유 아 다행이네요 시간보고 꺼지나 싶었는데,neutral,domain-lexicon-v1.1
2295,299475,1154579,1154579,2026-07-16 18:33:05,1-2는 진짜 해줘야 할거 같네요 솔직히 딜쪽은 안건들어줄거 같아서 ..,neutral,domain-lexicon-v1.1
2295,299475,1154598,1154579,2026-07-16 18:37:14,익숙해지면 해결된다곤하지만 이것도 거슬리는 부분이니 해주면 좋겠어요,neutral,domain-lexicon-v1.1
2295,299475,1154584,1154584,2026-07-16 18:34:30,저거 두개만 해줘도 만족! 2는 진짜 해줘야할거 같고 1해주면 정말 좋긴하져..,positive,domain-lexicon-v1.1
2295,299475,1154587,1154584,2026-07-16 18:35:02,근데 사실 1번은 그냥 임브에 해줬으면 하는 바람..ᄏᄏ,neutral,domain-lexicon-v1.1
2295,299475,1154593,1154584,2026-07-16 18:36:55,@에반세웅 그게.. 베스트죠! 일단 밸패일정을 9월로 픽스해버려서 신규6차만 문의넣어보려구용ᄒᄏᄏᄏᄏ 괜히 이랬다가 진짜 소어만 고쳐주고 9월에 드브만 안고쳐주면 그것도 문제긴하지만ᅲᅲᅲ,negative,domain-lexicon-v1.1
2295,299475,1154623,1154623,2026-07-16 18:46:01,드브-돌아와나 소어-돌아와 구체(?) 생성 위치를 에반 위치 말고 보스 위치로 타겟팅되었으면 하는 소소한 바람이 있습니다,neutral,domain-lexicon-v1.1
2295,299475,1154627,1154623,2026-07-16 18:46:50,이거 좋은 개선안인데 포함시켜서 같이 넣어보죠! 테섭 연무장에서 돌아와딜 합쳐서 1퍼 점유율은 넘겼거든요. 꼭 들어왔으면 좋겠네요,neutral,domain-lexicon-v1.1
2295,299475,1154671,1154671,2026-07-16 19:00:28,지금부터 요구하면 9월에라도 해줄수도 있으니 좋습니다,neutral,domain-lexicon-v1.1
2295,299475,1154692,1154671,2026-07-16 19:06:31,아직 구조개선 안된 직업이 남아서 해줄지는 의문이지만 본섭 오기전까진 최대한 넣어봐야죠.. 신규 스킬 나온 이후엔 전체적인 구조개선안 보내려구요,neutral,domain-lexicon-v1.1
2295,299372,1154274,1154274,2026-07-16 16:58:23,오오 일했나?ᄃᄃᄃ,neutral,domain-lexicon-v1.1
2295,299372,1154275,1154275,2026-07-16 16:58:37,휴,neutral,domain-lexicon-v1.1
2295,299372,1154286,1154286,2026-07-16 17:01:51,일단 직업마다 가장 급한불만 끈거같네요,neutral,domain-lexicon-v1.1
2295,299443,1154473,1154473,2026-07-16 18:09:31,아무것도 없네요 ᄃᄃ,neutral,domain-lexicon-v1.1
2295,299443,1154478,1154473,2026-07-16 18:11:00,아니 오익플급 보급형 이프리트가 그대로;;;,neutral,domain-lexicon-v1.1
2295,299443,1154493,1154493,2026-07-16 18:14:18,성능 구조는 다른 직업들도 상황보니까 9월까지 봐야될거같은데 이펙트 개선 안해준거보면 흠,neutral,domain-lexicon-v1.1
2295,299604,1154938,1154938,2026-07-16 22:33:51,플위대비 스커가 1.038배정도 강합니다. 대충 역산하면 98.6이 이론상 극최소컷이에요. 이거도 근데 허수아비 기준이라 해봐야 알아요. 굳이 시도 안하는걸 권장합니다 ᄏᄏ;,neutral,domain-lexicon-v1.1
2295,299604,1155013,1155013,2026-07-17 01:24:26,되긴 할 거 같아여,neutral,domain-lexicon-v1.1
2295,299604,1155039,1155039,2026-07-17 02:37:09,이론상 될거같긴 한데 굳이 추천은 안할거 같음...,neutral,domain-lexicon-v1.1
5974,6769863,34654146,34654146,2026-06-24 15:06:36,드디어 일을 했구나,neutral,domain-lexicon-v1.1
5974,6769863,34656682,34654146,2026-06-24 16:29:12,ᄅᄋ,neutral,domain-lexicon-v1.1
5974,6769863,34654160,34654160,2026-06-24 15:07:18,오케이 일단 비공부터 누를게요,neutral,domain-lexicon-v1.1
5974,6769863,34654165,34654165,2026-06-24 15:07:23,혼자만 이쁜거 먼저 쓴거 해명좀 해주십쇼,neutral,domain-lexicon-v1.1
5974,6769863,34654167,34654167,2026-06-24 15:07:27,일을 하는 카논노 > 일 안한 강원기,neutral,domain-lexicon-v1.1
5974,6769863,34654169,34654169,2026-06-24 15:07:33,댓글 고정좀요ᅲᅲ,neutral,domain-lexicon-v1.1
5974,6769863,34654170,34654170,2026-06-24 15:07:36,분탕 좀 잡아라,neutral,domain-lexicon-v1.1
5974,6769863,34654177,34654177,2026-06-24 15:07:50,비공 ᄏᄏᄏᄏᄏᄏᄏᄏ,neutral,domain-lexicon-v1.1
5974,6769863,34654185,34654185,2026-06-24 15:07:55,카논노와 원기는 취향차이,neutral,domain-lexicon-v1.1
5974,6769863,34654186,34654186,2026-06-24 15:07:58,칭호 뭐야 나도 얻고싶은데 어케얻음,neutral,domain-lexicon-v1.1
5974,6769863,34654219,34654219,2026-06-24 15:08:58,10추 못 가겠네,neutral,domain-lexicon-v1.1
5974,6769863,34654285,34654285,2026-06-24 15:10:47,간만에 일 좀 했구나,neutral,domain-lexicon-v1.1
5974,6769863,34654402,34654402,2026-06-24 15:14:43,아오 10추 못가서 또 못받을 뻔 했네,neutral,domain-lexicon-v1.1
5974,6769863,34654616,34654616,2026-06-24 15:21:32,왜 블라 안됨?,neutral,domain-lexicon-v1.1
5974,6769863,34654627,34654627,2026-06-24 15:21:49,드디어 레테인장,neutral,domain-lexicon-v1.1
5974,6769863,34654689,34654689,2026-06-24 15:23:45,모바일 인장은 좀 보기좋네,neutral,domain-lexicon-v1.1
5974,6769863,34654720,34654720,2026-06-24 15:24:33,엑,neutral,domain-lexicon-v1.1
5974,6769863,34654729,34654729,2026-06-24 15:24:53,이!이 이라이라,neutral,domain-lexicon-v1.1
5974,6769863,34654847,34654847,2026-06-24 15:28:27,스팸 마렵다,neutral,domain-lexicon-v1.1
5974,6769863,34655112,34655112,2026-06-24 15:36:32,논노가 일을 하네,neutral,domain-lexicon-v1.1
5974,6769863,34655136,34655136,2026-06-24 15:37:15,비추수봐 ᄏᄏ,neutral,domain-lexicon-v1.1
5974,6769863,34655140,34655140,2026-06-24 15:37:32,비추 왤케 박혀ᄏᄏ,neutral,domain-lexicon-v1.1
5974,6769863,34655191,34655140,2026-06-24 15:39:37,원래 국룰임,neutral,domain-lexicon-v1.1
5974,6769863,34655171,34655171,2026-06-24 15:38:47,역대최악의관리자,negative,domain-lexicon-v1.1
5974,6769863,34655202,34655202,2026-06-24 15:40:00,논노 근데 일 안하고 사냥만 ᄌᄂ하더라;; 넌 비추다,neutral,domain-lexicon-v1.1
5974,6769863,34655206,34655206,2026-06-24 15:40:09,듸질래?,neutral,domain-lexicon-v1.1
5974,6769863,34655210,34655210,2026-06-24 15:40:14,"아놔, 갱신하니까 1억플마단이 되어버렸잖아! 쌰갈!!!",neutral,domain-lexicon-v1.1
5974,6769863,34655212,34655212,2026-06-24 15:40:24,295 10500 모든 메안분의 기준,neutral,domain-lexicon-v1.1
5974,6769863,34655290,34655290,2026-06-24 15:43:26,논노야 일좀해라,neutral,domain-lexicon-v1.1
5974,6769863,34655376,34655376,2026-06-24 15:46:14,지지난주~지난주 분탕이 그렇게 설치고 다녔는데도 아무것도 안한 이유좀 설명해줘라,neutral,domain-lexicon-v1.1
5974,6769863,34655385,34655385,2026-06-24 15:46:26,ᄋᄃ,neutral,domain-lexicon-v1.1
5974,6769863,34655417,34655417,2026-06-24 15:47:14,혼자만 쓰더니ᄏᄏᄏ,neutral,domain-lexicon-v1.1
5974,6769863,34655428,34655428,2026-06-24 15:47:32,논노햄 인장에 걍 닉 박아놨네 ᄏᄏᄏ,neutral,domain-lexicon-v1.1
5974,6769863,34655485,34655485,2026-06-24 15:49:09,ᄋᄃ,neutral,domain-lexicon-v1.1
5974,6769863,34655545,34655545,2026-06-24 15:51:15,갑자기 기분 팍 상하네,neutral,domain-lexicon-v1.1
5974,6769863,34655560,34655560,2026-06-24 15:51:49,6.20 인장 갱신인데 갱신 또 안해도 받아지네,neutral,domain-lexicon-v1.1
5974,6769863,34655633,34655633,2026-06-24 15:54:08,ᄋᄃ,neutral,domain-lexicon-v1.1
5974,6769863,34655677,34655677,2026-06-24 15:55:11,ᄋᄃ,neutral,domain-lexicon-v1.1
5974,6769863,34655690,34655690,2026-06-24 15:55:29,비추,neutral,domain-lexicon-v1.1
5974,6769863,34655742,34655742,2026-06-24 15:57:02,ᄋᄃ,neutral,domain-lexicon-v1.1
5974,6769863,34655867,34655867,2026-06-24 16:00:37,ᄏᄏᄏᄏ,neutral,domain-lexicon-v1.1
5974,6769863,34655893,34655893,2026-06-24 16:01:22,이제야주는군,neutral,domain-lexicon-v1.1
5974,6769863,34656036,34656036,2026-06-24 16:06:05,와,neutral,domain-lexicon-v1.1
5974,6769863,34656085,34656085,2026-06-24 16:07:43,ᄋᄃ,neutral,domain-lexicon-v1.1
5974,6769863,34656142,34656142,2026-06-24 16:09:43,어후,neutral,domain-lexicon-v1.1
5974,6769863,34656254,34656254,2026-06-24 16:13:44,ᄋᄃ,neutral,domain-lexicon-v1.1
5974,6769863,34656378,34656378,2026-06-24 16:18:00,인장 이뿌다 메이린,neutral,domain-lexicon-v1.1
5974,6769863,34656407,34656407,2026-06-24 16:18:41,개이뿌덩,neutral,domain-lexicon-v1.1
5974,6769863,34656438,34656438,2026-06-24 16:19:55,논노 ᄒᄋ,neutral,domain-lexicon-v1.1
5974,6769863,34656533,34656533,2026-06-24 16:23:28,메-,neutral,domain-lexicon-v1.1
5974,6769863,34656546,34656546,2026-06-24 16:23:55,ᄋᄃ,neutral,domain-lexicon-v1.1
5974,6769863,34656768,34656768,2026-06-24 16:32:05,ᄋᄃ,neutral,domain-lexicon-v1.1
5974,6769863,34657202,34657202,2026-06-24 16:48:36,인장 이쁘구만~,neutral,domain-lexicon-v1.1
5974,6769863,34657322,34657322,2026-06-24 16:54:21,투력이 7억인데 데티 해방을 아직 안하셨네,neutral,domain-lexicon-v1.1
5974,6769863,34657338,34657338,2026-06-24 16:54:45,일 좀 해라,neutral,domain-lexicon-v1.1
5974,6769863,34657351,34657351,2026-06-24 16:55:15,논노 왜 코디 바꿈,neutral,domain-lexicon-v1.1
5974,6769863,34657756,34657756,2026-06-24 17:10:45,비공,neutral,domain-lexicon-v1.1
5974,6769863,34657759,34657756,2026-06-24 17:10:47,ᄑᄆ,neutral,domain-lexicon-v1.1
5974,6769863,34657761,34657756,2026-06-24 17:10:49,ᄑᄆ,neutral,domain-lexicon-v1.1
5974,6769863,34658185,34658185,2026-06-24 17:27:39,ᄋᄃ,neutral,domain-lexicon-v1.1
5974,6769863,34658242,34658242,2026-06-24 17:29:51,관리좀해라,neutral,domain-lexicon-v1.1
5974,6769863,34658657,34658657,2026-06-24 17:46:11,으흐흐,neutral,domain-lexicon-v1.1
5974,6769863,34658849,34658849,2026-06-24 17:54:00,메이린 인장 캬 ᄏᄏ,neutral,domain-lexicon-v1.1
5974,6769863,34658858,34658858,2026-06-24 17:54:24,관리자 역사상 최고 JOAT,positive,domain-lexicon-v1.1
5974,6769863,34659113,34659113,2026-06-24 18:03:41,카논노 저리가,neutral,domain-lexicon-v1.1
5974,6769863,34659897,34659897,2026-06-24 18:36:12,파밍,neutral,domain-lexicon-v1.1
5974,6769863,34660252,34660252,2026-06-24 18:52:50,접속종료할때 드메템 끼고있었으면 갱신할때 전투력 떨어지는거 킹받거든요,neutral,domain-lexicon-v1.1
5974,6769863,34660362,34660362,2026-06-24 18:58:45,논노 어서오고,neutral,domain-lexicon-v1.1
5974,6769863,34661479,34661479,2026-06-24 19:50:25,ᄋᄃ,neutral,domain-lexicon-v1.1
5974,6769863,34661767,34661767,2026-06-24 20:04:15,카,neutral,domain-lexicon-v1.1
5974,6769863,34661772,34661767,2026-06-24 20:04:18,논,neutral,domain-lexicon-v1.1
5974,6769863,34661777,34661767,2026-06-24 20:04:21,노,neutral,domain-lexicon-v1.1
5974,6769863,34664391,34664391,2026-06-24 22:20:26,어센트 인장 재탕하는구만,neutral,domain-lexicon-v1.1
5974,6769863,34671846,34671846,2026-06-25 08:53:47,ᄋᄃ,neutral,domain-lexicon-v1.1
5974,6769863,34680859,34680859,2026-06-25 15:31:18,카논노 7억 엄청 세네,neutral,domain-lexicon-v1.1
5974,6769863,34716081,34716081,2026-06-26 20:47:11,ᄋᄃ,neutral,domain-lexicon-v1.1
5974,6769863,34721755,34721755,2026-06-27 02:41:09,ᄋ,neutral,domain-lexicon-v1.1
5974,6769863,34979865,34979865,2026-07-06 15:08:25,아 진짜 카논노라서 카논노구나,neutral,domain-lexicon-v1.1
5974,6769863,35298983,35298983,2026-07-17 01:39:19,이거 이제 끝남??,neutral,domain-lexicon-v1.1
5974,6889698,35287417,35287417,2026-07-16 18:12:09,뎀스 이쁘다,positive,domain-lexicon-v1.1
5974,6889698,35287428,35287428,2026-07-16 18:12:24,도로시추 라방 끝나기도 전에 ᄃ,neutral,domain-lexicon-v1.1
5974,6889698,35287433,35287433,2026-07-16 18:12:28,신속하구만,neutral,domain-lexicon-v1.1
5974,6889698,35287541,35287541,2026-07-16 18:14:21,항상 고마워요!,neutral,domain-lexicon-v1.1
5974,6889698,35287542,35287542,2026-07-16 18:14:23,뎀스 멋있네... 260 어렵나?,neutral,domain-lexicon-v1.1
5974,6889698,35288193,35287542,2026-07-16 18:29:13,시간 지나면 260 공략글이나 유튜브 올라올텐데 그거 보고하면 될 거임,neutral,domain-lexicon-v1.1
5974,6889698,35288467,35287542,2026-07-16 18:34:30,30분걸림,neutral,domain-lexicon-v1.1
5974,6889698,35297425,35287542,2026-07-17 00:15:40,"250레벨까진 아이엘 이후의 신직업과 같이 하이퍼버닝 먹여줄거라 할거 파악 다 끝나있으면 한시간 내외, 길어도 서너시간이면 끝. 250레벨~260레벨 구간은 버닝비욘드나 챌린저스월드 비슷한 이벤트도 이번에 같이 개최할거 같아서 매우 빨라지긴 할텐데 이벤트 내용 들어오는거 봐야함",neutral,domain-lexicon-v1.1
5974,6889698,35287567,35287567,2026-07-16 18:14:55,ᄋᄃ,neutral,domain-lexicon-v1.1
5974,6889698,35287569,35287569,2026-07-16 18:15:00,잡로얄이랑 스라벨 바뀌고 부티크 180개랑 30개 코디 바뀐거 아니냐 내가 취향이 이상한거겠지?,neutral,domain-lexicon-v1.1
5974,6889698,35287668,35287569,2026-07-16 18:16:54,나도잡라벨이 더 이쁜듯 ᄏᄏ,neutral,domain-lexicon-v1.1
5974,6889698,35287682,35287569,2026-07-16 18:17:09,근데 잡라벨이 스라벨이라기엔 좀 심심하긴해 이쁘긴한데,neutral,domain-lexicon-v1.1
5974,6889698,35288842,35287569,2026-07-16 18:44:23,루시드때도 30개 잘나오긴했음. 일부러 소비 시키려고 잘내는듯. 솔직히 30개면 살만함 180은 ᄉᄇ;;;,neutral,domain-lexicon-v1.1
5974,6889698,35287597,35287597,2026-07-16 18:15:35,도로시추,neutral,domain-lexicon-v1.1
5974,6889698,35287692,35287692,2026-07-16 18:17:19,260 공략 누가 올려주겠지,neutral,domain-lexicon-v1.1
5974,6889698,35287732,35287732,2026-07-16 18:18:08,헤어 성형도 주세요,neutral,domain-lexicon-v1.1
5974,6889698,35288234,35287732,2026-07-16 18:29:55,여깄습니다,neutral,domain-lexicon-v1.1
5974,6889698,35287740,35287740,2026-07-16 18:18:27,정보추,neutral,domain-lexicon-v1.1
5974,6889698,35287741,35287741,2026-07-16 18:18:27,"""메이플 ID당 1회 안드로이드 수령 가나ᅳᄋ"" 작성자님도 사람이었어",neutral,domain-lexicon-v1.1
5974,6889698,35288409,35287741,2026-07-16 18:33:10,수정했습니다 감사합니다,positive,domain-lexicon-v1.1
5974,6889698,35287789,35287789,2026-07-16 18:19:24,별 의욕없이 주사위를 굴렸으나 63 나왔습니다...,neutral,domain-lexicon-v1.1
5974,6889698,35287790,35287790,2026-07-16 18:19:28,캬,neutral,domain-lexicon-v1.1
5974,6889698,35287814,35287814,2026-07-16 18:20:02,ᄋᄃ,neutral,domain-lexicon-v1.1
5974,6889698,35287836,35287836,2026-07-16 18:20:29,아씨발 이제코어강화 별로 수요없을거같아서 에테리온 싹다팔았는데어제 ᄉᄇ,neutral,domain-lexicon-v1.1
5974,6889698,35288054,35288054,2026-07-16 18:26:08,정성 추 ! 미미크리 방 빼 !! ~,neutral,domain-lexicon-v1.1
5974,6889698,35288062,35288062,2026-07-16 18:26:13,컬프프는 상시판매에 가격조정도 했는데 스킨프리즘은 왜 그대론겨,neutral,domain-lexicon-v1.1
5974,6889698,35288073,35288073,2026-07-16 18:26:25,ᄋᄃ,neutral,domain-lexicon-v1.1
5974,6889698,35288282,35288282,2026-07-16 18:30:44,썬데이 어디감,neutral,domain-lexicon-v1.1
5974,6889698,35288393,35288282,2026-07-16 18:32:58,https://maplestory.nexon.com/News/Event/Ongoing/1356 혹시 아까 공개된 이거 말고 테섭에서 썬데이 관련 언급이 있었나요?,neutral,domain-lexicon-v1.1
5974,6889698,35288310,35288310,2026-07-16 18:31:11,이번 부트크옷은 애매하넹,neutral,domain-lexicon-v1.1
5974,6889698,35288313,35288313,2026-07-16 18:31:17,오 내바스 이번엔 꼭사야지,neutral,domain-lexicon-v1.1
5974,6889698,35288506,35288506,2026-07-16 18:35:37,항상 신세지네요,neutral,domain-lexicon-v1.1
5974,6889698,35288521,35288521,2026-07-16 18:35:58,렌 뎀스는 좀 이쁘다,positive,domain-lexicon-v1.1
5974,6889698,35288577,35288577,2026-07-16 18:37:35,선추천 후정독 주사위 오래간만에 보이네요(내가 오래간만인건가),neutral,domain-lexicon-v1.1
5974,6889698,35288583,35288577,2026-07-16 18:37:40,이미 좋은 운은 아니네요. 주사위는 38 입니다...,neutral,domain-lexicon-v1.1
5974,6889698,35289057,35289057,2026-07-16 18:50:30,와 무슨 메카베리를 주네,neutral,domain-lexicon-v1.1
5974,6889698,35289082,35289082,2026-07-16 18:51:13,나이프 얼굴 나이스,neutral,domain-lexicon-v1.1
5974,6889698,35289256,35289256,2026-07-16 18:55:18,1시간에 9900원이네,neutral,domain-lexicon-v1.1
5974,6889698,35289661,35289661,2026-07-16 19:06:27,메엠 렌 뎀스 ᄀᄎ은데?,neutral,domain-lexicon-v1.1
5974,6889698,35289686,35289686,2026-07-16 19:07:11,ᄋᄃ,neutral,domain-lexicon-v1.1
5974,6889698,35289924,35289924,2026-07-16 19:14:04,고마워요,neutral,domain-lexicon-v1.1
5974,6889698,35291110,35291110,2026-07-16 19:52:47,모멘텀패스 물품 월교가인가요?,neutral,domain-lexicon-v1.1
5974,6889698,35316804,35291110,2026-07-17 19:46:50,사우나만 창고 이동 가능이고 나머지는 교환 불가라 사실상 교불입니다,neutral,domain-lexicon-v1.1
5974,6889698,35291697,35291697,2026-07-16 20:12:58,내가 찾는 헤어와 성형은 없네.,neutral,domain-lexicon-v1.1
5974,6889698,35292024,35292024,2026-07-16 20:26:43,현직 메m MVP레드 유저입니다 이번 메m은 챌린저스서버 시즌1 최초로 진행 예정이라 고인물들도 링크 유니온 업적 등의 내실 없이 동등한조건이라 뉴비도 할만할겁니다,neutral,domain-lexicon-v1.1
5974,6889698,35292052,35292024,2026-07-16 20:27:38,보통 이벤트전에 자동사냥 같은거 잔뜩 쟁여두는데 이번엔 챌섭이라 서버가 달라서 월교가템 날먹이 막힘,neutral,domain-lexicon-v1.1
5974,6889698,35292073,35292024,2026-07-16 20:28:29,메m 레드 등급이라니 대단...ᄋ_ᄋ,neutral,domain-lexicon-v1.1
5974,6889698,35306945,35292024,2026-07-17 12:29:16,그럼 극단적으론 그날 계정 만들어서 해도 된다는 말씀이시져?,neutral,domain-lexicon-v1.1
5974,6889698,35295468,35295468,2026-07-16 22:44:38,ᄋᄃ,neutral,domain-lexicon-v1.1
5974,6889698,35307434,35307434,2026-07-17 12:51:49,도로추,neutral,domain-lexicon-v1.1
5974,6889698,35314212,35314212,2026-07-17 18:09:08,ᄋᄃ,neutral,domain-lexicon-v1.1
2294,457147,1752005,1752005,2026-07-14 11:29:36,ᄅᄋ신규 6차스킬인데 저정도는 해줘야지,neutral,domain-lexicon-v1.1
2294,457147,1752006,1752006,2026-07-14 11:31:27,"추가로 테스트서버 건의사항용으로 작성해왔습니다 제목: 히어로 신규 HEXA 스킬 및 기존 전투 구조 개선 요청 신규 HEXA 스킬인 레이지 익스플로젼과 현재 히어로의 전투 구조에 대해 개선이 필요하다고 생각되는 부분을 작성합니다. ## 1. 전체적인 전투 구조 히어로는 별도의 파티 시너지가 거의 없는 순수 딜러입니다. 하지만 현재는 여러 스킬을 개별적으로 입력해야 하는 불편함을 감수하는 것에 비해, 실전에서 확실한 딜 우위를 보여주지 못하고 있습니다. 2025년 패치를 통해 플래시 슬래시 2회 사용과 일부 스킬의 액션 딜레이 감소 등 기본적인 조작감은 개선됐지만, 다음과 같은 문제는 여전히 남아 있습니다. * 소드 일루전의 짧은 최종 데미지 증가 시간에 지나치게 의존하는 극딜 구조 * 인사이징 디버프를 직접 유지해야 하는 구조 * 오라 블레이드와 파이널 블레이드를 각각 입력해야 하는 구조 * 레이지 업라이징을 별도의 단축키로 사용해야 하는 구조 * 설치형 스킬의 낮은 실전 적중 안정",negative,domain-lexicon-v1.1
2294,457147,1752014,1752014,2026-07-14 11:42:40,동의합니다 고생하셨어요,neutral,domain-lexicon-v1.1
2294,457147,1752046,1752046,2026-07-14 12:38:16,잘쓰셧네요,neutral,domain-lexicon-v1.1
2294,457147,1752052,1752052,2026-07-14 12:56:49,해당 내용으로 문의 넣었습니다. 히어로 파이팅!,neutral,domain-lexicon-v1.1
2294,457147,1752119,1752119,2026-07-14 15:01:50,이렇게 되면 진짜 단점 하나 없는 엄청 좋은 직업이겠네요 굿 ᄏᄏᄏᄏᄏᄏᄏᄏᄏᄏᄏᄏᄏᄏᄏᄏᄏᄏᄏᄏᄏᄏᄏᄏᄏᄏ,neutral,domain-lexicon-v1.1
2294,457147,1752141,1752141,2026-07-14 15:57:40,감사합니다,positive,domain-lexicon-v1.1
2294,457147,1752196,1752196,2026-07-14 18:01:56,너무 좋아요 저도 이대로 건의 넣었습니다. 혹시 소드일루전 가동 시 최종뎀 증가를 완전히 삭제하는 방향의 개선안은 어떻게 생각하세요? 이것도 언젠가는 손 봐주지 않을까 내심 기대중이거든요.,positive,domain-lexicon-v1.1
2294,457147,1752201,1752196,2026-07-14 18:05:55,"애초에 데스폴트에 있던 기능을 떼어 와서 소드 일루전에 붙인 거라, 이 부분은 크게 건드리지 않을 것 같아요 다만 다른 스킬로 옮겨 준다고 가정하면, 레이지 익스플로전에 넣어서 60초마다 효과를 받고 소드 일루전은 필요할 때 자유롭게 사용할 수 있는 구조도 가능할 것 같긴 해요 그래도 당장은 크게 기대하기 어려울 것 같습니다",positive,domain-lexicon-v1.1
2294,457147,1752207,1752196,2026-07-14 18:16:34,@맹식 가동 시 최종뎀증가 스킬들은 극딜 스킬들과 쿨타임 맞추기 위해 스킬 자체 딜을 포기해야 될 상황이 적잖이 나온다는 점이 참 부정적인 거 같습니다. ᅲᅲ 무적기에 최종뎀 증가 붙인 데폴 때보다는 낫겠다만 일루전도 요즘 보스패턴에 온전히 풀히트 들어간다고 말할 수는 없으니... 말씀대로 언젠가는 손 봐줄 날이 오겠죠? 개선안 작성하느라 고생 많았어요. 굿굿,neutral,domain-lexicon-v1.1
2294,457147,1752330,1752330,2026-07-14 22:21:38,"아니근데 히어로 고수님들 레업라, 오라블레이드 자동사출 이거 맞는건가요? 제가 ᄌ밥이긴하지만 아무리생각해도 자동사출되면 바이퍼 서펜트?나 소마마냥 허공에다가 겁나 터져서 딜 누수생길거같은데... 지금 퓨리어스엣지도 허공에서 딜 누수난다고 한소리하는마당에 자동사출맞나요? 진짜 잘 몰라서그래요",neutral,domain-lexicon-v1.1
2294,457147,1752331,1752330,2026-07-14 22:22:15,아 온오프가 있군요...ᄌᄉᄌᄉ;,neutral,domain-lexicon-v1.1
2294,457147,0,0,2026-07-15 09:09:31,삭제된 코멘트입니다.,neutral,domain-lexicon-v1.1
2294,457147,1752471,1752470,2026-07-15 09:09:31,"지속시간 증가를 곧바로 무지성 딜 상향이라고 보기는 어렵습니다 현재 문제는 일루전 의존도 자체에도 있지만, 같은 순서로 극딜을 사용하더라도 서버 지연이나 입력 차이에 따라 오리진 막타에 일루전 효과가 적용되는지가 달라진다는 불안정성도 큽니다 지속시간을 늘려 원래 의도된 극딜 사이클이 안정적으로 들어가게 만드는 것은 단순한 딜 상향이라기보다 실전 편차를 줄이는 구조 보완에 가깝다고 생각합니다 물론 지속시간만 늘리는 방식이라면 일루전 의존도 자체는 그대로이기 때문에 완전한 구조 개선이라고 보기는 어렵습니다 그렇다고 해서 버프를 삭제하는 방식만이 구조 개선이라고 볼 수도 없습니다 버프 삭제는 히어로의 극딜 구조와 스킬 정체성까지 크게 바꾸는 방식입니다 일루전 사용 중 공격이 강화된다는 기존 콘셉트는 유지하면서 서버 지연의 영향을 제거하거나 오리진 연출 중에는 지속시간이 감소하지 않도록 변경하는 방식도 충분히 구조 개선이라고 볼 수 있습니다 결국 핵심은 단순한 지속시간 증가가 아니라 일루전",negative,domain-lexicon-v1.1
2294,457147,1752486,1752486,2026-07-15 10:38:03,레업라랑 오블은 자동사출보단 에르다노바처럼 다른 스킬 사용 중 사용가능하게 바꾸는게 더 낫지 않을까요 그게 딜누수가 덜 할거같은디 그리고 레업라는 지금도 공중사용이 가능한디요... 퓨엣도 지금은 딜 들어가는 시간 확 줄어들어서 이펙트만 남아있지 딜은 누수없는 수준으로 순식간에 들어가요 옛날에 써둔거 가져와서 내용추가하고 기존꺼 안바꿔두신건가,neutral,domain-lexicon-v1.1
2294,457147,1752488,1752486,2026-07-15 10:41:21,레업라부분은 제가 제대로 확인 못했네요 바로 수정했습니다,neutral,domain-lexicon-v1.1
2294,457147,1752497,1752486,2026-07-15 11:19:39,"퓨리어스 엣지 부분은 예전보다 딜이 훨씬 빠르게 들어오는 것은 맞지만, 보스의 순간 이동이나 무적, 패턴 전환 같은 상황에서는 여전히 손실이 발생할 수 있습니다 예전만큼 심각한 수준은 아니더라도 완전히 해결됐다고 보기는 어렵다고 생각합니다",negative,domain-lexicon-v1.1
2297,331222,1333369,1333369,2026-07-16 18:34:37,도철 자체 딜이 낮은것도 솔직히 실제 딜 상승량을 가리기 위한 논점 흐리기로밖에 안보이네요 1렙 점유율이 높으면 좋은거 아닌가요,neutral,domain-lexicon-v1.1
2297,331222,1333370,1333370,2026-07-16 18:37:49,구조개선 해준다고 대놓고 예시로 보여줬는데 20초중에 5초 개선해주면 그게 개선해준거임?,neutral,domain-lexicon-v1.1
2297,331222,1333373,1333370,2026-07-16 18:38:35,호영 키워보고 입을 여는건지도 모르겟네,neutral,domain-lexicon-v1.1
2297,331222,1333374,1333370,2026-07-16 18:38:47,이해 안가면 걍 아갈닫고있어 ᄏᄏ,neutral,domain-lexicon-v1.1
2297,331222,1333376,1333370,2026-07-16 18:39:54,구조개선 낚시는 빡칠만 하다고 생각하는데 모두가 스킬자체가 다 구리다고 생각하는거 같아서 그래요,neutral,domain-lexicon-v1.1
2297,331222,1333385,1333370,2026-07-16 18:43:37,@에반데숭 딜량 10등 이러는거부터 호영 키워보지도 않은거 같은데 걍 아갈닫고 님직업이나 키우셈 댓글 ᄅᄋ 오랜만에 적어보네,neutral,domain-lexicon-v1.1
2297,331222,1333394,1333370,2026-07-16 18:47:41,@별과같은 지금 환산에 올라와있는 연무장 지표 잘못된건가요? 전 11만 기준으로 보고있긴해요,neutral,domain-lexicon-v1.1
2297,331222,1333399,1333370,2026-07-16 18:49:23,@에반데숭 걍 너한테 화내는 내시간이 아까워졌음 먹금해야겠다,neutral,domain-lexicon-v1.1
2297,331222,1333440,1333370,2026-07-16 19:02:54,@에반데숭 연무장 지표는 오염덩어리 지표에요 에초에 준극직업들이 딜주착 친 지표도 그대로 올라가있고 특정 직업들은 참여율 자체가 굉장히 저조해서 제대로 된 데이터가 뽑히지도 않았고 뭣보다 허수아비 치는 지표가 어떤 의미를 가지는지 꾸준히 하셨던 유저시라면 당연히 아실거라 믿어요,neutral,domain-lexicon-v1.1
2297,331222,1333551,1333370,2026-07-16 19:49:43,@중따르는절 아 ᄂᄂ 그게 아니라 그 저는 최대값 기준으로 봄 그 직업에서 가장 잘친 지표로 줄세우기를 하는거에요,neutral,domain-lexicon-v1.1
2297,331222,1333553,1333370,2026-07-16 19:50:20,@에반데숭 네 그 값이 오염덩어리라고 말씀드린거에요,neutral,domain-lexicon-v1.1
2297,331222,1333372,1333372,2026-07-16 18:38:16,아.. 예... 그러시군요 화이팅입니다,neutral,domain-lexicon-v1.1
2297,331222,1333380,1333380,2026-07-16 18:41:42,인장 달고 오세요,neutral,domain-lexicon-v1.1
2297,331222,1333386,1333380,2026-07-16 18:43:46,살해당할까봐 인장을 못달겠네요 사실 논리적으로 설득만 해주시면 바로 납득할 준비는 되어있습니당,neutral,domain-lexicon-v1.1
2297,331222,1333390,1333380,2026-07-16 18:46:22,아 예 열심히 사세요,neutral,domain-lexicon-v1.1
2297,331222,1333387,1333387,2026-07-16 18:44:33,걍 호영은 없었는데 후속조치로 이상해진 게 많아서 나중에 걍 리마하면 좋겠음 와헌 키네처럼 그리고 딜 10위는 과대포장이고 딜압축 전혀 없고 소환수랑 설치기 때문에 그렇게 안 나오는데 딜량 10등이면서 같은 말은 좀,neutral,domain-lexicon-v1.1
2297,331222,1333398,1333398,2026-07-16 18:49:11,흔한 분탕충이시네요,neutral,domain-lexicon-v1.1
2297,331222,1333408,1333408,2026-07-16 18:52:57,일부러 댓글안썻는데 노인장 먹이금지~,neutral,domain-lexicon-v1.1
2297,331222,1333410,1333410,2026-07-16 18:54:17,사실 다이나믹한 구조개선인지도 모르겠어요. 사실상 금고봉 꾹을 멈추고 점프를 치는순간 구조상 딜손해가 나는 스킬이라서 자유롭게 끊을 수 있는대신 뎀감이나 슈스탠이 없는 유사 키다운이라고 생각하고요 헤카테 스틱스 바인드는 4초거든요. 필연적으로 손해가 날 수 밖에 없는 구조라고 생각해요.,neutral,domain-lexicon-v1.1
2297,331222,1333414,1333410,2026-07-16 18:55:54,현재 말씀하시는 지표가 20초 경직 강제점프가 반영된 딜량도 아니고요. 계정 빌려드릴테니 실전에서 그만큼 뽑아서 90퍼배율 쳐보시겠어요? dpm대로라면 80퍼 후반 기록도 있어야 하니까요.,neutral,domain-lexicon-v1.1
2297,331222,1333420,1333410,2026-07-16 18:58:29,저도 선생님이 딜구조가 그만하면 괜찮다고 하시는 말씀 88~89퍼대 배율 깨오시면 납득하고 인정해드릴 수 있어요.,neutral,domain-lexicon-v1.1
2297,331222,1333423,1333410,2026-07-16 18:58:58,@앰퍼샌드 그거설명해줘도 안하는데 알아먹겠음?,neutral,domain-lexicon-v1.1
2297,331222,1333426,1333410,2026-07-16 19:00:22,@앰퍼샌드 딜구조 괜찮다는 의견은 개소리지만 연무장dpm에서 스커가 101 호영이 103인데 80후반이 어케나옴,neutral,domain-lexicon-v1.1
2297,331222,1333431,1333410,2026-07-16 19:01:39,@앰퍼샌드 아니 호영이 89가 어케나옴 지금 카데나로도 87이 최대였는데,neutral,domain-lexicon-v1.1
2297,331222,1333475,1333410,2026-07-16 19:13:38,@에반데숭 스커보다 호영이 훨 쌔고 카칼 호영 딜효율 89퍼 찍히는데 내기 하시면 될 듯? 9.1호영으로 1페 2극 2준 1어센트에 밀리나 안 밀리나,neutral,domain-lexicon-v1.1
2297,331222,1333492,1333410,2026-07-16 19:20:01,@에반데숭 닉네임이 에반이시잖아요? 스커보다 3퍼 약하거든요? 9만 기준으로 스커가 106퍼고 에반이 103퍼 나오니깐 스커가 9.19로 1페 2극 2준 1어센으로 밀리니 에반으로 9.26으로 1페 넘기는 거 보여주시면 되겠네요,neutral,domain-lexicon-v1.1
2297,331222,1333495,1333410,2026-07-16 19:21:52,@데나 연무장을 안 믿는다는거지. 당장 댁 직업 패파랑 스커랑 5퍼 차이인데 카칼 1페 2극 2준 1어센트 기준으로 헥환 9.3로 밀 수 있음?,neutral,domain-lexicon-v1.1
2297,331222,1333503,1333410,2026-07-16 19:24:47,@데나 알티챌린지 카칼 1페 딜효율 조차도 스커보다 패파가 좋음 9.3으로 넘길 수 있음?,neutral,domain-lexicon-v1.1
2297,331222,1333541,1333410,2026-07-16 19:43:58,그거 다 고려해서 무적기 20초유틸 준거라고 생각하긴함 연무장도 다 어차피 최대값으로 설정해놓고 보는데 연무장을 안믿는다는건 이해가 안됨,neutral,domain-lexicon-v1.1
2297,331222,1333543,1333410,2026-07-16 19:44:19,@호수한 각 직업당 열심히 치는애가 한명도 없진 않을거아니야,neutral,domain-lexicon-v1.1
2297,331222,1333564,1333410,2026-07-16 19:57:18,@호수한 제가 장인급으로 칠 자신은 없는데 호영 계정 주시면 저거보다 함 잘 쳐보죠 해보겠습니다,neutral,domain-lexicon-v1.1
2297,331222,1333565,1333410,2026-07-16 19:57:25,@에반데숭 각 직업당 열심히 치는 애가 뭔 상관이야 너희 직업 장인한테 가서 카칼 9.3에 2극으로 밀 수 있냐고 물어보든가 니가 쳐 오던가 하면 되지 니 논리대로면 무조건 되야지 딜효율도 스커에 비해 에반이 카칼 1페 5퍼 이상 좋은데 배려해준건데 이것도 못 해?,neutral,domain-lexicon-v1.1
2297,331222,1333568,1333410,2026-07-16 19:58:37,@호수한 아니 내가 직업이 아크랑 카데나 키우는데 둘다 9만이 안넘어,neutral,domain-lexicon-v1.1
2297,331222,1333571,1333410,2026-07-16 19:59:24,@에반데숭 아니 너가 연무장대로면 스커랑 에반이랑 딜 차이 3퍼지? 그래서 3퍼 추가해서 9.26으로 쳐 오라는거잖아 애초에 카칼 1페 딜 효율도 에반이 더 좋음 본인 직업도 자신 없는데 호영으로는 될 거 같아? 에반으로 한 번 해보라고,neutral,domain-lexicon-v1.1
2297,331222,1333572,1333410,2026-07-16 19:59:59,@에반데숭 카데나는 왜 얘기하는거야? 니가 연무장 맹신 하니깐 에반닉도 달았겠다 헥환9.26으로 카칼1페 2극 2준 1어센만 쓰고 밀고 오는 걸 보여달란거임,neutral,domain-lexicon-v1.1
2297,331222,1333573,1333410,2026-07-16 20:00:14,@호수한 혹시 디코 같은거 하나 주면 카데나나 아크로 최소컷 하는거 하나쯤은 보내줄수있어,neutral,domain-lexicon-v1.1
2297,331222,1333575,1333410,2026-07-16 20:00:28,@호수한 아니 내가 에반을 안키운다고 닉네임만 이거고;;,neutral,domain-lexicon-v1.1
2297,331222,1333587,1333410,2026-07-16 20:13:11,@에반데숭 그럼 족사기 아크 카데나 키우러 쳐 꺼지지 왜 남의 직게 와서 염병떰,neutral,domain-lexicon-v1.1
2297,331222,1333595,1333410,2026-07-16 20:22:07,@에반데숭 그럼 지금 데티카링 최소컷이 아크 10.14(90%) 인데 호영으로 95퍼 깎아와주실 수 있을까요? 선생님 말씀대로 극준극만 강점하는 나쁘지 않은 딜사이클 가진 직업이면 그정도는 본캐보다 더 잘 깎으실 수 있는 거잖아요. 저는 못하겠거든요,neutral,domain-lexicon-v1.1
2297,331222,1333600,1333410,2026-07-16 20:24:05,@에반데숭 선생님은 하실 수 있으니까 호영 딜사이클이 괜찮다고 하시는 거잖아요? 저는 안되는 것 같으니까 구리다고 하는거고. 그럼 쇼앤프루브 하시면 되지 않을까요. 계정은 빌려드리면 되니까,neutral,domain-lexicon-v1.1
2297,331222,1333629,1333410,2026-07-16 20:46:37,@에반데숭 안해봤는데 저렇게 글 싼거야 진짜ᄏᄏᄏᄏᄏᄏ 그럼 나 아크 카데나 안해봤는데 카데나 이번에 신6차 쓰면 스킬하나 사라지는거 어차피 카데나 딜량 압도적으로 쌘데 6차열어서 딜1이라도 오르면 상관없는거 아니냐 하면 되냐?,neutral,domain-lexicon-v1.1
2297,331222,1333632,1333410,2026-07-16 20:51:05,@Nchovy 솔직히 아크는 이번에 잘받아서 할말없고 카데나는 이번에 그여축 저점케어 때문에 좀 낮게 받은거임 그래도 찍으면 약해지는건 문제 있는게 맞긴함 호영은 찍었다고 약해지는건 아니잖아,negative,domain-lexicon-v1.1
2297,331222,1333634,1333410,2026-07-16 20:52:03,@Nchovy 아크는 그리고 지금 개 씹사기챔 반열이 맞음 당장 너프해야됨 시너지 딜러에다가 극딜에 치중되어있는 직업인데 아무리 키다운같은 족쇄 많아도 해봤자 10등 중반이 적절한 dpm등수임,negative,domain-lexicon-v1.1
2297,331222,1333694,1333410,2026-07-16 22:28:44,@에반데숭 저도 카데나 잘 모르는데 윙빠따 4번 확정이면 그여축 저점케어가 아니라 고점으로 고정시켜준거 아닌가요,neutral,domain-lexicon-v1.1
2297,331222,1333422,1333422,2026-07-16 18:58:53,분탕을 칠거면 조금 공부하고 교묘하게라도 해요 ᄏᄏ,neutral,domain-lexicon-v1.1
2297,331222,1333429,1333429,2026-07-16 19:01:33,ᄑᄆ,neutral,domain-lexicon-v1.1
2297,331222,1333433,1333429,2026-07-16 19:01:43,ᄑᄆ,neutral,domain-lexicon-v1.1
2297,331222,1333435,1333429,2026-07-16 19:01:48,ᄑᄆ,neutral,domain-lexicon-v1.1
2297,331222,1333466,1333466,2026-07-16 19:10:55,말투가 긁을려고 발악하노 글내용보다 말투가 더 역해서 댓글달려고 내리다가 까먹음,neutral,domain-lexicon-v1.1
2297,331222,1333470,1333470,2026-07-16 19:11:40,주변에 전신마비 장애인 많다고 다리장애인한테 불평하지말라고 꼽주는 꼴 지금 가만히 있으면 2개월 후에 전신마비들 다 개선받고 정상인 될때 혼자만 못받음. 9월달에 못받으면 다음은 최소 11월이다,neutral,domain-lexicon-v1.1
2297,331222,1333539,1333539,2026-07-16 19:41:34,ᄡ,neutral,domain-lexicon-v1.1
2297,331222,1333562,1333562,2026-07-16 19:55:33,호영하는 유저도 아닌거 같은데 님 생각이랑 실제는 굉장히 괴리감이 있어요. 실전에서 연무장딜 절대 못쳐요. 분탕이면 적당히 재미봤을테니 걍 가세요.,positive,domain-lexicon-v1.1
2297,331222,1333640,1333640,2026-07-16 20:59:18,"단순 서열순으로 봐줄만하다~최악으로 1부터 48위까지 둔다면 최악 반열에 들정도의 신스킬은 냉정하게 아니긴한 것 같은데, 결과적으로 20~30렙까지가면 다 비슷함. 딜 마냥좋게 받은얜아님. 연무장10위도 중앙값을 보든 최대값을 보든 아 그렇구나 하고 참고자료일뿐 완벽한 dpm자료가아님. 또 실전딜로 접근하면 순위가 아예 내려가고",negative,domain-lexicon-v1.1
2297,331222,1333867,1333867,2026-07-17 10:58:35,ᄏᄏᄏᄏᄏᄏ직이네 분탕,neutral,domain-lexicon-v1.1
2295,299394,1154360,1154360,2026-07-16 17:17:51,ᄅᄋ 그람에 해주지 스킬이름때문에 그런가,neutral,domain-lexicon-v1.1
2295,299394,1154606,1154606,2026-07-16 18:38:24,ᄋᄌ 아니면 따로키주던가,neutral,domain-lexicon-v1.1
2295,299394,1154963,1154963,2026-07-16 23:20:48,그래도 땅그 막으려고 하나봄 그게 나음,neutral,domain-lexicon-v1.1
2295,299394,1154987,1154963,2026-07-17 00:24:19,그럴거면 이그니션 리액션딜을 삭제하던가 곁값 오류인거 살려두고 이따구로 내면 결국 고점은 땅그긴함..,negative,domain-lexicon-v1.1
2295,299380,1154284,1154284,2026-07-16 17:01:22,딜..은 2퍼였나? 하....,neutral,domain-lexicon-v1.1
2295,299380,1154307,1154307,2026-07-16 17:07:32,이그니션으로만 켜져서 선준극 빌드에서 터질 일 없는 건 좋긴 해요,neutral,domain-lexicon-v1.1
2295,299380,1154382,1154382,2026-07-16 17:23:04,준극에 나가지는 않으니까 전보다는 낫긴 함,neutral,domain-lexicon-v1.1
2295,299380,1154537,1154537,2026-07-16 18:24:47,"땅그니션 빌드가 완전 막히긴 했는데, 이건 9월에 패차를 삭제하던지 해서 고쳐줄 거라 믿음",neutral,domain-lexicon-v1.1
2295,299380,1155012,1154537,2026-07-17 01:22:54,애초에 땅그니션을 활용하는거 자체는 없애는게 맞을듯,neutral,domain-lexicon-v1.1
2296,184318,685268,685268,2026-07-16 17:19:30,마코적용 빠지는거라 비슷할듯,neutral,domain-lexicon-v1.1
2296,184318,685290,685268,2026-07-16 17:29:07,아 맞네 그럼 뭐 또이또이겠구먼,neutral,domain-lexicon-v1.1
2296,184318,685269,685269,2026-07-16 17:20:35,그냥 5차강화 최종뎀 120% 빠진거 상쇄분 같은데,neutral,domain-lexicon-v1.1
2294,457720,1753662,1753662,2026-07-16 19:59:02,?,neutral,domain-lexicon-v1.1
2294,457720,1753665,1753665,2026-07-16 19:59:51,ᄌᄂ유쾌마운틴으로 바꼈네 ᄏᄏᄏᄏ,neutral,domain-lexicon-v1.1
2294,457720,1753684,1753684,2026-07-16 20:05:41,근본개그직업,neutral,domain-lexicon-v1.1
2294,457720,1753706,1753706,2026-07-16 20:12:06,카이저는 이게 맞아,neutral,domain-lexicon-v1.1
2294,457720,1753745,1753745,2026-07-16 20:35:21,본질은 개그제,neutral,domain-lexicon-v1.1
2294,457720,1753775,1753775,2026-07-16 20:59:53,ᄏᄏᄏᄏᄏᄏᄏᄏ 투사주법 배운 카이저 ᄃᄃ,neutral,domain-lexicon-v1.1
2297,331167,1333267,1333267,2026-07-16 17:42:36,ᄂᄂ1렙만열고 강화안하고 쓰면됨,neutral,domain-lexicon-v1.1
2297,331167,1333270,1333267,2026-07-16 17:43:21,15초 뒤에 써야하는 의미도 모를 스킬에 신경쓸 바엔 걍 캔슬 열심히 하겠다는 마인드,neutral,domain-lexicon-v1.1
2297,331167,1333268,1333268,2026-07-16 17:43:04,이대로면 1렙은 전직업 효율 1등이 유력함,neutral,domain-lexicon-v1.1
2297,331167,1333271,1333271,2026-07-16 17:43:25,근데 ᄅᄋ 강화 안하는 사람들 유의미하게 있으면 상향 시켜줄 수도 있음 다조 소각이 안되잖여,neutral,domain-lexicon-v1.1
2297,331167,1333273,1333273,2026-07-16 17:43:54,창섭아 이게 진짜 최선이니...,neutral,domain-lexicon-v1.1
2297,331167,1333290,1333290,2026-07-16 17:52:34,위치 겹쳐서 레조 생성 안되는 경우도 많아서 자동 발현이 상당히 유용하다고 생각하는데 퍼뎀 너프 이 키워드에 집착해서 열 내는 이유를 모르겠네,negative,domain-lexicon-v1.1
2297,331167,1333304,1333290,2026-07-16 17:57:36,부가효과 때문에 1렙 쌀먹하는 사람들만 있는게 아님;; 다른것보다 6차 30렙 찍는게 훨씬 유의미한 스펙업인 사람들은 타 직업에 비해 강화 효율이 쓰레기면 당연히 화나지,neutral,domain-lexicon-v1.1
2297,331167,1333307,1333290,2026-07-16 17:58:39,2.5초마다 한번 자동발현이 진심으로 유용하다고 생각함? 저 가격에? 레조량은 어찌됐든 늘긴 하겠지. 결국 모든 코어 30렙 열어야하는 입장에서 저딴 가성비 떨어지는 스킬 쳐주는데 안빡침?,neutral,domain-lexicon-v1.1
2297,331167,1333309,1333290,2026-07-16 17:59:42,위치 겹쳐서 레조 생성 안되는 경우 논하는 거 보면 아랫캔슬만 뒤지게 하는 새끼인 것 같은데 윗캔슬 대각캔슬은 할줄 아니?,neutral,domain-lexicon-v1.1
2297,331167,1333310,1333290,2026-07-16 17:59:51,@이리코시 어차피 전 직업 최종뎀 상승량 많아야 3% 정도로 잡은거같고 칼리는 남들 만렙 찍어야 얻는 상승량 1렙만 찍어도 거의 2.5%는 먹으니까 상당히 이득 아님? 대체 얼마나 고스펙인진 모르겠지만 ᄋᄋ,neutral,domain-lexicon-v1.1
2297,331167,1333312,1333290,2026-07-16 18:00:43,@임페레조 저도 이 댓글보고 의아했는데 이번 듄버스트가 맵 내 생성된 차크리를 자동 발현 시켜주는거 아닌가요? 아니면 자동발현이 그냥 말그대로 자동발현인것임?,neutral,domain-lexicon-v1.1
2297,331167,1333314,1333290,2026-07-16 18:01:33,@럼키 2.5초마다 맵에 존재하는 레조를 사출하는거임. 아다리 좋으면 블로섬으로 생성되자마자 사출돼서 상당히 이득,neutral,domain-lexicon-v1.1
2297,331167,1333319,1333290,2026-07-16 18:05:14,@이리코시 자동발현의 딜 기여도가 2~2.5%라는걸 못 믿겠다면 아래 링크 글 참고. https://m.inven.co.kr/board/maple/2297/330621?iskin=maple 심지어 이 글은 레조 스택 버그가 안 고쳐진 기준이라서 지금 테섭 기준으론 더 올랐을거.,negative,domain-lexicon-v1.1
2297,331167,1333328,1333290,2026-07-16 18:08:04,@임페레조 당연히 헥사스킬 아다리 안맞아서 2.5초내로 사출못시킬경우 이득보는 경우도 있겠지만 5초/메르 6% 기준으로 극딜할떄 2.5초내로 헥사로 사출못시키는경우가 그리많지않기에 이득이라 생각이 안듬 그리고 르헤솔님 측정방법은 설명에도 나와있듯 60초스킬을 레투다 버프끝에 써서 측정방법이 잘못되었다 생각함,neutral,domain-lexicon-v1.1
2297,331167,1333329,1333290,2026-07-16 18:08:32,@하이하이히 근데 실제로 쳐보면 유의미하게 타수가 오름. 즉 칼리 숙련자라고 하더라도 위치 겹쳐서 씹히는 레조가 꽤 된다는거,neutral,domain-lexicon-v1.1
2297,331167,1333347,1333290,2026-07-16 18:19:45,@임페레조 맞음 제자리에서 하면 거의 4개가 최대임 그래서 일부러 좀 이동하면서 생성하긴 했는데 어쨌든 유의미하게 오르는 건 맞음 근데 저 링크의 효율을 내기 위해서 극딜 때 맞춰서 쓰지 못하고 타이밍이 어긋나는 건 좀 어떻게 해야할 듯,neutral,domain-lexicon-v1.1
2297,331167,1333318,1333318,2026-07-16 18:05:07,열지마 병신 찡찡이새끼야 진짜 존나 징징거리네 꼴보기싫게,neutral,domain-lexicon-v1.1
2297,331167,1333391,1333391,2026-07-16 18:46:38,선생님은 아직 다른 거 거 찍으셔야 할 것 같은데? ᄏᄏᄏ,neutral,domain-lexicon-v1.1
2295,299450,1154488,1154488,2026-07-16 18:13:25,최대가 그정도밖에 안되는거임? 설마 뚝배기 기준이라하면 할말 없지만,neutral,domain-lexicon-v1.1
2295,299450,1154502,1154488,2026-07-16 18:16:28,2.4정도 라는데,neutral,domain-lexicon-v1.1
2295,299450,1154527,1154488,2026-07-16 18:23:40,2초 1.96 5초 2.4퍼정도 10초스킬이라 쿨뚝효율 잘받는듯,neutral,domain-lexicon-v1.1
2295,299450,1154503,1154503,2026-07-16 18:16:37,그래도 6찬데 텔키한테 따잇ᄏᄏ,neutral,domain-lexicon-v1.1
2295,299450,1154535,1154503,2026-07-16 18:24:31,난 평딜스킬이면 극딜스킬보단 더 잘줘야한다고 생각하는데... 보스를 허수아비마냥 하루종일 팰수도 없는거고 그나마 극딜은 샐일이 거의 없잖아,neutral,domain-lexicon-v1.1
2295,299450,1155010,1154503,2026-07-17 01:20:15,근데 지금은 스킬이 1개씩 열리는 기간이니까 스킬 1개 열리는게 귀해서 딜이 약한게 아쉬운거지 나중에 6차 스킬이 모두 열리고 5차처럼 6차하는 순간 모든 스킬을 찍을 수 있는 상태가 됐을 때는 약한스킬도 있고 쎈스킬도 있고 그것에 따라 찍는 순서가 어떻게 되고 그런거지뭐 지금도 5차스킬 쓸만한 하이퍼바디 < 이딴건 스레기라서 안찍잖어도 되잖어,neutral,domain-lexicon-v1.1
2295,299508,1154653,1154653,2026-07-16 18:55:30,일단 범위는 계속 문의 넣어야 겠고 아니 팅길 때 보스 없으면 잡몹한테 들어간다고?ᄏᄏᄏᄏᄏᄏᄏᄏᄏ 칼로스 ᄌ댔네 텔키는 안그러던가? 확인 한번 해봐야겠다,neutral,domain-lexicon-v1.1
2295,299508,1154674,1154674,2026-07-16 19:00:35,한번 튕기는건 쳌메 똥고집보면 안고칠확률이ᄏᄏ,neutral,domain-lexicon-v1.1
2295,299508,1154934,1154934,2026-07-16 22:27:40,ᄌ같음 그냥 ᄏᄏᄏᄏ 심지어 어떻게 이걸 이펙트 수정을 안하지?,neutral,domain-lexicon-v1.1
2295,299508,1155186,1155186,2026-07-17 13:36:59,이펙트는 괜찮은데 탐지범위는 ᄅᄋ 문제인게 맞다 추적 타겟바뀌게 만들어놓을거면 보스몹 우선탐지를 넣어놓든가; 불릿 사거리까지는 늘려줘라... 멀리서 불릿이라도 쏘면서 텔키쏘는것도 일종의 플레이인데,negative,domain-lexicon-v1.1
2295,299373,1154289,1154289,2026-07-16 17:03:41,일렁임은 씨 ᄏᄏ,neutral,domain-lexicon-v1.1
2295,299373,1154313,1154313,2026-07-16 17:08:43,문닫힘 이펙트빼곤 해결된건가,neutral,domain-lexicon-v1.1
2295,299506,1154644,1154644,2026-07-16 18:51:28,어림잡아 10랩 미만은 안찍으니만 못하려나,neutral,domain-lexicon-v1.1
2295,299506,1154661,1154644,2026-07-16 18:56:47,기존 유저는 9렙까지 한 번에 개방할 거 아니면 없는 스킬이라 보면 되겠네요,neutral,domain-lexicon-v1.1
2295,299506,1154657,1154657,2026-07-16 18:55:46,"분출 30렙 신스킬 1렙 걱정했던 상황이 일어나버렸네,,",neutral,domain-lexicon-v1.1
2295,299506,1154663,1154657,2026-07-16 18:58:21,그럼 러프하게 계산하면 만렙기준 최종뎀 11퍼급 신스킬이 최종뎀 2.2퍼정도로 줄었다고 보면 될까요?,neutral,domain-lexicon-v1.1
2295,299506,1154669,1154657,2026-07-16 19:00:13,@짐승언저리 예,neutral,domain-lexicon-v1.1
2295,299506,1154658,1154658,2026-07-16 18:55:57,30렙찍을때 최종뎀 -3퍼찍으면 웃기겠네 ᄏᄏ,neutral,domain-lexicon-v1.1
2295,299506,1154690,1154690,2026-07-16 19:04:48,분출 딜비중이 너무 압도적으로 높은데 숨결중에 분출이 사라지니깐 생기는 문제죠? 분출 마코 올리면 숨결 딜 늘어나는식으로 패치를 하면 좀 나을까요,negative,domain-lexicon-v1.1
2295,299506,1154812,1154812,2026-07-16 19:50:58,헥사 초기화권 준다고 생각하면 분출/흡수/잠깨우기 전부 30인 상태에서 1랩만 여는건 딱히 의미 없는 비교 아닐까요 대충봤을때 30랩의 최종뎀 상승량이 타직업 대비 나쁘진 않은것 같아서요,neutral,domain-lexicon-v1.1
2295,299506,1154913,1154812,2026-07-16 21:39:05,스킬 레벨을 올렸을 때 어떠한 상황이라도 딜이 떨어져서는 안 된다는 게 제 생각이에요,neutral,domain-lexicon-v1.1
2295,299516,1154666,1154666,2026-07-16 18:59:47,2초 딜로스 개선 + 딜 상향 무조건 받아내야함,neutral,domain-lexicon-v1.1
2295,299516,1154668,1154668,2026-07-16 19:00:11,ᄅᄋ 숨이 턱막힘,neutral,domain-lexicon-v1.1
2295,299516,1154676,1154676,2026-07-16 19:00:56,라라 출시후 5년동안 중위~최하위만 왔다갔다하는데 그냥 캐릭위치 딱 정해논거같음,neutral,domain-lexicon-v1.1
2295,299516,1154677,1154677,2026-07-16 19:01:14,레테 만들면서 라라한테 양심도 없나? 양딸맞네 양딸,neutral,domain-lexicon-v1.1
2295,299516,1154678,1154678,2026-07-16 19:01:36,리메이크 해주면 좋겠다,neutral,domain-lexicon-v1.1
2295,299516,1154708,1154708,2026-07-16 19:12:59,분출 선딜좀 없애줬으면 좋겠네요,neutral,domain-lexicon-v1.1
2295,299455,1154477,1154477,2026-07-16 18:10:57,이게머람 진짜,neutral,domain-lexicon-v1.1
2295,299455,1154481,1154481,2026-07-16 18:11:06,만렙기준 극딜20초 최종뎀 10퍼정도 쎄진다고 보면 되려나요,neutral,domain-lexicon-v1.1
2295,299455,1154491,1154481,2026-07-16 18:14:10,분출 약 10초 안때리기때문에 그것도 감안하셔야해여,neutral,domain-lexicon-v1.1
2295,299455,1154498,1154498,2026-07-16 18:15:26,3퍼는 되겠죠? 3퍼 안되면 진짜 말이안되는데,neutral,domain-lexicon-v1.1
2295,299455,1154523,1154523,2026-07-16 18:22:39,1렙이랑 30렙 계수 비교도 혹시 가능할까요,neutral,domain-lexicon-v1.1
2295,299455,1154568,1154523,2026-07-16 18:30:20,바뀌기전 30렙 측정한게 없어서 비교는 안 될듯요..ᅲᅲ,neutral,domain-lexicon-v1.1
2294,457750,1753754,1753754,2026-07-16 20:47:36,"굳이 일필 맞추기가 아니더라도 보스가 무적인 타임( 칼로스 권능, 페이즈 넘어감 등등 ) 이럴때 망혼1타 장전해 뒀다가 보스 무적 끝나면 다 몰아써서 딜로스 최소화 하는것도 만참 손해보는거",neutral,domain-lexicon-v1.1
2294,457750,1753773,1753773,2026-07-16 20:56:40,일필 맞추는 걸 못하게 되는게 아니라 해야돼요 무조건 만참 많이 넣겠다고 망혼 바로바로 쓰면 전분이 더 낮게 나왔어요 쿨타임 없으면 점유율 더 높아질 수 있는데 쿨타임 삭제를 안 해서 아쉬울 뿐,neutral,domain-lexicon-v1.1
2294,457750,1753776,1753773,2026-07-16 21:00:24,몸 비틀지 말라는 의도였으면 승화 분리 막아야되는데 오히려 필수가 되버림.. 밸패 담당자는 직업 이해도가 아예 없나봄,neutral,domain-lexicon-v1.1
2294,457750,1753830,1753773,2026-07-16 21:44:27,만참 손해가 있더라도 일필 맞춰 터는게 더 강한가요? 승화분리는 어떻게 해도 막을 수가 없겠더라구요 승화에 만참 초기화를 넣든 안 넣든 시퀀스 만참으로 시작하는게 제일 강할 테니,neutral,domain-lexicon-v1.1
2294,457750,1753993,1753773,2026-07-17 01:27:19,@규히로 1차 테섭 기준 신규 스킬 딜 상승량 2.7퍼였어요 2차는 모르겠네요,neutral,domain-lexicon-v1.1
2294,457750,1753786,1753786,2026-07-16 21:08:27,"강제, 강요 라는 단어랑 유연함이 어떻게 같이 묶일 수 있는 건지 이해 좀 시켜주세요",neutral,domain-lexicon-v1.1
2294,457750,1753835,1753786,2026-07-16 21:47:19,일필맞춰 쓰기 강제-> 5초 여유니까요 윗댓에 이대로 들어와도 일필 맞춰 쓰는게 강하다는 얘기도 있던데 이러면 사실 아무것도 안 변한 거니까 기존 족쇄가 그대로 남은 거구요,neutral,domain-lexicon-v1.1
2294,457750,1753854,1753786,2026-07-16 22:15:04,@규히로 어떻게 5초 여유임? 망혼이 20초쿨이라 최대한 털어야되는데 일필이 왜 강제인지도 모르겠지만 님 논리대로면 일필 대비 망혼 장전하는 '강제'가 사라진 대신 20초마다 망혼강림 4타까지 발동을 '강제'하고 있음 만참을 극딜시퀀스내에 3회 발동시키려면 5초뚝 + 승화분리가 '강제'되고 있음 그 투력에 뭔 소리하는 거임 도대체?,neutral,domain-lexicon-v1.1
2294,457750,1753894,1753786,2026-07-16 22:56:00,"@방동순 4초 이하 쿨뚝에서 망혼-만참 쿨차이가 5초니 망혼1타-4타 사이에 최대 5초 여유가 있고, 이것보다 텀이 길면 다음 망혼1234를 키다운했을 때 만참이 안 나가죠. 다음 망혼도 띄워 쓰면 여유시간이 늘긴 하는데 최악의 케이스를 고려하는게 맞고 이게 5초에요. 5초 이상 뚝은 좀 더 줄어들 거고 고점을 뽑는 특정 딜사이클이 고정되고 강제가 되는게 이상할 일은 아니죠. 여기 유저 찬반이 나뉘는 것도 자연스럽고. 이걸 적극적으로 막으려 시도한게 1차 승화분리 패치고, 이번에도 비슷하게 동작할 뻔 했는데 유탄맞은 일반유저가 생긴 차이가 있는거구요. 고점뽑을사람 편하게할사람 각자 갈 길 가게 만참 노쿨화 하는게 제일 욕 덜 먹을 텐데 왜 이런 판단을 내렸는지는 모르겠지만.",negative,domain-lexicon-v1.1
2294,457750,1754241,1753786,2026-07-17 13:30:39,"@규히로 전 님 주장의 모순을 꼬집은 거에요. 일필에 맞춰 망혼 장전해서 3-4-1-2-3-4 터는 게 강제이다 ᄂ 같은 논리로 만참을 최대한 발동시키기 위해선 1타를 쓴 순간 4타까지 최대한 빨리 써야됨. 1타,2타만 써두고 패턴회피 후 3,4타를 쓰든 / 1타 장전해두고 쿨돌려놨다가 한번에 털든 유연함이 장점이었는데 사라졌음. 순수 쿨타임 기준으로 / 4타에 만참이 나가는 지금 상황에서 4타로 만참 발동 (15초) → 다음 망혼강림까지 20초 → 다음 망혼강림 돌면 4타까찌 빨리써야 5초가 낭비 안 됨 키다운2초같은 느낌이다라는 게 4타에 연동돼서 나오는 구조적 문젠데 강제성에서 오는 유연함이다라고 표현하시는 건 오류같음. 주장도 처음이랑 조금씩 변하시는 게 뭐지 싶었는데 뭐 됐고 반대의견 보고 생각이 바뀌신 건지 노쿨화가 나은 것 같다고 얘기라도 하셨으니 저도 이쯤함 전 히어로 인사이징 패시브화 5년전부터 응원했는데 이거나 기원해드림",negative,domain-lexicon-v1.1
2294,457750,1754300,1753786,2026-07-17 14:51:01,@방동순 승화분리 처음 너프했을 때랑 비슷한 상황인거죠. 그 때도 유저들이 망혼의 유연함을 활용해서 승화분리라는 고정된 고점사이클을 만든건데 운영진이 의도한 사이클이 아니라고 막은거잖아요. 고점유저 입장에선 그 때나 지금이나 ‘고정된’ 고점사이클을 못 쓰게 강제당한게 똑같으니 유연함을 강요당했다고 표현한거고 일반유저 입장에선 1차너프는 아무 영향이 없었지만 만참패치는 유탄맞고 5초제한 걸렸으니 이 부분이 다른거구요. 딜사이클 고정이라는 족쇄를 찰 지 여부를 본인이 선택할 수 없게 일괄적용 됐으니 이 부분은 개선이 필요하다고 생각한다는게 추가로 적은 내용의 의도구요. 아무튼 렌도 본섭올때 개선돼서 들어오길 바랍니다.,negative,domain-lexicon-v1.1
2294,457750,1754427,1753786,2026-07-17 18:19:14,@규히로 사실 컨을 요구하는 RPG 게임에서 예상치 못한 고점 플레이를 지양한다는 점이 아이러니 하긴 한데 저도 그렇게 생각합니다. 애초에 캐릭터 자체를 그렇게 낸 거 같아요. 모두에게 친절할 수 있는 직업... 그래서 컨에 따른 편차를 줄이려고 노력하는 거 같습니다,neutral,domain-lexicon-v1.1
2294,457750,1753789,1753789,2026-07-16 21:11:47,망혼 1에 넣던가 4에 넣은건 걍 무조건 쿨마다 털어라 협박이잖음,neutral,domain-lexicon-v1.1
2294,457750,1753806,1753806,2026-07-16 21:24:38,5초 강제가 어케 유연함임,neutral,domain-lexicon-v1.1
2294,457750,1753814,1753814,2026-07-16 21:27:28,거 히어로 본캐라고 너무한 거 아니오,neutral,domain-lexicon-v1.1
2294,457750,1753817,1753817,2026-07-16 21:28:54,타직업이 이러는게 제일 꼴불견임,neutral,domain-lexicon-v1.1
2294,457750,1753825,1753825,2026-07-16 21:37:00,타직업 게시판까지 와서 이러는 이유가 뭐임,neutral,domain-lexicon-v1.1
2294,457750,1753839,1753839,2026-07-16 21:49:17,일필 안맞추는 기준이면 원래는 여유 20초에서 5초된건데 씹손해아님?,neutral,domain-lexicon-v1.1
2294,457750,1753871,1753871,2026-07-16 22:36:59,반대 아님? 유연이 아니라 딱딱해진거지 쓰도록 강제하는건데,neutral,domain-lexicon-v1.1
2294,457750,1753946,1753946,2026-07-16 23:52:28,ᄏᄏᄏ얘는 히어로키우는놈이 타직게에서 분탕치노ᄏᄏᄏᄏ,neutral,domain-lexicon-v1.1
2294,457750,1754048,1754048,2026-07-17 05:46:12,에이~ 구라치지마 가스라이팅 하는거지 ???,neutral,domain-lexicon-v1.1
2294,457750,1754199,1754199,2026-07-17 12:26:05,나도 이렇게 생각하긴 했는데 뭐 고점 낮추고 저점 다져주는거지 모두가 다 일필 쓰진 않으니까,neutral,domain-lexicon-v1.1
2294,457563,1753305,1753305,2026-07-16 18:04:40,"구조적 유연함, 일필에 맞춰 망혼 이런 플레이를 의도하지 않았다고 생각하는듯? 그냥 렌은 초보자용 캐릭이고 뇌빼고 스킬쿨 올때마다 쓰는 간편한 직업에 맞춰 설계한 느낌",neutral,domain-lexicon-v1.1
2294,457563,1753733,1753305,2026-07-16 20:25:33,그렇다기엔 승화 사용시 쿨초는 승화분리를 강제하는 패치라 모순인거같습니다..,neutral,domain-lexicon-v1.1
2294,457610,1753380,1753380,2026-07-16 18:27:59,극딜 직전 만참 털면 안됐던건 해결됐지만 승화 분리가 강제되게 됐다네요,neutral,domain-lexicon-v1.1
2294,457610,1753388,1753380,2026-07-16 18:29:02,아하 데티 해방때 연습해보려고하긴했는데.. 미리 좀 알아봐야겟네요 감사합니다,positive,domain-lexicon-v1.1
2294,457610,1753382,1753382,2026-07-16 18:28:24,"넵 평딜은 같고, 승화분리안한다는 전제하에 극딜 시퀀스전에 있던 망혼 쿨하게 털어도 되니까 일부 개선이긴 해용",neutral,domain-lexicon-v1.1
2294,457610,1753391,1753382,2026-07-16 18:29:14,넵 설명 감사합니다,positive,domain-lexicon-v1.1
2294,457610,1753395,1753395,2026-07-16 18:29:49,뭔가 100을주면 깔끔한데 이악물고 50만주고싶어하는게 보여서 엮겹긴함,neutral,domain-lexicon-v1.1
2294,457610,1753419,1753419,2026-07-16 18:38:49,네 개병신에서 병신으로 상향됨,neutral,domain-lexicon-v1.1
2294,457610,1753427,1753427,2026-07-16 18:41:35,고점 플레이 안한다는 기준으로 그냥 편한 딜 스킬이 하나 추가가 됬다 고점 플레이를 하는경우 귀찮고 비싸고 딜 점유율이 낮은게 하나 생겼다 정도로 이해하시면 됩니다,neutral,domain-lexicon-v1.1
2295,299381,1154314,1154314,2026-07-16 17:09:00,어캐 바뀌었는데 릴리즈만 보면 아예 최종뎀 버프넣고 임프린트 최종뎀 감소량은 90퍼까지 늘린거같던데,neutral,domain-lexicon-v1.1
2295,299381,1154354,1154314,2026-07-16 17:17:02,감소량이 90이라고?,neutral,domain-lexicon-v1.1
2295,299381,1154379,1154314,2026-07-16 17:22:21,@발표끝났당 ᄂᄂ 68퍼로 감소에서 90퍼로 감소임,neutral,domain-lexicon-v1.1
2295,299381,1154405,1154314,2026-07-16 17:31:33,@시온레시온 따로 최종뎀을 추가로 주는데 임프린트 최종뎀 감소량까지 낮춘다고? 이러면 기존보다 쌔지는거 아닌가,neutral,domain-lexicon-v1.1
2295,299381,1154409,1154314,2026-07-16 17:35:01,@납줍 대신 이딕트에서 까이는게 있으니 테섭 나오고 까봐야 아는거긴 하지 일단은 평딜까이고 극딜 올라갔다 정도만 알 수 있는듯,neutral,domain-lexicon-v1.1
2295,299381,1154421,1154421,2026-07-16 17:43:20,최종뎀이 90퍼 감소아님? 개십 너프아닌가,negative,domain-lexicon-v1.1
2295,299381,1154425,1154421,2026-07-16 17:45:14,이런애가 신캐가 어쩌구 하면서 투덜투덜하는거구나,neutral,domain-lexicon-v1.1
2295,299381,1154451,1154421,2026-07-16 17:53:37,@시온레시온 아니 릴리즈에 임프린트 최종데미지가 68퍼에서 90프로 감소로 변경된다고 되어있는데 내가 잘못읽은건가?ᄏᄏ 그리고 몇년만에 신캐로 복귀했는데 한달만에 내 직업너프면 투덜거릴순있잖아 메이플 ᄌᄂ야박해졌네,negative,domain-lexicon-v1.1
2295,299381,1154463,1154421,2026-07-16 18:01:50,@행인99 90% 감소가 아니라 90%로 감소에요,neutral,domain-lexicon-v1.1
2295,299381,1154465,1154421,2026-07-16 18:03:39,@행인99 쉽지않네 이 친구는,neutral,domain-lexicon-v1.1
2295,299381,1154466,1154421,2026-07-16 18:05:39,@행인99 잘못 읽으셨고.. 90%'가' 감소하는 게 아니라 90%'로' 감소하는 거에요 90%가 사라져서 10%가 되는 게 아니라 10%가 사라져서 90%가 되는거라 68% > 90%로 상향입니다,neutral,domain-lexicon-v1.1
2295,299381,1154485,1154421,2026-07-16 18:12:44,@루나젠토 아 내가 잘못읽은게맞네... 어우 다들 미안합니다,neutral,domain-lexicon-v1.1
2295,299501,1154621,1154621,2026-07-16 18:44:22,와 확률 50%임? 개좆됐네?,neutral,domain-lexicon-v1.1
2295,299501,1154625,1154625,2026-07-16 18:46:38,그만큼 최종뎀 버프가 다른스킬 딜 올려줘서 현상유지정도 아닐까요?,neutral,domain-lexicon-v1.1
2295,299501,1154629,1154625,2026-07-16 18:47:24,아닌가 또 이딕트 이런거 너프해서 그냥 너프같기도,negative,domain-lexicon-v1.1
2295,299501,1154635,1154625,2026-07-16 18:49:12,"저도 그게 확실하지 않아서 ""신스킬자체""라고 썼어요 이딕트가 너프먹어서 어떻게 될 지 모르겠습니다...",negative,domain-lexicon-v1.1
2295,299501,1154630,1154630,2026-07-16 18:47:29,계산 때려봤을 땐 변경된 버전이 살짝 떨어지거나 비슷한거 같음?,neutral,domain-lexicon-v1.1
2295,299501,1154631,1154630,2026-07-16 18:48:43,아 아니구나 조금 상향인데 이딕트 너프 생각하면 비슷한듯,negative,domain-lexicon-v1.1
2295,299501,1154642,1154642,2026-07-16 18:50:25,신스킬 자체가 다른스킬들 추가타까지 붙여주고 그 추가타로 펠 추가로 더 뽑아내는 스킬이라 이런식으로 따지는건 의미없는듯,neutral,domain-lexicon-v1.1
2295,299501,1154643,1154642,2026-07-16 18:50:52,전체 딜사이클 쳐보면서 전체적으로 따져야지 얘만 따질 수가 없다고 봐야할듯,neutral,domain-lexicon-v1.1
2295,299501,1154646,1154646,2026-07-16 18:53:06,아 애초에 저렇게 계산하면 안되는구나,neutral,domain-lexicon-v1.1
2295,297526,1146878,1146878,2026-06-30 10:54:44,추가가 필요한 글이 있으면 댓글 부탁드립니다!,neutral,domain-lexicon-v1.1
2295,297526,1146886,1146886,2026-06-30 11:14:59,감사합니다.,positive,domain-lexicon-v1.1
2295,297526,1146924,1146924,2026-06-30 12:23:57,공지 박힌거 이제 알아서 본섭버전으로 수정했어요,neutral,domain-lexicon-v1.1
2295,297526,1147025,1147025,2026-06-30 17:12:02,전직업 다 해주시나요 이거,neutral,domain-lexicon-v1.1
2295,297526,1147061,1147061,2026-06-30 18:14:05,감삼다,neutral,domain-lexicon-v1.1
2295,297526,1147201,1147201,2026-07-01 01:41:58,감삼다,neutral,domain-lexicon-v1.1
2295,297526,1152531,1152531,2026-07-12 01:47:49,감사합니다. 센세,positive,domain-lexicon-v1.1
2295,299594,1154899,1154899,2026-07-16 21:05:24,무슨 버그 있어요?,negative,domain-lexicon-v1.1
2295,299594,1154925,1154899,2026-07-16 21:57:39,버그가아니라 인게임필터키가 1 1 로 들어온듯,negative,domain-lexicon-v1.1
2295,299594,1154962,1154962,2026-07-16 23:15:13,필터키랑은 먼얘기긴 한데 혹시 신스킬 스킬 설명 수정됐다는게 뭔지 알려주실 수 있나요?,neutral,domain-lexicon-v1.1
2295,299622,1155041,1155041,2026-07-17 02:43:01,"자동발동 사출로 해주지 앱킬, 빛둠, 노바 누를거 많은데",neutral,domain-lexicon-v1.1
2295,299622,1155043,1155043,2026-07-17 02:54:47,키네 한방기 시퀀스에 들어가는거 보면 충분히 구현 가능할텐데 이악물고 안 하는건 이유를 모르겠음,neutral,domain-lexicon-v1.1
2295,299622,1155064,1155043,2026-07-17 07:36:07,다른직업 보다보니 더 화가남 ᄅᄋ 성의가 너무 없음,neutral,domain-lexicon-v1.1
2295,299388,1154319,1154319,2026-07-16 17:10:55,진짜 귀신같이 오류만 수정하고 땡쳤네ᄏᄏᄏᄏᄏ,negative,domain-lexicon-v1.1
2295,299388,1154342,1154342,2026-07-16 17:15:15,어떻게 신규스킬이 이퀄트노바 재사용 1회 추가권 ᄏᄏ,neutral,domain-lexicon-v1.1
2296,184313,685235,685235,2026-07-16 17:06:28,아,neutral,domain-lexicon-v1.1
2296,184313,685240,685240,2026-07-16 17:07:35,이러면 스플릿 사냥터 무한유지 도로 압수당한거 아님?,neutral,domain-lexicon-v1.1
2296,184313,685258,685240,2026-07-16 17:14:48,사실 사냥보단 준비맵에서 스킬을 미리 돌려 보스전을 준극부터 시작하며 스플릿 스택을 효율 좋게(?) 털어주는 방향을 저격하는 느낌이긴 합니다. 근데 해당 부분이 그렇게 크리티컬한지도 잘 모르겠고... 요즘 아무리 사냥에서 주력기의 의미가 줄어들었다곤 하지만 기대했던 활용도가 확 줄어든 느낌이 뭔가 굉장히 아쉽네요.,mixed,domain-lexicon-v1.1
2296,184313,685252,685252,2026-07-16 17:13:04,전에 도스석궁님이 유트브 영상 올린거 보고 75초로 바꾼건가....?? 아니 신궁 좀 행복하게 해주면 안되냐....;;,neutral,domain-lexicon-v1.1
2296,184313,685266,685266,2026-07-16 17:18:39,어쩐지 도스석궁님 영상 조회수가 높더라 안봤을리가 없음ᄏᄏ 보스에선 시간안엔 다 털어서 상관없고 사냥땐 스플릿 안켜서 상관없는데 야누스로 커버 안되는 사냥터는 힘내야할듯..,neutral,domain-lexicon-v1.1
2296,184313,685280,685280,2026-07-16 17:25:11,영상보고 어떤식으로 막힐까 생각하긴했는데 이렇게바꾸는구만,neutral,domain-lexicon-v1.1
2296,184313,0,0,2026-07-16 19:40:53,삭제된 코멘트입니다.,neutral,domain-lexicon-v1.1
2296,184313,685474,685432,2026-07-16 19:40:53,이런 사람들 때문에 직업이 발전이 없농 ᄏᄏ,neutral,domain-lexicon-v1.1
2296,184313,685498,685498,2026-07-16 20:00:52,퍼뎀 그대로 지속시간만 짧아진거에요?,neutral,domain-lexicon-v1.1
2296,184313,685510,685498,2026-07-16 20:07:37,"이번에 스플릿 스킬이 기존의 72초간 주력기들에 추가타가 파생되는 버프기(기존 허수아비 약 200~210회 발동)에서, 약간의 딜 상승에 140번 발동되는 '스택형 스킬'(허수아비 140회 소진까지 약 50초)로 바뀌었습니다. 1차 테섭땐 상시발동인 지속시간 120초로 나왔는데 이번 2차 테섭에서 75초로 감소되었다고 보시면 됩니다. 스택을 다 터는덴 지속시간 75초에도 어지간하면 문제가 없을거에요.",negative,domain-lexicon-v1.1
2296,184313,685530,685498,2026-07-16 20:19:43,@V5392 아 원래 72초였지 착각했었네요 감사합니다!,positive,domain-lexicon-v1.1
2298,224658,767101,767101,2026-07-14 20:08:34,제 키세팅이에요 참고라도?,neutral,domain-lexicon-v1.1
2298,224658,767227,767227,2026-07-15 11:12:28,검지 점프 중지 매시브 약지 or 소지 호밍 이건 지키면 좋을듯? 아니여도 편하면 되고,neutral,domain-lexicon-v1.1
2298,224658,767228,767227,2026-07-15 11:12:39,엄지 점프도 괜찮을거고,neutral,domain-lexicon-v1.1
2298,224658,767229,767227,2026-07-15 11:12:49,엄지 안 꺾이는 배치로,neutral,domain-lexicon-v1.1
2298,224658,767230,767230,2026-07-15 11:16:47,이런글 몇년째보는데 분탕아니고 뉴비이신것같아서 팁드리면 매시브보다 호밍이 주력기라 평소 속사기캐릭터하실때 속사기를 두는 키에 두는걸 추천드리긴합니다,neutral,domain-lexicon-v1.1
2298,224658,767412,767230,2026-07-16 12:12:50,분탕치려는 의도는 아닌데 몇년동안 계속 꾸준히 지적받는 스킬이면 고치는게 맞지 않나요? 이 주제는 볼때마다 분탕으로 몰리는것 같아서요,neutral,domain-lexicon-v1.1
2298,224658,767423,767230,2026-07-16 12:40:32,그나마 호밍이 장점인 캐릭인데. 제대로 해보지도 않고 투덜대는 건 성급한데요?,neutral,domain-lexicon-v1.1
2298,224658,767451,767230,2026-07-16 14:25:54,"@Ooppssn 저는 그렇게생각해요, 호밍에 불만갖고 나오는 개선방향이 자동사출인 사람들은 속사기캐릭터는 꾹누르는거 불만없으시면서 왜 같은 속사기계열인 호밍만 자동사출해달라는 얘기를 하시는지 싶고요 리메이크를 하든 리워크를하든 그건 해줄지도 모르는거니까 당장은 논외로 하고요. 렌 보마도 속사기쓰다가 스턴맞으면 끊기는거 똑같고 캡틴도 래피드 쓰다가 헤드샷갈겨야하는 이중평딜구조인부분도 같은데 메카닉 호밍만 가져와서 자동사출 얘기하는거보면 굳이 굳이 제대로 알아보지도않은것같은 얕은 경험만해보신것같은분들로밖에 생각이 안돼서 분탕으로 몰리는거라고 생각해요",neutral,domain-lexicon-v1.1
2298,224658,767455,767230,2026-07-16 14:29:32,"@특교 조작이 뻑뻑하고, 조잡한 버그도있고 유연하지않은거는 다알긴하는데요 굳이굳이 호밍을 자동사출로 바꿨다치더라도 그런 단점들이 모두 고쳐지는게 아니기도해요. 리스크에는 리턴이 오는게 당연한 구조라고봤을때 호밍만큼 유연한 속사기가 없다고 보는데 그걸 자동사출하는 리턴을 주면 어떤리스크를 받을까요 메카닉 좀 키워보신분들은 자동사출같은 헛소리안해요",negative,domain-lexicon-v1.1
2298,224658,767456,767230,2026-07-16 14:30:29,@특교 스턴이 문제가 아니고 말씀하신 속사기 직업들은 스킬이 잘 안끊기는데 호밍은 매시브랑 같이 쏘다보면 뜬금없이 키가 씹혀서 안쏴요 그래서 자동사출을 얘기들 하시는거 같구요 어느 속사기가 그냥 이유없이 끊기나요?,negative,domain-lexicon-v1.1
2298,224658,767457,767230,2026-07-16 14:34:36,@마루아사 저는 적어도 최근3년동안은 그래본적이 단한번도없는데 설정값의 문제일수있긴하겠네요. 근데 그러면 호밍이 이유없이 끊기는것에대해서 개선을 요구해야지 온오프해달라고 하거나 자동사출얘기하는게 합리적인 이야기로 들리진않네요,negative,domain-lexicon-v1.1
2298,224658,767466,767230,2026-07-16 14:57:43,@마루아사 키보드나 레지설정값 아니에요? 재장전 아닌이상 끊겨본적없는데,neutral,domain-lexicon-v1.1
2298,224658,767467,767230,2026-07-16 15:00:22,특교님이 핵심을 잘 정리해주셨네요 위에 키셋팅 댓글 싹다 답글 안달고 무시하고 그냥 스킬을 고치라는 댓다니까 분탕으로 몰리죠,neutral,domain-lexicon-v1.1
2298,224658,767508,767230,2026-07-16 17:12:46,@특교 저도 자동사출은 뭔가 쏘는맛이 없을거 같아서 반대긴합니다 단지 더 좋은 편의를 가진 직업들이 있는데 왜 얘는 상향은 고사하고 개선조차 안해주냐고 말하고 싶었던거에요,neutral,domain-lexicon-v1.1
2298,224658,767511,767230,2026-07-16 17:14:26,@포병메카닉 키보드 레지설정이 문제라면 그것도 문제죠 어느게임이 레지스트리(?)를 건드려야 정상적으로 플레이 하나요 게임사가 적용해놔야 하는거죠 근데 그 문제는 아닌듯 한게 위에 말했듯이 렌이나 보마는 절대 안끊기니까 답답한거죠,negative,domain-lexicon-v1.1
2298,224658,767523,767230,2026-07-16 17:28:34,@Ooppssn 매시브랑 공존하는게 문제지 매시브파이어를 죽이면 속사기라 좋음,negative,domain-lexicon-v1.1
2298,224658,767526,767230,2026-07-16 17:33:11,@마루아사 아주 오래된 타겜에서 키보드 레지설정하면 유리한 부분이 있는데 그걸 그대로 메이플 깔고하면 엇나가는 부분이 있어서 물어본겁니다 체크하시라고요 호밍 혼자만 끊기고 혼자만 답답하신거 같은데? 숙련도 문제 같아보이네요,negative,domain-lexicon-v1.1
2298,224658,767555,767230,2026-07-16 18:14:35,"@포병메카닉 음.. 똥푸는 직업도 오래 하면 숙련도 쌓여서 잘 해요. 노하우도 생기구요. 그런데 사람들이 똥푸는 직업을 좋아했던 적이 있나요? 똥을 가로로 푸기, 똥을 대각선으로 푸기, 막대기를 기울여서 푸기같은 숙련도의 지적보다는 똥을 자동으로 처리하도록 수정하는게 맞는 방향성 아닌가 싶은 생각이네요",neutral,domain-lexicon-v1.1
2298,224658,767561,767230,2026-07-16 18:19:04,@Ooppssn 심각하네 힘내요 님말이 다맞음 화이팅입니다 아자아자,negative,domain-lexicon-v1.1
2298,224658,767571,767230,2026-07-16 18:24:41,@포병메카닉 ᄏᄏ; 비꼬는 말만 할거면 댓글 안다는게 나을것 같네요. 키배 이기면 누가 돈이라도 주는줄 알겠어~,neutral,domain-lexicon-v1.1
2298,224658,767583,767230,2026-07-16 18:31:21,@Ooppssn 위에 키세팅 생각해줘서 단 댓글은 이악물고 아득바득 답글 안 달면서 여러모로 대단하네요 ᄏᄏ,neutral,domain-lexicon-v1.1
2298,224658,767636,767230,2026-07-16 19:15:18,@포병메카닉 아니 오래되었다고 받아들일게 아니라 그런걸 문의로해서 개선을 바라야죠 당연하다는듯이 이렇게 하니까 되던데? 마인드면 의미가 없죠 선생님,neutral,domain-lexicon-v1.1
2298,224658,767730,767230,2026-07-16 21:39:37,@마루아사 동문서답 레전드 ᄏᄏ 님말이 다맞음 힘내요 화이팅,neutral,domain-lexicon-v1.1
2298,224658,767741,767230,2026-07-16 22:07:30,@포병메카닉 본인하고 의견 다르면 바로 쿨찐 마인드 도지시나보네 힘내십쇼 선생님,neutral,domain-lexicon-v1.1
2298,224658,767742,767230,2026-07-16 22:21:06,@마루아사 호밍 안끊기고 잘 쓰고 있는 메카닉 인장 단 사람한테 노인장이랑 딴직업 인장이 나는 호밍 끊겨요 이러면 뭐가맞겠음? 나도 호밍 안끊김. 불편한거도 모르겠음. 딜량이 개쳐박아서 불만인거지 불편하진 않음.,negative,domain-lexicon-v1.1
2298,224658,767744,767230,2026-07-16 22:24:05,@덱버지 이직업 남은 유이한 장점이 시너지랑 몹이 뒤에있든 위에있든 앞에있든 오토타겟 + 증발유예되는 스킬셋(캐리어 마미컨 호밍)인데 여기서 가장 지분높은 호밍을 사출기로 바꾸면 후딜 전직업 최상급 매시브로 딜하라는건데 메카닉을 해본 사람이 낼 수 있는 의견이긴 한지 싶음,neutral,domain-lexicon-v1.1
2298,224658,767751,767230,2026-07-16 22:54:58,@덱버지 여기서 맞고 안맞고가 나온다고요? 아 인장 없으면 유저도 아니구나 넥슨도 그렇게 생각하는지 볼까요? 그리고 난 사출기는 반대한다니까요? 좀 읽고 쓰라고요 저스펙에 저렙이지만 호밍하나 맘에 들어서 하는데 6차하고 소리 바뀐것도 개인 취향으론 이전까지가 더 좋은데 고작 커뮤니티 인장 없다고 게임 유저로 취급도 못받네 ᄏᄏᄏᄏ,neutral,domain-lexicon-v1.1
2298,224658,767753,767230,2026-07-16 22:55:42,@덱버지 소속감이란 기본적으론 좋은게 맞는데 매몰되지마십쇼 선생님 뭐가 먼전지 판단을 해야합니다,neutral,domain-lexicon-v1.1
2298,224658,767761,767230,2026-07-16 23:17:12,@마루아사 이 커뮤니티 인장없으면 겜안분 맞음 아쉬우면 인장달고 활동하셈 그리고 자동사출 논점은 모두한테 하는말이고 태그도 그쪽에 안걸었는데 왜 사출기에 꽂히셨는지 얼마안키워보셨으면 좀 더 찍어먹어보세요~,neutral,domain-lexicon-v1.1
2298,224658,767763,767230,2026-07-16 23:19:08,@덱버지 ? 커뮤니티에 자아의탁 하지 마라는 말은 너무 어려웠나보네요 그리고 첫댓글을 나한테 달았으니 다음말도 나한테 하는걸로 알아듣는게 일반적이에요 선생님 걍 답글 달지 말아주세요 커뮤에 인생 바치시는분이랑 얘기가 안통하네요,neutral,domain-lexicon-v1.1
2298,224658,767765,767230,2026-07-16 23:23:38,@마루아사 로마에서 로마법 얘기하는게 자아의탁이라 하는거임? 아닌데 고래에 자아의탁 얘기 좀 들었다고 아무데나 쓰는거같은데 번지수 잘못잡았어요~ ᄏᄏ,neutral,domain-lexicon-v1.1
2298,224658,767766,767230,2026-07-16 23:23:43,@마루아사,neutral,domain-lexicon-v1.1
2298,224658,767767,767230,2026-07-16 23:25:01,@덱버지 아.. 커뮤니티가 법씩이나 되는군요 거기다 인벤 운영진이 정한법도 아니고 그저 자기들끼리 정한걸 법취급하시네 먹이금지 해주시라니까 먹이를 자꾸 주시네요 댓글 달지마세요~,neutral,domain-lexicon-v1.1
2298,224658,767768,767230,2026-07-16 23:25:41,@마루아사,neutral,domain-lexicon-v1.1
2298,224658,767769,767230,2026-07-16 23:26:18,@덱버지 먹금하셔야죠~ 본인이 가져온 본인의 이론도 증명 못하는 모지리 신가보네요 ᄒᄒ,neutral,domain-lexicon-v1.1
2298,224658,767770,767230,2026-07-16 23:29:06,@마루아사,neutral,domain-lexicon-v1.1
2298,224658,767772,767230,2026-07-16 23:29:27,@덱버지 냠냠 맛있당,neutral,domain-lexicon-v1.1
2298,224658,767773,767230,2026-07-16 23:33:07,@마루아사,neutral,domain-lexicon-v1.1
2298,224658,767774,767230,2026-07-16 23:33:32,@덱버지 냠냠~,neutral,domain-lexicon-v1.1
2298,224658,767833,767230,2026-07-17 05:28:49,@마루아사 이런 분탕도 없음 ᄏᄏᄏᄏ 그냥 메카닉 제대로 안해보고 우기는 케이스임 모르니까 그냥 박박 우기는 거임 논리가 안통함 ᄏᄏᄏᄏ 위에 호밍 자동으로 고치라 하는 사람하고 동급임 ᄏᄏᄏᄏ 지가 왜 분탕인줄 모름 심각하다 대단해~,negative,domain-lexicon-v1.1
2298,224658,767877,767230,2026-07-17 12:38:19,@포병메카닉 허 참 님이 말하는거 어제 결국 메이플 나우에서 나왔더만 이렇게 게임사에서 해주는게 맞는거지 그저 원기시절 개돼지 마인드 못버리고 있던게 자랑임?,neutral,domain-lexicon-v1.1
2298,224658,767878,767230,2026-07-17 12:38:41,@포병메카닉 좀 적당히 하세요 선생님,neutral,domain-lexicon-v1.1
2298,224658,767524,767524,2026-07-16 17:31:15,엎드려서 패턴피하면서 공격되는게 얼마나장점인디,neutral,domain-lexicon-v1.1
2298,224658,767556,767556,2026-07-16 18:15:55,보스내내 호밍꾹 해도 딜이 처참하니까 자꾸 이런소리가 나오는듯 시너지 삭제하고 직업체급을 올려주면됨,neutral,domain-lexicon-v1.1
2298,224658,767807,767807,2026-07-17 01:50:46,바꾸기 어렵지도 않을거같은데 온오프 스킬중 캐릭 따라다니면서 캐릭터가 공격으로인한 숨돌 상태가 됐을때 적을 자동으로 공격하잖아? 호밍도 온오프로 바꾸고 공격숨돌상태 들어가면 몸뚱이에서 삐리릭하고 나가면 되는거아님? 점프만 쥰내게하면 5초정도 나가다 멈추고 맨땅에라도 한대치면 다시 발사하고,neutral,domain-lexicon-v1.1
2298,224658,767837,767807,2026-07-17 05:40:24,"메카닉유저 대다수가 매시브 조작감만 외치고 있는데 ;; 유일한 장점 속사기를 왜 굳이 온오프 하냐고요 편의성이 보마 폭시, 렌 선참 급인데 해보지도 않고 자꾸 분탕치러 오는 애만 가득가득하네",neutral,domain-lexicon-v1.1
2298,224658,767844,767807,2026-07-17 07:01:04,@포병메카닉 발사속도가 지금처럼나가야지 이건당연한거야,neutral,domain-lexicon-v1.1
2298,224658,767845,767807,2026-07-17 07:04:23,@포병메카닉 혹시 머리에 문해력을 담당하는 부분도 세탁기에 넣구 돌린거야? 호밍 온오프 얘기하잖아 지금처럼 꾹 눌러줘야하는 행위를 전투상태가 되면 자동으로 되게끔 해줘야한다는 소리에 무슨말 하는건지 몰겠옹,neutral,domain-lexicon-v1.1
2298,224658,767846,767807,2026-07-17 07:16:27,@에스더누텔라 애도 똑같네 ᄏᄏᄏᄏᄏ 위에랑 동급이네 꾹 누르는게 장점인데 혼자 동문서답하네 대단하네 에휴 더이상 댓 안담 분탕 끼리끼리 화이팅,neutral,domain-lexicon-v1.1
2298,224658,767840,767840,2026-07-17 06:11:58,싸우지마셈ᄏᄏ운영진도 그정도로 바보는 아니라서 만약리마된다면 단일 주력기 속사로 바꾸지 주력기매시브될일은 없을듯,neutral,domain-lexicon-v1.1
2298,224828,767667,767667,2026-07-16 19:37:33,https://m.inven.co.kr/board/maple/2298/220479?my=post,neutral,domain-lexicon-v1.1
2298,224828,767671,767667,2026-07-16 19:41:58,키세팅 이래서 누를일 없는데 억울쓰..,neutral,domain-lexicon-v1.1
2298,224828,767678,767678,2026-07-16 19:57:30,고생많으십니다,neutral,domain-lexicon-v1.1
2298,224828,767694,767678,2026-07-16 20:08:06,감사합니다,positive,domain-lexicon-v1.1
2298,224828,767689,767689,2026-07-16 20:05:15,시퀀스 들가고 120초극에 2.76이면 잘받은거같은데 받은게 메카라 그러지,neutral,domain-lexicon-v1.1
2298,224828,767692,767689,2026-07-16 20:07:53,구조만 따지면 최상급에 점유율만 놓고봐도 그나마 양호한편 근데 어떻게 기준체급이 메카닉 ᄏᄏ,neutral,domain-lexicon-v1.1
2298,224828,767956,767956,2026-07-17 17:48:25,9월 스킬코어 재조정? 매시브 딜지분 절반정도 그냥 신스킬로 옮겨졌으면.. 기도해봅니다..,neutral,domain-lexicon-v1.1
2296,184335,685249,685249,2026-07-16 17:12:51,진짜 개 메안분이 쳐 패치하고있다는게 확정적임,neutral,domain-lexicon-v1.1
2296,184335,685253,685249,2026-07-16 17:13:36,"거다는 몰라도 라엣, 문썰트를 실전연계에 쓰라는건 진짜 혀를내두름",neutral,domain-lexicon-v1.1
2296,184335,685255,685255,2026-07-16 17:14:31,열받아죽이려는심산이라면대성공,neutral,domain-lexicon-v1.1
2296,184335,685257,685257,2026-07-16 17:14:48,살다살다 문썰트에 이어쓰라는건 참 ᄏᄏ,neutral,domain-lexicon-v1.1
2296,184335,685259,685259,2026-07-16 17:15:56,스듀 유니콘은 꾸역꾸역 연계 안 내고 거다 라엣 문썰트는 ᄏᄏ 겜하는 새끼가 만든거 맞냐,neutral,domain-lexicon-v1.1
2296,184335,685263,685263,2026-07-16 17:17:11,진짜 ᄏᄏᄏᄏ 개 미친패치,neutral,domain-lexicon-v1.1
2296,184335,685264,685264,2026-07-16 17:17:25,ᄌᄌ,neutral,domain-lexicon-v1.1
2296,184335,685270,685270,2026-07-16 17:20:50,ᄏᄏᄏ 습박 그러네ᄏᄏᄏᄏᄏ,neutral,domain-lexicon-v1.1
2296,184335,685274,685274,2026-07-16 17:22:08,이동기조차 못쓰는 스킬이랬지 이동기 사용 가능하면 좋다고 한적은 없는거 같은데 흠ᄏᄏ,positive,domain-lexicon-v1.1
2296,184335,685293,685293,2026-07-16 17:32:00,ᄌᄌ,neutral,domain-lexicon-v1.1
2296,184335,685365,685365,2026-07-16 18:16:33,"캐릭터 돌진기가 좆장애 스킬이에요 -> 그럼 이동하지 말고 그냥 땅에서 풀연계 해 -> 이건 너무하잖아요 시발 -> 그럼 이동기 써 -> 못쓴다니까요? -> ""응 알아"" 보법이 존나게 남다름",neutral,domain-lexicon-v1.1
2296,184335,685665,685665,2026-07-17 02:50:54,"굳이 이동기만 연계넣어준 희대의 정신나간패치 대놓고 '앞으로 시즈모드 서지연계만 쓰셈, 불쌍하니까 이동기는 연계하게 해줌' 이 스탠스가 적나라하게 보임",neutral,domain-lexicon-v1.1
2296,184382,685309,685309,2026-07-16 17:39:17,뭔가 아주 이상하면서 심각하면서 어이가 없을 정도로 뒤틀린 패치,negative,domain-lexicon-v1.1
2296,184382,685310,685310,2026-07-16 17:39:51,그럼써 (못씀) ᄏᄏ,neutral,domain-lexicon-v1.1
2294,457724,1753699,1753699,2026-07-16 20:09:44,아쉽다고 표현해야지 어쩌겟음 시바거,negative,domain-lexicon-v1.1
2294,457724,1753710,1753699,2026-07-16 20:13:00,그래도 디렉터가 아쉬워한다고 표현하는건 아님 적어도 의도하지 않은 결과가 나왔다라고 얘기를 해줬어야됨,neutral,domain-lexicon-v1.1
2294,457724,1753704,1753704,2026-07-16 20:11:08,아쉬운게 아니라 좇됐던 건데..,neutral,domain-lexicon-v1.1
2294,457724,1753714,1753704,2026-07-16 20:13:39,안그래도 딜약한데 유틸까지 무쓸모로 만든거면 진짜 이표현이 맞음,neutral,domain-lexicon-v1.1
2294,457724,1753715,1753715,2026-07-16 20:14:01,저도 듣자마자 그생각함 당장 직업 성능과 직결된 부분인데 아쉽다가 맞나 싶었음,negative,domain-lexicon-v1.1
2294,457724,1753718,1753715,2026-07-16 20:14:51,아쉽다는 그 말 자체가 진짜 에바임...,negative,domain-lexicon-v1.1
2294,457724,1753717,1753717,2026-07-16 20:14:15,아쉽긴 ᄉᄇ꺼 무슨 구조조정이 큐브돌리는건가? 아~아쉽다 하게,negative,domain-lexicon-v1.1
2294,457724,1753720,1753717,2026-07-16 20:15:23,ᄅᄋᄏᄏ 밸패없이 딜너프시킨건데 아쉬워한게 아니지,negative,domain-lexicon-v1.1
2294,457724,1753727,1753727,2026-07-16 20:19:13,"개발자들 실수한거 맞는데, 즈그가 미처 확인못해서 미안하다 하면 앞으로 계속 꼬투리 잡히니까 , 그냥 유저들이 아쉬워하더라고 퉁친거같음",neutral,domain-lexicon-v1.1
2294,457724,1753730,1753727,2026-07-16 20:20:19,무슨말인진 아는데 그렇다고 안긁히진 않음...,neutral,domain-lexicon-v1.1
2294,457724,1753763,1753763,2026-07-16 20:51:13,그래도 큰이슈 안되면 비인기직업 말 절대 안들어주는데 이번엔 진짜 10추 존나가니깐 들어주네 호영은 진짜 답도없는데,neutral,domain-lexicon-v1.1
2294,457724,1753774,1753763,2026-07-16 20:57:07,얘기 들었습니다 힘내십쇼,neutral,domain-lexicon-v1.1
2294,457724,1753798,1753798,2026-07-16 21:16:37,나도 미하일 언급할 때 좀 석나갔음 애초에 미하일이란 직업이 있다는 걸 알기만 해도 했어야하는 패치를 이제와서 해주는데 실수 인정하기 싫었나본데,neutral,domain-lexicon-v1.1
2294,457724,1753886,1753798,2026-07-16 22:51:06,진짜 딱 완화해주면 좋아하겠지?? 미하일 유저 얼마 없으니까 이생각이었다가 불타니까 해준느낌임,neutral,domain-lexicon-v1.1
2294,457724,1753870,1753870,2026-07-16 22:36:52,말할때 표정 보삼 ᄌᄂ 기싸움하려는거 아득바득 보이자늠,neutral,domain-lexicon-v1.1
2294,457724,1753888,1753870,2026-07-16 22:51:38,불태우니까 해줄게 이느낌이긴 했음 진짜,neutral,domain-lexicon-v1.1
2294,457724,1753908,1753908,2026-07-16 23:11:18,그얘기 듣자마자 라방채팅에 악플씀 아쉽긴 씨발새끼야 돈이 수천만원이 처박혔는데 미쳤나 진짜 ᄏᄏᄏᄏᄏᄏᄏᄏᄏᄏ 내돈 다 땅에 처박고 짓밟는 흉내내놓고서 아쉬워?,negative,domain-lexicon-v1.1
2294,457724,1753933,1753908,2026-07-16 23:28:47,직장이라 라방 못본게 너무 아쉬움 봤으면 넥슨라이브로 개소리하지말라고 채팅쳤을듯,neutral,domain-lexicon-v1.1
2294,457588,1753352,1753352,2026-07-16 18:18:43,멋진 정리 감사합니다 이 글 뿐만아니라 어디로든 추천화력이 좀 모였으면 좋겠네요,positive,domain-lexicon-v1.1
2294,457588,1753414,1753414,2026-07-16 18:36:27,이건 한글자도 버릴내용없는 현 미하일의 가장 큰 문제점을 정말 잘 정리해주신거 같습니다. 보스완화와 유틸대중화로 상대적 너프를 먹고있는 미하일의 현실... 과연 운영진이 이걸 인정해줄지 정말 궁금합니다. 오늘 패치내용만 보면 걍 미하일 너넨 딜꼴등 맞아 선언이라..,negative,domain-lexicon-v1.1
2294,457588,1753458,1753458,2026-07-16 18:49:24,가드 난이도와 피로도가 사실 없애기 애매한게 난이도 낮추면 진짜 딸깍 무적기임 문제가 난이도가 있는 캐릭인데 리턴이 없음 진짜 미하일이 얘하고 비교하긴 미안한 난이도긴한데 굳이 비교하자면 DPM하위권 카데나임 스킬이 지치고 어려운데 리턴이 전혀없으니 난이도 완화해줘라 이꼴임 걍 직업 난이도에 비해서 리턴이 1도없으니 취향맞는거 아니면 할이유 전혀없고 취향이 맞다고해도 다시한번 생각하고 하라할 캐릭임,negative,domain-lexicon-v1.1
2297,331112,1333191,1333191,2026-07-16 17:14:48,목소리 지금까지 존나 냈음,neutral,domain-lexicon-v1.1
2297,331112,1333197,1333191,2026-07-16 17:15:55,스프 관통부터 러쉬 키씹힘까지 1년 가까이 목소리 존나냈는데 하나도 안바뀐거임,neutral,domain-lexicon-v1.1
2297,331112,1333192,1333192,2026-07-16 17:14:51,또속냐?? 응 나도 속아;; 개선안 열심히 써서 올려봐야할듯,neutral,domain-lexicon-v1.1
2297,331112,1333194,1333194,2026-07-16 17:15:22,이미 우리가 계속 윗점/스프개선/러쉬개선/오리진개선/유틸개선/이번신규스킬3차 2타>1타/ 예~~~~~~~~전부터 문의 보내고 별 개똥꼬쇼 했는데 패싱당했습니다... ..죄송하지만 전 지쳤어요.,neutral,domain-lexicon-v1.1
2297,331112,1333212,1333212,2026-07-16 17:19:15,목에서 피나오겠음,neutral,domain-lexicon-v1.1
2297,331112,1333226,1333226,2026-07-16 17:27:59,러-우 전쟁 종료되는게 빠름,neutral,domain-lexicon-v1.1
2297,331112,1333236,1333236,2026-07-16 17:30:17,"근데 표창관통/스프 줄기 개선, 오리진중 스프딜누수 스프 30초 풍마/신규코어 더블클릭 윗점 개선 이건 진짜 개선이 필요해보입니다",neutral,domain-lexicon-v1.1
2297,331112,1333238,1333238,2026-07-16 17:31:01,9월까지 개선안 보내보고 개선되는거 없으면 전 접을듯,neutral,domain-lexicon-v1.1
2297,331112,1333260,1333260,2026-07-16 17:36:22,개선되면 올게요~ 다른거나해야지,neutral,domain-lexicon-v1.1
2297,331112,1333330,1333330,2026-07-16 18:08:55,작년 전투경험 개선때 진짜 화력지렸는데 크게뭐없었음 이젠진짜 지쳤다,neutral,domain-lexicon-v1.1
2297,331130,1333219,1333219,2026-07-16 17:24:09,ᄏᄏᄏᄏᄏᄏᄏᄏᄏᄏᄏᄏᄏᄏᄏᄏ,neutral,domain-lexicon-v1.1
2297,331130,1333224,1333224,2026-07-16 17:25:48,"얘네 보통 고집이 아님. 스프는 진짜 보스에서 조금만 써보면 바로 개선해야 되는 걸 아는 데 무슨 생각으로 가만 냅두는 지 모르겠음. 30초 극딜기, 60초 오리진, 고정 준극딜기 전투경험을 바탕으로 한 개선점이 너무 많은 데 아쉽네요",negative,domain-lexicon-v1.1
2297,331130,1333235,1333235,2026-07-16 17:30:08,진짜 문의도 존나넣었던거같은데 안듣긴함 씨발..,neutral,domain-lexicon-v1.1
2297,331204,1333343,1333343,2026-07-16 18:17:26,안돼,neutral,domain-lexicon-v1.1
2297,331265,1333545,1333545,2026-07-16 19:45:24,싱귤 먼저인거 좀 꿀팁이네요,neutral,domain-lexicon-v1.1
2297,331265,1333588,1333588,2026-07-16 20:13:59,개추,neutral,domain-lexicon-v1.1
2297,331265,1333591,1333591,2026-07-16 20:18:50,"쌤 바이트, 래피드 사이에 퀀터 넣는 이유는 뭔가욤?",neutral,domain-lexicon-v1.1
2297,331265,1333613,1333591,2026-07-16 20:33:25,강화퀸터 털고 래피드 쏘는동안 쿨돌리는거에요. 퀸터는 안섞어도 크게 지장 없어요,neutral,domain-lexicon-v1.1
2297,331265,1333622,1333622,2026-07-16 20:37:12,분석추,neutral,domain-lexicon-v1.1
2297,331265,1333631,1333631,2026-07-16 20:49:46,우와 선생님 감사합니다 안 알려주셨으면 순서에 따른 배트 로스 같은 건 절대 몰랐을 것 같아요,positive,domain-lexicon-v1.1
2297,331265,1333636,1333636,2026-07-16 20:53:51,결국 캔슬이 늘어나버렸구나...,neutral,domain-lexicon-v1.1
2297,331265,1333672,1333636,2026-07-16 21:49:49,항상 좋은 정보 감사합니다 전분 최신버전 없었는데 덕분에 참고가 잘 됩니다,positive,domain-lexicon-v1.1
2297,331265,1333661,1333661,2026-07-16 21:26:56,바이트 싱귤 딜레이 270ms 언제될까,neutral,domain-lexicon-v1.1
2297,331265,1333871,1333871,2026-07-17 11:18:31,대 펀 시,neutral,domain-lexicon-v1.1
2294,457595,1753434,1753434,2026-07-16 18:43:25,현 구조상으로는 파티시너지 때문에 당연히 팔라딘보다 쎄야 정상이죠,neutral,domain-lexicon-v1.1
2294,457595,1753975,1753975,2026-07-17 00:48:53,비슷한 스펙 솔플 기준이면 팔라보다 약한직업 몇 없을걸요?,neutral,domain-lexicon-v1.1
2294,457595,1754022,1754022,2026-07-17 03:18:05,팔라한시점에서는 솔플은 거의 당연히 최하위인디,neutral,domain-lexicon-v1.1
2294,457595,1754023,1754022,2026-07-17 03:18:28,2인하면 레테보다 훨강한거 느껴지긴하실거임,neutral,domain-lexicon-v1.1
2294,457595,1754161,1754161,2026-07-17 11:29:48,팔라는 솔플 무조건 약해야 한다 이게 참... ᅲᅲ,neutral,domain-lexicon-v1.1
2294,457687,1754461,1754461,2026-07-17 19:29:17,보스입장맵 블해 돌아가게,neutral,domain-lexicon-v1.1
2294,457561,1753262,1753262,2026-07-16 17:54:04,깔개직업은 깔개로~,neutral,domain-lexicon-v1.1
2296,184397,685335,685335,2026-07-16 17:53:48,쓰면 될 거 같은데 막 포션 500개 구입같은 대참사 찐빠날 거 같음,neutral,domain-lexicon-v1.1
2296,184397,685347,685335,2026-07-16 18:01:24,ᄅᄌᄃ 찐빠네 그러면 ᄏᄏ,neutral,domain-lexicon-v1.1
2296,184397,685336,685336,2026-07-16 17:54:03,써봤는데 필터키 수치 최대로 쓴 느낌 근데 스킬만 적용되고 채팅 같은 건 적용 안되는 거 보니 그냥 콜렉터 99개 사는 대참사 방지하는 시스템인듯,neutral,domain-lexicon-v1.1
2296,184397,685348,685336,2026-07-16 18:01:32,그러면 무조건 쓰는게 맞는?,neutral,domain-lexicon-v1.1
2296,184397,685352,685336,2026-07-16 18:03:29,@모라스좌 콜렉터 대참사 안 나려고 필터키 프로그램 수치를 좀 낮게 해놨는데 그거 스킬 쓸 때만 최대 수치로 올려주는 거라 저는 문제 안 생기면 쓸듯,negative,domain-lexicon-v1.1
2296,184397,685353,685336,2026-07-16 18:04:23,@스틸러저격 굿굿 근데 선생님 그 필터키 쓰는 이유가 뭔가요 이거,neutral,domain-lexicon-v1.1
2296,184397,685358,685336,2026-07-16 18:08:35,@모라스좌 블디 매크로 방향키 누르는 캔슬 빨라지는 줄 알았는데 몇번 비교해보니 그냥 해골물인듯. 애초에 키반복할 때 딜레이를 줄여주는 거라. 근데 콤레 재사용 터는 건 개빨라져서 안 쓸 이유가 없어요. 함 써보셈,neutral,domain-lexicon-v1.1
2296,184397,685360,685336,2026-07-16 18:10:41,@스틸러저격 감사합니다 선생님,positive,domain-lexicon-v1.1
2296,184397,685346,685346,2026-07-16 18:01:11,오토모드처럼 나올 듯,neutral,domain-lexicon-v1.1
2296,184397,685349,685346,2026-07-16 18:01:38,ᄃᄃ ᄅᄋ이가..,neutral,domain-lexicon-v1.1
2296,184518,685577,685577,2026-07-16 21:17:13,원래 아스트라가 담당해야했던건데 그러네 ᄏᄏᄏᄏᄏ,neutral,domain-lexicon-v1.1
2296,184518,685581,685577,2026-07-16 21:22:50,ᅲ 그냥 이딴거 말고 최종뎀딸깍이 나을듯,neutral,domain-lexicon-v1.1
2296,184518,685597,685597,2026-07-16 21:44:40,그당시 아스트라는 그래도 명목상 준?극?딜이라 쿨 1분이었는데 얜 14초임ᄏᄏ,neutral,domain-lexicon-v1.1
2296,184518,685643,685597,2026-07-17 00:45:09,ᄀᄂᄁ 걍 adhd전용,neutral,domain-lexicon-v1.1
2296,184518,685599,685599,2026-07-16 21:52:27,신스킬 14초마다 쓸때 키다운 몇초 해야되나요?? 스킬 쓰면서 이동 가능하나요?,neutral,domain-lexicon-v1.1
2296,184518,685628,685599,2026-07-16 23:29:42,일반적인 슬래시 스킬이랑 같고 단일 딜레이는 300ms입니다 스택은 7스택이고 에볼루션때는 상한풀립니다,neutral,domain-lexicon-v1.1
2296,184518,685644,685599,2026-07-17 00:45:23,개노답임걍,neutral,domain-lexicon-v1.1
2296,184306,685216,685216,2026-07-16 16:57:55,수치만 보면 꽤 오른거같은데 어떰?,neutral,domain-lexicon-v1.1
2296,184306,685217,685217,2026-07-16 16:58:07,게이지 똥고집 드디어 꺾었네 씹새기들 ᄏᄏ,neutral,domain-lexicon-v1.1
2296,184306,685218,685218,2026-07-16 16:58:11,"어떻게 바뀐거야 이게.,. 구조를 또바꿨네 스킬을ᄏᄏᄏ",neutral,domain-lexicon-v1.1
2296,184306,685219,685219,2026-07-16 16:58:21,게이지 삭제 일단 환영,neutral,domain-lexicon-v1.1
2296,184306,685221,685221,2026-07-16 16:58:48,반만 해결한거 아닌가 내눈엔 오리진탐때 노는건 그대로 같아보이는데,neutral,domain-lexicon-v1.1
2296,184306,685222,685222,2026-07-16 16:58:52,준극느낌인듯요? 소모성 스택이 쌓이고 그거 써서 쓴다는거보니까?,neutral,domain-lexicon-v1.1
2296,184306,685224,685224,2026-07-16 17:00:00,오리진때 문양변화 마법화살 생략되잖아 ^^ 아 짜증나..,neutral,domain-lexicon-v1.1
2296,184306,685228,685228,2026-07-16 17:01:03,게이지 삭제 ᄂᄋᄉ,neutral,domain-lexicon-v1.1
2296,184306,685234,685234,2026-07-16 17:05:49,스택형인거같은데 극딜때 한번만 터는거로 될거같으니 오리진 손해도 적을듯?,neutral,domain-lexicon-v1.1
2297,331315,1333669,1333669,2026-07-16 21:47:07,못버티면 합류하는게 맞습니다 ᅲᅲ,neutral,domain-lexicon-v1.1
2297,331315,1333675,1333675,2026-07-16 21:55:50,심지어 유틸 때문에 약한거라 하면 이제 바인드 걸면 맵패턴도 안나오는 시대에 무슨 유틸을 따져야 하는지 모르겠어요 상위보스 가면 다 허수아비인데 스위칭에 라모르 따로 키세팅 부족 절반이 키다운 흉성 블랙홀 대쉬기 없어서 미리 슈라 쳐야함 속사기 선딜 마오팬 리브 후속타 씹힘+신규6차도 후속타 ᄅᄌᄃ직업,negative,domain-lexicon-v1.1
2297,331315,1333676,1333676,2026-07-16 21:56:36,너 제논가면 팬텀 상향되겠다 언넝가라,neutral,domain-lexicon-v1.1
2297,331315,1333678,1333678,2026-07-16 21:58:23,팬텀보다 더 심각한 직업 있는걸 알기에 더 징징 못대겠다 그냥 밸패좀 똑바로 해줬으면,negative,domain-lexicon-v1.1
2297,331315,1333712,1333678,2026-07-16 23:16:08,직업 47개중 40등인데 충분히 징징거릴 수 있는 것 같은데요,neutral,domain-lexicon-v1.1
2297,331315,1333682,1333682,2026-07-16 22:08:36,저도 풀헥사인데 직변고민중임...,neutral,domain-lexicon-v1.1
2297,331315,1333706,1333706,2026-07-16 23:01:03,저도 템 맞출때마다 현타와서 진지하게 고민중입니다,neutral,domain-lexicon-v1.1
2297,331202,1333597,1333597,2026-07-16 20:22:59,ᄏᄏ 돈이 안 되신다네요~,neutral,domain-lexicon-v1.1
2297,331260,1333521,1333521,2026-07-16 19:31:45,쿨타임도 길고 블랙잭보다 약하고...,neutral,domain-lexicon-v1.1
2297,331260,1333593,1333593,2026-07-16 20:20:29,심지어 이것도 너프 하루종일 먹은 블랙잭이라는 거임..,negative,domain-lexicon-v1.1
2300,359535,489854,489854,2026-07-13 01:01:08,매서운 사실은 지금 그게 완화 된 보스란거임,neutral,domain-lexicon-v1.1
2300,359535,489857,489857,2026-07-13 01:12:50,"원래 세렌이 그란디스 보스 입장 관문이고, 꽤 어렵기로 유명해요 ᄏᄏᄏᄏ 근데 지금이 많이 완화된겁니다... 예전엔 데카도 적었고(8이 아닌 5) 1페 바닥 폭발이 0.5초만에 터지고(지금은 1.5초)/폭발 맞으면 암흑/2페 바인드 걸어도 노루가 깽판치고/폭발하는 정령들은 지금보다 체력 10배/2페 석양 같은 곳에서 연속 터지기 등등... 온갖 괴랄한 것들이 많았습니다..",neutral,domain-lexicon-v1.1
2300,359535,489859,489859,2026-07-13 01:27:51,"버그투성이 스우 데미안 무패턴 허수아비 루시드 최소컷은 없다 윌 대충 만든 더스크 공반무적스킬봉인의 듄켈 미로찾기의 진힐라 깨면 직업너프 검마 30분 못버티는 세렌 간섭 못맞추면 쌓이는 유격보스 칼로스 바인드 안걸리는 카링 등등 사실 메이플이 보스시스템 그리 잘 만드는 겜은 아니라 -> 물론 위 거의 대부분이 많이 개선됐습니다. 데미안 포함해서요 ᄏᄏᄏ 데미안은 오히려 억까 없어지니 긴장감도 없어진거임 지금 겜 하는 사람들은 다 익숙해져서 그런건데 뉴비가 사실 처음 보면 대체 무슨 패턴이지 싶은게 많아요 정상임 다만 ""돈뽑아처먹을려고만든 보스"" <- 이 워딩만 조심하시면됨 그냥 옛날 보스들이 대부분 좀 그런거ᄅ 똥손이라기보단 메이플식 보스 경험 부족이죠 다른 게임들은 거의 대부분의 패턴을 피하면서 맞으면 치명상인 경우가 많은데 메이플은 몇번 죽더라도 클리어를 할 수 있는 시스템이라서요 그나마 제일 건전한 방식으로 확인하는 방법은 님 세렌 치는거 동영상으로 찍어서 한번 보는거임 님이 ",negative,domain-lexicon-v1.1
2300,359535,489863,489859,2026-07-13 01:37:43,아니면 직업이 카데나서 더 그런거임?,neutral,domain-lexicon-v1.1
2300,359535,489905,489859,2026-07-13 10:14:14,@크레디안 카데나면 더빡세네요 고점이 높긴 한데 저점도 매우 낮아서 ᄅᄋ 어지간히 마음 굳게 먹은거 아니면 포텐셜 못뽑고 스트레스만 받음 소위 말하는 장인챔 고르신거라..,neutral,domain-lexicon-v1.1
2300,359535,489947,489859,2026-07-13 12:43:14,@크레디안 카데나면 남들보다 보스 패턴+피격범위 생각하면서 캔슬도 해야하는데 고생 겁나할꺼임,neutral,domain-lexicon-v1.1
2300,359535,489861,489861,2026-07-13 01:29:22,"원기때 만든 보스들은 다 저따구라서 존나 싫긴함. 깨지말라고 만들어놓은 보스들이라고 생각함. 맵패턴으로 개지랄하는 보스가 태반이자나 ᄏᄏᄏ. 데미안,루시드,윌,듄켈,검마,세렌 걍 레전드 들임 ᄏᄏᄏ. 원기때 만들어진 보스들 중에서 완성도 높은건 진힐라말고 없는듯??",neutral,domain-lexicon-v1.1
2300,359535,489865,489865,2026-07-13 01:38:11,카데나면 직업때문인거같은데..,neutral,domain-lexicon-v1.1
2300,359535,489866,489866,2026-07-13 01:43:13,카데나면 사실 여기도 180퍼로 못잡는 사람 많을껄 ᄏᄏ,neutral,domain-lexicon-v1.1
2300,359535,489867,489867,2026-07-13 01:59:13,"아니 님아 그건 카데나라 더그런거져 ᄏᄏᄏᄏ 물론 다른 쉬운 직업으로도 어려운건 마찬가지지만., 내 친구도 카인 170퍼 2시간씩 일주일째 박는데 아직도 못깼대요 ᄏᄏᄏᄏᄏᄏᄏ 너무 조급해하지 마셈 다 감잡으면 할만하더라 억까가 뒤지게많아서그렇지",neutral,domain-lexicon-v1.1
2300,359535,489871,489871,2026-07-13 02:48:55,냉정하게 말하면...뉴비가 금손도 아닌데 메이플에서 제일 어려운 카데나 골라서?,neutral,domain-lexicon-v1.1
2300,359535,489872,489871,2026-07-13 02:49:35,원기시절 보스들이 불쾌한건 사실임 그래서 완화가 많이 된 것도 맞는데 여전히 패턴자체가 숙련도 부족하면 불쾌할 수 있음,negative,domain-lexicon-v1.1
2300,359535,489878,489878,2026-07-13 04:01:56,그 정도는 아닌데 컨이 별로 안 좋은가 보네 하다가 뉴비에 카데나라는 사실에 납득 완료,neutral,domain-lexicon-v1.1
2300,359535,489879,489879,2026-07-13 04:02:14,패턴도 안 익숙할텐데 카데나 ᄃᄃ,neutral,domain-lexicon-v1.1
2300,359535,489880,489880,2026-07-13 05:04:05,그정돈가 싶다가 카데나 보고 납득함... 걍 쩔수 없고 무한 연습 해야됨,neutral,domain-lexicon-v1.1
2300,359535,489881,489881,2026-07-13 05:33:21,"메이플이 안그래도 공부가 많이 필요한 게임이고 나온지도 오래돼서 쌓인 데이터도 많은데 1. 게임 내외부 시스템에 대한 공부: 장비아이템, 능력치, 유니온, 헥사강화, 환산주스탯 등등 2. 본인 직업에 대한 공부: 딜사이클, 임기응변, 이동기, 무적기, 뎀감기 등 유틸 활용 3. 보스 패턴 공부 이렇게 세종류로 나눌 수 있다고 보고 중요도와 분량은 1:1:1 이라고 저는 생각함. 하나하나가 사소하지 않고 마스터하기에 상당한 시간이 걸림 근데 카데나는 그중에서도 2가 메이플 전직업 통틀어 가장 난이도가 높으니... 1과 3을 신경쓰기는커녕 2조차 마스터하기 힘든게 사실임",neutral,domain-lexicon-v1.1
2300,359535,489883,489881,2026-07-13 05:37:24,즉 선택과목을 그냥 어려운걸 고른거임... 수능때 남들 다 생명1 이런거 무난한거 고를때 자기객관화 안돼서 물리2 이런거 골랐다가 박살나는급 물론 내가 그과목을 사랑해서 등급이 안나오는거 알고도 골랐다? 스트레스받지만 재미도 느끼고 있다? 그럼 잘못한 선택이 아님 근데 별생각없이 '걍 서울대 가는애들 이거한다던데?' 같은 이유로 골라놓고 등급 안나와서 찡찡거린다? 냉정하게 이건 님잘못임 자기객관화가 안된것,positive,domain-lexicon-v1.1
2300,359535,489893,489893,2026-07-13 08:36:05,나도 어제 199%로 처음해봤는데. 0.2%남기고 여명? 거기서 쉴드차서 못깸. 수욜전에 뚜까팬다 진짜..,neutral,domain-lexicon-v1.1
2300,359535,489900,489900,2026-07-13 09:38:54,표현이 좀 그렇긴한데 직업을 잘못 고르신듯,neutral,domain-lexicon-v1.1
2300,359535,489908,489908,2026-07-13 10:54:06,똥손이 카데나를 왜 함,neutral,domain-lexicon-v1.1
2300,359535,489910,489910,2026-07-13 11:02:36,메이플 시작을 카데나로 하는건 너무 용감했는데,neutral,domain-lexicon-v1.1
2300,359535,489920,489920,2026-07-13 11:33:15,너프 이후로 그정도는 아닌데,negative,domain-lexicon-v1.1
2300,359535,489938,489938,2026-07-13 12:20:31,듄켈에서 벽느낄정도면 카데나를 할 재능이 아닌거임,neutral,domain-lexicon-v1.1
2300,359535,489943,489943,2026-07-13 12:39:54,"카데나 듄켈,세렌 상성 ᄀᄎ은편인디 유툽에 형진님 찾아서 강의영상 몇개 보고하셈 세렌팁영상이나 콤보같은거",neutral,domain-lexicon-v1.1
2300,359535,489952,489952,2026-07-13 12:57:31,잘하면 ᄌᄂ쎄다며? 하고 하면 그렇게되는거긴하지,neutral,domain-lexicon-v1.1
2300,359535,489954,489954,2026-07-13 13:01:22,천천히 보다가 카데나에서 바로 납득했네 180퍼 계정 당장 줘도 못깰자신있음,neutral,domain-lexicon-v1.1
2300,359535,489962,489962,2026-07-13 13:27:14,님 직업이 카데나라서 그럼 보스탓 ᄂᄂ. 콤보 연습이나 더 하셈 지금 보스 트라이할 때가 아님,neutral,domain-lexicon-v1.1
2300,359535,489968,489968,2026-07-13 14:04:21,진지하게 팔고접고 겨울에 보마로 다시하는거 추천,neutral,domain-lexicon-v1.1
2300,359535,0,0,2026-07-13 14:44:08,삭제된 코멘트입니다.,neutral,domain-lexicon-v1.1
2300,359535,489971,489970,2026-07-13 14:44:08,그건 타직업도 마찬가진데 왜...,neutral,domain-lexicon-v1.1
2300,359535,489975,489975,2026-07-13 15:22:26,초창기 세칼카를 아는 사람 : ᄀ-,neutral,domain-lexicon-v1.1
2300,359535,490008,490008,2026-07-13 18:26:54,허수아비 하루에 1시간씩 깎으면 ᄀᄎᄀᄎ 저도 그랫음,neutral,domain-lexicon-v1.1
2300,359535,490012,490012,2026-07-13 18:43:32,님 탓 아님 강원기 탓임,neutral,domain-lexicon-v1.1
2300,359535,490013,490013,2026-07-13 18:53:32,맥뎀으로 막기 포스로 막기 똥피하기 장판피하기 등 등 등 등 141은 세상의 진리임,neutral,domain-lexicon-v1.1
2300,359535,490022,490022,2026-07-13 19:51:15,횡스크롤 게임 처음하면 어려운게 정상입니다 걱정하지 마세요 여기 사람들도 다 처음 잡을땐 시간 겁나 박았을거임,neutral,domain-lexicon-v1.1
2300,359535,490035,490035,2026-07-13 20:26:43,그란디스 초입의 튜토리얼보스같은느낌인데 어렵긴하지,neutral,domain-lexicon-v1.1
2300,359535,490046,490046,2026-07-13 20:55:41,많이 어려운게 정상이에요 저도 첫 트라이 계속 겁먹다가 널널하게 깬 이후로 적응해서 깸,neutral,domain-lexicon-v1.1
2300,359535,490054,490054,2026-07-13 21:24:29,연습많이살길,neutral,domain-lexicon-v1.1
2300,359535,490056,490056,2026-07-13 21:34:11,지금 엄청 완화된거지만 원기보스는 원래 숙련된 사람도 실패하도록 만든 더러운 보스들만 있음 세칼카라인까진 어쩔 수 없음 앞으로 더 완화되길 빌어야지,neutral,domain-lexicon-v1.1
2300,359535,490083,490083,2026-07-13 23:48:03,직업연습 + 보스패턴숙달 두개를 해야되네,neutral,domain-lexicon-v1.1
2300,359535,490087,490087,2026-07-14 00:00:12,어째서 카데나를... 접어도 무방,neutral,domain-lexicon-v1.1
2300,359535,490193,490193,2026-07-14 15:35:01,"170퍼인데 못잡는데서 몇판 안해놓고 징징거리네 하려고 봤는데 카데나 ,,,",neutral,domain-lexicon-v1.1
2300,359535,490403,490403,2026-07-15 14:16:41,저도 카데나 6개월차로 세렌 처음 가봤는데 150퍼 못잡고 ᄌᄌ쳤어요 200되니까 할만해짐,neutral,domain-lexicon-v1.1
2298,224618,766918,766918,2026-07-14 00:59:38,점캔기준,neutral,domain-lexicon-v1.1
2298,224618,766934,766918,2026-07-14 02:13:49,이게 제일 공포임 ᄏᄏ,neutral,domain-lexicon-v1.1
2298,224618,766935,766935,2026-07-14 02:26:10,캔슬기준 저정도고 캔슬 안하면 메카닉이랑 동급임,neutral,domain-lexicon-v1.1
2298,224618,766948,766948,2026-07-14 04:49:59,와 이렇게까지 약할 이유가 있나,neutral,domain-lexicon-v1.1
2298,224618,766955,766955,2026-07-14 07:57:57,이게 분혼 가져가고 체급 올려준 결과라는게 ᄏᄏ,neutral,domain-lexicon-v1.1
2298,224618,766970,766955,2026-07-14 09:49:45,ᄅᄋ 분혼 있을때랑 순위 똑같잖아ᅲᅲ,neutral,domain-lexicon-v1.1
2298,224618,766956,766956,2026-07-14 08:44:01,놀라운건 이게 체급 올린 결과라는거임 최하위에 쳐박혀 있을때도 있었음 근데 아직도 최하위권일진 몰랐네,neutral,domain-lexicon-v1.1
2298,224618,767027,767027,2026-07-14 14:25:18,진짜 체급 레전드 ᄏᄏ,neutral,domain-lexicon-v1.1
2298,224618,767187,767187,2026-07-15 05:23:55,진짜 유챔으로 키우다가 5만 찍어도 다른 애들보다 너무 힘들어서 내가 컨을 너무 못하나 싶었는데..챌섭에서 레테 넘어오면 유챔에서 빼야겠다,neutral,domain-lexicon-v1.1
2298,224618,767188,767188,2026-07-15 05:24:24,은월 유저분들 힘내시길,neutral,domain-lexicon-v1.1
2298,224648,767049,767049,2026-07-14 15:27:54,"결국 시너지, 딜 모두 다뺏기는 엔딩..",neutral,domain-lexicon-v1.1
2298,224648,767053,767053,2026-07-14 15:45:54,시너지라도 있었으면 차라리 나을뻔함,neutral,domain-lexicon-v1.1
2298,224648,767054,767054,2026-07-14 15:50:29,그당시에 시너지 뺏기면 안된다고 했는데도 주 여론이 시너지 가져가고 딜줘~ 였어서 뭐 나중에 딜 뺏기는건 당연한거긴했죠 유틸좋고 직업이 어렵지도않고 ᄏᄏ,neutral,domain-lexicon-v1.1
2298,224648,767071,767071,2026-07-14 17:09:16,"딜 최하위권에, 시너지 다뺏기고 하루종일 평캔해야되며 준극 개빡빡한데 1분준극 ᄏᄏ 너무하다 창섭아",neutral,domain-lexicon-v1.1
2298,224648,767073,767073,2026-07-14 17:12:08,체급이 암담하긴하네.. 에휴,neutral,domain-lexicon-v1.1
2298,224648,767105,767105,2026-07-14 20:18:24,많이도 안바란다.. 딱 최종뎀 10퍼만...,neutral,domain-lexicon-v1.1
2298,224648,767186,767186,2026-07-15 05:20:44,아.. 어쩐지 왜이렇게 약한가 싶었는데 내가 이상한게 아니구나..,neutral,domain-lexicon-v1.1
2297,331154,1333239,1333239,2026-07-16 17:31:18,1차 혹시 수동종료 하신건가요?,neutral,domain-lexicon-v1.1
2297,331154,1333240,1333240,2026-07-16 17:32:02,"1,2차 모두 신규스킬 포함 만렙이라 따로 종료하는 컨은 안 했습니다",neutral,domain-lexicon-v1.1
2297,331154,1333243,1333243,2026-07-16 17:32:39,아예 빼고 0강일때 한번 쳐주실 수 있나요?,neutral,domain-lexicon-v1.1
2297,331154,1333244,1333243,2026-07-16 17:32:54,한번 해볼게요,neutral,domain-lexicon-v1.1
2297,331154,1333246,1333243,2026-07-16 17:33:16,@암짜 감사합니다!,positive,domain-lexicon-v1.1
2297,331154,1333266,1333243,2026-07-16 17:41:45,"@데스티니섀도 빼고도 한번 쳐봤습니다. 대략 2%정도 상향인데, 제가 리4가 아니라서 좀 낮게 나오는 것도 감안하셔야 될 것 같아요 ... 리5 빨리 올려야겟네요",neutral,domain-lexicon-v1.1
2297,331154,1333269,1333243,2026-07-16 17:43:18,1.5 % 올랐네요..! 계산 실수가 있엇습니다,neutral,domain-lexicon-v1.1
2297,331154,1333274,1333243,2026-07-16 17:45:44,@암짜 풀강해야 1.5%...ᄒᄃᄃ...의미가 없다..,neutral,domain-lexicon-v1.1
2297,331154,1333276,1333243,2026-07-16 17:46:59,@노스훼라투 그러게요.. 에르다 도시락까지 다 만들어놨는데 좀 아쉽긴 하네요..,negative,domain-lexicon-v1.1
2297,331154,1333283,1333243,2026-07-16 17:50:12,@암짜 저도 도시락겁나게 만들어놨는데 흑흑 ᅲ,neutral,domain-lexicon-v1.1
2297,331154,1333299,1333243,2026-07-16 17:55:28,@암짜 와.. 처참하네요;; 감사합니다.,positive,domain-lexicon-v1.1
2297,331154,1333316,1333243,2026-07-16 18:03:21,@암짜 리5 해도 1.6 근처일듯여,neutral,domain-lexicon-v1.1
2297,331154,1333247,1333247,2026-07-16 17:33:26,안열어도 상관없는스킬됫네,neutral,domain-lexicon-v1.1
2297,331154,1333261,1333261,2026-07-16 17:36:25,1차보다 너프긴하넹,negative,domain-lexicon-v1.1
2297,331154,1333262,1333262,2026-07-16 17:38:09,진짜 이걸 돈주고 올려야해?,neutral,domain-lexicon-v1.1
2297,331154,1333263,1333263,2026-07-16 17:38:19,3%보다 더 튀어나가서 너프 들어온건가,negative,domain-lexicon-v1.1
2297,331154,1333264,1333264,2026-07-16 17:41:02,ᄏᄏᄏᄏᄏᄏᄏᄏᄏᄏᄏᄏᄏᄏᄏᄏᄏᄏᄏᄏᄏᄏᄏᄏ 미친건가...,neutral,domain-lexicon-v1.1
2297,331154,1333295,1333295,2026-07-16 17:54:39,딜이 줄었네,neutral,domain-lexicon-v1.1
2297,331154,1333296,1333296,2026-07-16 17:54:41,자동사출에 포커스맞춰서 딜은 안올려줬나보네,neutral,domain-lexicon-v1.1
2297,331154,1333300,1333296,2026-07-16 17:56:12,라방에서 2.5~3%딜이라했는데 30초 자동사출주는대신 최종뎀1.5%줬나보네,neutral,domain-lexicon-v1.1
2297,331175,1333285,1333285,2026-07-16 17:51:20,문제가 심각함,negative,domain-lexicon-v1.1
2297,331175,1333288,1333288,2026-07-16 17:51:53,평타 디버프로 증가량 조절하는건 ᄉᄇ 누구 대가리에서 나온거임?,neutral,domain-lexicon-v1.1
2297,331175,1333294,1333294,2026-07-16 17:53:26,ᄉᄇ 이번 헥사는 주는 조각으로만 열어야겠다 퉷!,neutral,domain-lexicon-v1.1
2297,331175,1333298,1333298,2026-07-16 17:55:26,메익 안 써도 되는 편의성 줬으니깐 딜은 가져간다고 아 ᄏᄏ,neutral,domain-lexicon-v1.1
2297,331175,1333388,1333388,2026-07-16 18:44:56,아예 안여는게 낫겠다,neutral,domain-lexicon-v1.1
2297,331175,1333436,1333436,2026-07-16 19:02:09,퍼뎀 너프까지 먹일줄은 몰랐음 ᄅᄋ 보법이 다르네 1차 테섭보고 어차피 버프먹을건데 곡소리 왜 내나 싶었는데 내가 ᄇᄉ이었고..,negative,domain-lexicon-v1.1
2297,331238,1333428,1333428,2026-07-16 19:01:15,햐.. 이럼 5초뚝을 결국 가긴 해야겠구만,neutral,domain-lexicon-v1.1
2297,331238,1333437,1333428,2026-07-16 19:02:09,저거 때문에 굳이 갈 이유는 없긴함 1리레2절 좀더 높은확률로하고 절개 편하게 쓰고싶다면 가는거,neutral,domain-lexicon-v1.1
2297,331238,1333458,1333428,2026-07-16 19:07:28,@방울쑥 21주텟/1주텟 or 4/1주텟 4or5 추천드립니다 11.5극메타에 3초뚝은 별론거같아요 1리레2절도 힘들구요,neutral,domain-lexicon-v1.1
2297,331238,1333459,1333428,2026-07-16 19:08:03,@바부 정말 감사합니다 4초 뚝은 생각 안 해봤었는데 넓게 봐야겠네요,positive,domain-lexicon-v1.1
2297,331238,1333467,1333428,2026-07-16 19:11:17,@바부 수정하려고 질문드린 댓글 삭제한 사이에 답글이 달려가지고 댓글 서순이 좀 이상해지긴 했어요,neutral,domain-lexicon-v1.1
2297,331238,1333479,1333479,2026-07-16 19:14:18,윗댓글보고 질문하나 드려용 4초쓰면 절개 쿨마다 돌리기 vs 리레에 2절개 하기 뭐가 더 쌘가용?,neutral,domain-lexicon-v1.1
2297,331238,1333481,1333479,2026-07-16 19:15:23,4초면 1리레2절 쿨마다절개 해야함여 여유거의없음,neutral,domain-lexicon-v1.1
2297,331238,1333483,1333479,2026-07-16 19:15:55,5초부터 절개여유생겨서 좀넉넉하게 쓸수있어요 일단1리레2절이 기본베이스인듯,neutral,domain-lexicon-v1.1
2297,331238,1333526,1333479,2026-07-16 19:34:18,@바부 그럼 준극딜땐 1절개만 쓰는건가요? 쿨마다누르면 안들어가는거같아서,neutral,domain-lexicon-v1.1
2297,331238,1333530,1333479,2026-07-16 19:35:25,@카미시 준극쿨돌자마자 준극안해도되요 아마 2분극53초? 5초는 51초전에만 준극눌러서하면 되는거라,neutral,domain-lexicon-v1.1
2297,331238,1333558,1333479,2026-07-16 19:54:00,"@바부 엇, 제가 이해를 잘 못해서요.. 4초뚝 기준이면 2분은 108.8초, 1분은 52.4초, 절개는 14.8초마다 돌아와서 14.8 → 29.6 → 44.4 → 59.2초 순으로 사용 가능한 거잖아요. 그런데 1분 준극을 조금 늦게 쓰더라도 54.4초에는 눌러야되니까, 그렇게 되면 준극 안에는 절개가 두 번 들어가지 않는 것 같은데 제가 계산을 잘못한 걸까요?",neutral,domain-lexicon-v1.1
2297,331238,1333578,1333479,2026-07-16 20:03:06,@카미시 어 제가이해를 못한듯여 일단 5초뚝기준으론 꽤나 여유있거든요 4초가부족하려나요,negative,domain-lexicon-v1.1
2297,331238,1333504,1333504,2026-07-16 19:25:21,그럼 입장극딜도 무아지경 15초하고 시퀀스 쓰나요?,neutral,domain-lexicon-v1.1
2297,331238,1333506,1333504,2026-07-16 19:26:26,입장방에서 빼고가죠ᄏᄏ,neutral,domain-lexicon-v1.1
2297,331238,1333508,1333504,2026-07-16 19:27:05,파장잡고 예열중ᄀᄃᄀᄃ하고 가심될듯,neutral,domain-lexicon-v1.1
2297,331238,1333510,1333504,2026-07-16 19:27:29,@바부 아 그런방법이있네요,neutral,domain-lexicon-v1.1
2294,457616,1753416,1753416,2026-07-16 18:36:49,그렇긴한데 신규스킬은 오리진 끝나고 쓰는거임,neutral,domain-lexicon-v1.1
2294,457616,1753452,1753416,2026-07-16 18:48:12,오리진 버프를 생각 못했네요 그래도 솔파 발동은 해주길,neutral,domain-lexicon-v1.1
2294,457616,1753499,1753416,2026-07-16 19:08:16,@사탕수수 그건 ᄋᄌ,neutral,domain-lexicon-v1.1
2294,457626,1753428,1753428,2026-07-16 18:41:37,이번 신스킬로 솔루나파워를 선녀로 보이게 만들어버리는 신창섭,neutral,domain-lexicon-v1.1
2294,457580,1753298,1753298,2026-07-16 18:02:26,극딜 쿨밀림은안생기나모르겠네요..,neutral,domain-lexicon-v1.1
2298,224705,767275,767275,2026-07-15 16:18:29,쌀피엠만 낮지 체급은 쎄서 아랫구간도 꽤나 강합니다,neutral,domain-lexicon-v1.1
2298,224705,767299,767299,2026-07-15 18:18:54,손문제임,negative,domain-lexicon-v1.1
2298,224705,767312,767299,2026-07-15 20:36:18,헥환이 뭔지 모르는거죠?,neutral,domain-lexicon-v1.1
2298,224705,767324,767299,2026-07-15 21:41:58,@되겠니 스커정도면 쌀피엠 체급으로 덮을 정도인데 그건 아실까요?,neutral,domain-lexicon-v1.1
2298,224705,767347,767299,2026-07-15 23:03:24,@도르핀 체급이높다고 헥환이란 지표가 올라가는건 아니죠.. 동일헥환에서 보스가 잘잡히는거지 그리고 본문에서 헥환이 낮다했는데 그냥 손문제임 박는것도 참 대단하시네요,negative,domain-lexicon-v1.1
2298,224705,767379,767299,2026-07-16 03:15:00,@되겠니 네 대단하긴하죠 결국 손문제니까요 화낼게 있나요 좋은밤 되세요,negative,domain-lexicon-v1.1
2298,224705,767405,767299,2026-07-16 11:47:10,걍 지능이 낮은 사람인듯 글 작성자가 뭐 배율대로 안깨진다 했나 ᄏᄏ 손 문제 ᄋᄌᄅ,negative,domain-lexicon-v1.1
2298,224705,767531,767299,2026-07-16 17:43:08,@도르핀 어디 아프니,neutral,domain-lexicon-v1.1
2298,224705,767601,767299,2026-07-16 18:54:13,헥환 수치 올라가는게 타캐릭보다 낮다고 글을썻는데 손문제라는게 무슨말임?? 일정 배율 이상인데 보스가 안잡힌다고 글을쓴것도아닌데 글부터 제대로읽으세요 아저씨,negative,domain-lexicon-v1.1
2298,224705,767695,767299,2026-07-16 20:08:48,@도르핀 이제 스커 시작한 뉴비면서 무슨 뭐라도 아는척은 ᄏᄏᄏ 옛날글 보니까 은월 너프시켜야된다고 분위기조장하고 아진짜 좀 이런애들은 인류에서 필요가 없는데 왜존재할까,negative,domain-lexicon-v1.1
2298,224627,766959,766959,2026-07-14 09:00:12,캬,neutral,domain-lexicon-v1.1
2298,224627,766989,766989,2026-07-14 11:09:21,ᄃᄃ.. 버리지망 본섭가서도 매주 사랑해줘!,neutral,domain-lexicon-v1.1
2298,224627,766997,766997,2026-07-14 12:02:17,106퍼인데 전 왜 안잡힐까요.. 패턴 하나도 안밀리고 어센트 한번에 바인드 한번 나왔는데 1~3퍼가 계속 남네요...,neutral,domain-lexicon-v1.1
2298,224627,767013,766997,2026-07-14 13:13:35,"저도 스커 뉴비라 최소컷 깎으신 영상들 참고한건데 공통적인 부분이 ""오리진극딜+종뎀or 5차리셋"" 이더라고요 1-3퍼 남을 정도면 아마 저부분이거나 증강 패 스킬들을 잘못 굴렸다거나 그 차이 일거 같습니다",neutral,domain-lexicon-v1.1
2298,224627,767026,767026,2026-07-14 14:09:39,매주 주보도 돌아주세요 꼭,neutral,domain-lexicon-v1.1
2304,47805,998303,998303,2026-06-30 09:47:22,ᄋᄃ,neutral,domain-lexicon-v1.1
2304,47805,998304,998304,2026-06-30 10:16:32,가끔 검마 권능 맞고 바로 무적키 켰을때 안죽던게 저런 이유였구나,neutral,domain-lexicon-v1.1
2304,47805,998305,998305,2026-06-30 10:25:07,보스 tmi가 댓글들 내리다보니까 보스 tip가 됫어,neutral,domain-lexicon-v1.1
2304,47805,998306,998306,2026-06-30 10:28:33,23 : 23번이 2개 중복이다 23 : 칼로스찍기 어센트로 씹어진다 내가 자주 그러고 놀았음 27 : 검마2페권능 번개 1타->2타 사이에 텀 있어서 기동성 좋은캐릭은 가운데에서 딜하다가 2타 터질때 구석으로 이동가능 미하일은 그런거 모르겠고 어쩔가드 박을수있다 41 : 족자에 갇힌채로 맵패턴 맞으면 족자 시간 3초증가(정신력 30 더까임) 맞음 14 : 유피테르도 마찬가지라서 유피/연성체/무결/파멸/균형 유피테르 전부 한 맵을 공유하는상태다,neutral,domain-lexicon-v1.1
2304,47805,998307,998306,2026-06-30 10:33:26,아마 추측상 유피테르 맵 구조가 무결 / 파멸 / 균형 유피 <-> 연성체 이렇게 5개 방이 배치돼있는 구조로 보임. 투사체로 테스트해봤음,neutral,domain-lexicon-v1.1
2304,47805,998323,998306,2026-06-30 14:25:01,칼로스 찍기를 도대체 어케 어센트로 피함 절대 안 됨,neutral,domain-lexicon-v1.1
2304,47805,998354,998306,2026-06-30 18:41:48,찍기 어센트 안됨 찍기 히트박스 좁아서 니가 히트박스 밖에있어서 안 뒤진거임 ᄏᄏ,neutral,domain-lexicon-v1.1
2304,47805,998310,998310,2026-06-30 11:20:16,ᄋᄃ TMI 감사합니다 7낙인사는첨알았네요 ᄏᄏᄏᄏ,positive,domain-lexicon-v1.1
2304,47805,998311,998311,2026-06-30 11:26:34,칼로스 찍기도 어센트로 씹히는데,neutral,domain-lexicon-v1.1
2304,47805,998312,998311,2026-06-30 11:29:52,"혹시 자료좀 볼 수 있을까요? 칼로스 찍기는 공격 판정 0.27초 이후 히트박스가 나온다고 알려져있고, 인게임에서 아무리 해봐도 안되네요",neutral,domain-lexicon-v1.1
2304,47805,998321,998311,2026-06-30 14:15:21,@덱1스조아 그냥 주보 돌 때마다 쓰는데.. 광클하면 써지던데용,neutral,domain-lexicon-v1.1
2304,47805,998322,998311,2026-06-30 14:17:15,@운영상태보소 그니까 저는 안되는데 혹시 영상이나 움짤 같은거 부탁드려도 될까요?,neutral,domain-lexicon-v1.1
2304,47805,998325,998311,2026-06-30 14:26:01,@운영상태보소 칼로스 찍기 어센트로 못 씹음 쳐맞은지 모르고 맞고 어센트 쓴 거 아니면 말이 안 됨,neutral,domain-lexicon-v1.1
2304,47805,998334,998311,2026-06-30 16:05:54,@덱1스조아 아 직접 해봤는데 안 되네요 분명히 됐던 거 같은데 착각한 듯 ᄌᄉ,neutral,domain-lexicon-v1.1
2304,47805,998360,998311,2026-06-30 19:06:16,@운영상태보소,neutral,domain-lexicon-v1.1
2304,47805,998635,998311,2026-07-03 18:21:37,@운영상태보소 이건 칼로스가 찍으러 나올 때 쓸수있는거,neutral,domain-lexicon-v1.1
2304,47805,998313,998313,2026-06-30 11:31:39,"아니 팁게 납치 머임,,, TMI써놓고 글 유기 할랬는데 강제로 팁게 납치 당해버렸네... 나워 직게에 Q&A쓴거나 인증해주지 왜 이런걸.........",neutral,domain-lexicon-v1.1
2304,47805,998315,998313,2026-06-30 12:21:15,어쩐지 댓글이 유난히 많더라니,neutral,domain-lexicon-v1.1
2304,47805,998335,998313,2026-06-30 16:13:48,팁게 납치도 있나요? 인벤 별로 안 해봤는데 신기하네요. 운영자가 팁이라 생각하면 게시판 바꾸는 건가,neutral,domain-lexicon-v1.1
2304,47805,998387,998313,2026-07-01 06:31:18,"@병신같은운영 저도 이런 경우는 처음 봐서 당황스럽네요 ᄏᄏᄏ;; 원래 자게에 쓴건데 똑같은 내용, 댓글들로 팁게에 복사됐어요",neutral,domain-lexicon-v1.1
2304,47805,998314,998314,2026-06-30 12:13:11,"27번 tmi 권능 위치에 따라서 1타 중앙 안전지대가 조금 바뀐다 좌권능은 왼쪽으로, 우권능은 오른쪽으로 조금 더 넓음",neutral,domain-lexicon-v1.1
2304,47805,998317,998317,2026-06-30 12:59:39,ᅲ오,neutral,domain-lexicon-v1.1
2304,47805,998326,998326,2026-06-30 14:28:36,재밌는 글 와드!,neutral,domain-lexicon-v1.1
2304,47805,998336,998336,2026-06-30 16:14:41,쓰잘데기 없는 TMI가 아니라 엄청 유용한데요? Tip은 아니더라도 사소한 디테일이나 설정같은 게 재밌네요!!,neutral,domain-lexicon-v1.1
2304,47805,998345,998345,2026-06-30 17:20:01,진짜 유용하다ᄏᄏᄏᄏ개추,neutral,domain-lexicon-v1.1
2304,47805,998365,998365,2026-06-30 20:14:13,"루시드 1 2페 석상으로 나비 제거하거나, 카링 1페 도올에서 땅 번개? 지울때 스킬쓰면서 채집키 꾹 누르기 가능 데미안 낙인 풀때는 스킬쓰몀서 채집키 꾹 누르기 불가능",neutral,domain-lexicon-v1.1
2304,47805,998372,998372,2026-06-30 21:40:25,51은 확실함 트라이할때 서로 브리핑이달라서 자기꺼 보고 피하자고햇음 ᄏᄏ,neutral,domain-lexicon-v1.1
2304,47805,998384,998384,2026-07-01 02:56:49,ᄉᄇ 이정도는해야 인장받는구나 포기,neutral,domain-lexicon-v1.1
2304,47805,998406,998406,2026-07-01 13:37:59,아니 개꿀팁이 많이 섞여있는데?! 특히 세렌 돌진 유도랑 검마 2페 권능 왼오 처음에 안전지대 있는 거 처음 알았음 ᆪᆪᆪᄉ,neutral,domain-lexicon-v1.1
2304,47805,998793,998793,2026-07-06 10:04:24,진짜 옛날에 진힐라 타이머 계산해가면서 페이즈넘어가면 또 시간바뀌는거 계산하고 그와중에 서버렉까지 있어서 배경모래시계 보는게 국룰이긴했음,neutral,domain-lexicon-v1.1
2304,47805,998866,998866,2026-07-07 06:15:29,ᄋᄃ,neutral,domain-lexicon-v1.1
2304,47805,999022,999022,2026-07-09 00:45:30,우와 ᄋᄃ,neutral,domain-lexicon-v1.1
2304,47805,999293,999293,2026-07-13 09:24:01,14번은 뜯어서 나오기도 했고 메르콥터로 올라가서 확정되기도 했죠,neutral,domain-lexicon-v1.1
2304,47805,999298,999298,2026-07-13 10:03:29,진힐라 시체 무빙하는거 ᄉᄇ 진짜 개짜증났었는데 도대체 언제고치냐?,neutral,domain-lexicon-v1.1
2304,44501,963446,963446,2025-06-16 15:47:04,ᄋᄃ,neutral,domain-lexicon-v1.1
2304,44501,963449,963449,2025-06-16 15:53:28,ᄋᄃ,neutral,domain-lexicon-v1.1
2304,44501,963450,963450,2025-06-16 16:02:45,ᄋᄃ,neutral,domain-lexicon-v1.1
2304,44501,963462,963462,2025-06-16 16:44:58,ᄋᄃ,neutral,domain-lexicon-v1.1
2304,44501,963465,963465,2025-06-16 17:07:45,팁과 노하우 리뉴얼 ᄉᄉ,neutral,domain-lexicon-v1.1
2304,44501,963466,963466,2025-06-16 17:09:36,ᄋᄃ,neutral,domain-lexicon-v1.1
2304,44501,963479,963479,2025-06-16 18:25:47,ᄋᄃ,neutral,domain-lexicon-v1.1
2304,44501,963484,963484,2025-06-16 19:04:23,ᄋᄃ,neutral,domain-lexicon-v1.1
2304,44501,963485,963485,2025-06-16 19:04:46,ᄋᄃ,neutral,domain-lexicon-v1.1
2304,44501,963492,963492,2025-06-16 19:23:35,개추,neutral,domain-lexicon-v1.1
2304,44501,963498,963498,2025-06-16 19:34:17,ᄋᄃ,neutral,domain-lexicon-v1.1
2304,44501,963502,963502,2025-06-16 19:37:18,ᄋᄃ,neutral,domain-lexicon-v1.1
2304,44501,963508,963508,2025-06-16 20:08:23,ᄋᄃ,neutral,domain-lexicon-v1.1
2304,44501,963509,963509,2025-06-16 20:13:41,공략 ᄋᄃ,neutral,domain-lexicon-v1.1
2304,44501,963516,963516,2025-06-16 20:33:38,개추,neutral,domain-lexicon-v1.1
2304,44501,963522,963522,2025-06-16 20:51:35,ᄋᄃ,neutral,domain-lexicon-v1.1
2304,44501,963544,963544,2025-06-16 23:16:27,Oᄃ,neutral,domain-lexicon-v1.1
2304,44501,963545,963545,2025-06-16 23:20:09,ᄋᄃ,neutral,domain-lexicon-v1.1
2304,44501,963549,963549,2025-06-17 00:03:05,ᄋᄃ,neutral,domain-lexicon-v1.1
2304,44501,963559,963559,2025-06-17 00:53:06,ᄋᄃ,neutral,domain-lexicon-v1.1
2304,44501,963567,963567,2025-06-17 01:50:55,ᄋᄃ,neutral,domain-lexicon-v1.1
2304,44501,963581,963581,2025-06-17 07:19:27,ᄋᄃ,neutral,domain-lexicon-v1.1
2304,44501,963585,963585,2025-06-17 08:08:15,도감 ᄋᄃ,neutral,domain-lexicon-v1.1
2304,44501,963589,963589,2025-06-17 09:01:04,ᄋᄃ,neutral,domain-lexicon-v1.1
2304,44501,963635,963635,2025-06-17 12:34:55,ᄋᄃ,neutral,domain-lexicon-v1.1
2304,44501,963793,963793,2025-06-17 21:37:28,아다,neutral,domain-lexicon-v1.1
2304,44501,963840,963840,2025-06-18 03:06:24,정리 감사합니다,positive,domain-lexicon-v1.1
2304,44501,963848,963848,2025-06-18 04:24:50,ᄋᄃ,neutral,domain-lexicon-v1.1
2304,44501,963969,963969,2025-06-18 17:16:38,ᄋᄃ,neutral,domain-lexicon-v1.1
2304,44501,963985,963985,2025-06-18 18:39:23,ᄋᄃ,neutral,domain-lexicon-v1.1
2304,44501,964078,964078,2025-06-18 23:38:15,de,neutral,domain-lexicon-v1.1
2304,44501,964827,964827,2025-06-20 17:54:51,ᄋᄃ,neutral,domain-lexicon-v1.1
2304,44501,965092,965092,2025-06-21 12:24:04,ᄋᄃ,neutral,domain-lexicon-v1.1
2304,44501,965729,965729,2025-06-23 17:59:21,ᄋᄃ,neutral,domain-lexicon-v1.1
2304,44501,966873,966873,2025-06-26 23:24:33,ᄋᄃ,neutral,domain-lexicon-v1.1
2304,44501,966954,966954,2025-06-27 10:50:05,ᄋᄃ,neutral,domain-lexicon-v1.1
2304,44501,967225,967225,2025-06-28 14:06:30,ᄋᄃ,neutral,domain-lexicon-v1.1
2304,44501,968162,968162,2025-07-02 00:46:57,ᄋᄃ,neutral,domain-lexicon-v1.1
2304,44501,968164,968164,2025-07-02 01:03:58,ᄋᄃ,neutral,domain-lexicon-v1.1
2304,44501,970889,970889,2025-07-12 18:50:18,ᄋᄃ,neutral,domain-lexicon-v1.1
2304,44501,971455,971455,2025-07-16 21:39:45,ᄋᄃ,neutral,domain-lexicon-v1.1
2304,44501,975604,975604,2025-08-11 15:50:32,개추,neutral,domain-lexicon-v1.1
2304,44501,977686,977686,2025-08-24 21:11:03,감사합니다,positive,domain-lexicon-v1.1
2304,44501,995390,995390,2026-06-11 19:36:05,ᄋᄃ,neutral,domain-lexicon-v1.1
2296,184343,685289,685289,2026-07-16 17:28:33,ᄌ같은건맞는데 안여는거보단 나음,neutral,domain-lexicon-v1.1
2296,184343,685305,685305,2026-07-16 17:34:41,진지하게 8만아래는 안여는게 나을수도있음,neutral,domain-lexicon-v1.1
2296,184343,685337,685305,2026-07-16 17:54:46,진지하게 안여는게 행메일듯,neutral,domain-lexicon-v1.1
2296,184343,685340,685340,2026-07-16 17:56:48,자 1렙 어센트 열고 20분보스잡을동안 한번도안쓰는거랑 어시스트스킬 2렙 올리는거랑 뭐가더쌔냐이차이일듯 찍고 어느정도 활용을하냐못하냐인듯구조야 본썹들어오고 능력자형들이 알아서 쓰는방법알려주겠징ᄒᄒ,neutral,domain-lexicon-v1.1
2296,184343,685341,685341,2026-07-16 17:58:05,일단찍어야지 메이플 46직업중에 코어열고 약해진다고 안여는코어 없자나~ 한잔해,neutral,domain-lexicon-v1.1
2296,184343,685494,685341,2026-07-16 19:55:19,할만충은 가세요라 ᄏᄏ,neutral,domain-lexicon-v1.1
2296,184449,685399,685399,2026-07-16 18:38:56,https://maplestory.nexon.com/Testworld/N23BugReport/Create,neutral,domain-lexicon-v1.1
2296,184449,685445,685445,2026-07-16 19:13:55,건의하고 왔습니다. 솔직히 쿨 맞추기 or 패시브화. 이거 어려운 작업 아니라 생각하는데 기싸움 하고있다고밖엔 생각이 안드네요...,neutral,domain-lexicon-v1.1
2296,184299,685189,685189,2026-07-16 15:28:02,2줄쓰는중,neutral,domain-lexicon-v1.1
2296,184299,685192,685192,2026-07-16 15:34:22,엠블렘 방무없으면 1번,neutral,domain-lexicon-v1.1
2296,184299,685195,685195,2026-07-16 15:41:24,최대 2줄인거같아요,neutral,domain-lexicon-v1.1
2296,184299,685482,685482,2026-07-16 19:49:26,"헥환 9만윈브인데 2줄인데(35,30) 공퍼 효율이 더좋아요( 유챔 SSS 2개 7칠흑 에테는 모상하, 칭호 쓰는중) 51미트라로 바꾸면 비슷해질듯 엠블렘 방무없으시면 1번 임시로 쓰시고 방무있으시면 공공보/공공 추천드려요 전 여기에 에디알파 달린거 씁니다",positive,domain-lexicon-v1.1
2296,184386,685320,685320,2026-07-16 17:45:57,윈브의 신이시여,neutral,domain-lexicon-v1.1
2296,184386,685324,685324,2026-07-16 17:47:23,끄아ᅡᅡᅡᅡᅡᅡᅡᅡᅡᅡᅡᅡᅡ제발 시퀀스좀해다오,neutral,domain-lexicon-v1.1
2296,184386,685451,685451,2026-07-16 19:18:24,왜 윈브는 다시 으어으어하고 있는가..,neutral,domain-lexicon-v1.1
2296,184386,685769,685769,2026-07-17 13:18:02,gma..,neutral,domain-lexicon-v1.1
2298,224814,767615,767615,2026-07-16 19:02:02,신규스킬 차치하고서라도 평소에 제논이 필터키 체감 심한 캐릭인가요?? 별 차이가 안 느껴져서 끄고 다녔는데 어느 부분에서 체감이 큰지도 말씀해주시면 감사...,positive,domain-lexicon-v1.1
2298,224814,767624,767615,2026-07-16 19:05:39,3차 스킬코어가 저격 도중에 끊어먹는 스킬이였는데 지금은 거의 안느껴집니다.원래도 주력기 꾹 기준 살짝 차이는 있었는데 이번에 불편한점이 많이 해소 된 느낌이네요,negative,domain-lexicon-v1.1
2298,224814,767630,767615,2026-07-16 19:08:42,그냥 모든 직업이 이것저것 누를 때 반응성 문제로 미세하게나마 설정한거랑 안한거랑 차이가 납니다 체감이 심한 직업이 있고 적은 직업이 있을 뿐 효과가 아예 없는 직업은 없었어요 제논은 그나마 적은 편에 속한거죠,negative,domain-lexicon-v1.1
2298,224814,767634,767634,2026-07-16 19:14:09,필터키 잘못쓰면 포톤 따닥으로 발사되는경우있는데 이건 그런현상없나여?,neutral,domain-lexicon-v1.1
2298,224814,767651,767634,2026-07-16 19:27:18,없습니다!,neutral,domain-lexicon-v1.1
2298,224814,767655,767634,2026-07-16 19:28:55,@사워닝 감사합니다!,positive,domain-lexicon-v1.1
2298,224814,767643,767643,2026-07-16 19:19:30,포톤 바로 증발하는 현상은 없나요?,neutral,domain-lexicon-v1.1
2298,224814,767653,767653,2026-07-16 19:28:21,필터 수치 얼마정도로 설정하셨나요??,neutral,domain-lexicon-v1.1
2298,224814,767670,767653,2026-07-16 19:38:37,기존 150/10 으로 쭉 써왔었는데 인게임 필터키 반응성이 살짝 더 좋습니다 포톤 사용감은 거의 비슷한듯?,neutral,domain-lexicon-v1.1
2298,224814,767672,767653,2026-07-16 19:42:14,@라이트 감사합니다!,positive,domain-lexicon-v1.1
2298,224814,767705,767705,2026-07-16 20:31:19,원래 쓰던 필터키보다 인겜 필터키가 더 좋나요?,neutral,domain-lexicon-v1.1
2298,224814,767719,767705,2026-07-16 21:12:57,제논 기준 인겜이 더 괜찮아보여요,neutral,domain-lexicon-v1.1
2298,224814,767727,767705,2026-07-16 21:33:15,@사워닝 감사합니다,positive,domain-lexicon-v1.1
2298,224814,767885,767885,2026-07-17 13:08:31,대 사 워 닝,neutral,domain-lexicon-v1.1
2298,224814,767912,767912,2026-07-17 15:05:15,"안녕하세요 선생님 뉴비입니다, 혹시 1렙 기준으로 여는게 딜 상승 자체는 있는지 여쭙고 싶습니다",neutral,domain-lexicon-v1.1
2298,224814,767936,767912,2026-07-17 16:27:16,환산 사이트에 기재된거 보면 그래도 1렙은 어느정도 헥사강화를 하신분이라면 앞순위라고 보시면 됩니다.,neutral,domain-lexicon-v1.1
2294,457569,1753261,1753261,2026-07-16 17:54:02,에휴 할많 하않이네,neutral,domain-lexicon-v1.1
2294,457569,1753275,1753275,2026-07-16 17:59:09,도대체 이 좆병신 이펙트를 왜 놔두는지 전혀 모르겠네 ᄏᄏ 에반은 유래없는 보이스 수정도 해줬는데,neutral,domain-lexicon-v1.1
2294,457569,1753358,1753275,2026-07-16 18:19:34,에반은 그딴거 안받아도되니 직엊좀 고쳐주면 좋겠고 전후 별차이도 엊ᄉ음,neutral,domain-lexicon-v1.1
2294,457569,1753283,1753283,2026-07-16 18:01:06,태엽전사 제로,neutral,domain-lexicon-v1.1
2294,457569,1753284,1753284,2026-07-16 18:01:17,역대급 Joat 이펙트,neutral,domain-lexicon-v1.1
2294,457569,1753289,1753289,2026-07-16 18:01:42,"어휴 어지러워,,,,",neutral,domain-lexicon-v1.1
2294,457569,1753302,1753302,2026-07-16 18:03:11,시간 컨셉으로 말아먹는 것도 재주임,neutral,domain-lexicon-v1.1
2294,457569,1753306,1753306,2026-07-16 18:05:20,이 컨셉을 가지고도 이렇게밖에 고안못한건 레전드임 진짜 잘라야함,neutral,domain-lexicon-v1.1
2294,457569,1753313,1753313,2026-07-16 18:09:05,아니 ᄅᄋ 저이펙트 무슨 낙하산이 만들어서 아무도 머라하지 못하는거임? 유저들이 싫다잖아!!!! 안그래도 샛노래서 시선다쏠리는데 다가리고 뭐하자는거냐고... 아진짜 싫다... 이제 정붙이려는 캐가 이렇게되는게 너무 싫어.........ᅲ,negative,domain-lexicon-v1.1
2294,457569,1753346,1753346,2026-07-16 18:17:23,으휴.......,neutral,domain-lexicon-v1.1
2294,457569,1753587,1753587,2026-07-16 19:34:31,와 진짜 레전드네;,neutral,domain-lexicon-v1.1
2294,457569,1753681,1753681,2026-07-16 20:05:30,하 ᄏᄏᄏᄏ이펙트 진/짜 역대급으로 못생겼네,neutral,domain-lexicon-v1.1
2294,457577,1753323,1753323,2026-07-16 18:12:48,진짜 좋다.. 이펙트 구리다고 몇번이나 얘기했는데 2차라고 반영해줄까..,positive,domain-lexicon-v1.1
2294,457572,1753269,1753269,2026-07-16 17:57:47,팔죠,neutral,domain-lexicon-v1.1
2294,457572,1753320,1753320,2026-07-16 18:11:02,파는게 나을 것 같음,neutral,domain-lexicon-v1.1
2294,457572,1753342,1753342,2026-07-16 18:16:44,그럼 기다렸다가 팔겠습니다,neutral,domain-lexicon-v1.1
2294,457572,1753459,1753459,2026-07-16 18:50:08,무조건파셈 30퍼부터 프리미엄 붙음,neutral,domain-lexicon-v1.1
2294,457672,1753525,1753525,2026-07-16 19:17:37,"레비,레조 매크로키 넣어서 쓰면 좋나요?",neutral,domain-lexicon-v1.1
2294,457672,1753537,1753525,2026-07-16 19:19:42,전 더 좋은걸로 압니다,neutral,domain-lexicon-v1.1
2294,457672,1753544,1753525,2026-07-16 19:22:50,레비는 차이 없고 레조는 본인 사용 습관에 따라 좀 다름,neutral,domain-lexicon-v1.1
2294,457672,1753937,1753937,2026-07-16 23:34:55,나도 저기근처에 넣을까 했는데 키다운중 이동을 못하게되서 걍 제네무적을 저기로 유배시키고 그자리에 키다운 넣어야할듯,neutral,domain-lexicon-v1.1
2294,457672,1754368,1753937,2026-07-17 17:12:22,이제 바인드하면 맵패턴이고 아무거도 안나와서 굳이 이동할 필요가 있나싶네요,neutral,domain-lexicon-v1.1
2294,457672,1754056,1754056,2026-07-17 07:00:08,w 스킬은 처음보는데 혹시 뭔지 알 수 있을까요?_?,neutral,domain-lexicon-v1.1
2294,457672,1754070,1754056,2026-07-17 07:32:57,저거 해방무적이에요 데티해방하면 저렇게 바뀜,neutral,domain-lexicon-v1.1
2294,457672,1754078,1754056,2026-07-17 07:54:48,@완전메롱해 아하 감사합니다!,positive,domain-lexicon-v1.1
2294,457677,1753536,1753536,2026-07-16 19:19:30,렌 같은거 제외하면 모든 직업이 못 맞추는게 정상임,neutral,domain-lexicon-v1.1
2294,457677,1753603,1753603,2026-07-16 19:43:25,애초에 그걸 전부 맞추는 짓하면 극딜. 제때제때 못넣음,neutral,domain-lexicon-v1.1
2294,457677,1753935,1753935,2026-07-16 23:32:38,그거 맞출시간에 걍 극딜 안밀리게하는게 더 쎔,neutral,domain-lexicon-v1.1
2294,457708,1753738,1753738,2026-07-16 20:30:43,"1. 쓸 수 있다인데 해당 스킬 사용 중 게블을 사용 하더라도 추가적인 딜레이가 걸리지 않으니 시전 동작 없이 사용 가능이란 말도 맞는 말이긴 함 2. 쿨뚝, 시드링 조건 따라 조금씩 달라지긴 하겠지만 기본적인 형태는 테리는 시퀀스 전후로 사용, 강디바 섞어 주면서 선 오리진, 시퀀스-게블 - 오리진-뤼페+게블 - 루마 후 오리진, 시퀀스-게블 - 루마-뤼페-게블 - 오리진",neutral,domain-lexicon-v1.1
2294,457708,1753766,1753738,2026-07-16 20:52:08,안녕하세요 아델 장인님을 뵙습니다 항상 눈팅으로 잘보고 잇습니다 ᄒᄒ 감사합니다,positive,domain-lexicon-v1.1
2294,457708,1753771,1753738,2026-07-16 20:55:15,선오리진일때 항상 오리진 막타 끝나고 게더링 꾹누르고 잇엇는데 이젠 뤼페를 꾹 누르고 잇다가 나가는거 보고 게블을 써야하는거죠? 천천히 적응해야겟네요.....허허,neutral,domain-lexicon-v1.1
2294,457708,1753783,1753738,2026-07-16 21:04:27,"게블 루마 오리진 - 뤼페 게블 이든 루게블 오리진 마 게블 뤼페 이런식으로든, 순서 몇개 바꿔서 쓴다고 큰 차이는 없을거라 게블 쿨 손해만 안나도록 잘 돌려주면 된다고 봄",neutral,domain-lexicon-v1.1
2294,457764,1753823,1753823,2026-07-16 21:34:16,테섭가서 써보니까 게블 가능해지고 뚫은만 해지긴 한거같애요.. 사용감은 불편하고,negative,domain-lexicon-v1.1
2294,457764,1753858,1753823,2026-07-16 22:22:41,키다운쓰면서 게블은 씹 ᄏᄏ 누를것도 많은데 키세팅도 제약걸리는 개 joat,neutral,domain-lexicon-v1.1
2294,457764,1753959,1753823,2026-07-17 00:28:40,키다운 중 게블은 또 뭐냐? 이게 더 웃기네 ᄏᄏᄏᄏᄏ,neutral,domain-lexicon-v1.1
2294,457806,1754006,1754006,2026-07-17 01:59:29,키다운스킬은 오른손에 눌리도록 배치하는게 나음 어차피 못움직이니깐..,neutral,domain-lexicon-v1.1
2294,457806,1754017,1754006,2026-07-17 03:03:50,아델 키다운 위치고정이였음?,neutral,domain-lexicon-v1.1
2294,457806,1754067,1754006,2026-07-17 07:28:07,@정지 ᄂᄂ 움직임 점프도 가능,neutral,domain-lexicon-v1.1
2294,457806,1754378,1754006,2026-07-17 17:35:18,오른손에 놓으면 오히려 방향키 누르기가 더 힘듬ᄏᄏ,neutral,domain-lexicon-v1.1
2294,457806,1754036,1754036,2026-07-17 04:00:44,움직일 수 있어여,neutral,domain-lexicon-v1.1
2294,457550,1753227,1753227,2026-07-16 17:47:29,아 키셋 들어갈 때 없어서 월드맵키 퀘스트키 다 빼놨는데 이제 뭘 빼야하나,neutral,domain-lexicon-v1.1
2294,457550,1753246,1753246,2026-07-16 17:51:20,걍 키다운으로 준게 개역함,neutral,domain-lexicon-v1.1
2294,457680,1753522,1753522,2026-07-16 19:16:07,아델은 무조건 여는게 정배긴함,neutral,domain-lexicon-v1.1
2294,457680,1753741,1753741,2026-07-16 20:31:32,효율은 나중 얘기고 일단 여는게 맞아요,neutral,domain-lexicon-v1.1
2294,457680,1754203,1754203,2026-07-17 12:34:09,열어도 손해는 없음 이제 게블 손해도 안봐서,neutral,domain-lexicon-v1.1
2298,224607,766867,766867,2026-07-13 21:43:22,저도 엔버링크 때문에 버프 엄청 됐다고는 생각함 화날정도는 아닌것 같은데,neutral,domain-lexicon-v1.1
2298,224607,766868,766867,2026-07-13 21:48:54,"그쵸? 트퓨 재사용 된다고 하면 오히려 손해같거든요 엔버링크 추가 40초보다 건의사항대로 그여축 내에 트퓨를 연속으로 와바박 쓰고 나면 재사용 2회를 남겨놓기 위해 트퓨 쿨이 돌더라도 엔버링크 추가재사용을 위해 트퓨 사용을 멈춰야 할텐데, 이건 말도 안되는 족쇄고 이뤄지면 안되는 건의사항이라고 생각해요 저는 ᄏᄏ",neutral,domain-lexicon-v1.1
2298,224607,766869,766867,2026-07-13 21:50:41,@꿈케이크 개인적으로 엔버링크 초기화 하고 준극까지 링크 유지되는게 편하고 쎄질거라고 생각은 합니다,neutral,domain-lexicon-v1.1
2298,224607,766872,766872,2026-07-13 22:15:12,버프해줘봤자 6번 다 쓰는것도아니고 2번 쓰는건데 상대적 박탈감이 더 커서 그런듯? 재사용뽕맛보는게 진짠데 그걸 혼자만 못느끼니까..,neutral,domain-lexicon-v1.1
2298,224607,766894,766894,2026-07-13 23:21:23,제가 키워본 재사용 직업이 캡틴 레테가 끝이긴 하지만 헤드샷이나 이틱트처럼 연속쿨초 터졌을때의 뽕맛같은게 있는데 엔버는 그런게 없어서 다들 아쉬워하시는거 같아요 그런데 사실 트퓨가 저게 된다고 해도 시커생성 제한량이 있으니 헤드샷이나 이딕트만큼의 감동이 생길지는 잘 모르겠습니다 ᄏᄏ; 차라리 엔버링크 재사용에 2번 쓰고 레조나 의지같은거로 몇번 이득보는게 플레이 측면에서도 더 나은거 같긴 해요 니들 빠따 브레스 확정 연속쿨초로 다른 노바직업군은 얼마나 딜량 이득을 챙겨가는지 잘 모르겠지만 자게에서 브레스 확정쿨초 때문에 딜사이클 꼬인다는 글을 봤던거 같은데 카이저도 잘 해결되길 바랍니다,neutral,domain-lexicon-v1.1
2298,224607,766939,766939,2026-07-14 03:09:18,지금 그여축 패치 드러눕는애들 엔버 대충키우는애들임 ᄏᄏᄏ1차 테섭기준으로 신규스킬보다 쎄게 받은게 그여축인데 신규스킬을 드러누워야지 그여축을 드러눕고있음,neutral,domain-lexicon-v1.1
2298,224607,766966,766966,2026-07-14 09:32:04,개인적으로는 그냥 피니투라 페투치아까지 마코달고 짧쿨딜링기로 해줬으면 재미면에서나 효용면에서나 더 좋았을거라고 생각함,positive,domain-lexicon-v1.1
2298,224607,766971,766971,2026-07-14 09:51:35,극딜은 그대로고 평딜중 엔링 지속시간이 증가된거라 나와봐야 알것같지만 크게 좋아보이지는 않음,neutral,domain-lexicon-v1.1
2298,224607,767010,767010,2026-07-14 12:58:36,극딜에 영향주는 스킬 개편이 아닌게 크다고 생각합니다. 상위보스들 패턴 다 조져놔서 어쨌든 평딜 버프지만 그여축 직업중 유일하게 극딜중에 6번 다 쓰지도 못하는게 메리트라고 생각은 안드네요.,neutral,domain-lexicon-v1.1
2298,224607,767431,767431,2026-07-16 12:58:27,결국 노바중에 유일하게 6번 초기화 < 이걸 다 쓰지 못하는게 큼 두세번 쓰고 말잖슴,neutral,domain-lexicon-v1.1
2298,224666,767109,767109,2026-07-14 20:55:40,그냥 미운털 박혔음,neutral,domain-lexicon-v1.1
2298,224666,767110,767110,2026-07-14 20:59:08,5차이후 엔버 전성기는 아케인리버 시커사냥 아닐까 ᄏᄏᄏ,neutral,domain-lexicon-v1.1
2298,224666,767114,767114,2026-07-14 21:07:25,체급을 안줄거면 유틸이라도 좋게해서 렌이나 레테처럼 딜효율 높여야됨 속사기나 텔이있는것도아닌데 체급이 너무낮음ᄏᄏ,neutral,domain-lexicon-v1.1
2298,224666,767118,767114,2026-07-14 21:16:19,단순한 스킬셋으로 딜효율 낮은 게 ᄅᄋ 개에바..,neutral,domain-lexicon-v1.1
2298,224666,767131,767131,2026-07-14 22:28:17,무적기 키다운이랑 평타 후딜만 해결해줘도 좋을 듯,neutral,domain-lexicon-v1.1
2298,224666,767138,767138,2026-07-14 22:54:06,윗덥 무적기 캔슬기 요정도 생각나네요 리마 한지 몇년 되지도 않았는데 왤케 옛날 스킬셋인지,neutral,domain-lexicon-v1.1
2298,224666,767151,767151,2026-07-14 23:53:27,진짜 리마전이 병신중 상병신이라 리마하고 이정도로 만족한게 문제일까 ᄏᄏ,mixed,domain-lexicon-v1.1
2298,224666,767219,767151,2026-07-15 10:49:20,사실 리마때도 엔버유저들 다 앓는소리내고 뭐 바꿔달라 뭐 해달라 60초극딜 뭐같다 같은 말들 계속했는데 수십수백가지 요구사항중에 시커증발이랑 딜상향 딱 두개만 들어준 후에 딜 서서히 너프해서 장애인만듬,negative,domain-lexicon-v1.1
2298,224666,767176,767176,2026-07-15 03:46:30,유틸강캐였던적이 없음 그냥 극딜때 쓰는게 강제되는 에버말고는 남들다줄때 거기서 나사하나씩빼고주던게 엔버임,neutral,domain-lexicon-v1.1
2298,224666,767430,767430,2026-07-16 12:54:45,안해봤거나 대충 찍먹수준으로 해본애들이나 유틸 좋다하더라 엔버는,positive,domain-lexicon-v1.1
2298,224717,767306,767306,2026-07-15 19:29:41,엔버로 110 아래는 쳐다도 보는거 아님,neutral,domain-lexicon-v1.1
2298,224717,767307,767306,2026-07-15 19:32:54,앗아ᅡ... 명심하겠읍니다,neutral,domain-lexicon-v1.1
2298,224717,767319,767319,2026-07-15 21:09:55,"약하고 배율 안 나오는 편은 맞긴한데 환산 한 6만대까진 그래도 100퍼언저리 깎으면 깎이긴하는데....... 그럼에도 솔직히 성능이 좀.... 별로긴합니다.. 트리니티 쉬지도 않고 때려야 겨우 나오는데, 뎀퍼 공격력 크뎀 등에서 투자효율이 안나오다보니 한 6~7만대만 되어도 확 약해지는데 레프쪽 애들이랑 다르게 기본적으로 체급도 족구린데 깎아서 딜 더 넣을 부분도 별로없어서 그냥.. 애가 좀 그렇습니다..",neutral,domain-lexicon-v1.1
2298,224717,767320,767319,2026-07-15 21:13:02,근데 전 직전 겨울시즌지나고 때려치워서 판테온vi 있는 버전 엔버는 잘모르겠습니다만 제가 할 때까진 6만대언저리까진 그래도 배율 100언저리면 깎을만은 했습니다..,neutral,domain-lexicon-v1.1
2298,224717,767332,767332,2026-07-15 22:13:58,ᄋᄋ,neutral,domain-lexicon-v1.1
2298,224717,767345,767345,2026-07-15 22:46:44,102퍼가 최소컷 극치일듯 그냥 개씹 존나 잘된판이 99퍼로 피 5퍼남김,neutral,domain-lexicon-v1.1
2298,224717,767391,767391,2026-07-16 08:05:00,딜표만봐도 대충 나오지 않나 중위권 직업에 비해서 최종뎀 10~15% 약해서 엔버 110%면 중위권직업으로 95~100퍼 하는거 아닌가,neutral,domain-lexicon-v1.1
2298,224717,767427,767427,2026-07-16 12:49:48,엔버 110% = 중위권 95~100% 기억해라,neutral,domain-lexicon-v1.1
2298,224736,767447,767447,2026-07-16 14:02:13,극딜이 왜 길어진거죠? 귀찮긴 해도 그냥 플러스된건데 극딜 끝~준극 시작 전 평딜구간이 강해졌다 보는 게 더 합리적이지 않나,neutral,domain-lexicon-v1.1
2298,224736,767483,767447,2026-07-16 16:18:37,아뇨 당연히 받아야할 체급버프인데 이런식으로 주는게 문제에요 신궁패치보셨어요? 신궁도 평딜강화가 긴데 이번에 압축들어와요 엔버링크 초기화받아서 평딜강화 길어지면 지금 신궁이랑 다를게 뭐죠? 체급도 낮은데,negative,domain-lexicon-v1.1
2298,224736,767448,767448,2026-07-16 14:06:31,예?,neutral,domain-lexicon-v1.1
2298,224736,767558,767558,2026-07-16 18:17:34,예?,neutral,domain-lexicon-v1.1
2298,224736,767578,767578,2026-07-16 18:28:54,극딜 30초라고 해도 엄대엄일텐데 링크때문에 극딜이 80초라고 주장하면 퍽이나 동의해주것누 ᄏᄏ,neutral,domain-lexicon-v1.1
2298,224736,767599,767578,2026-07-16 18:53:08,극딜30초가 어떻게 엄대엄ᄏᄏᄏᄏᄏᄏᄏᄏᄏᄏᄏᄏ 대부분30초라 주장할텐데,neutral,domain-lexicon-v1.1
2298,224736,767611,767611,2026-07-16 18:58:46,이게 대체 뭔말임 ᄏᄏᄏ 보통은 평딜강화라고 생각하지않나,neutral,domain-lexicon-v1.1
2298,224736,767613,767611,2026-07-16 18:59:20,신궁 보마도 극딜얘기하길래 그렇게 써봤음 평딜강화라 생각함,neutral,domain-lexicon-v1.1
2298,224678,767174,767174,2026-07-15 03:43:22,그냥 시커터지는건 적용되고 시커안터지는건 적용안된거네요,neutral,domain-lexicon-v1.1
2298,224678,767239,767174,2026-07-15 11:55:33,오 그렇네요 시커 기준이었네요,neutral,domain-lexicon-v1.1
2298,224678,767250,767174,2026-07-15 13:00:58,아마얘들의 공격시 < 기준이 그건가봄,neutral,domain-lexicon-v1.1
2298,224789,767543,767543,2026-07-16 17:57:35,이걸 어떻게 고쳐야 할려나....,neutral,domain-lexicon-v1.1
2298,224789,767559,767559,2026-07-16 18:17:56,오리진 때는 자동 발동안되게 해야할듯 ᄃᄃ,neutral,domain-lexicon-v1.1
2298,224789,767729,767729,2026-07-16 21:37:26,얘네 진짜 수치딸깍으로만 바꾸고 실제로 어떻게 적용될지는 하나도 생각안하는구나...,neutral,domain-lexicon-v1.1
2298,224789,767901,767901,2026-07-17 14:19:26,오리진 중에 풀스택 차는게 문제라 오리진 스택 한 25로 낮추면 될것같은데 트퓨(9)+오리진(25)+노바7초 (10) = 44스택 오리진 끝나도 4스택 더 해야 자동발동,negative,domain-lexicon-v1.1
2298,224830,767709,767709,2026-07-16 20:47:07,힘내라,neutral,domain-lexicon-v1.1
2298,224830,767884,767884,2026-07-17 13:00:56,힘내라 인마 난 계속 버텨볼란다,neutral,domain-lexicon-v1.1
2298,224676,767163,767163,2026-07-15 01:46:19,보상공 다시뽑는거 에반데 ᄅᄋ 어케뽑지,neutral,domain-lexicon-v1.1
2298,224676,767166,767166,2026-07-15 02:04:39,엔버 최뎀 6퍼 받아도 보마 못 따는 거 아닌가요..,neutral,domain-lexicon-v1.1
2298,224676,767175,767175,2026-07-15 03:44:15,6퍼받아도 배율 105%라는거임,neutral,domain-lexicon-v1.1
2298,224676,767217,767217,2026-07-15 10:18:28,밸붕..,neutral,domain-lexicon-v1.1
2298,224676,767220,767220,2026-07-15 10:51:18,105퍼가 밸붕ᄏᄏ,neutral,domain-lexicon-v1.1
2298,224676,767224,767224,2026-07-15 11:07:02,그 6퍼 받아도 유틸병신 사람언저리같은데 ᄏᄏᄏᄏ,neutral,domain-lexicon-v1.1
2294,457538,1753177,1753177,2026-07-16 17:37:16,바뀔 수 있습니다. 근데 혹시나 1렙도 안 연거면 걍 여세요 범위 차이 있어서,neutral,domain-lexicon-v1.1
2294,457538,1753186,1753177,2026-07-16 17:40:13,1렙은 열어두었습니다. 제가 신규6차 이해를 잘 못하고있는게 문제인것같습니다..ᅲᅲ 비욘더 강화해두면 신규6차도 같이 세지는건가? 만약 그게 아니라면 얘는 중요도가 떨어지지않을까? 하는 걱정에 못찍고있습니다,negative,domain-lexicon-v1.1
2294,457538,1753345,1753177,2026-07-16 18:16:56,@윈윈브 비욘더를 강화하든 안하든 신규 6차 퍼뎀이 그대로인 상태입니다. 그래서 비욘더 중요도가 오히려 낮아질것으로 보이는,neutral,domain-lexicon-v1.1
2294,457538,1753408,1753177,2026-07-16 18:33:55,@플이메 아 제가 필요한부분을 집어주셨습니다. 감사합니다.ᅲᅲ,positive,domain-lexicon-v1.1
2294,457717,1753658,1753658,2026-07-16 19:58:05,무조건,neutral,domain-lexicon-v1.1
2294,457800,1753925,1753925,2026-07-16 23:20:18,네 메르가 쿨감이라 아무래도,neutral,domain-lexicon-v1.1
2294,457800,1753927,1753925,2026-07-16 23:21:40,감사합니다 ᄒ,positive,domain-lexicon-v1.1
2294,457757,1754219,1754219,2026-07-17 13:01:17,전 01601으로 상시켜둬요,neutral,domain-lexicon-v1.1
2294,457757,1754392,1754392,2026-07-17 17:49:51,0 120 30 씁니다 비욘더 꾹하다가 마하 꾹 비욘더 꾹 하면 비욘더 1~3타 이후 사용시 부드럽게 나갑니다,neutral,domain-lexicon-v1.1
2294,457757,1754547,1754547,2026-07-17 22:42:38,필터키가 머에영?,neutral,domain-lexicon-v1.1
2294,457767,1754221,1754221,2026-07-17 13:03:34,라스원툴은 취향이라서 하고 싶은대로 하시면 됨,neutral,domain-lexicon-v1.1
2294,457767,1754395,1754395,2026-07-17 17:50:44,그냥 쉽게 환산사이트에서 정리되면 이후에 찍으시는게 가장 좋아요 너무 고민하실 필요 없습니다,positive,domain-lexicon-v1.1
2294,457767,1754545,1754395,2026-07-17 22:37:39,솔 에르다가 너무 넘쳐서 쌓일때마다 올려주고 내일부터는 부스터 만들어야 할듯요,neutral,domain-lexicon-v1.1
2294,457585,1753324,1753324,2026-07-16 18:12:56,당연히 없...뭘 적으려던거지?,neutral,domain-lexicon-v1.1
2294,457649,1753495,1753495,2026-07-16 19:07:25,일필 리6 차이가 있어서 있어서 극딜에서 차이 나는 것 같네요 저스펙에서 더 효율좋으니 이게 원 ᄏᄏ;;,neutral,domain-lexicon-v1.1
2294,457649,1753857,1753495,2026-07-16 22:22:30,"리6은 유리한 요소 같고(리4, 리5 대비 극딜비중 증가) 일필, 깡 보총 차이가 불리한 요소인듯",neutral,domain-lexicon-v1.1
2295,299487,1154575,1154575,2026-07-16 18:31:48,욕하는 사람이 이상한 거임,neutral,domain-lexicon-v1.1
2295,299487,1154580,1154575,2026-07-16 18:33:09,감사합니다,positive,domain-lexicon-v1.1
2295,299487,1154576,1154576,2026-07-16 18:32:12,뭘 욕까지 먹나요 하면서 느는건데,neutral,domain-lexicon-v1.1
2295,299487,1154578,1154576,2026-07-16 18:33:01,감사합니다 노력할게요,positive,domain-lexicon-v1.1
2295,299487,1154591,1154591,2026-07-16 18:36:30,"파티가면 좀 욕까진 하는사람이 이상하고 눈치정돈 보일 수 있긴한데 솔플은 누가 보는게 아니니까,, 빡배율 고수 모집하는 팟만 안들어가고 뉴비라고 양해구하면 다들 이해해 줘요",neutral,domain-lexicon-v1.1
2295,299487,1154616,1154591,2026-07-16 18:41:39,공팟가면 다 적어두고 구인하는군요,neutral,domain-lexicon-v1.1
2295,299487,1154614,1154614,2026-07-16 18:40:54,솔플은 상관없고 파티보스가면 배율대로못치면 120%보스 이런거못갈거고 160퍼 딜찍 이런거가야죠?,neutral,domain-lexicon-v1.1
2295,299487,1154795,1154795,2026-07-16 19:42:21,ᄋᄋ 욕먹어요 자기 자신한테 넌 손이 그것밖에 안되니 병신아하면서,neutral,domain-lexicon-v1.1
2295,299487,1154808,1154808,2026-07-16 19:48:02,노칼유챔 114퍼인데 못깨는중...,neutral,domain-lexicon-v1.1
2295,299513,1154659,1154659,2026-07-16 18:56:00,웨이브 이그나이트만큼 추가됐나보네요,neutral,domain-lexicon-v1.1
2295,299513,1154697,1154697,2026-07-16 19:08:32,열어야겠네..,neutral,domain-lexicon-v1.1
2295,299513,1154713,1154697,2026-07-16 19:15:26,극딜시퀀스 들어가는 30초 뎀2퍼라 1랩은 생각보다 열만해요,neutral,domain-lexicon-v1.1
2295,299513,1154960,1154960,2026-07-16 23:13:21,신규스킬 익나 달아줘도 의미가 크진 않은가보군요,neutral,domain-lexicon-v1.1
2295,299513,1155017,1155017,2026-07-17 01:29:07,근데 엄청 익나 늘어지는 않네ᅲᅲ 그냥 파텍 터지게 해주지...ᅲᅲ,neutral,domain-lexicon-v1.1
2295,299542,1154730,1154730,2026-07-16 19:21:25,"아마 점유율은 9월패치에서 조정되어서 최종적으로는 찍을 가치 있는 스킬 되긴 할텐데, 그 과정에서 신규코어 딜량 늘린답시고 너프될 기존스킬이 뭐가 될지가 걱정입니다. 극딜기에서 점유율 덜어내버리는건 아닐런지...",negative,domain-lexicon-v1.1
2295,299542,1154734,1154730,2026-07-16 19:22:25,헥사 올풀강 기준으로는 버프되게 할거 같은데 반대로 풀강이 아닌 가성비 코강은 체감너프 매우 심하게 될거같은 느낌.. 기존 코어를 건드린대서 좀 무섭긴 하네요,negative,domain-lexicon-v1.1
2295,299542,1154902,1154730,2026-07-16 21:13:52,진짜 이렇게 덜덜떠는게 맞나 ᄏᄏ,neutral,domain-lexicon-v1.1
2295,299547,1154746,1154746,2026-07-16 19:26:52,그럼 1렙이랑 30렙 최종뎀 차이가 1%대라는건가?..,neutral,domain-lexicon-v1.1
2295,299547,1154748,1154746,2026-07-16 19:27:41,신스킬 만렙시 최종뎀 2.7%일겁니다.,neutral,domain-lexicon-v1.1
2295,299547,1154753,1154746,2026-07-16 19:29:47,@사약 2퍼 겨우넘는 수준인줄 알았는데 2퍼후반은 되네 흠..,neutral,domain-lexicon-v1.1
2295,299547,1154756,1154746,2026-07-16 19:30:35,@Hisa 이러면 개수도 줄었으니 걍 30 하는게 맞긴 하겠네요,neutral,domain-lexicon-v1.1
2295,299547,1154754,1154754,2026-07-16 19:29:51,크라이오쇼크 추가타 빈도 늘려주기도 하니 찍긴해야겠네요,neutral,domain-lexicon-v1.1
2295,299547,1154759,1154759,2026-07-16 19:30:41,와 이번 만큼 찍기 싫은것도 처음인것같은데요,neutral,domain-lexicon-v1.1
2295,299547,1154767,1154767,2026-07-16 19:32:27,하다못해 자동발동으로라도 바꿔주지 스킬쿨 안맞게 15초가뭐야...,neutral,domain-lexicon-v1.1
2295,299547,1154773,1154767,2026-07-16 19:34:23,"15초자체는 괜찮은거 같은데, 허공쿨감 없앤게 진짜 크리티컬하다고 생각합니다.",neutral,domain-lexicon-v1.1
2295,299547,1154813,1154813,2026-07-16 19:51:13,흐음 1렙이면 체라 7-9방 못때리는거 계산하면 거기서거기일거같긴한뎅,neutral,domain-lexicon-v1.1
2295,299547,1154834,1154813,2026-07-16 20:02:30,진짜 러프하게 계산하면 대충 이렇게 나와요 서브제로 1렙 딜량 : 1 크라이오 딜 증가량 : 5 체라 딜 손실량 : -2 추가실험하면 다를 수 있습니다,neutral,domain-lexicon-v1.1
2295,299547,1154818,1154818,2026-07-16 19:55:12,1렙 퍼뎀 10%같은 개그짤 돌아다니니까 개방효율은 좀 올려줬나보군요.,neutral,domain-lexicon-v1.1
2295,299547,1154820,1154818,2026-07-16 19:56:01,"구조상으론 쿨감안먹게한게 대다수의 유저구간 고려한 좋은 방향성이라고는 생각하는데, 허공쿨감 굳이 막아둔건 참 별로네요. 이거때문에 손해보는 상황 무조건 나올텐데;",neutral,domain-lexicon-v1.1
2295,299550,1154760,1154760,2026-07-16 19:31:01,개화월영이 생각나는 파스텔색감이긴 함 ᄏᄏᄏ,neutral,domain-lexicon-v1.1
2295,299550,1154984,1154984,2026-07-17 00:14:25,전 쇼케영상에 나온 스킬이 아닌것에 정말 다행으로 생각중입니다 ᅲᅲ,neutral,domain-lexicon-v1.1
2295,299581,1154848,1154848,2026-07-16 20:14:13,"극딜직업이라고 의도적으로 평딜스킬 쥐여준거긴 한데, 어차피 딜 똑같이 받을거면 평딜스킬일수록 손해라 참 기분이 뭐하네요 ᄏᄏ",neutral,domain-lexicon-v1.1
2295,299581,1155020,1155020,2026-07-17 01:35:48,신스킬 의도가 극딜비중이 높은직업은 평딜을 준거같은데 자동발동이 나은듯,neutral,domain-lexicon-v1.1
2295,299623,1155024,1155024,2026-07-17 01:53:45,자동발동이라도 해주지 찌발 아무것두 안해주넴,neutral,domain-lexicon-v1.1
2295,299623,1155033,1155033,2026-07-17 02:09:48,키셋팅에 새로넣어야되는거 나오면 머리아파질듯요..,neutral,domain-lexicon-v1.1
2295,299449,1154615,1154615,2026-07-16 18:41:18,리레5렙이면 그렇게 해야할듯,neutral,domain-lexicon-v1.1
2298,224603,766837,766837,2026-07-13 20:02:18,목요일 기대중...,positive,domain-lexicon-v1.1
2298,224603,766839,766839,2026-07-13 20:04:48,걍라방까지아무생각이없음,neutral,domain-lexicon-v1.1
2298,224603,766848,766848,2026-07-13 20:12:55,문의보내고 기도중이지 뭐,neutral,domain-lexicon-v1.1
2298,224603,766849,766848,2026-07-13 20:13:16,개발진들이 아몰라하고 그냥 떤져주면 우린 할수있는게없음,neutral,domain-lexicon-v1.1
2298,224603,766852,766852,2026-07-13 20:19:27,여기서 지랄하는건 의미1도없고 문의가 효과 좋음,neutral,domain-lexicon-v1.1
2298,224603,766862,766862,2026-07-13 21:31:54,2차 테섭 보고 ᄌᄅ할려고 힘 아끼는중이죠 뭐,neutral,domain-lexicon-v1.1
2298,224603,766881,766881,2026-07-13 22:48:48,2차테섭도 남았고 본섭올때 많이 바뀔때도 있고 그냥 아무 생각이 없음,neutral,domain-lexicon-v1.1
2298,224603,766978,766978,2026-07-14 10:36:58,가시 이팩트는 별 생각 없는데 격류 굴러가는게 매우 짜치다고 생각함 구조는 뭐...말해 뭐해,neutral,domain-lexicon-v1.1
2298,224603,766981,766981,2026-07-14 10:48:29,이펙트말곤 딱히,neutral,domain-lexicon-v1.1
2298,224651,767060,767060,2026-07-14 16:22:05,몰루?,neutral,domain-lexicon-v1.1
2298,224651,767064,767064,2026-07-14 16:33:14,몰?루 가이드없이 친거라 어느정도 걸러는 봐야할거같은데,neutral,domain-lexicon-v1.1
2298,224651,767081,767081,2026-07-14 18:34:25,게이지 다 턴거면 왜곡 지표긴 하네...,neutral,domain-lexicon-v1.1
2298,224651,767112,767112,2026-07-14 21:02:35,아마 게이지 다 턴거일걸요? 애초에 연무장에 그런거 제한은없잔아. 그리고 좀 웃긴게 재사용 로또 직업은 저거 고점 높을수밖에없긴함 ᄏᄏ,neutral,domain-lexicon-v1.1
2298,224651,767119,767119,2026-07-14 21:26:07,보니까 게이지 다 턴거 맞는거같네여,neutral,domain-lexicon-v1.1
2298,224651,767126,767126,2026-07-14 22:04:23,ᄋᄒ 왤케 높게 나오나 햇는데 그런거엿구낭,neutral,domain-lexicon-v1.1
2298,224651,767128,767128,2026-07-14 22:11:39,"제가 친게 어쩌다보니 기준으로 사용되고있는데, 당시에는 환산에서 연무장 관련 지표를 제공하지도 않았고, 인게임 DPS가 전부인 상황이라 제가 친 기록이 랭킹에 들거나 어떤 기준처럼 쓰일 거라고는 생각하지 못했습니다. 그냥 연무장이 나온 김에 한 번 쳐본 거였고, 그래서 그런 세세한 부분까지는 미처 고려하지 못했습니다. 평소에 어느 보스를 하든 마지막에는 게이지를 다 털고 끝내는 습관이 있어서, 그때도 자연스럽게 그렇게 행동했던 것 같습니다.",neutral,domain-lexicon-v1.1
2298,224651,767130,767128,2026-07-14 22:20:45,"그리고 재사용 노리고 리트하거나 하진 않고 그냥 1트기록입니다. 혼돈 8/47 = 0.17, 굶주림 16/59 = 0.27 재사용 27.5%에 비해 오히려 안터진 판이네요. https://chuchu.gg/battle-practice/search/%EB%A8%B8%EB%A6%AC%EB%AF%B8%EB%9F%AC",neutral,domain-lexicon-v1.1
2298,224651,767361,767128,2026-07-16 00:27:42,딱히 님이 해명할필요는 없음 연무장 시스템 자체가 애초에 허점이 많아서요,neutral,domain-lexicon-v1.1
2298,224685,767200,767200,2026-07-15 08:24:25,아크 체급좋은건 맞는데 그건 숙련도이슈임,neutral,domain-lexicon-v1.1
2298,224685,767243,767200,2026-07-15 12:17:36,같은숙련도인데 저정도차이나는거지,neutral,domain-lexicon-v1.1
2298,224685,767252,767252,2026-07-15 13:11:49,예? ᄏᄏ 나워 120%는 손꾸락에 문제 있는거 아니노?,negative,domain-lexicon-v1.1
2298,224685,767271,767271,2026-07-15 15:48:07,햄요.. 나워 120프로는 챌섭 뉴비가 쳐도 깨겠소..,neutral,domain-lexicon-v1.1
2298,224685,767272,767272,2026-07-15 15:49:36,영상보고 배우고싶은데 영상좀요!!,neutral,domain-lexicon-v1.1
2298,224685,767358,767358,2026-07-15 23:49:30,120%는 미하일로도 충분히 깬다요..,neutral,domain-lexicon-v1.1
2298,224685,767410,767410,2026-07-16 12:11:18,나워가 족구리긴해요 고투자 효율 좋은애라,neutral,domain-lexicon-v1.1
2298,224685,767446,767446,2026-07-16 14:00:46,좋았음 된거지 뿔난얘들 많네,neutral,domain-lexicon-v1.1
2298,224685,767465,767465,2026-07-16 14:57:09,닉 개웃기네 ᄏᄏ,neutral,domain-lexicon-v1.1
2298,224841,767721,767721,2026-07-16 21:17:24,격류가 무조건 보스한테 터지게만 패치해주면 되긴함,neutral,domain-lexicon-v1.1
2298,224841,767732,767732,2026-07-16 21:44:13,강화격류는 보스에 터지게 잘해놨더만 왜 일반격류는 오라웨폰으로 냈을까,neutral,domain-lexicon-v1.1
2298,224841,767736,767736,2026-07-16 21:51:42,애초에 격류 투사체를 없애고 들어왔어야... 그냥 오로지 10초쿨 스택형으로,neutral,domain-lexicon-v1.1
2298,224841,767737,767736,2026-07-16 21:52:42,격류 딜 > 가시로 이관하고 격류 투사체 삭제 / 10초마다 공격시 캐릭터 버프형식으로 1스택 2스택 쌓임 > 3스택 몹타격시 가시발동 이런식이어야 깔끔한데,neutral,domain-lexicon-v1.1
2298,224841,767740,767740,2026-07-16 22:02:24,최종적으로 고쳐주긴 할거같은데 아마 다음 9월 첫테섭때는 안고쳐서 나올게 뻔하고 ᄌᄂ 눕고 개선안 보내면 2차테섭때 개선해줄듯,neutral,domain-lexicon-v1.1
2298,224841,767745,767745,2026-07-16 22:32:55,무슨 6차를 오라웨폰으로ᄏᄏᄏ 어지럽네 진짜,neutral,domain-lexicon-v1.1
2298,224841,767755,767755,2026-07-16 22:56:11,개씨발좆나순수무능겜안분병신새끼들인데 아직도 않나? 이러는거 보니까 아직 한참 당해야겠네,neutral,domain-lexicon-v1.1
2298,224841,767851,767851,2026-07-17 09:40:05,의심이 아니라 예정 100%임,neutral,domain-lexicon-v1.1
2298,224759,767494,767494,2026-07-16 17:00:03,야호,neutral,domain-lexicon-v1.1
2298,224759,767497,767497,2026-07-16 17:00:51,Sax,neutral,domain-lexicon-v1.1
2298,224759,767498,767497,2026-07-16 17:01:03,sex~,neutral,domain-lexicon-v1.1
2298,224759,767500,767500,2026-07-16 17:02:36,회오리 나가는건 어떻게 됐나요..??,neutral,domain-lexicon-v1.1
2298,224759,767504,767500,2026-07-16 17:04:35,그건 그대로... ᅲ,neutral,domain-lexicon-v1.1
2298,224725,767352,767352,2026-07-15 23:38:29,몇분에 2페넘어가야 합격컷인가요?,neutral,domain-lexicon-v1.1
2298,224725,767359,767352,2026-07-16 00:01:15,"자세히는 잘 모르는데 세이람, 콜렉터 고려해서 11분 전후로 넘어가야하는걸로 알고 있습니다. 10분대에 극딜 돌기 전에 딱 넘어가야하는 정도? 이러면 안정적으로 클각이 보이긴 하더라구요",neutral,domain-lexicon-v1.1
2295,299437,1154430,1154430,2026-07-16 17:46:21,열어도 기존 딜 안나오는걸로 아는데 이번에 받은 6차가 사낫 최종뎀 증가시키는 5차영향 안받아서,neutral,domain-lexicon-v1.1
2295,299437,1154432,1154430,2026-07-16 17:46:47,신스킬 30렙찍으면 기존보다 0.몇프로 강해지는걸로 앎,neutral,domain-lexicon-v1.1
2295,299437,1154433,1154430,2026-07-16 17:46:52,홀리... 이게 뭔일이람..,neutral,domain-lexicon-v1.1
2295,299437,1154479,1154430,2026-07-16 18:11:00,열면 징표잘터트렸도르로 0.3퍼로 알고있음,neutral,domain-lexicon-v1.1
2295,299437,1154446,1154446,2026-07-16 17:50:27,안 열면 너프 열면 현상 유지 30렙 찍어도 헥사 만렙 기준 딜 상승량 1.5% 안쪽,negative,domain-lexicon-v1.1
2295,299482,1154596,1154596,2026-07-16 18:37:07,평균이니까....,neutral,domain-lexicon-v1.1
2295,299482,1154602,1154596,2026-07-16 18:37:35,누군가는 4퍼가 올랐다는거임? ᄃᄃ,neutral,domain-lexicon-v1.1
2295,299482,1154605,1154596,2026-07-16 18:38:22,@카라향 최소2프로라고해주지...넥슨...,neutral,domain-lexicon-v1.1
2295,299482,1154694,1154596,2026-07-16 19:06:49,@카라향 ᄋᄋ,neutral,domain-lexicon-v1.1
2295,299482,1154636,1154636,2026-07-16 18:49:25,안녕하세요 2~3퍼에서 1.5퍼를 맡고 있습키다,neutral,domain-lexicon-v1.1
2295,299586,1154858,1154858,2026-07-16 20:23:22,이미 실제로 20퍼 받은게 이 모양인게 ᄅᄌᄃ,neutral,domain-lexicon-v1.1
2295,299586,1154863,1154858,2026-07-16 20:26:49,그건그래 ᄏᄏ,neutral,domain-lexicon-v1.1
2295,299586,1154893,1154858,2026-07-16 20:57:57,시발 그러네 ?????,neutral,domain-lexicon-v1.1
2295,299586,1154868,1154868,2026-07-16 20:31:23,ᄌᄌᄒᄂᄃ,neutral,domain-lexicon-v1.1
2295,299605,1154935,1154935,2026-07-16 22:28:44,ᄅᄋᄏᄏ,neutral,domain-lexicon-v1.1
2295,299605,1154937,1154937,2026-07-16 22:33:40,만들땐 잘받았는데 그 이후에 설치딜레이 감소시키면서 딜 너프한거보면 만든사람 다른곳 간듯,negative,domain-lexicon-v1.1
2295,299605,1154944,1154937,2026-07-16 22:40:27,누구신진 모르겠습니다만 감사했습니다...,positive,domain-lexicon-v1.1
2295,299605,1154945,1154937,2026-07-16 22:41:09,@기자심 만들때 60초도 해주고 가지 ᅲᅲ,neutral,domain-lexicon-v1.1
2295,299540,1154722,1154722,2026-07-16 19:19:55,다른 코강적용되던 직업들 코강미적용 시키고 퍼뎀 늘려줬다는데 배메는 안해준거 보면 진짜 모르는거 같음 그 직업들도 코강수치보다 낮게 받아서 불타는 중이긴한데 ᄏᄏᄏ,neutral,domain-lexicon-v1.1
2295,299540,1154725,1154725,2026-07-16 19:20:17,냅두셈그냥,neutral,domain-lexicon-v1.1
2295,299540,1154726,1154725,2026-07-16 19:20:21,안락사나당하게,neutral,domain-lexicon-v1.1
2295,299540,1154762,1154762,2026-07-16 19:31:35,직업 담당자들 다 퇴사하고 대충 뚝딱하면서 저런거같은데 ᄏᄏ,neutral,domain-lexicon-v1.1
2295,299540,1154988,1154988,2026-07-17 00:30:56,정보) 2분극딜땐 마오데효과 블로우류 타수증가를 받아서 사신의낫이 13타가 된다,neutral,domain-lexicon-v1.1
2295,299595,1154900,1154900,2026-07-16 21:09:38,만악의근원은이딴직업에돈쓴내가아닐까?,neutral,domain-lexicon-v1.1
2295,299595,1154901,1154900,2026-07-16 21:09:55,사실 배메랑 창섭이는 아무죄가없음 내잘못이었던거임,neutral,domain-lexicon-v1.1
2295,299595,1154915,1154915,2026-07-16 21:41:38,배메 징표딜 자체딜 + 터트리는 스킬 데미지의 0.x퍼센트로 넣어줘야함 ᄅᄋ,neutral,domain-lexicon-v1.1
2295,299378,1154288,1154288,2026-07-16 17:03:03,줄어든거임,neutral,domain-lexicon-v1.1
2295,299378,1154297,1154288,2026-07-16 17:05:47,그래도 개꿀,neutral,domain-lexicon-v1.1
2295,299378,1154306,1154306,2026-07-16 17:07:24,딜너프씹ᄏᄏᄏᄏᄏᄏᄏᄏᄏ어휴진짜,negative,domain-lexicon-v1.1
2295,299378,1154316,1154306,2026-07-16 17:09:49,2분주기라 더 쎄진거라하던데 아니...인거에요? ᅲᅲ,neutral,domain-lexicon-v1.1
2295,299378,1154320,1154306,2026-07-16 17:11:09,버프에요,neutral,domain-lexicon-v1.1
2295,299378,1154322,1154306,2026-07-16 17:11:31,@오렌지태양 단순계산이면 440%가 되야죠. 근데 조각수 다 떨구면서 그냥 싹다 효용감을 낮추는게 목적으로 보여요.,neutral,domain-lexicon-v1.1
2295,299378,1154327,1154306,2026-07-16 17:12:41,"2분 주기니까 극딜버프 다 있을때 한번 넣냐, 준극 버프 남은거에 나눠 넣냐 차이 고려하면 딜너프는 아닐듯",negative,domain-lexicon-v1.1
2295,299378,1154330,1154306,2026-07-16 17:13:01,@아느어오느 저게 극딜버프 무관 고정뎀이면 너프겠지만요,negative,domain-lexicon-v1.1
2295,299378,1154335,1154306,2026-07-16 17:13:50,@아느어오느 깡 뎀 2000% 차이인데 어차피 준극/2분극 나누는거 생각하면 퍼센트값자체는 너프가 맞아요,negative,domain-lexicon-v1.1
2295,299378,1154343,1154306,2026-07-16 17:15:25,@아느어오느 기존 220% 일때는 스킬값만 고려시 70400% (2번쓰니깐) // 316%로 변경시 50560% (1번 사용),neutral,domain-lexicon-v1.1
2295,299378,1154355,1154306,2026-07-16 17:17:02,@아느어오느 조 삼 모 사,neutral,domain-lexicon-v1.1
2295,299378,1154372,1154306,2026-07-16 17:21:05,@숍키우지마 결론은 초기버전이랑 조정버전이랑 같다는거군용!,neutral,domain-lexicon-v1.1
2295,299378,1154380,1154306,2026-07-16 17:22:32,@오렌지태양 너프입니다,negative,domain-lexicon-v1.1
2295,299378,1154693,1154306,2026-07-16 19:06:36,@렙짜리도적놈,neutral,domain-lexicon-v1.1
2295,299458,1154483,1154483,2026-07-16 18:11:41,9월까지 스펙업 중단하시죠,neutral,domain-lexicon-v1.1
2295,299458,1154484,1154483,2026-07-16 18:12:09,ᄏᄏᄏᄏ 근데 9월도 뭐....,neutral,domain-lexicon-v1.1
2295,299458,1154506,1154506,2026-07-16 18:16:44,내용이랑 관계없어 죄송한데..숍 딜넣을때 제네 써요?,neutral,domain-lexicon-v1.1
2295,299458,1154513,1154506,2026-07-16 18:21:03,ᄏᄏᄏᄏᄏᄏᄏᄏᄏᄏᄏ저도 이거 뉴비라 항상 물어봤는데 제네 쓰는 시간에 엔젤레이 더 박히는게 더 좋다고 하더라구여,positive,domain-lexicon-v1.1
2295,299458,1154516,1154506,2026-07-16 18:21:22,안써도 무방할 정도입니다,neutral,domain-lexicon-v1.1
2295,299458,1154521,1154506,2026-07-16 18:22:23,불독이랑 비슷한느낌인가보군요 ᄏᄏ 감사합니다,positive,domain-lexicon-v1.1
2295,299458,1154716,1154506,2026-07-16 19:18:03,전 일필 시간 확인하고 싶을 때 가끔 써요,neutral,domain-lexicon-v1.1
2295,299458,1155042,1154506,2026-07-17 02:52:31,"코강 높으면 제네가 헤도보다 1회 딜량은 더 높을텐데 후딜 생각하면 잘 모르겟네요 암튼 엔레 2번보단 약하고 1번보단 쌘 정도라 제네,헤도 누르는 동안 엔레 못쓰는거 생각하면 그게 그거긴 하죠",neutral,domain-lexicon-v1.1
2295,299458,1154681,1154681,2026-07-16 19:02:47,숍 이제 미래 없는데 스펙업 하지마셈 숍유저들 스펙업 안하면 그제서야 올려줄지도 ᄏᄏ,neutral,domain-lexicon-v1.1
2295,299458,1154769,1154769,2026-07-16 19:32:57,프레이랑 제네시스 이제 롤백할때 됐다,neutral,domain-lexicon-v1.1
2295,299552,1154761,1154761,2026-07-16 19:31:19,ᄋᄋ 거기서 멈추고 적당히 누를거 많고 손 적당히 바쁜 캐릭을 본캐삼으세요,neutral,domain-lexicon-v1.1
2295,299552,1154775,1154775,2026-07-16 19:34:46,저도 딱 7만인데 직게보니까 뭔가 꺾이네요..,neutral,domain-lexicon-v1.1
2295,299552,1154788,1154788,2026-07-16 19:39:39,좋은말 해주고싶은데 해봐야 기만이고 사기치는거라... 참 상황이 그래,neutral,domain-lexicon-v1.1
2295,299552,1154804,1154804,2026-07-16 19:45:47,7만이면 그냥 2인 결먹몸숍 구하는 오빵이 찾아서 꿀빨고 본캐 다른거하시는게 나을듯 ᄅᄋ 밸패 하는거 보니까 이제 더 약해질일만 남음,neutral,domain-lexicon-v1.1
2295,299552,1154875,1154875,2026-07-16 20:34:08,하고싶으면 하는거지 ᄏᄏ,neutral,domain-lexicon-v1.1
2295,299552,1154884,1154884,2026-07-16 20:47:57,데티해방 구간까지는 솔직히 괜찮음 그 이후가 암흑이지,neutral,domain-lexicon-v1.1
2295,299552,1154985,1154985,2026-07-17 00:20:24,답변 고마어 형들,neutral,domain-lexicon-v1.1
2295,299474,1154512,1154512,2026-07-16 18:20:44,포기하쇼 포기하면 편해,neutral,domain-lexicon-v1.1
2295,299474,1154538,1154538,2026-07-16 18:24:56,아까 영상에서 보스패턴 소개할떄 시퀀스쓰는것처럼 보이던데 ᄏᄏ 아니였구나 보여주기식이였네 야발 ;,neutral,domain-lexicon-v1.1
2295,299474,1154539,1154539,2026-07-16 18:25:03,시퀀스 포함(딜너프),negative,domain-lexicon-v1.1
2295,299474,1154594,1154539,2026-07-16 18:37:03,캬아아악!!,neutral,domain-lexicon-v1.1
2295,299590,1154885,1154885,2026-07-16 20:48:20,ᄏᄏᄏᄏᄏᄏᄏᄏᄏ,neutral,domain-lexicon-v1.1
2295,299374,1154270,1154270,2026-07-16 16:57:38,그나마 정상적인,neutral,domain-lexicon-v1.1
2295,299374,1154272,1154272,2026-07-16 16:58:00,에?,neutral,domain-lexicon-v1.1
2295,299374,1154273,1154273,2026-07-16 16:58:09,오오오오!,neutral,domain-lexicon-v1.1
2295,299374,1154276,1154276,2026-07-16 16:58:54,ᄉᄉᄉᄉᄉ,neutral,domain-lexicon-v1.1
2295,299374,1154326,1154326,2026-07-16 17:12:29,1차보다 뎀 28프로 줄었는데 2분화되서 다들 좋아하시는건가,neutral,domain-lexicon-v1.1
2295,299431,1154417,1154417,2026-07-16 17:40:11,오버드라이브 > 오버라이드,neutral,domain-lexicon-v1.1
2295,299431,1154427,1154417,2026-07-16 17:45:48,아 실수,neutral,domain-lexicon-v1.1
2295,299431,1154418,1154418,2026-07-16 17:41:02,쿨뚝 효율 낮추기 + 평딜 비중 낮추기 숫자 자체는 극딜이 프레이 리브라 홀블 리레 받고 쓰면 2배는 쌔지니까 대단히 차이는 안 날거에요,neutral,domain-lexicon-v1.1
2295,299431,1154434,1154418,2026-07-16 17:46:54,생각해보니끼 패시브에 쿨뚝 적용됐던 거 고려하면 패시브 딜비중 확줄이는 게 비숍한테는 더 좋기는 할 듯 하네요,neutral,domain-lexicon-v1.1
2295,299431,1154489,1154489,2026-07-16 18:13:51,전체적으로보면 120초되서 나아진 느낌인거죠?,neutral,domain-lexicon-v1.1
2294,457723,1753687,1753687,2026-07-16 20:06:56,해머 근처에 두면 되긴하더라고요,neutral,domain-lexicon-v1.1
2294,457723,1753691,1753687,2026-07-16 20:08:15,자리가 영 안나네요,neutral,domain-lexicon-v1.1
2294,457723,1753692,1753692,2026-07-16 20:08:18,저도 어따워야할지 감이 안오네요,neutral,domain-lexicon-v1.1
2294,457723,1753695,1753692,2026-07-16 20:09:00,원래도 키 여유있는 편이 아니었다보니 참 골치아프네요,neutral,domain-lexicon-v1.1
2294,457723,1753698,1753692,2026-07-16 20:09:24,어차피 과열때만 쓰는거니 릴파벙 키 전환해주면 나으련만,neutral,domain-lexicon-v1.1
2294,457747,1753752,1753752,2026-07-16 20:47:16,신스킬 평타때도 무조건 써야하나요?,neutral,domain-lexicon-v1.1
2294,457747,1753826,1753752,2026-07-16 21:38:06,써주는게 좋을거 같아요.,neutral,domain-lexicon-v1.1
2294,457747,1753851,1753752,2026-07-16 22:06:55,@트무블 크아아아아악,neutral,domain-lexicon-v1.1
2294,457747,1753797,1753797,2026-07-16 21:16:27,"릴파+오버 매크로 넣어서 쓰라는게 한번에 쓰라는건줄 알았더니 한 키로 릴파, 오버를 따로 쓸수있는거였군요 ᄏᄏ 이게 가장 좋은 방법인듯 하네요",neutral,domain-lexicon-v1.1
2294,457747,1753844,1753844,2026-07-16 22:00:38,그럼 기존 릴파벙 키에 릴파+오버히트 매크로 넣으면 되는건가요,neutral,domain-lexicon-v1.1
2294,457747,1753899,1753844,2026-07-16 23:02:07,네 저는 저게 편해서 저렇게 쓸거 같아요.,neutral,domain-lexicon-v1.1
2294,457747,1753884,1753884,2026-07-16 22:49:25,차징 매크로 캔슬이 뭘 말하는건가요?,neutral,domain-lexicon-v1.1
2294,457747,1753897,1753884,2026-07-16 23:00:51,"매크로에 릴파벙, 오버히트펀치 넣어두고 차징 매크로(릴파벙까지만) 차징해제 점프 > 차징 매크로(과열상태라 오버히트펀치만 써짐) 매그넘펀치 더블팡 차징해제 점프",neutral,domain-lexicon-v1.1
2294,457747,1754112,1754112,2026-07-17 09:49:47,그니까 원래 과열때는 안하던 릴파벙 과정을 한 번 더해서 따로터는 방식인건가요?,neutral,domain-lexicon-v1.1
2294,457752,1753764,1753764,2026-07-16 20:51:13,전 안됐음,neutral,domain-lexicon-v1.1
2294,457752,1753765,1753765,2026-07-16 20:51:51,안되는게맞음 애초에 스킬 자체 타이밍이 지정되있어서 그럼,neutral,domain-lexicon-v1.1
2294,457752,1753767,1753765,2026-07-16 20:52:27,이제보니 덕슬도 점+덥점 방식으로 나가기보다 점프2번이 개빠르게 눌려서 나가는 느낌인듯..,neutral,domain-lexicon-v1.1
2294,457752,1753768,1753765,2026-07-16 20:52:38,@납줍 ᄋᄋ그게맞음,neutral,domain-lexicon-v1.1
2294,457752,1753770,1753770,2026-07-16 20:53:14,이번 테섭 입력기능향상 기능은 섀도어 같은 직업들 좋아진듯?,neutral,domain-lexicon-v1.1
2294,457752,1754089,1754089,2026-07-17 08:59:10,꾹누르는 직업들이 좋아지는거,neutral,domain-lexicon-v1.1
2294,457774,1753865,1753865,2026-07-16 22:31:38,와 그래서 패파 블디 매크로를 블래에 반영시켜줘서 해매팡매크로를 만들었구나!,neutral,domain-lexicon-v1.1
2294,457774,1754091,1754091,2026-07-17 09:02:02,"대충 ”후딜선딜 없는 스킬을 만들어서 캔슬이 늘었다는 소리 안나오게 해야지!"" 라는 발상인거 같은데 애초에 블래 평딜 메커니즘에 틈이 없다는 걸 모르고 처만든거 같음",neutral,domain-lexicon-v1.1
2294,457811,1753990,1753990,2026-07-17 01:22:09,개발자가 안저러는게 문제..,negative,domain-lexicon-v1.1
2294,457811,1754065,1754065,2026-07-17 07:24:58,극공감...,neutral,domain-lexicon-v1.1
2294,457604,1753421,1753421,2026-07-16 18:39:34,ᄋᄋ 됐어요,neutral,domain-lexicon-v1.1
2294,457604,1753431,1753421,2026-07-16 18:42:39,바뀐게 진짜 하나도 엄ᄉ네,neutral,domain-lexicon-v1.1
2294,457646,1753511,1753511,2026-07-16 19:12:05,해매팡은 더킹을안씀 걍 해매팡해매팡임,neutral,domain-lexicon-v1.1
2294,457646,1753547,1753547,2026-07-16 19:23:34,더킹 해매팡해매팡 차징해제,neutral,domain-lexicon-v1.1
2294,457646,1753568,1753568,2026-07-16 19:29:12,더킹 안에 쓰는게 맞아요,neutral,domain-lexicon-v1.1
2294,457646,1754165,1754165,2026-07-17 11:32:40,더킹 때기전에 해매팡,neutral,domain-lexicon-v1.1
2296,184423,685366,685366,2026-07-16 18:17:04,하면 어차피 초기화권 줄거같은디,neutral,domain-lexicon-v1.1
2296,184423,685373,685366,2026-07-16 18:22:17,초기화권을 받긴 하겠지만 저대로 나오면 코어 몇개 대충 찍고 유기해도 풀강이랑 헥환 500정도 차이나던게 갑자기 1000~2000정도 차이나게 바뀔 수도 있다는거지,neutral,domain-lexicon-v1.1
2296,184432,685370,685370,2026-07-16 18:18:41,네,neutral,domain-lexicon-v1.1
2296,184432,685458,685458,2026-07-16 19:23:57,몰라,neutral,domain-lexicon-v1.1
2296,184432,685459,685458,2026-07-16 19:24:15,근데 바인드걸면 그거 디버프라서 극딜중엔 상관없음,neutral,domain-lexicon-v1.1
2296,184437,685380,685380,2026-07-16 18:26:34,일단 저도 2초뚝 맞추긴 했는데....... 이거랑 별개로 팟격에서는 도움이 꽤 많이되서 나쁘진 않습니다 근데 신스킬은 안열거임 병신같은스킬,neutral,domain-lexicon-v1.1
2296,184437,685381,685381,2026-07-16 18:27:18,2초는 파티격이나 솔플에서도 편의성의 영역이라 괜찮음 신스킬도 30초 그대로 들어오면 어쩃든 쿨이 조금씩 밀릴 상황이 있을텐데 쿨뚝일수록 덜 밀릴꺼고.. 다만 다 상관없이 뭐가 더 쎄냐? 하면 아직까진 스탯뚝같음,neutral,domain-lexicon-v1.1
2296,184437,685409,685409,2026-07-16 18:47:43,2초는 맞추는게 나아요 막극 시간 빡빡함 솔직히 눈금 보스는 2초가 무조건 더좋음,neutral,domain-lexicon-v1.1
2296,184437,685493,685493,2026-07-16 19:54:51,20분되고나선 2초가 더 좋은듯 최소컷때도 훨 좋고,neutral,domain-lexicon-v1.1
2296,184531,685606,685606,2026-07-16 22:14:41,굳이,neutral,domain-lexicon-v1.1
2296,184531,685626,685626,2026-07-16 23:20:48,다른 스킬이랑 조각 효율 별 차이 안나면 그냥 다른 스킬 찍을거같은,neutral,domain-lexicon-v1.1
2296,184399,685343,685343,2026-07-16 18:00:32,다른 사람이 개선안 보내겠지 하지 말고 다같이 보냅시다! ᅲᅲ,neutral,domain-lexicon-v1.1
2296,184498,685616,685616,2026-07-16 22:45:45,다른 직업이 봐도 이펙트 처참하던데,neutral,domain-lexicon-v1.1
2296,184428,685367,685367,2026-07-16 18:17:16,ᄋᄋ 30렙 찍고 열심히 30초마다 눌러줄 의지가 있다하면 스킬 배우고 그런거 아니면 개방 할필요 없음,neutral,domain-lexicon-v1.1
2298,224740,767407,767407,2026-07-16 11:58:21,ᄂᄂ보스에선 사실상 무한유지입니당,neutral,domain-lexicon-v1.1
2298,224740,767439,767439,2026-07-16 13:32:10,자동갱신 됩니다,neutral,domain-lexicon-v1.1
2298,224740,767443,767443,2026-07-16 13:41:17,보스는 무한유지 사냥은 서펜트로만 잡는다면 원킬또는 투킬이 아닌한 100회 타격이 되어서 보통 꺼져요,neutral,domain-lexicon-v1.1
2298,224767,767513,767513,2026-07-16 17:17:46,일단 심볼 만랩을 목표로하시고 칠흑안가고 여명 5줄 22성해도 흉성 솔플 됩니다,neutral,domain-lexicon-v1.1
2298,224767,767515,767513,2026-07-16 17:18:25,심볼 만렙해야 보스 추가딜있어서 제의견입니다,neutral,domain-lexicon-v1.1
2298,224767,767518,767513,2026-07-16 17:22:34,심볼이 확실히 보스추뎀? 이였나 그거도 있으니 심볼같이 신경써보겠습니다 감사합니다 의견!,positive,domain-lexicon-v1.1
2298,224778,767528,767528,2026-07-16 17:38:15,그건 6차 코강 말하는거 아님?,neutral,domain-lexicon-v1.1
2298,224778,767532,767528,2026-07-16 17:43:16,5차 코강 적용 안된다고 영상있었는데 의도된 거 맞는듯 패치노트 보고 왔는데 적용되는 직업들 다 적용안되게 바꿨네,neutral,domain-lexicon-v1.1
2298,224778,767536,767536,2026-07-16 17:48:37,5차 코강 적용 되던 직업들 적용 안되게 바꾸고 퍼뎀 그만큼 올려준거 같은데 우리는 왜...,neutral,domain-lexicon-v1.1
2298,224778,767540,767540,2026-07-16 17:56:16,근데 왜 퍼뎀 상승이 없지 방무 1000퍼라도 줌?,neutral,domain-lexicon-v1.1
2298,224808,767597,767597,2026-07-16 18:52:06,바이퍼는 점유율 2.5퍼도 안나오는데 퍼뎀도 안올려줌,neutral,domain-lexicon-v1.1
2298,224808,767598,767597,2026-07-16 18:52:52,진지하게 올려야하나싶음,neutral,domain-lexicon-v1.1
2298,224808,767638,767597,2026-07-16 19:17:26,점유율은 ᄌ도 의미없음 새로생기는게 아니라 기존스킬 대체하는거라서,neutral,domain-lexicon-v1.1
2298,224808,767641,767597,2026-07-16 19:18:49,@군치상 아 점유율이 아니라 최종뎀상승률.. 점유율은 4퍼정도인데 최종뎀은 2% 겨우나올랑말랑인듯,neutral,domain-lexicon-v1.1
2298,224808,767923,767597,2026-07-17 15:40:05,@드라이아이스 어제 신강율님 방송보니까 아예 열기전 5분40초가 1683조인데 신규 만렙후1711조 찍히던데 최종뎀 증가량 0.16퍼 아니에요? 진짜 이거 맞아요...?,neutral,domain-lexicon-v1.1
2298,224808,767974,767597,2026-07-17 19:13:11,@메꾸리이 퇴근후 다시 생각해보니 1.6%네요.. 그래도 넘 약한듯,neutral,domain-lexicon-v1.1
2298,224850,767785,767785,2026-07-17 00:29:49,널널해서 넘 조아용,neutral,domain-lexicon-v1.1
2298,224850,767847,767847,2026-07-17 07:24:39,바이퍼 본캐에 챌섭 아델 했는데 키세팅 터질것같아서 넘힘듬,neutral,domain-lexicon-v1.1
2298,224769,767519,767519,2026-07-16 17:23:22,버그 수정x면 약할듯?,negative,domain-lexicon-v1.1
2298,224793,767594,767594,2026-07-16 18:50:35,쟤가 더좋은거아님?,neutral,domain-lexicon-v1.1
2298,224793,767619,767619,2026-07-16 19:03:40,에픽어드벤처는 공짜임,neutral,domain-lexicon-v1.1
2297,331155,1333252,1333252,2026-07-16 17:34:00,1차테섭 기준 1렙 토렌트 8초가 1렙 메일스트롬 8초보다 20%정도 약했던거로 기억하는데,neutral,domain-lexicon-v1.1
2297,331155,1333277,1333277,2026-07-16 17:47:58,ᄅᄋ안 여는 게 나을 지도,neutral,domain-lexicon-v1.1
2297,331155,1333722,1333277,2026-07-16 23:29:46,나을지도가 아니라 걍 나음 ᄏᄏᄏ 안 여는게 더 쎔 심지어 그 아낀 재화로 다른 헥사코강한다치면 안여는게 더더 쎔,neutral,domain-lexicon-v1.1
2297,331201,1333346,1333346,2026-07-16 18:18:24,ᄅᄋ 씨벌 카데나하면서 제일맘ᄆ에안드는게 설치기 두개,neutral,domain-lexicon-v1.1
2297,331201,1333354,1333346,2026-07-16 18:23:52,그래서 설치기 맘에안드시는구나 그래도 삭제는 안되니까 하면서 두개합쳐서 나온게 토렌트ᄏᄏ,neutral,domain-lexicon-v1.1
2297,331201,1333381,1333381,2026-07-16 18:41:48,상인단의 기술력으로 고대병기를 만들고 트랜스미터로 전송시켜서 같이 싸운다? 그럴수 있지 근데 왜 대포가 발사보다 차징이 세냐고ᄏᄏ,neutral,domain-lexicon-v1.1
2297,331201,1333415,1333415,2026-07-16 18:56:35,"망한 지네나라 고대병기 긴빠이해온건데, 노바족 왜 망했는지 알 것 같음",neutral,domain-lexicon-v1.1
2297,331201,1333726,1333415,2026-07-16 23:55:42,ᄅᄋᄏᄏ,neutral,domain-lexicon-v1.1
2297,331201,1333730,1333730,2026-07-17 00:12:27,ᄅᄋ 컨셉에도 안 맞고 딜구조에도 어색하고 대체 왜 만든지 모르겠음 ᄏᄏ,neutral,domain-lexicon-v1.1
2297,331285,1333689,1333689,2026-07-16 22:19:20,켜봤는데 배트 중간에 끊어야 할 타이밍에도 무시하고 계속 나가서 굳이 안 킬거 같음...,neutral,domain-lexicon-v1.1
2297,331285,1333710,1333710,2026-07-16 23:13:15,카데나는 그냥 안키는게 좋은거같아요,neutral,domain-lexicon-v1.1
2297,331322,1333687,1333687,2026-07-16 22:16:24,하 이거 아무리써봐도 너무 별로인거같음.. 차라리 메일강화만 하고 오드는 따로놔두지,neutral,domain-lexicon-v1.1
2297,331322,1333707,1333687,2026-07-16 23:07:32,ᄅᄋ 실전에서 굴리면 쥰내 성가실 것 같음. 특히 오드 1초 남았을 때 극딜 온이면 골때릴듯,neutral,domain-lexicon-v1.1
2297,331322,1333725,1333725,2026-07-16 23:49:23,이렇게 되면 버프창에 오드를 따로 빼서 체력 위에 놔두던가 해야겠다,neutral,domain-lexicon-v1.1
2297,331116,1333234,1333234,2026-07-16 17:29:49,얘네 지금까지 만든 카데나 소개 영상같은 데서 단 한번도 제대로 캔슬하는 모습 안 보여줬음ᄏᄏ,neutral,domain-lexicon-v1.1
2297,331116,1333860,1333234,2026-07-17 10:46:01,맨날 와서 노캔슬 서먼 스킬 몇 번 툭툭 해보고 스트로크 쵹쵹 치는 게 끝,neutral,domain-lexicon-v1.1
2297,331116,1333342,1333342,2026-07-16 18:17:11,카데나 소개영상에서 스트로크2타 채찍질 쳐하고있는데 뭘 알겠냐고 ᄏᄏ,neutral,domain-lexicon-v1.1
2297,331344,1333750,1333750,2026-07-17 00:34:01,원래도 상성이 그닥 좋은편이 아닌걸로 알아요. 그래도 팁드리자면 체이스로 연계 후딜 잘 끊어서 숙여주시고 시미터같이 강제 이동스킬 잘활용하셔서 뒤잡거나 회피하는게 좋아욥. 화이팅입니다!,neutral,domain-lexicon-v1.1
2297,331344,1333767,1333767,2026-07-17 01:19:03,검마 3페라고 생각하고 해보세요 꽤나 할만해집니다 피하면서 딜하는건 나중에 숙련되고 나서 ᄀᄀ,neutral,domain-lexicon-v1.1
2297,331344,1333778,1333778,2026-07-17 01:55:46,저도 늅데나인데 180퍼에 힘들게 깻었네요..,neutral,domain-lexicon-v1.1
2297,331344,1334055,1334055,2026-07-17 17:27:41,머리 위에서 평딜하고 빠지면.. 앵간하면 안 맞기는 해요..!,neutral,domain-lexicon-v1.1
2297,331179,1333301,1333301,2026-07-16 17:56:19,1연다고 엄청쌔지는것도 아닌데 오드 보면서 토렌트 따로켜야되고 이런거생각하면 전 안열꺼같아요..,neutral,domain-lexicon-v1.1
2298,224639,767207,767207,2026-07-15 09:12:10,여명 둘둘만 하셔도 해방됩니다 직작하지말고 완성된거 사세요,neutral,domain-lexicon-v1.1
2298,224639,767209,767207,2026-07-15 09:12:45,(아이템버닝 있으면),neutral,domain-lexicon-v1.1
2298,224639,767213,767213,2026-07-15 09:52:37,여명 및 보장 18성 유니크 966/에디에픽 2줄 둘둘 무기는 적당히 가성비 아케인 무기를 사서쓰다가 해방하면 팔기 보조는 완벽한 3줄을 사서 쓸 돈이 안되니까 블랙보조 대충 2줄달아서 쓰다가 나중에 바꾸기? 아니면 그냥 대충 경매장에서 2줄보조사서 쓰다가 나중에 바꾸기(절대 큐브질하지말것) 엠블은 주는 유니크 엠블 2줄만 뽑아쓰기,neutral,domain-lexicon-v1.1
2298,224639,767214,767213,2026-07-15 09:54:48,그외 방어구는 무조건 아이템버닝템으로 쓰고 에테? 당분간 쳐다도보지말것 위의 것들 먼저하고 그다음에 아버템 사라질것 대비하면될듯,neutral,domain-lexicon-v1.1
2298,224659,767087,767087,2026-07-14 19:25:25,"저는 헤카테 나온시점에서 5초뚝 입지는 더 줄었다고 판단하고 2초로 갈아탔었어요 캐슈는 준극 안정성이 가장 큰 문제였는데, 이게 해소됐는데 굳이 5초 써야하나? 생각 들었거든요 아무리 코코볼, icbm, 무적기 가동율이 좋아졌다곤 하나, 버스터 딜량도 무시할 수 없는게 캐슈다보니.. 5초 쓰는만큼 스탯퍼 뜯기는거 생각하면 평딜, 오리진극딜 손해 보는것도 아쉽더라구요 무적기도 어차피 쿨 짧아서 아쉬울 일 별로 없구요.. 2초 써도 준극때 메용2 다 묻히고도 남고, 보스할때 코코볼 잔여갯수 비틀기 안해도 되는 장점도 있구요 아무튼 이번에 막타 제대로 쳐버린게 20분화라서 이젠 더 5초 쓸 필요 없다고 생각 들긴 합니다",negative,domain-lexicon-v1.1
2298,224659,767178,767087,2026-07-15 04:25:04,와우 정성스런답변 감사합니다. 더 확신이 드네요.,positive,domain-lexicon-v1.1
2298,224659,767106,767106,2026-07-14 20:36:09,전 하발파티원 5초뚝이라 그대로 5초 쓰고있는데 창섭이 메타는 언제 변할지 몰라서 둘다 들고 있는게 맞을거같긴해여,neutral,domain-lexicon-v1.1
2298,224659,767179,767106,2026-07-15 04:25:27,둘다 고가템이라 둘 다 들고있을 여력은 안되더라구요.,neutral,domain-lexicon-v1.1
2298,224659,767162,767162,2026-07-15 01:42:22,이미 5초팟 다니고있으심 그냥 그대로 가는게 맞음,neutral,domain-lexicon-v1.1
2298,224659,767182,767162,2026-07-15 04:32:25,현재는 파티보스보다는 주요보스 솔플 및 보조격수 메타 스펙이라 거기에 중점을 두고싶네요 ᄒᄒ 2초뚝파티도 많구요,neutral,domain-lexicon-v1.1
2298,224659,767204,767204,2026-07-15 09:03:51,샤타하면 5>2초로 넘어가려고 만들어둔 거 있긴 함,neutral,domain-lexicon-v1.1
2298,224659,767289,767204,2026-07-15 17:13:44,사먹는거보다 싼가요,neutral,domain-lexicon-v1.1
2298,224693,767382,767382,2026-07-16 03:52:43,방금 어센트 하나도안뜨고 106.4퍼로 20초남기고 깻어요 길드45포 풀도핑하구요,neutral,domain-lexicon-v1.1
2298,224693,767402,767402,2026-07-16 11:27:43,조금 힘들것같긴합니다.. 한번 연모로 20분 쳐보시죠!,neutral,domain-lexicon-v1.1
2298,224693,767414,767402,2026-07-16 12:20:12,84퍼로 쳐봣는데 고점판 20퍼정도 남네요.. 힘들라나요..,neutral,domain-lexicon-v1.1
2298,224693,767437,767437,2026-07-16 13:26:06,92퍼인데 7퍼인가9퍼인가남았어요 준극까지하면 될시간인듯? 어센트는 안나오고 기억은 안나네요,neutral,domain-lexicon-v1.1
2298,224831,767865,767865,2026-07-17 11:25:32,어우 저는별로...컨셉도 안맞고 키다운에 불편하고,negative,domain-lexicon-v1.1
2298,224843,767819,767819,2026-07-17 02:44:25,메카닉꺼 훔쳐와서 빨간색칠 한거같음,neutral,domain-lexicon-v1.1
2298,224843,767825,767819,2026-07-17 03:37:40,ᄅᄋ 큼지막하고 익살맞은 미캐볼이랑 코코볼 보고 반했는데 이번건 맛이 덜하고 시선이 캐논쪽에 가는데 그게 메카닉같음 ᄏᄏᄏ,neutral,domain-lexicon-v1.1
2298,224606,766864,766864,2026-07-13 21:34:37,아 근데 갈매기 자폭 같은 모션은 수정 해 줬으면 함..,neutral,domain-lexicon-v1.1
2298,224606,766865,766865,2026-07-13 21:37:41,그래도 의심이 된다면 쪽지로 폰번 주세요 인증해드림.,neutral,domain-lexicon-v1.1
2298,224606,766879,766879,2026-07-13 22:47:02,"적어도 이런 글 쓸거면 ""캡갤에서 갈매기 그립다는 글"" 정도는 캡처해서 같이 첨부해줘야하는거 아닐까싶네요. 적어도 인벤엔 그런 여론 전혀 없고, 당신도 캡틴 게시판에 이번에 처음 등장하셨는데요... ?",neutral,domain-lexicon-v1.1
2298,224606,766896,766896,2026-07-13 23:45:38,"7.9 ,오늘 말고 글싸재낀게 없는데 뭘 믿어달란거임?",neutral,domain-lexicon-v1.1
2298,224606,766907,766907,2026-07-14 00:25:03,분탕도 좀 정성껏쳐라,neutral,domain-lexicon-v1.1
2298,224606,766926,766926,2026-07-14 01:30:49,일단 캡틴 인장부터 달아주셈,neutral,domain-lexicon-v1.1
2298,224606,766927,766927,2026-07-14 01:31:00,인장 달고 본캐까고 하면 이해라도 하겠는데 뭔?,neutral,domain-lexicon-v1.1
2298,224606,766933,766933,2026-07-14 02:06:40,그거 없음?,neutral,domain-lexicon-v1.1
2298,224606,766958,766958,2026-07-14 08:46:37,그 인장정도는 달아주시고 이런글 올리셔야 하지 않을까요?,neutral,domain-lexicon-v1.1
2298,224606,766995,766995,2026-07-14 11:53:45,ᄏᄏᄏ,neutral,domain-lexicon-v1.1
2298,224640,767015,767015,2026-07-14 13:33:32,폭탄 떨구는 스킬 생겼으니 기존에 있던 폭탄 떨구기를 바꿉시다,neutral,domain-lexicon-v1.1
2298,224640,767016,767015,2026-07-14 13:34:39,하이퍼 하나는 어느 컨텐츠이서도 안쓰는데 5차 4개 중 하나는 무적스킬이고 공용 버프기 빼면 소환수 뎀증만 자버프인 레전드직업이 있다?!?!,neutral,domain-lexicon-v1.1
2298,224640,767017,767015,2026-07-14 13:35:55,@선장님 ᄅᄋ 극딜버프가 메여축에픽어드벤처 말고 없는 게 레전드임,neutral,domain-lexicon-v1.1
2298,224640,767018,767015,2026-07-14 13:37:25,@마인드컨트롤 총알 공격렬때문에 옵드 상대적으로 약한건 덤ᄏᄏ,neutral,domain-lexicon-v1.1
2298,224640,767022,767015,2026-07-14 13:42:24,@선장님 아 옵드 있긴하네요ᄏᄏᄏᄏᄏ근데 얘도 공용이네,neutral,domain-lexicon-v1.1
2298,224640,767025,767015,2026-07-14 14:08:45,"@마인드컨트롤 우리도 스봄같은 병신핵폐기물 가져가고 스티뮬레이트, 소울 익절트, 천지개벽 같은 자버프 하이퍼를 달라... 아님 무적이관이나 자체바인드라도...",neutral,domain-lexicon-v1.1
2298,224640,0,0,2026-07-14 13:40:20,삭제된 코멘트입니다.,neutral,domain-lexicon-v1.1
2298,224640,767020,767019,2026-07-14 13:40:20,윗댓처럼 폭탄떨구는 컨셉 스킬 그대로 들어오면 스봄은 진짜로 존재의의가 없음 하이퍼스킬을 극딜버프로 준 직업들 상당히 많은데 캡틴도 그랬으면 좋겠음 지금 극딜 너무 구데기입니다,neutral,domain-lexicon-v1.1
2298,224640,767030,767030,2026-07-14 14:35:15,하이퍼에 잉여스킬 하나 있는게 많이 크네,neutral,domain-lexicon-v1.1
2298,224640,767038,767038,2026-07-14 14:57:22,진짜 아예 안쓰는 하이퍼 스킬이 있는게 말이 안되는듯,neutral,domain-lexicon-v1.1
2298,224640,767107,767107,2026-07-14 20:49:06,사냥도 안 써 보스도 안 써 뭔 컨텐츠를 어떻게 하든 안 써,neutral,domain-lexicon-v1.1
2298,224640,767127,767127,2026-07-14 22:06:46,"차라리 데드아이를 30초 짧쿨 극딜기로 바꾸고 저기에 무적을 달아주면 좋을텐데, 지금 데드아이 딜이 너무 약해서",neutral,domain-lexicon-v1.1
2298,224640,767153,767153,2026-07-14 23:56:14,ᄅᄋ 노틸러스처럼 뭐 패시브라도 달아주던가,neutral,domain-lexicon-v1.1
2298,224674,767148,767148,2026-07-14 23:45:53,넵 압도적인 숙련도 이슈... 항시 최종뎀 -20%로 치고계신게 아닐까 싶네요,neutral,domain-lexicon-v1.1
2298,224674,767152,767148,2026-07-14 23:54:53,아녀 최종뎀 +10퍼 밑으로 내려간적이 없는데... 산책이 많았나봐여 더 깎아볼게여,neutral,domain-lexicon-v1.1
2298,224674,767159,767148,2026-07-15 00:48:57,@것날개 그럼 너무 쫄딜 하고잇을 가능성이 높긴 합니다.. 평딜 직업이라 계속 때리면서 패링 해야하는데,neutral,domain-lexicon-v1.1
2298,224674,767157,767157,2026-07-15 00:42:34,봄바드 템페스트 안켠거 아니에요?,neutral,domain-lexicon-v1.1
2298,224674,767192,767192,2026-07-15 07:16:16,저 봄바드 안키고 한적 있는데 진짜 딜차이 개심해요 항상 확인하셔요,neutral,domain-lexicon-v1.1
2298,224674,767206,767206,2026-07-15 09:11:42,패링 치는 순간에도 래피드파이어에서 손 떼면 안돼요 래피드 누른채로 패링 쳐야됨,neutral,domain-lexicon-v1.1
2298,224635,767005,767005,2026-07-14 12:38:34,근본 옛메 스타일을 하나 정도 들어오는 거 나쁘지 않다? 라는 거 같은데 이게 들어오면 다음에 바뀔 것들 역시 이 스타일들로 변화가 이뤄질 수 있다는 건 생각 안하는 거 같음. 이미 정해진 거라 어쩔 수 없다는 생각이면 생각으로만 가지고 있으면 좋겠음 어짜피 안될 거 뭐하러 입밖으로 꺼냄. 그냥 순응이나 하고 살지.,neutral,domain-lexicon-v1.1
2298,224635,767077,767077,2026-07-14 17:46:24,좋은 비유네요,neutral,domain-lexicon-v1.1
2298,224656,767070,767070,2026-07-14 17:05:59,대적자에게 돌진!,neutral,domain-lexicon-v1.1
2298,224656,767072,767072,2026-07-14 17:10:32,인터넷은 불호인 사람들이 주로 까는 글을 쓰기 때문에 당연히 대다수겠지 만족하는 애들은 그냥 만족하고 맘 ᄏᄏ,positive,domain-lexicon-v1.1
2298,224656,767111,767111,2026-07-14 21:00:05,커뮤에선 부정적 의견이 목소리가 큼. 그거 가지고 통계내면 큰일나,neutral,domain-lexicon-v1.1
2298,224656,767139,767139,2026-07-14 22:58:23,호인 사람들은 딱히 글 안 써서 그런듯?,neutral,domain-lexicon-v1.1
2298,224656,767168,767168,2026-07-15 02:11:40,"그럼 ᄌ같으니까 글쓰지 지금 아니면 바이퍼 오리진마냥 평생 안바뀔 수 있으니까 다 만족했으면 불호글이 아니라 질문글 3,4개 올라오고 연구글 1개 올라오고 말았음",positive,domain-lexicon-v1.1
2298,224656,767246,767246,2026-07-15 12:35:02,만족하는 사람들 중 환산 최소 10만 이상 인증 가능하신 분 있나요? 일단 전 아무도 못봄,positive,domain-lexicon-v1.1
2298,224692,767238,767238,2026-07-15 11:48:18,아님 새우깡이라도 던지든가,neutral,domain-lexicon-v1.1
2298,224692,767292,767238,2026-07-15 17:30:36,새우깡이라도 던졌으면 인정이다,neutral,domain-lexicon-v1.1
2298,224752,767469,767469,2026-07-16 15:09:18,스봄은 ᄅᄋ 안쓰는 스킬 키셋에서도 빼버린,neutral,domain-lexicon-v1.1
2294,457546,1753195,1753195,2026-07-16 17:42:10,잘 뜨는데 다크니스 오브 그레이스 켜신거 아닌가요,neutral,domain-lexicon-v1.1
2294,457546,1753251,1753195,2026-07-16 17:51:40,네 혹시 켜면 전분에 안찍히나요?,neutral,domain-lexicon-v1.1
2294,457546,1753259,1753195,2026-07-16 17:53:32,아 그레이스로 바껴서 분류되나보네용?,neutral,domain-lexicon-v1.1
2294,457546,1753271,1753195,2026-07-16 17:58:32,@툱톥툱톥 스킬이 강화되는 방식이라 별도로 찍힙니당,neutral,domain-lexicon-v1.1
2294,457546,1753292,1753195,2026-07-16 18:02:10,@메벤 감사합니담!,positive,domain-lexicon-v1.1
2294,457562,1753240,1753240,2026-07-16 17:50:26,우리는 많은걸 바래도 된다고 생각해요 차피 바라는 만큼 적용시켜주는것도 아니라,neutral,domain-lexicon-v1.1
2294,457562,1753249,1753240,2026-07-16 17:51:37,오히려 바래야 하는 요소가 너무 많아서 이정도까지 오면 가장 중요한 몇가지에 일단 집중해야된다고 보긴 함,neutral,domain-lexicon-v1.1
2294,457562,1753254,1753240,2026-07-16 17:52:18,@메벤 뭐 하나 들어주는 게 없어서 일단 제일 중요한 거라도 받긴 해야 될 듯요,neutral,domain-lexicon-v1.1
2294,457562,1753245,1753245,2026-07-16 17:51:15,비홀더 스킬을 왜 동시에 못 쓰는지 이해를 당최 못하겟슨...,neutral,domain-lexicon-v1.1
2294,457562,1753257,1753245,2026-07-16 17:52:57,동시 사용 시켜달랬더니 임팩트 중에 신스킬 쓰면 임팩트 삭제 시켜버리는 게 이게 맞나,neutral,domain-lexicon-v1.1
2294,457562,1753260,1753245,2026-07-16 17:53:57,@엘리니아 역사 깊은 메이플식 패치;;,neutral,domain-lexicon-v1.1
2294,457562,1753719,1753719,2026-07-16 20:15:08,+ 최종뎀 5퍼정도만...,neutral,domain-lexicon-v1.1
2294,457567,1753268,1753268,2026-07-16 17:57:36,렌도 불타던데,neutral,domain-lexicon-v1.1
2294,457567,1753694,1753268,2026-07-16 20:08:52,닼나 입장에선 전교1등이 2등했다고 우는느낌,neutral,domain-lexicon-v1.1
2294,457567,1753272,1753272,2026-07-16 17:58:43,해방은하자,neutral,domain-lexicon-v1.1
2294,457567,1753273,1753273,2026-07-16 17:58:52,지금 불타는 렌조차 닼나 이상향 모두반영된 직업임 ᄏᄏ,neutral,domain-lexicon-v1.1
2294,457567,1753276,1753276,2026-07-16 17:59:41,하던중이면 마무리 짓고 주보캐로라도 굴려야죠,neutral,domain-lexicon-v1.1
2294,457567,1753363,1753363,2026-07-16 18:20:36,이미 해방에 297찍어거 본캐 바꾸는것도 힘들다 ᄏᄏᄏᄏ,neutral,domain-lexicon-v1.1
2294,457567,1753534,1753534,2026-07-16 19:19:15,해방으로 환산 1500날먹하고 스펙다운하셈 ᄏᄏ 저도 지금 아란으로 직변각보는중,neutral,domain-lexicon-v1.1
2294,457559,1753243,1753243,2026-07-16 17:51:09,오피셜로 한다고 하니까 일단 기달려봐야지....,neutral,domain-lexicon-v1.1
2294,457559,1753267,1753267,2026-07-16 17:57:35,이미 챌섭에서 갈아탈 준비 하고 있어야 시간 안아까움,neutral,domain-lexicon-v1.1
2294,457664,1753490,1753490,2026-07-16 19:06:18,아....작년 렌 나왔을때 옮겼어야했나 ᄏᄏᄏᄏ,neutral,domain-lexicon-v1.1
2294,457664,1754225,1753490,2026-07-17 13:05:13,"렌도 지금.,..",neutral,domain-lexicon-v1.1
2294,457741,0,0,2026-07-16 20:39:38,삭제된 코멘트입니다.,neutral,domain-lexicon-v1.1
2294,457741,1753749,1753735,2026-07-16 20:39:38,스킬 꼬이고 효율 안 나오면 버려야제,neutral,domain-lexicon-v1.1
2294,457741,1753960,1753735,2026-07-17 00:29:09,@신치토세 뎀퍼 증가 존재하고 데버스테이션 추가되는것때문에 임팩트 한번 날려먹는다고 해도 찍는게 나을걸요 데버스테이션 1랩딜이 임팩트보다 약하진 않을거같은데,neutral,domain-lexicon-v1.1
2294,457741,1753970,1753735,2026-07-17 00:40:36,@메벤 하암... 1렙 비용이 비싸서.. 환산이 뭐 잘 알려주겠죵?ᄒᄒ,neutral,domain-lexicon-v1.1
2294,457741,1754000,1754000,2026-07-17 01:42:31,"마코 강화가 준수하다면 그레이스 1렙개방시 30초동안 퍼니시먼트딜 개떡락해서 오히려 약해질수도 있습니다 대충 리벤지, 쇼크, 그레이스 전부 1렙기준 그레이스 켜진동안 퍼니시먼트딜 절반으로 줄어드는 정도",neutral,domain-lexicon-v1.1
2294,457674,1753583,1753583,2026-07-16 19:33:44,디멘션 극딜모드 돌리는거면 걍 쓰는게나을걸요 1렙열면 추가타도있고해서,neutral,domain-lexicon-v1.1
2294,457674,1753606,1753583,2026-07-16 19:43:48,오 감삼당,neutral,domain-lexicon-v1.1
2294,457674,1754124,1754124,2026-07-17 10:37:46,그래도 2분쿨 극딜기라 엑큐보다는 셀 듯,neutral,domain-lexicon-v1.1
2294,457699,1753753,1753753,2026-07-16 20:47:35,썬콜 바인드가 같은 방식 때문에 밀려서 불편합니다 밀려서 불편할 거 감안하면 그냥 바로 갈기는게 정배일 거 같네요,negative,domain-lexicon-v1.1
2294,457699,1753808,1753808,2026-07-16 21:25:32,글킨한데 리레 넉넉하게 4초 남기고만 쓰면 되니까 재사용 많이 터지면 그담 실체 쿨돌때쯤 쓰면 괜찮지 않을까 싶은데,neutral,domain-lexicon-v1.1
2294,457780,1753893,1753893,2026-07-16 22:53:36,아까 쳐봤을땐 다른점없는듯,neutral,domain-lexicon-v1.1
2294,457780,1754085,1753893,2026-07-17 08:18:02,아하..,neutral,domain-lexicon-v1.1
2294,457606,1753394,1753394,2026-07-16 18:29:40,오히려 효용성을 높여서 지금 뎀감 30펀데 풀강시 70퍼로 올린다든가 그런쪽으로 가서 리스크 좀 더 줄여주지 않을까 싶기도 해요,neutral,domain-lexicon-v1.1
2294,457606,1754509,1754509,2026-07-17 21:24:57,지금도 로얄가드보다 블피 타이밍 잡기 빡센데 여기서 뭘 더 너프할까요... 애초에 너프받을만한 위치도 아니라서..,negative,domain-lexicon-v1.1
2294,457663,1753494,1753494,2026-07-16 19:07:20,어웨요,neutral,domain-lexicon-v1.1
2294,457663,1753721,1753721,2026-07-16 20:16:01,딜레이 안걸리고 어웨로 바로 스무스하게 이을수있으면 조금 이득이라고 본거같은데,neutral,domain-lexicon-v1.1
2294,457663,1753779,1753779,2026-07-16 21:03:13,쓰는게 아주 조금 더 쎄긴 한데 풀강 기준이라 헥사 상태에 따라 다를 수도 있습니다 그리고 딜레이가 있어서 버벅이면 오히려 딜로스라 그냥 안쓰시는거 추천드려요,neutral,domain-lexicon-v1.1
2294,457663,1753828,1753828,2026-07-16 21:40:36,다들 감사합니다,positive,domain-lexicon-v1.1
2294,457773,1753890,1753890,2026-07-16 22:52:27,두개 점유율이 거의 비슷하게 나옴,neutral,domain-lexicon-v1.1
2297,331113,1333189,1333189,2026-07-16 17:14:30,이펙트도 좆병신같아서 불태우고 싶은데 구조가 더 병신이라 이펙트얘긴 꺼내지도 못하겠음,neutral,domain-lexicon-v1.1
2297,331113,1333209,1333209,2026-07-16 17:19:07,ᄏᄏᄏᄏ 듀블 뽀뽀딜 해야되는데 탐색범위 ᄋᄌᄅ 쳐하고있으니 ᄏᄏᄏ,neutral,domain-lexicon-v1.1
2297,331113,1333216,1333216,2026-07-16 17:21:41,이악물고 무시하는거보면 이대로 강행할듯 ᄉᄇ ᄏᄏᄏ,neutral,domain-lexicon-v1.1
2297,331113,1333237,1333237,2026-07-16 17:30:31,에효 일단 문의라도 넣어야 겠다,neutral,domain-lexicon-v1.1
2297,331113,1333352,1333352,2026-07-16 18:22:00,블스 끝사거리로 치면 안날아가고 공중에서 붕붕대던 영상 보고 저거 하나 추가했나보네ᄏᄏᄏᄏᄏ야라이 자슥들아,neutral,domain-lexicon-v1.1
2297,331180,1333412,1333412,2026-07-16 18:54:34,저는 사냥마다 메르 삭제 대기 시킵니다 대기 24시간 돌아가는 중에 적용 안됩니다 사냥 끝나면 되살리기 하셔야해요,neutral,domain-lexicon-v1.1
2297,331180,1333519,1333412,2026-07-16 19:31:13,오 꿀팁,neutral,domain-lexicon-v1.1
2297,331180,1333679,1333412,2026-07-16 22:00:11,싯팔 지린다 이거 ᄏᄏᄏᄏᄏᄏ,neutral,domain-lexicon-v1.1
2297,331180,1333476,1333476,2026-07-16 19:13:47,4초 따로샀어요,neutral,domain-lexicon-v1.1
2297,331245,1333443,1333443,2026-07-16 19:03:10,떡 상함,neutral,domain-lexicon-v1.1
2297,331245,1333444,1333444,2026-07-16 19:03:12,떡이 상했다고,neutral,domain-lexicon-v1.1
2297,331256,1333497,1333497,2026-07-16 19:23:12,다른 직업들 방무 다 넣어주면서 6차 스킬 내내 방무 쳐 빼는 것도 그렇고 직업 이해도도 없는데 그냥 듀블이라는 직업이 존나 싫나봐,neutral,domain-lexicon-v1.1
2297,331256,1333505,1333497,2026-07-16 19:25:47,ᄅᄋ 유기된 직업이 맞음,neutral,domain-lexicon-v1.1
2297,331256,1333531,1333531,2026-07-16 19:36:28,ᄏ,neutral,domain-lexicon-v1.1
2297,331256,1333532,1333532,2026-07-16 19:37:15,어차피 뽀뽀갈기면서 보스패는데 탐색범위는 ᄏᄏ,neutral,domain-lexicon-v1.1
2297,331256,1333582,1333582,2026-07-16 20:08:29,표창던지는애는 뽀뽀딜시키는 인간들임,neutral,domain-lexicon-v1.1
2297,331189,1333670,1333670,2026-07-16 21:47:46,족구림진짜,neutral,domain-lexicon-v1.1
2297,331246,1333972,1333972,2026-07-17 14:11:32,눕고 짖어도 달라질꺼 없을 예정,neutral,domain-lexicon-v1.1
2297,331253,1333500,1333500,2026-07-16 19:23:53,그냥 주흔작하시면 됩니다,neutral,domain-lexicon-v1.1
2297,331253,1333509,1333500,2026-07-16 19:27:17,감사합니당!!,positive,domain-lexicon-v1.1
2297,331253,1333889,1333889,2026-07-17 11:43:36,요즘 매지컬 천만원대라 주흔보다 좋은데 주흔보다 쌈 대충 70작 하고 지내다 본섭가면 매지컬 완작 때려요,neutral,domain-lexicon-v1.1
2295,299429,1154413,1154413,2026-07-16 17:38:36,아뇨 그럼 망해요 조디악 먼저 써야 드브가 드소로 강화됩니다,neutral,domain-lexicon-v1.1
2295,299429,1154441,1154413,2026-07-16 17:48:18,강화되는건 이해했는데 드브 빠르게 털고 조디악쓰면 소어 강화와 함께 쿨초가 될까 싶어서..,neutral,domain-lexicon-v1.1
2295,299429,1154414,1154414,2026-07-16 17:38:44,그럼 사실상 별개스킬로 동작하는거라 안될것같은데... 조디악 켜야 소어로 바뀌는거 아님?,neutral,domain-lexicon-v1.1
2295,299429,1154428,1154428,2026-07-16 17:45:49,쿨초기화는 안되나 보네 ᄏᄏ ᅲ,neutral,domain-lexicon-v1.1
2295,299429,1154436,1154436,2026-07-16 17:47:23,쿨초해주면 선드브 조디악 소어 엘블이 강제돼서 그냥 지금 상태가 좋아보이네요..,neutral,domain-lexicon-v1.1
2295,299429,1154443,1154436,2026-07-16 17:49:12,족쇄원하는게 아니어서 저도 쿨초 안되게 됐으면 좋겠네요,neutral,domain-lexicon-v1.1
2295,299429,1154447,1154447,2026-07-16 17:52:16,쿨초 안되네요 그냥 기존대로 굴리면 될듯영,neutral,domain-lexicon-v1.1
2295,299429,1154449,1154447,2026-07-16 17:52:43,감사합니다,positive,domain-lexicon-v1.1
2295,299429,1154500,1154500,2026-07-16 18:15:47,그래서 난 그냥 분리를 바랬던거긴한데 귀속형태라는게 맘에안들긴함 패턴 페이즈따라 쓰고싶었는데,neutral,domain-lexicon-v1.1
2295,299543,1154807,1154807,2026-07-16 19:46:51,1. 법사중엔 가장 강해야함 최소 불독과 동급이어야 함 2. 제논보단 약하면 안됨,neutral,domain-lexicon-v1.1
2295,299543,1154825,1154807,2026-07-16 19:59:01,컨트롤 카데나 블래 제로 강한거에 이의제기 전혀 안합니다 그런데 에반의 위치는 납득할수가없어서 넥슨의 코멘트라도 듣고싶네요,neutral,domain-lexicon-v1.1
2295,299543,1154826,1154807,2026-07-16 19:59:41,@감지덕직 아이고 밑에 달거를 잘못달았네여 죄송합니다,neutral,domain-lexicon-v1.1
2295,299543,1154832,1154807,2026-07-16 20:01:27,부캐로 키네를 키우는데 현타가 옵니다 난이도며 딜량이며 참 답답하네요 9월 밸패 기다려보겠습니다,negative,domain-lexicon-v1.1
2295,299543,1154810,1154810,2026-07-16 19:48:51,난이도로치면 카데나 블래스터 에반 제로 얘네는 걍 무조건 1234등에 있어야 정상임 ᄏᄏ,neutral,domain-lexicon-v1.1
2295,299543,1154827,1154810,2026-07-16 20:00:02,컨트롤 카데나 블래 제로 강한거에 이의제기 전혀 안합니다 그런데 에반의 위치는 납득할수가없어서 넥슨의 코멘트라도 듣고싶네요,neutral,domain-lexicon-v1.1
2295,299543,1154970,1154970,2026-07-16 23:30:38,난 모든 직업이 한번씩 오르내릴수 있어야한다고 생각하는데 상위권에 있는 기간보다 하위권 기간이 더 길어지다 보니까 이게 맞나싶긴함 그래도 평균보단 위에 있어야 딜구조 좋은 애들이랑 비비지 않을까 생각함,neutral,domain-lexicon-v1.1
2295,299543,1154974,1154970,2026-07-16 23:40:11,시간맞춰 드브 엘블 마나캔슬 돌캔 조지면서 배율 110퍼 겨우뽑는데 보마는 딸깍해서 90퍼 배율 클 하는거보면 석나가긴함,neutral,domain-lexicon-v1.1
2295,299543,1154975,1154970,2026-07-16 23:41:13,저도 이번에 전투경험개선까지는 오르내릴수있다생각했는데 보마 군림한 이후로는 현타가옵니다,neutral,domain-lexicon-v1.1
2295,299543,1154999,1154970,2026-07-17 00:45:01,@감지덕직 뭔가 직업간의 밸런스가 고착화 된거같은데 기준이 너무 모호함 난이도 프리미엄 줄거면 제대로 하던가 돌림판으로 할거면 상위권 붙박이 직업들 내려야함 이도저도 아니니까 밑에 직업들은 빡치지,neutral,domain-lexicon-v1.1
2295,299543,1155000,1154970,2026-07-17 00:45:59,@지렁이고환 이젠 그냥 에반 딸깍화 리마 해주길 바랍니다 그냥,neutral,domain-lexicon-v1.1
2295,299543,1155008,1154970,2026-07-17 01:17:05,@감지덕직 그래도 딜약하면 분명 불만이실거임 ᄏᄏ,neutral,domain-lexicon-v1.1
2295,299554,1154774,1154774,2026-07-16 19:34:39,"네 헥사만렙기준 1레벨 찍으면 1%쌔지고, 드브 헥사 낮은 저스펙은 더 많이 오를거에용",neutral,domain-lexicon-v1.1
2295,299554,1154784,1154774,2026-07-16 19:37:10,조각 16000개정도썼는데 드브는 만랩이면 1퍼 정도 썌진다 생각하면 되나여?,neutral,domain-lexicon-v1.1
2295,299554,1154785,1154774,2026-07-16 19:38:18,@혐잉눈 기존에 드브코어렙이 높고 다른코어렙이 낮으면 효율이 떨어질거에요 1퍼보다 조금 아래,neutral,domain-lexicon-v1.1
2295,299554,1154786,1154774,2026-07-16 19:38:37,@용용이즈유 감사합니당,positive,domain-lexicon-v1.1
2295,299554,1154776,1154776,2026-07-16 19:34:56,이펙트 이쁘니깐 찍죠 뭐 찍는다고 약해지는지 아닌지 테섭 안해서 모르겠는데 어차피 에반 약한데 눈이나 호강하죠,neutral,domain-lexicon-v1.1
2295,299593,1154882,1154882,2026-07-16 20:47:26,에반 갖다버리죠,neutral,domain-lexicon-v1.1
2295,299593,1154933,1154882,2026-07-16 22:24:08,버리면 머로갈까여..,neutral,domain-lexicon-v1.1
2295,299593,1154972,1154882,2026-07-16 23:38:43,@하야데츠 레테 가야지,neutral,domain-lexicon-v1.1
2295,299593,1154883,1154883,2026-07-16 20:47:55,7.3이면 진지하게 다 회수될텐데 새 직업하시죠,neutral,domain-lexicon-v1.1
2295,299593,1154886,1154886,2026-07-16 20:49:58,진짜 슬슬 에반 컨셉으로 빨기도 힘듦 미르도 십몇년째 뒤지게 안바껴서 ᄏᄏᄏ,neutral,domain-lexicon-v1.1
2295,299593,1154887,1154886,2026-07-16 20:50:13,애정이 없으면 진작 갖다버릴 캐릭임,neutral,domain-lexicon-v1.1
2295,299593,1154906,1154906,2026-07-16 21:20:18,지금 챌섭캐만 키워도 익스우돌이는 만들듯,neutral,domain-lexicon-v1.1
2295,299593,1154965,1154965,2026-07-16 23:26:27,294면 진짜 버리기 아깝지 나도 291에 익스우 150펀데 부끄럽지만 도전자체도 안해봄 직업에 분명 문제있음,negative,domain-lexicon-v1.1
2295,299593,1154967,1154965,2026-07-16 23:27:34,근데 내 생각엔 환산이 그렇게 높지 않기 때문에 갈아타는거 나쁘지 않아보임,neutral,domain-lexicon-v1.1
2295,299593,1154981,1154965,2026-07-16 23:58:38,@지렁이고환 기어드락 너무 아까워요.. ᅲᅲ,neutral,domain-lexicon-v1.1
2295,299593,1154980,1154980,2026-07-16 23:58:21,295만 찍어보죠,neutral,domain-lexicon-v1.1
2295,299593,1154982,1154980,2026-07-16 23:58:55,295찍고 접나여? 아니면 쭉하나여:?,neutral,domain-lexicon-v1.1
2295,299593,1155005,1155005,2026-07-17 01:04:47,냉정하게 7.5면 295찍어도 달라지는거 1도없음 걍 빨리 갈아타는게 빠르실듯,neutral,domain-lexicon-v1.1
2295,299593,1155048,1155048,2026-07-17 03:29:18,익스우는 본인컨보다 1페 쉴드지우는 빌드가중요해요,neutral,domain-lexicon-v1.1
2295,299593,1155049,1155048,2026-07-17 03:29:47,유튭에 익스우학개론 보고 해봐여 1페클탐이 달라짐,neutral,domain-lexicon-v1.1
2295,299534,1154732,1154732,2026-07-16 19:21:32,드브 쿵쾅쾅쾅 엘블 딸깍 = 헤카테 바인드 숨넘어가기 직전,neutral,domain-lexicon-v1.1
2295,299571,1154828,1154828,2026-07-16 20:00:23,에반은 심심하면 숍한테 머리채도 잡힘 ᅲᅲ,neutral,domain-lexicon-v1.1
2295,299571,1154829,1154829,2026-07-16 20:00:40,에바니횽이야~~,neutral,domain-lexicon-v1.1
2295,299571,1154844,1154844,2026-07-16 20:13:00,꼴등은 좀 힙하긴함,neutral,domain-lexicon-v1.1
2295,299571,1154855,1154855,2026-07-16 20:20:20,고만고만한놈들끼리 경쟁하다 꼴등이면 멋없는데 그냥 뒤에서 2등이랑 1.5배차이로 압도적꼴등이라 좀 자부심 느낌,neutral,domain-lexicon-v1.1
2295,299589,1154916,1154916,2026-07-16 21:41:38,ᄎᄏᄎᄏ 잘하시네요,neutral,domain-lexicon-v1.1
2295,299589,1154976,1154916,2026-07-16 23:41:34,감사합니당!:3,positive,domain-lexicon-v1.1
2295,299589,1154968,1154968,2026-07-16 23:28:16,160퍼라도 에반은 진짜 힘들지 잘했네,neutral,domain-lexicon-v1.1
2295,299589,1154977,1154968,2026-07-16 23:43:57,그런가요? 감사합니당!,positive,domain-lexicon-v1.1
2295,299387,1154371,1154371,2026-07-16 17:20:11,불독의 심기를 거스르면 이렇게되는구나,neutral,domain-lexicon-v1.1
2295,299398,1154345,1154345,2026-07-16 17:15:37,신스킬 소어가 조디악보다 뒤에있다는건가요?,neutral,domain-lexicon-v1.1
2295,299398,1154351,1154345,2026-07-16 17:16:38,소어를 먼저 쓰고 조디악이 발동되니 소어자체는 상관없을건데 테섭을 안해봐서 융합시에 온전히 이펙트나오는지몰라서요 임브는 완전 가려서 안나옴,neutral,domain-lexicon-v1.1
2295,299398,1154357,1154345,2026-07-16 17:17:26,@미르엘 현 테섭에선 소어랑 피니셔가 조디악 위에있어서 잘보입니당,neutral,domain-lexicon-v1.1
2295,299398,1154361,1154345,2026-07-16 17:17:52,@용용이즈유 그렇군요 굿,neutral,domain-lexicon-v1.1
2295,299463,1154486,1154486,2026-07-16 18:13:02,"키다운 없애달라고 하다가 다른게 키다운될꺼같아서 차마 해달라곤 못하겠고, 그냥 칼로스 간섭작이나 되게 좌우 방향바꾸는거나 되게좀 ᄏᄏ",neutral,domain-lexicon-v1.1
2295,299463,1154505,1154505,2026-07-16 18:16:40,설치 가능하거나 아니면 최소 여우모드인플서 사용시 무적은받아내야함,neutral,domain-lexicon-v1.1
2295,299481,1154566,1154566,2026-07-16 18:30:07,"차라리 이펙트 피닉스로 하면 좋을것 같은데 사냥=사자 보스=여우 2분극딜=피닉스(오리진,인플서,피닉스드라이브) 일관성있게",neutral,domain-lexicon-v1.1
2295,299481,1154583,1154583,2026-07-16 18:33:31,2차까지 나온 이상 이펙트 안 고쳐줄 거 같음 시퀀스에라도 넣어달라고 문의하는 게..,neutral,domain-lexicon-v1.1
2295,299512,1154777,1154777,2026-07-16 19:35:00,그러게요 2.5~3퍼면 최소 2.5는 해줘야되는데 막상 패치보면 1퍼~3퍼던데 ᄃᄃ,neutral,domain-lexicon-v1.1
5974,6891871,35295671,35295671,2026-07-16 22:54:36,개추크레용,neutral,domain-lexicon-v1.1
5974,6891871,35295683,35295683,2026-07-16 22:55:38,감사합니다,positive,domain-lexicon-v1.1
5974,6891871,35295685,35295685,2026-07-16 22:55:39,아 전투복 사야하는데 능력치가 없다니,neutral,domain-lexicon-v1.1
5974,6891871,35295695,35295695,2026-07-16 22:56:33,정보추,neutral,domain-lexicon-v1.1
5974,6891871,35295788,35295788,2026-07-16 23:00:27,드리밍 파자마 복각 안했네 ᅲᅲᅲ 이번 옷 왤케 다 거기서 거기같지,neutral,domain-lexicon-v1.1
5974,6891871,35295800,35295800,2026-07-16 23:01:01,이번 부티크 코디 이쁘다,positive,domain-lexicon-v1.1
5974,6891871,35295836,35295836,2026-07-16 23:02:27,30개짜리 강아지모자 귀엽네 ᄏᄏ,neutral,domain-lexicon-v1.1
5974,6891871,35295841,35295841,2026-07-16 23:02:32,언제부턴가 은근슬쩍 스리슬쩍 전투복 빼는거 ᄅᄋ 서운하네,neutral,domain-lexicon-v1.1
5974,6891871,35295912,35295841,2026-07-16 23:05:48,섭섭이형 마라벨 수호단이라 쩔수임,neutral,domain-lexicon-v1.1
5974,6891871,35295882,35295882,2026-07-16 23:04:37,180개 짜리가 제일 못생긴거같냐 왜...,neutral,domain-lexicon-v1.1
5974,6891871,35295923,35295923,2026-07-16 23:06:09,15개 30개짜리세트 완전 취향이잔아,neutral,domain-lexicon-v1.1
5974,6891871,35295931,35295931,2026-07-16 23:06:31,와 씨발 남캐세트 존나이쁘네 이번에,neutral,domain-lexicon-v1.1
5974,6891871,35295951,35295951,2026-07-16 23:07:09,180개는 진짜 역대 최악 같다; 저거 금손은손에 비슷한거 있지 않나,negative,domain-lexicon-v1.1
5974,6891871,35297550,35295951,2026-07-17 00:21:10,이펙트가 메인인거같음,neutral,domain-lexicon-v1.1
5974,6891871,35295954,35295954,2026-07-16 23:07:17,캐주얼룩이왜이렇게많아,neutral,domain-lexicon-v1.1
5974,6891871,35295962,35295962,2026-07-16 23:07:39,알쏭 5개짜리들 다 왤케쳐이쁘냐;;; 현실룩인데 완전,neutral,domain-lexicon-v1.1
5974,6891871,35296018,35296018,2026-07-16 23:09:17,저번 180개 코디가 진짜 존나 날나온거였구나,neutral,domain-lexicon-v1.1
5974,6891871,35296027,35296027,2026-07-16 23:09:40,ᄋᄃ,neutral,domain-lexicon-v1.1
5974,6891871,35296059,35296059,2026-07-16 23:10:42,부티크 의상 재출시는 첨보는거 같네,neutral,domain-lexicon-v1.1
5974,6891871,35296070,35296070,2026-07-16 23:11:00,이번엔 뽑기에 세트인데 예쁘장한 것들 많다,neutral,domain-lexicon-v1.1
5974,6891871,35296102,35296102,2026-07-16 23:12:18,바니 사야겠다,neutral,domain-lexicon-v1.1
5974,6891871,35296143,35296143,2026-07-16 23:14:10,내바스 이펙트랑 중복안되게 해놨네 오히려 고맙다,neutral,domain-lexicon-v1.1
5974,6891871,35296152,35296152,2026-07-16 23:14:18,내취향은 5개짜리,neutral,domain-lexicon-v1.1
5974,6891871,35296219,35296219,2026-07-16 23:17:00,ᄋᄃ,neutral,domain-lexicon-v1.1
5974,6891871,35296244,35296244,2026-07-16 23:18:16,오.. 옷 왤케 괜찮아보이냐,neutral,domain-lexicon-v1.1
5974,6891871,35296350,35296350,2026-07-16 23:23:00,이건 한장에 얼마정도해요??,neutral,domain-lexicon-v1.1
5974,6891871,35296362,35296362,2026-07-16 23:23:28,180개 여캐 한벌옷 존나 이벤트 보상 코디템 같이 생겼네. 요정컨셉 그런거,neutral,domain-lexicon-v1.1
5974,6891871,35296421,35296421,2026-07-16 23:25:35,와 수달세트 사야겠다,neutral,domain-lexicon-v1.1
5974,6891871,35296454,35296454,2026-07-16 23:27:23,능력치도 없이 쓸대없이 비싼거 낼거면 가격을 낮추던가 아님 달아서 내던가.,neutral,domain-lexicon-v1.1
5974,6891871,35296506,35296506,2026-07-16 23:29:45,알쏭달쏭 작정했노... 존나이쁘네,neutral,domain-lexicon-v1.1
5974,6891871,35296627,35296627,2026-07-16 23:34:15,비니이쁘다,positive,domain-lexicon-v1.1
5974,6891871,35296642,35296642,2026-07-16 23:34:40,체크포인트 여캐 ᄋᄃ,neutral,domain-lexicon-v1.1
5974,6891871,35296687,35296687,2026-07-16 23:36:55,180개 빼고 다 예쁘네,neutral,domain-lexicon-v1.1
5974,6891871,35296735,35296735,2026-07-16 23:39:43,남캐꺼가 좀 이쁘네 사서 성별 돌려야겠다,neutral,domain-lexicon-v1.1
5974,6891871,35296795,35296795,2026-07-16 23:42:15,부티크는 기사막히게 뽑냐 ᄏᄏ,neutral,domain-lexicon-v1.1
5974,6891871,35296872,35296872,2026-07-16 23:47:00,은하별무리 여캐 옷 너무 다보임 ᄃᄃ,neutral,domain-lexicon-v1.1
5974,6891871,35296895,35296895,2026-07-16 23:48:21,교환권 내주면좋겠네 80개또사야겠노,neutral,domain-lexicon-v1.1
5974,6891871,35296924,35296924,2026-07-16 23:49:53,개추,neutral,domain-lexicon-v1.1
5974,6891871,35296969,35296969,2026-07-16 23:52:16,알쏭달쏭은 다 한벌옷인가요?,neutral,domain-lexicon-v1.1
5974,6891871,35297789,35296969,2026-07-17 00:33:23,알쏭달쏭 상자 패키지는 모든 부위 상의 / 하의 분리되어 있습니다!,neutral,domain-lexicon-v1.1
5974,6891871,35297801,35296969,2026-07-17 00:33:49,@후미 알려주셔서 감사합니다!,positive,domain-lexicon-v1.1
5974,6891871,35296985,35296985,2026-07-16 23:53:06,버블바니랑 5개가 ᄅᄋ 이쁜데,neutral,domain-lexicon-v1.1
5974,6891871,35297017,35297017,2026-07-16 23:54:52,30개 짜리 취저다 ᄀᄋᄌ,neutral,domain-lexicon-v1.1
5974,6891871,35297022,35297022,2026-07-16 23:55:07,버블바니 무조껀 사야지,neutral,domain-lexicon-v1.1
5974,6891871,35297048,35297048,2026-07-16 23:56:24,다 컨셉은 상타친데 도트퀄이 먼가 금은손같네,neutral,domain-lexicon-v1.1
5974,6891871,35297055,35297055,2026-07-16 23:57:02,저 콩콩수달 재탕이네 사야지,neutral,domain-lexicon-v1.1
5974,6891871,35297350,35297350,2026-07-17 00:12:14,요새 코디는 다 물빠진 색감으로 나오네,neutral,domain-lexicon-v1.1
5974,6891871,35297403,35297403,2026-07-17 00:14:44,ᄋᄃ,neutral,domain-lexicon-v1.1
5974,6891871,35297519,35297519,2026-07-17 00:19:28,뽑기쪽에 이쁜거 많네 좀 사볼까나,neutral,domain-lexicon-v1.1
5974,6891871,35297672,35297672,2026-07-17 00:27:10,이번것들 색감 다 왜 이럼? 근데 이펙트 색 좀 다른걸로 180개씩은 ᄉᄇ ᄏᄏᄏᄏᄏᄏᄏᄏᄏᄏᄏᄏ,neutral,domain-lexicon-v1.1
5974,6891871,35298116,35298116,2026-07-17 00:48:48,30개짜리 아이스버블바니 개귀여움,neutral,domain-lexicon-v1.1
5974,6891871,35298438,35298438,2026-07-17 01:05:23,하나도 안이뻐서 돈아꼈다 나이스 ᄉᄉᄉ,neutral,domain-lexicon-v1.1
5974,6891871,35299340,35299340,2026-07-17 02:00:29,이쁜 거 많다이 이번엔 현실룩 느낌으로 많이 냈네,neutral,domain-lexicon-v1.1
5974,6891871,35300265,35300265,2026-07-17 03:10:19,예브당,neutral,domain-lexicon-v1.1
5974,6891871,35300510,35300510,2026-07-17 03:39:13,수달세트 드디어나왔구나!!,neutral,domain-lexicon-v1.1
5974,6891871,35306528,35306528,2026-07-17 12:07:36,내바스 사야되나....,neutral,domain-lexicon-v1.1
5974,6891871,35311692,35311692,2026-07-17 16:10:49,오....역대급인데 취향저격당했네,neutral,domain-lexicon-v1.1
5974,6891871,35313651,35313651,2026-07-17 17:42:19,알쏭달쏭 테두리 없는 템들은 흐리멍텅해서 ᄌᄂ 별로네,neutral,domain-lexicon-v1.1
5974,6891882,35295694,35295694,2026-07-16 22:56:33,걍 직업이름을 까라,neutral,domain-lexicon-v1.1
5974,6891882,35295726,35295694,2026-07-16 22:57:48,그리고 대략 400억언저리정도의 가치임 나머진알아서판단하던지,neutral,domain-lexicon-v1.1
5974,6891882,35295761,35295694,2026-07-16 22:59:28,@엔버하는사람 직업이름은 갈드컵될까바,neutral,domain-lexicon-v1.1
5974,6891882,35295721,35295721,2026-07-16 22:57:38,어차피 또 접을껀데 새로 다시 하죠,neutral,domain-lexicon-v1.1
5974,6891882,35295728,35295728,2026-07-16 22:57:49,교불보조 법사 고난이도 직업이면 불독임? 저정도 들고있는 불독이면 그냥 하자,neutral,domain-lexicon-v1.1
5974,6891882,35295776,35295728,2026-07-16 22:59:56,교불보조가 에반임,neutral,domain-lexicon-v1.1
5974,6891882,35295849,35295728,2026-07-16 23:02:48,@잉입오아요 에반임? 에반이면 버려야지 지금 역대급 병신직업인데 하트는 어차피 언컨갈거 의미없고 이벤링 드드랑 보조 맛있긴 한데 그거 해봤자 교불인거 감안하면 한 200억 언저리 가치고,neutral,domain-lexicon-v1.1
5974,6891882,35295736,35295736,2026-07-16 22:58:20,그게 고민할 게 있나 보조 있는거 맘에 안들면 그냥 찐부캐로 키우는거고 유챔으로 써도 돼고 그냥 교불을 대충 가치 반으로 계산하면 편함,neutral,domain-lexicon-v1.1
5974,6891882,35295745,35295736,2026-07-16 22:58:39,근데 교불이 다 좋은거라 버리기도 아깝네 아스트라 박고 드드는 계속 쓰는거고..,neutral,domain-lexicon-v1.1
5974,6891882,35295738,35295738,2026-07-16 22:58:28,스무고개도 아니고 직업좀 까줘라,neutral,domain-lexicon-v1.1
5974,6891882,35295781,35295738,2026-07-16 23:00:02,넵 교불보조 보유한게 에반임,neutral,domain-lexicon-v1.1
5974,6891882,35295791,35295738,2026-07-16 23:00:47,@잉입오아요 A직업은 먼데,neutral,domain-lexicon-v1.1
5974,6891882,35295801,35295738,2026-07-16 23:01:01,@봉인된아델 썬콜이애요,neutral,domain-lexicon-v1.1
5974,6891882,35295816,35295738,2026-07-16 23:01:29,@잉입오아요 B노칼 A본캐 ᄀ 썬콜두고 에반같은걸 할이유가 없다고 생각,neutral,domain-lexicon-v1.1
5974,6891882,35295850,35295738,2026-07-16 23:02:48,"@봉인된아델 에반 인벤여론대로 엄청안좋나보네요,,,",neutral,domain-lexicon-v1.1
5974,6891882,35295894,35295738,2026-07-16 23:05:08,@잉입오아요 바꼇을수도잇는데 2월글 기준 에반 숍 데티카링 컷이 비슷한걸로 앎,neutral,domain-lexicon-v1.1
5974,6891882,35295938,35295738,2026-07-16 23:06:45,@잉입오아요 너가 에반에 미치도록 애정이 있는게 아니면 유챔던져놓고 다른걸 키우는게 맞음,neutral,domain-lexicon-v1.1
5974,6891882,35296124,35295738,2026-07-16 23:13:21,@잉입오아요 어려운거는 블카카 바로 아래인데 딜 안좋음 왜함?,neutral,domain-lexicon-v1.1
5974,6891885,35295714,35295714,2026-07-16 22:57:22,축하해요,neutral,domain-lexicon-v1.1
5974,6891885,35295792,35295792,2026-07-16 23:00:50,메짱이셔,neutral,domain-lexicon-v1.1
5974,6891885,35295896,35295896,2026-07-16 23:05:11,저게 어딜봐서 메린이야...,neutral,domain-lexicon-v1.1
5974,6891885,35295902,35295896,2026-07-16 23:05:28,이적 이카컷은 진짜 고수네,neutral,domain-lexicon-v1.1
5974,6891885,35295934,35295896,2026-07-16 23:06:41,@오찰,neutral,domain-lexicon-v1.1
5974,6891885,35295960,35295960,2026-07-16 23:07:35,"이야 대단하십니다 벌써 경지에 올라오신 고수,,,,,",neutral,domain-lexicon-v1.1
5974,6891885,35296116,35296116,2026-07-16 23:13:11,레테 유입인데 컨 고수네,neutral,domain-lexicon-v1.1
5974,6891885,35296320,35296320,2026-07-16 23:21:34,메짱이시다. 축하드려요,neutral,domain-lexicon-v1.1
5974,6891885,35296736,35296736,2026-07-16 23:39:45,핥아도 되나요?,neutral,domain-lexicon-v1.1
5974,6891885,35297045,35297045,2026-07-16 23:56:21,진짜 재능 넘친다,neutral,domain-lexicon-v1.1
5974,6891903,35295795,35295795,2026-07-16 23:00:53,40억에판다고?,neutral,domain-lexicon-v1.1
5974,6891903,35295819,35295795,2026-07-16 23:01:35,얼마가 적당해보여 어쩌다보니 등업도하고 두줄도 뽑았는데 이거 팔아서 리레사려고,neutral,domain-lexicon-v1.1
5974,6891903,35295851,35295795,2026-07-16 23:02:49,@진상 추옵이좋네,neutral,domain-lexicon-v1.1
5974,6891903,35295893,35295795,2026-07-16 23:05:07,@진상 언젠가팔리긴할거같은데 좀걸릴거같음 언능팔려면 35억정도? 놀긍떡작좀 잘붙었으면 더잘팔렷을거 같긴한디 망해서,neutral,domain-lexicon-v1.1
5974,6891903,35295823,35295823,2026-07-16 23:01:39,왤케비싸 추옵때문?,neutral,domain-lexicon-v1.1
5974,6891903,35295838,35295838,2026-07-16 23:02:31,노작 3천만원 레전값 20억 윗잠 잘 안뜬다 감안하고 한 5~8억 대충 30억잡고 추옵 저정도면 1000개급 이니까 대충 35~40억 할 거 같긴한데,neutral,domain-lexicon-v1.1
5974,6891903,35295845,35295845,2026-07-16 23:02:35,그냥 레전깡통값일꺼 같은데,neutral,domain-lexicon-v1.1
5974,6891903,35295860,35295860,2026-07-16 23:03:20,경매장에서 팔인거나 봐 두줄도 의미는 없진 않을텐데 별 달고 에디 달아야 하는 입장에서 굳이 윗잠두줄 의식할까 싶긴 하네,neutral,domain-lexicon-v1.1
5974,6891903,35295899,35295899,2026-07-16 23:05:20,네가 40억 주고 살거 같으면 올려,neutral,domain-lexicon-v1.1
5974,6891903,35295917,35295917,2026-07-16 23:06:02,35-40이면 팔릴거같긴한데 추옵도 괜찮아서,neutral,domain-lexicon-v1.1
5974,6891903,35295930,35295917,2026-07-16 23:06:30,40은 잘 모르겠다 내가팔면 35쯤 올리고 안팔리면 내릴듯,neutral,domain-lexicon-v1.1
5974,6891903,35295935,35295935,2026-07-16 23:06:42,더낮춰야될꺼같은데,neutral,domain-lexicon-v1.1
5974,6891903,35295941,35295935,2026-07-16 23:06:49,5억정도만 내려서 올려보자,neutral,domain-lexicon-v1.1
5974,6891903,35295995,35295995,2026-07-16 23:08:34,옥게이 마일리지 언넝 모아서 35억에 올려볼게,neutral,domain-lexicon-v1.1
5974,6891903,35296041,35296041,2026-07-16 23:10:08,추옵이랑 레전드리만 보고 사기엔 너무 비싼데,neutral,domain-lexicon-v1.1
5974,6891903,35297008,35297008,2026-07-16 23:54:25,언제나 인벤 시세는 최저가 기준으로만 댓글 달린다는거 참고해야해,neutral,domain-lexicon-v1.1
5974,6891903,35297025,35297025,2026-07-16 23:55:18,40억에 올려,neutral,domain-lexicon-v1.1
5974,6891903,35297029,35297025,2026-07-16 23:55:32,메벤 시센 장사꾼 같은거임,neutral,domain-lexicon-v1.1
5974,6891903,35297053,35297053,2026-07-16 23:56:59,ᄅᄋ 어떤새끼임? 찾아서 바로 지에앵 해버려야한다고 생각함,neutral,domain-lexicon-v1.1
5974,6891917,35295878,35295878,2026-07-16 23:04:30,조각이 싸잖아 대신,neutral,domain-lexicon-v1.1
5974,6891917,35295922,35295878,2026-07-16 23:06:08,얼마차이안나던데,neutral,domain-lexicon-v1.1
5974,6891917,35296372,35295878,2026-07-16 23:23:40,조각은 스카가 전섭에서 제일 쌈,neutral,domain-lexicon-v1.1
5974,6891917,35296415,35295878,2026-07-16 23:25:11,@플이메 싼게좋은거임?,neutral,domain-lexicon-v1.1
5974,6891917,35295879,35295879,2026-07-16 23:04:32,나 엘리시움인데 니가 생각하는거랑 완전 반대임,neutral,domain-lexicon-v1.1
5974,6891917,35295916,35295879,2026-07-16 23:06:02,왜임?,neutral,domain-lexicon-v1.1
5974,6891917,35295949,35295879,2026-07-16 23:07:04,@악덕영애 중 상위 유저가 비율이 많아 조각같은 서민템이 비싸고 스카니아는 뉴비들이 템사는게 더 유리하니 조각 파는게 많아 싼거야,neutral,domain-lexicon-v1.1
5974,6891917,35295976,35295879,2026-07-16 23:07:53,@아이렌 엘슘은 중상위 스카니아는 비제이급 유저와 뉴비급들이 많음 본지 좀 된 지표긴 한데 지금도 비슷할거야,neutral,domain-lexicon-v1.1
5974,6891917,35296012,35295879,2026-07-16 23:09:06,@아이렌 복귀유저라 잘모르는데 조각싼게 보통 안좋은건가?,neutral,domain-lexicon-v1.1
5974,6891917,35296025,35295879,2026-07-16 23:09:33,@악덕영애 니가 쓰는입장이면 싼게 좋지,neutral,domain-lexicon-v1.1
5974,6891917,35296031,35295879,2026-07-16 23:09:43,@아이렌 템매물검색해보는데 페이지수확차이나더라고 자석펫도 한 10억씩비싸고,neutral,domain-lexicon-v1.1
5974,6891917,35296049,35295879,2026-07-16 23:10:23,@악덕영애 근데 함 가봐 나도 스카니아 안가봐서 모르긴 해,neutral,domain-lexicon-v1.1
5974,6891917,35295898,35295898,2026-07-16 23:05:15,크로아도 아니고 엘리시움인데 그럴리가,neutral,domain-lexicon-v1.1
5974,6891917,35295933,35295898,2026-07-16 23:06:37,서버매물로보니까 차이크던데 크로아는 엘슘이랑인구수거의비슷,neutral,domain-lexicon-v1.1
5974,6891917,35295909,35295909,2026-07-16 23:05:42,엘리시움도 살만해 물론 이주권 준다하면 스카갈꺼긴한데 있는거 버리고 갈정도는 아니야,neutral,domain-lexicon-v1.1
5974,6891917,35295937,35295909,2026-07-16 23:06:44,그정돈아님?,neutral,domain-lexicon-v1.1
5974,6891917,35295953,35295953,2026-07-16 23:07:15,엘슘정도면살만하지,neutral,domain-lexicon-v1.1
5974,6891917,35296135,35296135,2026-07-16 23:13:49,스카니아는 비제이들때문에 유입이 많음 크로아엘슘은 고스펙은 많은데 다 옛날에 리프막차타서 모인거,neutral,domain-lexicon-v1.1
5974,6891917,35296211,35296211,2026-07-16 23:16:26,스카에 9천 찍을즘 다시 접지 않을까??,neutral,domain-lexicon-v1.1
5974,6891917,35296405,35296211,2026-07-16 23:24:54,일리있네,neutral,domain-lexicon-v1.1
5974,6891948,35296064,35296050,2026-07-16 23:10:49,ᅩᅮᅣ..,neutral,domain-lexicon-v1.1
5974,6891948,35296106,35296050,2026-07-16 23:12:42,@부천 ?,neutral,domain-lexicon-v1.1
5974,6891948,35296389,35296050,2026-07-16 23:24:06,가능,neutral,domain-lexicon-v1.1
5974,6891948,35296082,35296082,2026-07-16 23:11:35,이제 뭐보내지,neutral,domain-lexicon-v1.1
5974,6891948,35296173,35296082,2026-07-16 23:15:07,반품기능도입해주세요반품기능도입해주세요반품기능도입해주세요반품기능도입해주세요반품기능도입해주세요반품기능도입해주세요반품기능도입해주세요반품기능도입해주세요반품기능도입해주세요반품기능도입해주세요,neutral,domain-lexicon-v1.1
5974,6891948,35296360,35296360,2026-07-16 23:23:21,거절은 거절합니다 ᄏᄏ,neutral,domain-lexicon-v1.1
5974,6891948,35296381,35296381,2026-07-16 23:23:50,부럽따!!!!,neutral,domain-lexicon-v1.1
5974,6891948,35296400,35296400,2026-07-16 23:24:40,니 아내임 ᄉᄇᄏᄏᄏᄏᄏᄏ,neutral,domain-lexicon-v1.1
5974,6891948,35296407,35296407,2026-07-16 23:24:58,국주국주는 뭐임?,neutral,domain-lexicon-v1.1
5974,6891948,35296653,35296653,2026-07-16 23:35:12,누군가가 자꾸 주머니에 넣어주더라구 조심해,neutral,domain-lexicon-v1.1
5974,6891959,35296113,35296113,2026-07-16 23:13:08,별로 안웃긴데요,neutral,domain-lexicon-v1.1
5974,6891959,35296158,35296114,2026-07-16 23:14:30,@설윤,neutral,domain-lexicon-v1.1
5974,6891959,35296364,35296119,2026-07-16 23:23:29,@설윤,neutral,domain-lexicon-v1.1
5974,6891959,35296189,35296145,2026-07-16 23:15:38,@설윤,neutral,domain-lexicon-v1.1
5974,6891959,35296150,35296150,2026-07-16 23:14:18,안웃기니까 이건 똥글임,neutral,domain-lexicon-v1.1
5974,6891959,35296169,35296169,2026-07-16 23:14:55,기대할께 아니면 무딱이는 이제 발언권없는거야,positive,domain-lexicon-v1.1
5974,6891959,35296198,35296169,2026-07-16 23:15:59,@설윤 이제 없는거야,neutral,domain-lexicon-v1.1
5974,6891959,35296172,35296172,2026-07-16 23:15:03,너무 웃기네요,neutral,domain-lexicon-v1.1
5974,6891978,35296248,35296248,2026-07-16 23:18:25,구구절절 옳은 말뿐이시네,neutral,domain-lexicon-v1.1
5974,6891978,35301094,35296248,2026-07-17 04:59:59,ᄏᄏᄏᄏᄏᄏ,neutral,domain-lexicon-v1.1
5974,6891978,35296312,35296312,2026-07-16 23:21:15,이 글 보고 스인미 크오솔 너프 하기로 결정했다네요,negative,domain-lexicon-v1.1
5974,6891978,35296432,35296432,2026-07-16 23:26:08,글이 ᄌᄂ 웃기네 걍 ᄏᄏᄏᄏᄏᄏᄏᄏᄏᄏᄏᄏᄏᄏᄏᄏᄏᄏᄏ,neutral,domain-lexicon-v1.1
5974,6891978,35296467,35296467,2026-07-16 23:27:55,ᄏᄏᄏᄏᄏᄏᄏᄏ 그냥 얼탱이가 없네 ᄏᄏᄏᄏᄏ,neutral,domain-lexicon-v1.1
5974,6891978,35296507,35296507,2026-07-16 23:29:47,제로 8번 리셋에서 납득가네,neutral,domain-lexicon-v1.1
5974,6891978,35296508,35296508,2026-07-16 23:29:49,진짜 정성스럽게 개소리하네 ᄏᄏᄏᄏᄏᄏ,neutral,domain-lexicon-v1.1
5974,6891978,35296510,35296510,2026-07-16 23:29:54,근하하하하 옆동네서 오셨나봐요ᄋᄋ,neutral,domain-lexicon-v1.1
5974,6891978,0,0,2026-07-16 23:31:46,삭제된 코멘트입니다.,neutral,domain-lexicon-v1.1
5974,6891978,35296552,35296514,2026-07-16 23:31:46,메카닉 데티 해방 ᄃᄃ,neutral,domain-lexicon-v1.1
5974,6891978,35296520,35296520,2026-07-16 23:30:30,스인미 크오솔 시퀀스에 넣게 해줘라,neutral,domain-lexicon-v1.1
5974,6891978,35296521,35296521,2026-07-16 23:30:31,작성자는 그만 정신을 잃고말았습니다,neutral,domain-lexicon-v1.1
5974,6891978,35296529,35296529,2026-07-16 23:30:46,솔 에르다 윌한테 발리네,neutral,domain-lexicon-v1.1
5974,6891978,35296532,35296532,2026-07-16 23:30:53,국가권력급 드립생각나네 ᄏᄏ,neutral,domain-lexicon-v1.1
5974,6891978,35296535,35296535,2026-07-16 23:31:00,십ᄏᄏᄏᄏ 3분은 버티는,neutral,domain-lexicon-v1.1
5974,6891978,35296537,35296537,2026-07-16 23:31:04,설득력 ᄉᄇ,neutral,domain-lexicon-v1.1
5974,6891978,35296588,35296588,2026-07-16 23:33:03,서사를 붙이니까 굉장한 스킬이네...,neutral,domain-lexicon-v1.1
5974,6891978,35296597,35296597,2026-07-16 23:33:19,진짜 어이가 없네 ᄏᄏᄏᄏ,neutral,domain-lexicon-v1.1
5974,6891978,35296604,35296604,2026-07-16 23:33:41,감동적인 내용에 눈물이 나오네요...,neutral,domain-lexicon-v1.1
5974,6891978,35296608,35296608,2026-07-16 23:33:51,그런 대단한 스킬을 공짜로 주는 윌님은 얼마나 천사이신거냐,neutral,domain-lexicon-v1.1
5974,6891978,35296628,35296628,2026-07-16 23:34:17,레거지들은 그냥 감사함을 모름 ᄏᄏ,positive,domain-lexicon-v1.1
5974,6891978,35296630,35296630,2026-07-16 23:34:23,메카닉 싫어하니..?,neutral,domain-lexicon-v1.1
5974,6891978,35296641,35296641,2026-07-16 23:34:34,왜 자꾸 루미더러 검마가 환골탈태 하면서 버린 검마찌꺼기라고 비하하냐!! 우우 나빳다!,neutral,domain-lexicon-v1.1
5974,6891978,35296656,35296656,2026-07-16 23:35:20,가자 미하일! 여제님을 지키자!!,neutral,domain-lexicon-v1.1
5974,6891978,35296663,35296663,2026-07-16 23:35:55,이글 보니까 9월에 스인미 크오솔 너프 확정이네,negative,domain-lexicon-v1.1
5974,6891978,35296669,35296669,2026-07-16 23:36:17,스잘알로서 말하는데 전부 펙트임ᄏᄏᄏᄏ 근데 이게 사실 엄청 대단한건 아닌데 말을 ᄌᄂ 잘해서 대단하게 들리는 케이슼ᄏᄏᄏᄏᄏᄏᄏᄏ 말 개잘하네 모르는 사람이 들으면 검마도 때려잡을것처럼 들림,neutral,domain-lexicon-v1.1
5974,6891978,35296672,35296672,2026-07-16 23:36:20,이제 다들 미쳐가기 시작하고있네 ᄏᄏᄏᄏᄏᄏᄏᄏᄏᄏᄏᄏᄏᄏᄏᄏ,neutral,domain-lexicon-v1.1
5974,6891978,35296723,35296723,2026-07-16 23:39:03,아 오랫만에 크게 웃었네 ᄏᄏᄏᄏᄏᄏᄏ,neutral,domain-lexicon-v1.1
5974,6891978,35296813,35296731,2026-07-16 23:43:06,ᄌᄂ쌔보인다,neutral,domain-lexicon-v1.1
5974,6891978,35296816,35296731,2026-07-16 23:43:20,아아.. 숭고한 은혜....,neutral,domain-lexicon-v1.1
5974,6891978,35300464,35296731,2026-07-17 03:33:40,공용코어 스인미 크오솔 강화 및 코어 오픈시 시퀀스가능 ᄃᄃ,neutral,domain-lexicon-v1.1
5974,6891978,35296761,35296761,2026-07-16 23:40:49,미황 진짜 씹간지네,neutral,domain-lexicon-v1.1
5974,6891978,35296880,35296880,2026-07-16 23:47:39,바로 납득해버림,neutral,domain-lexicon-v1.1
5974,6891978,35296890,35296890,2026-07-16 23:48:04,진행이 빠르네...,neutral,domain-lexicon-v1.1
5974,6891978,35297507,35296890,2026-07-17 00:18:49,지금 타협 중인듯?,neutral,domain-lexicon-v1.1
5974,6891978,35300981,35296890,2026-07-17 04:41:16,@한조의유혹 이정도면 우울같은데,neutral,domain-lexicon-v1.1
5974,6891978,35296913,35296913,2026-07-16 23:49:19,스토리가 있으니깐 그럴싸한데?,neutral,domain-lexicon-v1.1
5974,6891978,35296997,35296997,2026-07-16 23:53:41,ᄏᄏᄏᄏᄏᄏᄏᄏ개웃기네,neutral,domain-lexicon-v1.1
5974,6891978,35297037,35297037,2026-07-16 23:55:50,흐즈믈르그..........,neutral,domain-lexicon-v1.1
5974,6891978,35297225,35297225,2026-07-17 00:07:30,음해해서 죄송합니다 가성비 스펙업의 goat시여,neutral,domain-lexicon-v1.1
5974,6891978,35297387,35297387,2026-07-17 00:14:08,윌 클탐ᄏᄏᄏᄏᄏ 생각도 못했네,neutral,domain-lexicon-v1.1
5974,6891978,35297439,35297439,2026-07-17 00:16:10,그럴꺼면 쑈발 6차에 스인미 크오솔 강화하게 해주던가,neutral,domain-lexicon-v1.1
5974,6891978,35297522,35297522,2026-07-17 00:19:46,필력 ᄊᄉᄐᄎ ᄏᄏᄏᄏᄏᄏ,neutral,domain-lexicon-v1.1
5974,6891978,35297896,35297896,2026-07-17 00:37:59,저번글도 그렇고 글 재미있게 잘쓰네ᄏᄏ 자주써줘라 메붕아,positive,domain-lexicon-v1.1
5974,6891978,35298252,35298252,2026-07-17 00:55:38,세상이 멸망해도 윌은 그것보다 3분은 더 산다,neutral,domain-lexicon-v1.1
5974,6891978,35298802,35298802,2026-07-17 01:28:11,그 스인미 크오솔을 합친것보다 4배는 쌘 헤카테는 도데체..,neutral,domain-lexicon-v1.1
5974,6891978,35299276,35299276,2026-07-17 01:56:11,ᄅᄋ 스인미 크오솔이 조스로 보이나,neutral,domain-lexicon-v1.1
5974,6891978,35299489,35299489,2026-07-17 02:11:23,가성비의 goat.,neutral,domain-lexicon-v1.1
5974,6891978,35301153,35301153,2026-07-17 05:14:34,진짜 윌이 스토리상 예상 외의 초강자긴 함. 타나가 초월자 자격없는 버러지일 수도 있지만. ᄅᄋ스토리로만 보면 팩트네...,neutral,domain-lexicon-v1.1
5974,6891978,35301203,35301203,2026-07-17 05:21:45,뭣! 유일무이하다고? 지금 대마왕 발록님님님을 무시하는거냐??,neutral,domain-lexicon-v1.1
5974,6891978,35302175,35302175,2026-07-17 08:13:25,어이가없네ᄏᄏᄏᄏᄏᄏᄏᄏ,neutral,domain-lexicon-v1.1
5974,6891978,35317379,35317379,2026-07-17 20:03:13,근데 다 ᄌ밥아님? 진짜모름,neutral,domain-lexicon-v1.1
5974,6891978,35320341,35320341,2026-07-17 22:43:27,솔 스인미 / 솔 크오솔,neutral,domain-lexicon-v1.1
5974,6891994,35296359,35296359,2026-07-16 23:23:20,인플레때문에 어쩔수없나 싶긴한데 많이아쉽긴해...,negative,domain-lexicon-v1.1
5974,6891994,35296466,35296359,2026-07-16 23:27:54,인플레때문이라면 2.5% 줄바에 걍 안내는게 낫다고 봄,neutral,domain-lexicon-v1.1
5974,6891994,35296566,35296359,2026-07-16 23:32:21,@수큐작 그래도... 일단은 퍼먹어봄...,neutral,domain-lexicon-v1.1
5974,6891994,35296846,35296359,2026-07-16 23:45:12,근데 수백억짜리 스킬인데 최종뎀3%는 좀 그렇긴해,neutral,domain-lexicon-v1.1
5974,6891994,35296962,35296359,2026-07-16 23:51:55,내긴 내야하는데 막상 내려니까 지금도 인플레땜에 물욕템 가치 개박아서 진퇴양난이긴함 ᄅᄋ,neutral,domain-lexicon-v1.1
5974,6891994,35297105,35296359,2026-07-16 23:59:28,@노닉 1렙만열어도 1퍼상승은될거같은디 그정도면가성비아닐까,neutral,domain-lexicon-v1.1
5974,6891994,35299114,35296359,2026-07-17 01:47:01,@수큐작 조각 쌀먹하라고 조각 수급처를 만드는거자나 근데 4000개 드는거에 비해 딜량이 좀 아쉽긴 함 중저스펙은 얼마 안찍을거 같고 고스펙은 혜자라서 격차만 더 벌어지는 꼴 근데 페이투윈겜이라 어쩔수 없음 9렙까지 효율 좋으면 괜찮을듯,negative,domain-lexicon-v1.1
5974,6891994,35306478,35296359,2026-07-17 12:05:13,@수큐작 ᄅᄋ 비용 15퍼 정도 줄여준 거 가지고는 택도 없음... 한 70퍼 줄여줘도 수긍할까말까 아닐까요?,neutral,domain-lexicon-v1.1
5974,6891994,35296458,35296458,2026-07-16 23:27:37,미쳤냐?? 어딜 김창섭을 욕해,neutral,domain-lexicon-v1.1
5974,6891994,35296473,35296458,2026-07-16 23:28:08,넵,neutral,domain-lexicon-v1.1
5974,6891994,35296482,35296458,2026-07-16 23:28:34,아니 근데 저 발언을 보고 안 미칠 수가 있음? 니 부처냐?,neutral,domain-lexicon-v1.1
5974,6891994,35296862,35296458,2026-07-16 23:46:02,@수큐작 너무슬픔..메린이라 저거열고 스펙업해서 시원하게 하드 메이린잡는 꿈꿨다... 꿈이였다... 여름이었다.,neutral,domain-lexicon-v1.1
5974,6891994,35297312,35296458,2026-07-17 00:10:32,@Eden ᄅᄋ,neutral,domain-lexicon-v1.1
5974,6891994,35300588,35296458,2026-07-17 03:48:32,신격화는 역시 노인장 ᄏᄏ,neutral,domain-lexicon-v1.1
5974,6891994,35303243,35296458,2026-07-17 09:30:49,진짜신인줄아나 개창섭 비꼰건데,neutral,domain-lexicon-v1.1
5974,6891994,35296527,35296527,2026-07-16 23:30:42,창섭이형 의도가 궁금해집니다 ᅲᅲ,neutral,domain-lexicon-v1.1
5974,6891994,35296730,35296730,2026-07-16 23:39:29,김창섭씨 최대 단점이 뭔가 큰 그림을 그리는 거 같은데 뭘 그리는지 안알려주는 거라고 생각함.,neutral,domain-lexicon-v1.1
5974,6891994,35296801,35296730,2026-07-16 23:42:29,맞음 심지어 목적지 설정하고 가는 택시기사님이 길 돌아갈때조차 불안한 마음이 드는데 창섭기사님은 목적지가 어디인지도 모르겠고 얼마나 돌아가는지 알 방법도 없어서 걍 ᄌᄂ 불안함. 그리고 그 큰 그림 패치가 들어왔을 때 인게임적 타격이 큰 경우가 있어서 종잡을 수가 없음,neutral,domain-lexicon-v1.1
5974,6891994,35298096,35296730,2026-07-17 00:47:38,신창섭의 큰그림은 지갑 열게만들기....,neutral,domain-lexicon-v1.1
5974,6891994,35300085,35296730,2026-07-17 02:54:06,"게임사의 최종 목적지는 유저의 즐거움이 아니라, 게임사의 이익입니다 감사합니다",positive,domain-lexicon-v1.1
5974,6891994,35303252,35296730,2026-07-17 09:31:32,뭔큰그림 ᄏᄏ그냥 챌섭한정겜으로가는게 이게임의미래임,neutral,domain-lexicon-v1.1
5974,6891994,35307346,35296730,2026-07-17 12:46:44,@우히님 노인장 노관심,neutral,domain-lexicon-v1.1
5974,6891994,35296775,35296775,2026-07-16 23:41:24,갠적으로 내년 여름을 만렙확장을 보는거같은데 그거때문에 보수적으로 하는거같은 느낌이,neutral,domain-lexicon-v1.1
5974,6891994,35296855,35296775,2026-07-16 23:45:38,"그니깐 보수적으로 잡는거 다 이해함. 근데 2.5%는 암만 이해하려하고 보수적으로 보려고 해도 이해가 안 가는 수치고, 쇼케로 어그로 끈 다음에 유저들 끌어모은 상태로 낼만한 수치는 더더욱 아니라는거임. 이럴바에 걍 내지 말고 정상적인 딜량의 스킬을 나중에 내는게 낫다는거임",neutral,domain-lexicon-v1.1
5974,6891994,35296868,35296775,2026-07-16 23:46:43,@수큐작 이럴거면 헥사4 내는게 나앗지 왜 준비도 안된 스킬을 내는거임,neutral,domain-lexicon-v1.1
5974,6891994,35296933,35296775,2026-07-16 23:50:23,@봉인된아델 ? 그러네?? 헥사가 대충 3.5~4퍼 아니었나? 이런시발,neutral,domain-lexicon-v1.1
5974,6891994,35296990,35296775,2026-07-16 23:53:15,@봉인된아델 지금 헥사4 냈으면 인플레 온다고 스탯 상승량 너프해서 냈을듯 꼬라지보니까 불가능한 얘기도 아닌 거 같음..,negative,domain-lexicon-v1.1
5974,6891994,35297003,35296775,2026-07-16 23:53:59,@시엘 차라리 이게 낫지 준비도 안된 스킬 내놔서 스킬 구조 씹창내놨는데 퍼뎀도 조정 안해주면 걍 접으라는 소리 돌려서 하는거잖아,neutral,domain-lexicon-v1.1
5974,6891994,35297032,35296775,2026-07-16 23:55:35,@봉인된아델 그러네.. 당장 헥사4를 냈어도 스탯 상승량 너프해서 냈을거란 생각에 잠시 망각했는데 구조도 씹창나고 대미지도 씹창났었지.. 하이고 씨팔....,negative,domain-lexicon-v1.1
5974,6891994,35297475,35296775,2026-07-17 00:17:43,@수큐작 존나 맞는말임 근데 인플레 걱정되면 걍 ᄉᄇ 내질마,neutral,domain-lexicon-v1.1
5974,6891994,35296837,35296837,2026-07-16 23:44:36,좀 시원하게 올려주고 결정석 너프 걍 하지,negative,domain-lexicon-v1.1
5974,6891994,35296843,35296837,2026-07-16 23:44:47,이제는 기대도 안될듯 차피 2~3퍼면,positive,domain-lexicon-v1.1
5974,6891994,35296857,35296857,2026-07-16 23:45:42,이게맞나? 싶긴했음,neutral,domain-lexicon-v1.1
5974,6891994,35296920,35296920,2026-07-16 23:49:45,걍 말이 안됨 블래는 바쁜 와중에 더킹/스웨이로 캔슬 안되는 평딜기 하나 추가됐는데 그딴 스킬이 3퍼 상승이래 이게 말이냐,neutral,domain-lexicon-v1.1
5974,6891994,35296934,35296934,2026-07-16 23:50:27,6차 리셋하고 다시 찍는거 고역이더만 솔 갯수 제한 때문에,neutral,domain-lexicon-v1.1
5974,6891994,35296935,35296935,2026-07-16 23:50:30,"걍 믿고 기다리면 뭐 창섭이가 증명하겠지만 밸런스,인플레에서는 전적이 그렇게 좋지않고 미리 구체적인 설명을 주면 똥개마냥 기다리기라도 하겠는데 아무말도 안하고 9월까지 존버해달라 이건 진짜 리얼로다가 똥개조련이랑 다를게없긴해",neutral,domain-lexicon-v1.1
5974,6891994,35296970,35296935,2026-07-16 23:52:18,그니까 헥사 관련 뭐 건드리는거면 어차피 초기화권 준다고 한 마당에 좀 말이라도 해주면 안됐나 싶지,neutral,domain-lexicon-v1.1
5974,6891994,35296999,35296935,2026-07-16 23:53:56,@수큐작 ᄅᄋ 나 진짜 강원기 존나싫어해서 진짜 대꺠창섭인데 대가리 반타작나도 걍 신창섭인데 이번엔 좀 삔도나감,neutral,domain-lexicon-v1.1
5974,6891994,35296960,35296960,2026-07-16 23:51:50,코어 밸런스 조정 벌써부터 존나 무서운게 결국 저건 헥사 강화랑 딜 구조로 청기백기 하겠다고 대놓고 선언한거임 헥사 초기화권 준다고 쳐. 근데 기존 스킬에서 딜 떼가서 신규 스킬에 배분하는데 이게 기분이 좋을까? 난 전혀 아닐 거 같음 그리고 이새끼들 작년 전투경험개선 패치 생각해보면 딜 구조 이상해지는 직업 무조건 하나 이상 나옴,neutral,domain-lexicon-v1.1
5974,6891994,35296992,35296960,2026-07-16 23:53:30,ᄋᄋ 글에 써놨잖아. 지들은 일하면서 휴먼애러 ᄌᄂ 많이 내면서 유저들에겐 ai적인 판단을 요구함. 암만 총딜량 같다해도 줬다가 뺐는걸 누가 좋아하겠냐고,neutral,domain-lexicon-v1.1
5974,6891994,35297004,35297004,2026-07-16 23:54:00,인플레 올 까봐 신규코어 쎄게 못 주겠으면 평소에 밸패를 좀 많이 해서 5차 지분을 야금야금 낮춰 놓던가 아~무 밸패도 안 하다가 이제와서 신규코어 내려니 인플레 올까봐 보수적으로 ᄏᄏᄏᄏᄏᄏ진짜 어이가 없다,neutral,domain-lexicon-v1.1
5974,6891994,35297013,35297013,2026-07-16 23:54:40,유입들여오면 뭐해 저렇게 계속 실책성 패치 나오면 정착보다 떠나는게 가속화될뿐인데,neutral,domain-lexicon-v1.1
5974,6891994,35297023,35297023,2026-07-16 23:55:11,헤카테가 그냥 점유율이 4퍼쯤 나오게하고 공코랑 신규코어에 1~2%씩 더 가야했던게 맞음 헤카테는 이미 짧바인드에 무적기 이거만으로도 다 좋아했을거라서,neutral,domain-lexicon-v1.1
5974,6891994,35297090,35297023,2026-07-16 23:58:50,결국 시발점은 공코가 너무 쎄게 나온게 맞는 것 같은데 그러면 실수를 했으면 그건 엎질러진 물이다 치고 그 위에다가 수습을 해야하는데 거따가 똥볼 터뜨리고 있는 꼴임,neutral,domain-lexicon-v1.1
5974,6891994,35297077,35297077,2026-07-16 23:57:58,지금도 익세 솔플 스펙 되는 캐릭이 4천캐릭이라 흠... 싶다가도 기운 최대 개수 늘린김에 요구량 ᄌᄂ 늘리고 딜도 세게하면 어떨가 싶은데 아니면 헥사스탯을 내든지 했어야지,neutral,domain-lexicon-v1.1
5974,6891994,35297116,35297077,2026-07-17 00:00:00,ᄋᄋ 공감함 비용 낮추고 약한거보단 비싸고 쎈게 훨씬 낫지,neutral,domain-lexicon-v1.1
5974,6891994,35297186,35297186,2026-07-17 00:04:52,이럴거면 공코를 내지 말던가 6차 스킬인데 2.5퍼는 너무 짜침,neutral,domain-lexicon-v1.1
5974,6891994,35297223,35297223,2026-07-17 00:07:20,골때리는게 코어 밸런스 맞추면 상대적으로 점유율 높은 마코랑 공코거 떼서 이번 스킬에 떼 주겠다는거로밖에 안보인다 신규스킬 문제가 열면 구조가 이상하게 변해버리는 직업들도 있는데 그 고생해가면서 얻는 리턴이 2~3%는 흠.. 게다가 심지어 그 재화도 좀 많이들어가는데 이게 맞나 싶다,negative,domain-lexicon-v1.1
5974,6891994,35297598,35297598,2026-07-17 00:22:58,딜 인플레가 걱정되면 유틸이나 편의성 위주로 넣어주던가 아예,neutral,domain-lexicon-v1.1
5974,6891994,35297674,35297674,2026-07-17 00:27:11,"계속 뭔가 시도하는데 점점 지 ᄌ대로 하는게 보이니까 빡이치는거지. 그냥 신스킬 쳐내지말고 코어밸런스 조정없이 수치딸깍이나 쳐하는게 훨씬 나을듯. 업데이트 피쳐늘려보려고 사실상 5차신스킬수준인걸 꾸역꾸역집어처넣더니 인플레걱정으로 보수적으로 측정ᄏᄏ 인플레는 공짜로 시켜줬냐? 제네패스, 챌패스, 제네플러스 전부 다 돈받아처먹고 팔아놓고선 인플레는 통제? 이게 뭔 개같은 운영일까",neutral,domain-lexicon-v1.1
5974,6891994,35297911,35297911,2026-07-17 00:38:38,난 라방 재밌게 봤는데. 딱히 화는 안나더라,neutral,domain-lexicon-v1.1
5974,6891994,35299260,35299260,2026-07-17 01:55:05,수큐 애비가 화가 많이 났어요,neutral,domain-lexicon-v1.1
5974,6891994,35300884,35300884,2026-07-17 04:23:39,쇼케딸은 쳐야해서 신스킬은 내야하고 인플레는 걱정되고 그냥 씨발 뭐 하려하지마 메이플 운영진들 씹창녀들아,neutral,domain-lexicon-v1.1
5974,6891994,35301065,35301065,2026-07-17 04:55:31,분노조절장애 있음? 별거도 아닌걸로 이새끼들 불만 ᄌᄂ 많네,neutral,domain-lexicon-v1.1
5974,6891994,35301568,35301568,2026-07-17 06:41:18,근데 맘에 안들면 걍 안열면 되는거아니야? 왤캐 불만이여 효율 안좋으면 그냥 코어안열고 그돈으로 템 맞추면 되는거자나,neutral,domain-lexicon-v1.1
5974,6891994,0,0,2026-07-17 07:48:46,삭제된 코멘트입니다.,neutral,domain-lexicon-v1.1
5974,6891994,35301949,35301944,2026-07-17 07:48:46,원래같으면 반년에 5-6% 스킬 하나나오는거 일더해서 두개 2.5-3%씩 냈더니 욕처먹는상황 ᄏᄏ 창섭이랑 개발진들도 노인장숭좍이들한테 선동당하는애들 보면 ᄌ같긴할듯,neutral,domain-lexicon-v1.1
5974,6892029,35296499,35296499,2026-07-16 23:29:12,조각 혐사련들 고민이 깊어질거 생각하면 나름 괜찮은듯,neutral,domain-lexicon-v1.1
5974,6892029,35296829,35296829,2026-07-16 23:44:01,시즌 4739573847호 메이플 수명론,neutral,domain-lexicon-v1.1
5974,6892029,35296853,35296853,2026-07-16 23:45:33,인플레 걱정할거면 유챔을 첨부터 내지말던가,neutral,domain-lexicon-v1.1
5974,6892029,35296944,35296853,2026-07-16 23:50:51,유챔없엇으면 템값이 지켜졋을까 하나만키우는사람이 압도적으로많을틴데,neutral,domain-lexicon-v1.1
5974,6892029,35297016,35296853,2026-07-16 23:54:50,인플레는 걱정되고 템값은 지키고싶고 메소가치는 유지시키고싶고 결정석은 깍아야겠고 근데 깍으면 민심 안좋아지고 딜레마에 빠진거임,neutral,domain-lexicon-v1.1
5974,6892029,35297133,35296853,2026-07-17 00:00:54,ᄅᄋ,neutral,domain-lexicon-v1.1
5974,6892029,35298639,35296853,2026-07-17 01:18:36,@민트라이온 어차피 6유챔 되는 순간 템값 다시 내려감 걍 미봉책임,neutral,domain-lexicon-v1.1
5974,6892029,35300613,35296853,2026-07-17 03:51:43,@돌돔돌돔 그게 근데 메벤에서 원하던거아니었음?ᄏᄏ,neutral,domain-lexicon-v1.1
5974,6892029,35301995,35296853,2026-07-17 07:54:43,@Mcmidi 그때되면 또 다른살을파내서 연명할거임,neutral,domain-lexicon-v1.1
5974,6892029,35296860,35296860,2026-07-16 23:45:50,사실상 진짜 미래를 판 건 메이플하는 유저고,neutral,domain-lexicon-v1.1
5974,6892029,35313246,35296860,2026-07-17 17:24:16,뼈 때리네,neutral,domain-lexicon-v1.1
5974,6892029,35296869,35296869,2026-07-16 23:46:44,"미래를 팔거면 돈이라도 뽑아먹는 모양새가 나와야 하는데 이건 창섭이가 감이 뒤지게 없거나, 9월에 낸다는 큰그림을 지 혼자 알고 있어서 그럼",neutral,domain-lexicon-v1.1
5974,6892029,35296877,35296877,2026-07-16 23:47:13,진짜 업데이트에서 젤 기대한건데 이따구로나오니까 너무 팍식음,positive,domain-lexicon-v1.1
5974,6892029,35296884,35296884,2026-07-16 23:47:49,미래를 판것치곤 얻은게 없는데,neutral,domain-lexicon-v1.1
5974,6892029,35296886,35296886,2026-07-16 23:47:51,근데 기대치를 낮추는 건 오히려 수명에 좋은 거 아닌가..? 수명은 보통 기대치를 과하게 끌어올려서 충족시키기 힘든 상태를 말하는 거지,positive,domain-lexicon-v1.1
5974,6892029,35296892,35296892,2026-07-16 23:48:09,이제 누가 신스킬 나온다고 기대할까 그리고 잘모르는 유입 뉴비들한테 기존 유저가 어떤식으로 말하고 다닐까.. 안봐도 답 나오네,positive,domain-lexicon-v1.1
5974,6892029,35296901,35296901,2026-07-16 23:48:35,미래를 팔았는데 왜 보수적임? 반대로 미래를 너무 걱정하니 보수적으로 잡아서 기대치 이하의 스킬이 나온건데,positive,domain-lexicon-v1.1
5974,6892029,35297000,35296901,2026-07-16 23:53:58,미래의 흥행을 판거지. 이제 쇼케에서 신스킬 공개해도 반응이 '저거 어차피 까보기전에 모른다' 가 디폴트가 될텐데 이런 반응 없애려면 얼마나 개쩌는 스킬일지는 스스로 증명해야할거고,neutral,domain-lexicon-v1.1
5974,6892029,35297014,35296901,2026-07-16 23:54:42,뜻은 이해했는데 글 자체 맥락은 미래 '스킬에 대한 사람들의 기대감'을 팔았다는 거라서 너무 단어 하나에 매몰된 느낌인데,positive,domain-lexicon-v1.1
5974,6892029,35297094,35296901,2026-07-16 23:58:57,현재를 팔고 미래를 취하는게 보수적인건데 이건 미래를 판 주제에 현재도 십창났음 그냥 보수적인게 아니라 무능한거임,neutral,domain-lexicon-v1.1
5974,6892029,35297129,35296901,2026-07-17 00:00:39,@면각 보수적/진보적 따질거 없이 무능한거임 ᄋᄋ,neutral,domain-lexicon-v1.1
5974,6892029,35297478,35296901,2026-07-17 00:17:50,앞으로 신스킬 기대 안된다는 말인데 문맹들 많구나,positive,domain-lexicon-v1.1
5974,6892029,35298170,35296901,2026-07-17 00:51:07,@현우 오히려 후반에 그냥 10퍼짜리 스킬 줘버리면 '스킬에대한 사람들의 기대감'은 한방에 극복 가능하다고봄 보수적으로 지금 스킬낸게 당장은 ᄌ같긴해도 생각한거긴한거같음...,positive,domain-lexicon-v1.1
5974,6892029,35298264,35296901,2026-07-17 00:56:01,"@현우 그걸 미래를 팔았다고 표현할 거면 김창섭이 편의성 패치 빨리빨리 다 해놓으면 그것도 미래를 판 거네? 미래에 환호성 지르게 할 패치 섹터의 한 부분이 사라진 거니까 ""기대치를 낮춘 상태""는 오히려 장기적으로 만족하기 쉬워진 상태인 거라 만족감 측면에선 오히려 좋은 거임 오히려 곧 만족감으로 바뀔텐데 특정 시점에서만 잠깐 기대감이 없어진 상태는 별 의미 없는 거고 잘못된 표현을 써놓고 단어 하나에 매몰 어쩌고 하면서 대충 팩트인 척하는 거 누가 시작한 거냐 요즘 ᄏᄏ뭔 만능 방패 마냥 저 표현이 쓰이네",positive,domain-lexicon-v1.1
5974,6892029,35298376,35296901,2026-07-17 01:01:56,@래퍼런스 머리차게하고 다시 생각해보니까 대응안하는게 맞는거같넴 억까논리 말이안통하것넴,neutral,domain-lexicon-v1.1
5974,6892029,35298400,35296901,2026-07-17 01:03:08,@신규 나는 지금 스킬에 별 생각 없음 그냥 글 맥락은 이런 내용인데 댓글이 지적하는 내용은 핀트가 어긋났다는 거지,neutral,domain-lexicon-v1.1
5974,6892029,35298410,35296901,2026-07-17 01:03:39,"@현우 뭐라는 거야 진짜 난독임? ""편의성 패치를 다 해놓으면"" 더 이상 편의성 패치를 할 것도 없을 정도로 기존 문제점 다 해결해놓고 신규 컨텐츠도 편의성 문제가 없게 출시되면 그게 오히려 미래를 팔았다고 말할 거냐고 묻는 건데? 이걸 더더 풀어서 설명해줘야 하나? 어떤 행동이 특정한 부분에서 사소한 단점이 있고,오히려 장기적으로는 더 좋은데 그걸 미래를 팔았다고 표현할 거냐고 묻는 거야 아 물론 지금 말하는 건 6차가 이따위로 나온 걸 사소하다고 하는 게 아니라 기대감을 낮췄다라는 부분에서 파생되는 단점이 사소하다는 소리임 또 난독할까봐",mixed,domain-lexicon-v1.1
5974,6892029,35298459,35296901,2026-07-17 01:06:37,"@래퍼런스 기대치가 낮은게 종류가 다르잖아 해줄거라도 기대도 안했을 부분이랑 해봤자 십창날거라고 기대한 부분은 다르지 니가 말한건 전자, 본문은 후자 전자는 나오면 일단 사람들이 좋아한다는거고 후자는 쇼케에 나와도 기대를 안하게 된다는거임",positive,domain-lexicon-v1.1
5974,6892029,35298583,35296901,2026-07-17 01:15:26,@꽃잎클로버 뭐라는 거야 기대치가 낮은 건 무조건적으로 만족이 쉬운 상태임 이건 논쟁의 여지도 가치도 없어 쇼케에 나와도 기대가 안 된다?그냥 본인이 스킬 소개한 다음에 말을 하면 돼 쌔게 나온다고 김창섭이 벙어리도 아니고 ᄌᄂ간단한 거임 문제를 복잡하게 만들려고 하지마 아무 의미 없는 거야 그냥 스킬이 좋게 나오기만 하면 아무런 상관도 없어 미래의 김창섭이 어떻게 할지만이 중요한 거지 현재의 김창섭의 행동은 작성자가 말하는 장기적 관점에서는 아무런 마이너스도 아니야,mixed,domain-lexicon-v1.1
5974,6892029,35298644,35296901,2026-07-17 01:18:43,@래퍼런스 그니까 좋은 퀄리티임을 입증하면 된다고 위에 말 나와있지 않음? 그리고 그마저도 한번 나온 다음에야 회복 가능한 부분이잖암,neutral,domain-lexicon-v1.1
5974,6892029,35298722,35296901,2026-07-17 01:23:08,"@꽃잎클로버 그러니까 그걸 알면서도 ""미래를 팔았다""라고 표현한다면 그건 머리가 나쁘거나 아님 어그로라고 글을 반만 읽는 거임? 그렇게 해서 간단히 해결될 문제에 무슨 미래를 팔고 말고가 있음? 한 번 나온 다음에야?아니 본인이 쓴 글을 까먹은 건가 ""쇼케에 나와도 기대를 안 하게 된다"" 쇼케에 나오자마자 바로 해소시킬 수 있는 상태라고 그 전까지 기대를 안 하게 되는 건?그게 뭔 상관이야 지금 고작 쇼케이스 날짜 뜨고 한 달 간 신규 스킬을 기대하지 않게 되는 그런 사소한 문제점이 대단한 거라고 말하고 싶은 거임? 그걸 사소하다고 쓴 내 글은 또 안 읽은 거임? 이걸 내가 왜 설명해야 하는 거지",mixed,domain-lexicon-v1.1
5974,6892029,35298951,35296901,2026-07-17 01:37:53,어떤 병신하나가 작성자한테 따져야 할 걸 작성자 본문 뜻풀이해준 사람들한테 따지고 있네ᄏᄏ,neutral,domain-lexicon-v1.1
5974,6892029,35298978,35296901,2026-07-17 01:39:02,"@래퍼런스 그니까 미래에 더 큰걸 줘야한다는거잖음 운영진은 무한하게 퍼줄 수 있는것처럼 보여도 최대한 조금만 주려고 노력하고 있는데 그게 미래에 깨진다는거임 그리고 단순히 수치적인걸 넘어서 쇼케이스는 기대감과 활력을 넣는 무대인데 거기서 스킬코어 나와도 반응 애매할수 있지 '또 3퍼짜리 스킬 아니야?' 생각 날거니까 쇼케에서 수치를 공개하진 않을테니 지난번과 다르게 확실히 강해지게 한다. 이런 표현이 들어가야 사람들이 기대할거 아님? 만약 다음에 뭐 10퍼짜리 스킬 나온다고 치자 그러면 그 다다음 쇼케에서 또 그만큼 기대하게 될거고 앞으로 뭐 나오면 계속 비교 당하겠지 유틸 퍼주기를 계속 할 수도 없잖음 아니면 5~6퍼 나온다고 치자 이걸로 과거의 민심을 수습할 수 있냐? 없지 걍 나오면 좋고 아님 말고지 'ᄋᄋ 이게 맞지' 이정도 반응이겠지 뭐 다음에도 3퍼짜리 주면 말할것도 없고 그러면 이제 단순 딜량 증가를 넘어서 더 새로운 뽕맛, 성능, 시청각적 쾌감 이런걸 넣어줘야 한다는 ",positive,domain-lexicon-v1.1
5974,6892029,35299214,35296901,2026-07-17 01:52:04,@꽃잎클로버 문제는 복잡하게 보면서 세상은 되게 단순하게 보네 아니 길게 말할 필요가 없어 신뢰는 바로 되찾을 수 있고 기대치를 점점 상향해서 맞춰줄리도 없고 그래야만 하는 것도 아님 애초에 그건 김창섭의 문제도 김창섭이 스킬을 이렇게 병신 같이 낸 탓도 아님 기대치가 높아지는 건 그냥 필연이고 대신 중간 중간 아쉬운 구간은 생기겠지 기대치를 계속 높이지 않기 위한 쉬어가는 구간임 기대 이상의 뭔가를 내기도 하고 기대 이하의 뭔가를 내기도 하고 게임은 그걸 반복하는 거임 좋은 거 다음에 애매한 거 주면 실망하겠지만 객관적으로 나쁜 건 아니라 그런대로 넘어갈 거고 지금은 딱히 기대치가 높은 적도 없었지만 그냥 적당선 이하로 나온 거고 다시 말하지만 아무 상관도 없음 나중에 10퍼짜리 스킬?나올 거 같지도 않지만 나오면 좋은 거고 무슨 낮아진 기대치를 만회하기 위해 억지로 존나 좋은 걸 주고 다음엔 더 좋은 걸 줘야 하는 그런 나쁜 사이클은 없다고 메이플은 원래 기대치를 조절하면서 해왔,mixed,domain-lexicon-v1.1
5974,6892029,35299450,35296901,2026-07-17 02:08:12,"@래퍼런스 너무 대깨메적 마인드 아님? 솔직히 나도 뭐 접을건 아니긴 한데 쇼케이스를 함으로서 잡아둘 수 있는 찍먹, 복귀 왔다갔다 하는 사람이거나 접진 않아도 플레이도 소흘히 하는 그런 사람들을 붙들어 앉힐 수 있는 기회인데 그러니까 쇼케 직후에 사람들이 패치에 대한 기대감을 가지고 활력있게 떠들고 다녀야 한다는거임 그러니까 지금 기대감 채우려고 로드맵 빵빵하게 채우고 패치 볼륨 높히는거잖음 그런데 지금 상태에서 어정쩡한 스킬코어 나오면 사람들이 그 기대감을 가지겠음? 실망감은 누적되는거임. 그리고 라이트 유저나 철새, 연어 등등은 이런게 심하고, 그런걸 잡으려고 하는 쇼케이스인데 기대치를 조절한다고 하면 크라운처럼 내실 다지기를 하거나, 평이한 정도의 업데이트를 보이는 정도여야하지 퀄리티가 낮은건 그냥 무능임",positive,domain-lexicon-v1.1
5974,6892029,35299705,35296901,2026-07-17 02:26:51,"@꽃잎클로버 실망감은 누적<<메이플에서만큼은 절대 하면 안 되는 소리 이 게임은 거의 모든 부분에서 이미 실망할 부분은 다 보여줬음.운영도 ᄡ이지만 운영을 20년 넘게 하고 있는데 모든 분야에서 몇 번씩이나 실망해왔는데 지금 고작 이걸로 뭘 논해야 하는 걸까? 그리고 이미 끝난 얘기는 왜 하는 거임? 어정쩡한 스킬코어가 안 나오면 그만이라니까? 테섭 때까지 분위기 십창낼 거 같으면 그냥 그 자리에서 쌔게 나온다고 대충 말하고 가면 끝날 일이라고 이미 말을 했는데 그럼 ""활력 있게 떠들고 다니기""는 해결된 거임 그리고 평이한 정도여야 기대치 조절이다? 이건 왜 얘기하는 거임 내 글을 읽은 게 맞나 왜 계속 논점을 못 잡지? 이번 스킬 업데이트가 이후로 신규 스킬에 대한 기대감을 한시적으로 낮춘 것이 미래를 팔았다라고 표현할만한 부정적인 요소인가 이게 논점이라고 왜 전혀 상관 없는 말이 계속 나오지",positive,domain-lexicon-v1.1
5974,6892029,35300251,35296901,2026-07-17 03:09:24,@래퍼런스 가장 중요한건 쇼케이스에서 메인이었던 신규스킬을 박았고 그로인해 앞으로 나오는 모든 쇼케이스에서 신스킬 + 새로운 내용에 대해서 하나하나 증명을하고 신뢰를 회복해야함 쇼케이스에서 신규스킬 나온다고 근들갑이란 근들갑은 다 떨었고 일부유저만 즐길 수 있는 신규보스보단 신규스킬쪽이 모두가 만족할 수 있었던 메인 업데이트였는데 그걸 통수패치했는데 앞으로 쇼케에서 진행하는것들에 색안경이 안씌워질까? 라는 의문이 들지않음? 한번 잃은 신뢰를 회복하는건 상당한 노력이 필요하고 김창섭 디렉터가 여태까지 그걸 잘해서 나머지 못한부분들도 어느정도 커버된건데 이번에는 쇼케이후 신규유입시키고 첫 대규모업데이트인 신규스킬을 뭣같이 내버렸으니 기존유저들이야 아... 또 강원기때랑 다를거 없구나 하고 아무생각없이 플레이 하는사람들 많겠지만 신규유저들은? 신규스킬이 나온다해서 기대감 MAX찍고 기대하고있었는데 쓰레기니까 찍지마세요 소리 듣고서 어떤생각을 할지도 고민해야봐야한다고봄,positive,domain-lexicon-v1.1
5974,6892029,35300435,35296901,2026-07-17 03:29:45,"@패력귀황 이미 다 다 말해놓은 걸 가지고 장문으로 했던 말 또 하게 만드는 글만 쓰네 진짜 난독뿐인 거냐? 뭔 신규 유저가 신규 스킬로 기대감 max를 찍어..진짜 뉴비 본 적도 없음? 그냥 버닝 챌섭 나온다고 오는 애들이야 스킬이 아니라 아니 어떤 게임도 새로운 전직이 아니라 그냥 파츠 스킬 하나 추가한다고 그 게임 하자 이런 애들 거의 없어 신규 유저면 그냥 지금 성장도 충분히 바쁘고 신규 스킬 걍 나오면 좋은 무언가일뿐임 어떤 생각을 하긴 어떤 생각을 해 별 생각 없지 ᄏᄏ 작년에 뭔 결정석 너프 했다고 사다리 걷어차는 게임인 걸 유입들이 ""학습""해서 절대 다시 안 돌아온다 뭐다 벤에서 개지랄 염병을 떨었었는데 팩트는 결정석 너프한지도 모른 채로 너프하기도 전에 다 접었어서 아무 의미도 없었고 그냥 고인물 업데이트라고 유저들이 자선해서 여기저기 홍보 때리고 제네패스 안 줘서 안 온 거라고 해석해도 충분한 거였고 근데 그보다도 못한 논리를 내세우네 국내 게임 중에서 메이플만큼 ",mixed,domain-lexicon-v1.1
5974,6892029,35301713,35296901,2026-07-17 07:10:04,@래퍼런스 밸런스에 한해서는 창섭햄 신뢰 씹창났음,neutral,domain-lexicon-v1.1
5974,6892029,35296906,35296906,2026-07-16 23:48:51,그냥 찐빠낸거지 또 미래 어쩌고 뇌절나왔네..,neutral,domain-lexicon-v1.1
5974,6892029,35296910,35296910,2026-07-16 23:49:09,신스킬 쌔게 주는게 더 미래파는 행동인데,neutral,domain-lexicon-v1.1
5974,6892029,35296925,35296925,2026-07-16 23:49:56,너무 근들갑이고,neutral,domain-lexicon-v1.1
5974,6892029,35296945,35296945,2026-07-16 23:50:53,신스킬 점유율 10%로 줘서 개나소나 하흉림 솔플하면 니 보스 리워드 개씹창남 ᄏᄏ,neutral,domain-lexicon-v1.1
5974,6892029,35296963,35296963,2026-07-16 23:52:02,맨날 미래를 팔았대 대체 메이플은 수명이 얼마나 긴거냐?,neutral,domain-lexicon-v1.1
5974,6892029,35296968,35296968,2026-07-16 23:52:15,걍 3월에 공용코어 내지말고 이번스킬코어 쎄게줬어야 공용코어는 걍 유틸용 이런걸로 냅두고,neutral,domain-lexicon-v1.1
5974,6892029,35297026,35297026,2026-07-16 23:55:24,미래를 판게 아니라 이제까지 믿음을 청산한거지,neutral,domain-lexicon-v1.1
5974,6892029,35297046,35297046,2026-07-16 23:56:22,인플레 걱정하실거면 헤카테부터 그렇게 내지말지..,neutral,domain-lexicon-v1.1
5974,6892029,35297061,35297061,2026-07-16 23:57:18,인플레 걱정할거면 헤카테 딜떼다가 신규스킬에 붙여야하는게 맞았다...,neutral,domain-lexicon-v1.1
5974,6892029,35297069,35297069,2026-07-16 23:57:31,근데 어차피 이번에 내놓은거 쎄게 주고 한동안 보스.컨텐츠 내실등 밸패만 주구장창 하면 되는거 아님? 밸패도 이제 너프.하기도 머한게 저번언 딜레이 개선 패치 하면서 단체로 너프 먹었잖음,negative,domain-lexicon-v1.1
5974,6892029,35297099,35297099,2026-07-16 23:59:10,창섭이는 원기 5배 레버리지정도 되는둣,neutral,domain-lexicon-v1.1
5974,6892029,35297113,35297113,2026-07-16 23:59:43,메이플도 과거와 싸우는 그런거임? 전과 다르게 급속 패치 많이 하면서 점진적으로 보수적으로.. 뭐 어쩌라고요 이런거임?,neutral,domain-lexicon-v1.1
5974,6892029,35297121,35297121,2026-07-17 00:00:19,이 등신겜 이제 힘 빼고 찍먹연어가 맞는거같다 스킬 참신함도 없고 센것도아니고 실망하고 기대치낮추고 더실망하고 이거 1년내내 반복중,positive,domain-lexicon-v1.1
5974,6892029,35297137,35297121,2026-07-17 00:01:10,6차전직 딱 나왔을 때 창섭이 사탕발림을 믿은 유저만 ᄇᄉ이지 뭐가 완전히 새로운 게임이냐 창섭아 시퀀스 버프초기화 얘네들이 6차전직인거냐?,neutral,domain-lexicon-v1.1
5974,6892029,35297132,35297132,2026-07-17 00:00:52,왜이리 문맥이 이상한 억까들이 오늘따라 많냐 ᄏᄏᄏᄏ,neutral,domain-lexicon-v1.1
5974,6892029,35297151,35297151,2026-07-17 00:02:02,안경 척,neutral,domain-lexicon-v1.1
5974,6892029,35297171,35297171,2026-07-17 00:03:40,오리진때의 감동은 다신 못느낀다,neutral,domain-lexicon-v1.1
5974,6892029,35297191,35297191,2026-07-17 00:05:11,스킬 하나 못했다고 개지랄옘병을 싸네ᄏᄏ 접슝좍새끼야 좀 꺼져ᄋᄋ,neutral,domain-lexicon-v1.1
5974,6892029,35297288,35297288,2026-07-17 00:09:43,이제 매년 큰 쇼케이스마다 스킬부분은 기대치가 낮아질거같긴함,positive,domain-lexicon-v1.1
5974,6892029,35297524,35297524,2026-07-17 00:19:51,개 주접을 싸네 ᄏᄏᄏ,neutral,domain-lexicon-v1.1
5974,6892029,35297757,35297757,2026-07-17 00:31:32,걍 매출을 위해 일은 존나벌려놓고 본인도 감당안되는거임 지금,neutral,domain-lexicon-v1.1
5974,6892029,35297781,35297781,2026-07-17 00:32:50,별소리 다나오네,neutral,domain-lexicon-v1.1
5974,6892029,35297868,35297868,2026-07-17 00:36:42,말로는 템포가 빠를거라면서 스펙은 느리게 추가하는게 가치보존을 꽤나 신경쓰는 느낌임 솔직히 나는 나쁘지 읺음,neutral,domain-lexicon-v1.1
5974,6892029,35297953,35297953,2026-07-17 00:40:03,어김없이 노인장 접슝좍 ᄏᄏ,neutral,domain-lexicon-v1.1
5974,6892029,35298584,35298584,2026-07-17 01:15:29,이건 너무 호들갑이고,neutral,domain-lexicon-v1.1
5974,6892029,35298586,35298586,2026-07-17 01:15:35,어딜 감히 김창섭을 비판하냐?? 그럼 강원기를 데려오랴?? 김창섭 비판하는 애들은 다계정쌀먹충이라는거지??,neutral,domain-lexicon-v1.1
5974,6892029,35298603,35298603,2026-07-17 01:16:34,신스킬 기대했었음? 나는 보스들이 제일 기대 되던데 신 스킬은 언제나 그렇듯 덤 임 메이플의 핵심은 언제나 항상 그래왔고 앞으로도 영원히 그럴건데 보스임 보스 컨텐츠가 제일 기대 되고 나머지는 부차적인거지 신스킬 ᄡ 같이 나와서 까고 싶은건 알겠는데 말이 되는 소릴 해라 임마,positive,domain-lexicon-v1.1
5974,6892029,35298620,35298603,2026-07-17 01:17:31,물론 기대 했지 하지만 메이플에서 제일 중요한건 보스다 막말로 신스킬 병신이지만 밸로나 개지리게 내면 최소 기존 유저들 한테는 성공한 여름임,positive,domain-lexicon-v1.1
5974,6892029,35298946,35298603,2026-07-17 01:37:46,@원두암 얜뭐조현병인가 ᄏᄏ 심장 젤중요하니까 팔없어도된단 소릴 하고잇노 ᄏᄏ,neutral,domain-lexicon-v1.1
5974,6892029,35299577,35298603,2026-07-17 02:18:26,보스 계속 오체분시만 해대는데 솔직히 기대가 되나 흉성유피가 너무 에바임 솔직히 기대 1도안됨 벨로나,positive,domain-lexicon-v1.1
5974,6892029,35299587,35298603,2026-07-17 02:19:14,림보부터 유피까지 딱 대적자 하나 건짐 나머지 보스들 걍 허/수/아/비,neutral,domain-lexicon-v1.1
5974,6892029,35301034,35298603,2026-07-17 04:50:26,@Savmine 고스펙 똥손들도 깨라고 그러자나 아님 접히니까 익스트림 윌 진힐라 듄켈 해보고 싶냐,neutral,domain-lexicon-v1.1
5974,6892029,35301042,35298603,2026-07-17 04:52:20,@Ndh 스킬은 솔직히 별 기대 안되는건 사실 어차피 이펙트도 기대 안했음 스킬 다 끄고 하는데 이펙트로 지랄하는 애들보면 이해가 안됨,positive,domain-lexicon-v1.1
5974,6892029,35299240,35299240,2026-07-17 01:54:00,그놈의 미래 20년 운영했는데 이제 기대도 없고 섭종해 걍,positive,domain-lexicon-v1.1
5974,6892029,35300487,35300487,2026-07-17 03:36:35,별ᄏᄏ,neutral,domain-lexicon-v1.1
5974,6892029,35301019,35301019,2026-07-17 04:47:47,딜 인플레보다 낫다 미래같은 소리하고 자빠졌네 딜 인플레= 더 높은 보스 더 많은 재화= 메소 떡락 결정 너프로 이어짐 창섭이 이런 ᄌ밥들 상대할려니까 어지럽겠다 다른겜하다보면 초반에 너무 빡세서 무과새끼들 완화 해달라고 지랄지랄하면 다해주다가 얼마 안가서 바로 경제 무너져서 겜ᄌ망,negative,domain-lexicon-v1.1
5974,6892029,35301564,35301564,2026-07-17 06:39:55,진짜 디렉터도 골치아프겠다 10잘하다가 1못하면 오지게 까이네 ᄏᄏ,neutral,domain-lexicon-v1.1
5974,6892029,35301868,35301868,2026-07-17 07:36:23,너는 현실좀 사라,neutral,domain-lexicon-v1.1
5974,6892029,35301900,35301900,2026-07-17 07:41:23,젠장 또 노인장숭작이네 슝배해야해...,neutral,domain-lexicon-v1.1
5974,6892029,35302190,35302190,2026-07-17 08:15:15,어후 진짜 피곤하게 사네 ᄏᄏᄏ 별 ᄏᄏ,neutral,domain-lexicon-v1.1
5974,6892029,35305731,35305731,2026-07-17 11:32:32,슝좍 초식 미래팔았다 겜수명끌어썼다 ᄏᄏ 대체 이 게임의 수명은 언제줄어드는건지,neutral,domain-lexicon-v1.1
5974,6892029,35313274,35313274,2026-07-17 17:25:30,너무 기대한 것도 문제일지도 너무 바라는게 많아 도파민 과잉임,mixed,domain-lexicon-v1.1
5974,6892029,35319999,35319999,2026-07-17 22:23:15,미래를 팔았다는 말을 쓸거면 예전 마코나 헤카테 패치할때 나왔어야되는 말인데 미래ᄏᄏᄏᄏ를ᄏᄏᄏ팔앜ᄏᄏᄏᄏ,neutral,domain-lexicon-v1.1
5974,6892029,35320007,35319999,2026-07-17 22:23:30,진짜 옘병한다 이러니까 창섭이가 여론 개무시때리지,neutral,domain-lexicon-v1.1
5974,6892036,35296457,35296457,2026-07-16 23:27:35,꾸준업뎃goat,neutral,domain-lexicon-v1.1
5974,6892036,35296464,35296464,2026-07-16 23:27:52,근데 이번건 진짜 괜찮은데,neutral,domain-lexicon-v1.1
5974,6892036,35296502,35296502,2026-07-16 23:29:27,최근에 나온 캐릭들이 워낙 이뻐서 그런가 생각보다 괜찮아 지고 있다는 생각이 드는데 이거 당한거임?,neutral,domain-lexicon-v1.1
5974,6892036,35296511,35296511,2026-07-16 23:29:55,일리움은 진짜 저 깜피톤이 문제다,negative,domain-lexicon-v1.1
5974,6892036,35296538,35296538,2026-07-16 23:31:04,귀엽네,neutral,domain-lexicon-v1.1
5974,6892036,35296688,35296688,2026-07-16 23:37:03,휴 애는 추가로 없어서다행이다,neutral,domain-lexicon-v1.1
5974,6892036,35297096,35297096,2026-07-16 23:59:05,이건 이쁘긴해,neutral,domain-lexicon-v1.1
5974,6892036,35297120,35297096,2026-07-17 00:00:18,@신입지 이것도 기엽넹,neutral,domain-lexicon-v1.1
5974,6892036,35297167,35297167,2026-07-17 00:03:16,혹시 조금만 불성실해지실 생각 없으실까요?,neutral,domain-lexicon-v1.1
5974,6892036,35297304,35297304,2026-07-17 00:10:17,레테랑 얼굴 바꾸면 그냥 인구수 압도적 1등일듯 ᄅᄋ,neutral,domain-lexicon-v1.1
5974,6892036,35297431,35297431,2026-07-17 00:15:55,어째 본캐는 윈브입니깡?,neutral,domain-lexicon-v1.1
5974,6892036,35297518,35297518,2026-07-17 00:19:27,커여운 일리움 많이 해주세요~,neutral,domain-lexicon-v1.1
5974,6892036,35297631,35297518,2026-07-17 00:25:06,@신입지 왜요 ᅳᅳ,neutral,domain-lexicon-v1.1
5974,6892036,35297587,35297587,2026-07-17 00:22:39,일좀 그만하세요 ;; 논노랑 밸패팀처럼;,neutral,domain-lexicon-v1.1
5974,6892036,35297623,35297623,2026-07-17 00:24:25,이건 이쁘긴 이쁜데..?,neutral,domain-lexicon-v1.1
5974,6892036,35297651,35297651,2026-07-17 00:26:32,진짜성실하네,neutral,domain-lexicon-v1.1
5974,6892036,35297730,35297730,2026-07-17 00:30:00,진짜 개열받게 생겼네,neutral,domain-lexicon-v1.1
5974,6892036,35297876,35297876,2026-07-17 00:37:08,이건 진짜 잘어울리고 이쁜데,neutral,domain-lexicon-v1.1
5974,6892036,35297916,35297916,2026-07-17 00:38:44,너 부캐지,neutral,domain-lexicon-v1.1
5974,6892036,35298184,35298184,2026-07-17 00:52:13,저 갑자기 어떤 사람이 소매넣기 하고 갔어요,neutral,domain-lexicon-v1.1
5974,6892036,35298463,35298463,2026-07-17 01:07:10,이렇게 A/S 잘해주는 콘 처음봄,neutral,domain-lexicon-v1.1
5974,6892036,35298689,35298689,2026-07-17 01:21:09,그만좀 만들어 제발...,neutral,domain-lexicon-v1.1
5974,6892036,35298739,35298739,2026-07-17 01:24:09,왜 이 콘 개발이 제일 성실한 거냐고...,neutral,domain-lexicon-v1.1
5974,6892036,35298771,35298771,2026-07-17 01:25:56,이쁘긴 뒤지게 이쁘네,neutral,domain-lexicon-v1.1
5974,6892036,35298792,35298792,2026-07-17 01:27:26,내아내임,neutral,domain-lexicon-v1.1
5974,6892036,35299035,35299035,2026-07-17 01:42:49,ᄏᄏᄏᄏᄏ 수상할 정도로 성실한...,neutral,domain-lexicon-v1.1
5974,6892036,35299211,35299211,2026-07-17 01:51:54,이 스티커 소매넣기한다는 괴담 있는데 진짠가요? 개나소나 다 가지고 있어...,neutral,domain-lexicon-v1.1
5974,6892036,35301089,35299211,2026-07-17 04:59:47,나도 저딴콘을 왜 쓰는거냐 하니까 선물 보내놨더라 ᄉᄇᄏᄏ,neutral,domain-lexicon-v1.1
5974,6892036,35322329,35299211,2026-07-18 00:39:33,@이걸왜못하지 ᄉᄇᄏᄏᄏᄏᄏᄏ 나도 받았네,neutral,domain-lexicon-v1.1
5974,6892036,35301865,35301865,2026-07-17 07:35:48,블랙베리농장이네,neutral,domain-lexicon-v1.1
5974,6892036,35303189,35303189,2026-07-17 09:26:45,우웩,neutral,domain-lexicon-v1.1
5974,6892038,0,0,2026-07-16 23:29:08,삭제된 코멘트입니다.,neutral,domain-lexicon-v1.1
5974,6892038,35296494,35296470,2026-07-16 23:29:08,뭐라는거야,neutral,domain-lexicon-v1.1
5974,6892038,35296495,35296470,2026-07-16 23:29:09,?,neutral,domain-lexicon-v1.1
5974,6892038,35296509,35296470,2026-07-16 23:29:51,@눈오는어느날 치킨이 맛있어,neutral,domain-lexicon-v1.1
5974,6892038,35296533,35296533,2026-07-16 23:30:53,고근 밖에 못먹었어,neutral,domain-lexicon-v1.1
5974,6892038,35296572,35296533,2026-07-16 23:32:33,난 루컨마랑 몽벨 이후로 보지를 못했어,neutral,domain-lexicon-v1.1
5974,6892038,35297165,35296533,2026-07-17 00:03:05,@눈오는어느날 쥬지는 함?,neutral,domain-lexicon-v1.1
5974,6892038,35300999,35296533,2026-07-17 04:43:57,@학교 때와장소도 못가리고 발정난 똥개마냥 섹드립치고싶어하는걸보니 참 안타깝다,neutral,domain-lexicon-v1.1
5974,6892038,35303457,35296533,2026-07-17 09:43:31,@구자욱 새벽 4시 40분이 커뮤에서 발정난거면 때와 장소는 얼추 가린득?,neutral,domain-lexicon-v1.1
5974,6892038,35296540,35296540,2026-07-16 23:31:10,진짜 이번 시즌이 유독 비틱벤이야,neutral,domain-lexicon-v1.1
5974,6892038,35296577,35296540,2026-07-16 23:32:43,쳐 맞아야지,neutral,domain-lexicon-v1.1
5974,6892038,35296560,35296560,2026-07-16 23:32:03,순수하게 축하해주고싶은 사람이 있기도 하지만 시도때도없이 비틱만하는 겸손이라곤 찾아볼 수 없는 정신병자가 의외로 있음,neutral,domain-lexicon-v1.1
5974,6892038,35296596,35296560,2026-07-16 23:33:16,그러다가 망하면 응애 공감해줘 인벤에몽,neutral,domain-lexicon-v1.1
5974,6892038,35297671,35296560,2026-07-17 00:27:08,ᄅᄋ 사회성에 문제있어보임,negative,domain-lexicon-v1.1
5974,6892038,35296599,35296599,2026-07-16 23:33:28,대충 이거 좋냐는 댓글,neutral,domain-lexicon-v1.1
5974,6892038,35296609,35296599,2026-07-16 23:33:51,대충 그것도 못 먹었냐는 댓글,neutral,domain-lexicon-v1.1
5974,6892038,35296601,35296601,2026-07-16 23:33:31,"순수하게 비틱 축하해줄 수 있는 사람도 있지만 ""이거 좋은 거임?"" , ""아 더 좋게 뜰 수 있었는데"" 이러거나 비틱 못하면 몸이 간질간질한지 하루종일 비틱 쳐하는 정병 개많음 ᄅᄋ",neutral,domain-lexicon-v1.1
5974,6892038,35296617,35296601,2026-07-16 23:34:00,정병 맞다니깐 ᄅᄋᄏᄏ,neutral,domain-lexicon-v1.1
5974,6892038,35296623,35296623,2026-07-16 23:34:09,매주 목요일마다 인겜 고확 비틱 엄청 올라옴 ᄏᄏᄏ,neutral,domain-lexicon-v1.1
5974,6892038,35296651,35296623,2026-07-16 23:35:01,어휴 또 이러신다 환자분들..,neutral,domain-lexicon-v1.1
5974,6892038,35296789,35296698,2026-07-16 23:41:57,@눈오는어느날 그럼 비틱하는대신 부거1개뿌린다면?!,neutral,domain-lexicon-v1.1
5974,6892038,35296807,35296698,2026-07-16 23:42:44,@Eden,neutral,domain-lexicon-v1.1
5974,6892038,35297038,35297038,2026-07-16 23:55:55,인생에서 뭐하나 이뤄본 업적 없으니까 삐뚤어진애들이 그렇게라도 꺼드럭 되고싶은거지 걍 축하할일이면 당당하게 나떳다! 하면 되는건데,neutral,domain-lexicon-v1.1
5974,6892038,35297042,35297042,2026-07-16 23:56:05,축하한다는 말이 아닌 부럽다는 말이 듣고 싶은...,neutral,domain-lexicon-v1.1
5974,6892038,35297082,35297082,2026-07-16 23:58:26,나도 비틱좀 해보고 싶네 언제 뭐가 뜰라나,neutral,domain-lexicon-v1.1
5974,6892038,35297168,35297168,2026-07-17 00:03:23,케이좋아하면 뭐임,neutral,domain-lexicon-v1.1
5974,6892038,35297178,35297178,2026-07-17 00:04:20,인벤 90렙..,neutral,domain-lexicon-v1.1
5974,6892038,35297187,35297187,2026-07-17 00:04:56,이거 좋은거에요??,neutral,domain-lexicon-v1.1
5974,6892038,35297241,35297241,2026-07-17 00:08:05,방금 길드원한테 비틱당하고 와서 개추박았다 ᄉᄇ,neutral,domain-lexicon-v1.1
5974,6892038,35297266,35297266,2026-07-17 00:08:59,이거.. 몇개만에 떴는데 혹시 조은건가요...? 이런 비틱밈이 있었는데 ᄏᄏ 뇌절치면 진짜 짜증남 그냥,neutral,domain-lexicon-v1.1
5974,6892038,35297327,35297327,2026-07-17 00:11:31,나 오늘 치킨 3끼 먹음.,neutral,domain-lexicon-v1.1
5974,6892038,35297709,35297709,2026-07-17 00:28:48,대충 모래성 위....,neutral,domain-lexicon-v1.1
5974,6892038,35297988,35297988,2026-07-17 00:41:40,정신병이라기보단 순수하게 지능이 좀 낮은 사람이 비틱 잘 하더라,neutral,domain-lexicon-v1.1
5974,6892038,35297999,35297988,2026-07-17 00:42:01,자랑은 최대한 숨겨야 인간관계가 좋아지는데 그걸 모름,neutral,domain-lexicon-v1.1
5974,6892038,35298522,35297988,2026-07-17 01:11:46,@포스트굴단 정확히 저랑 같은 의견을 가진 분이 계시네요 진짜 순수하게 지능이 처참한 사람이 자랑질 좋아하는거 같음,neutral,domain-lexicon-v1.1
5974,6892038,35298111,35298111,2026-07-17 00:48:30,이거 좋은 건가요?,neutral,domain-lexicon-v1.1
5974,6892038,35298387,35298387,2026-07-17 01:02:30,그냥 여러가지 인간의 군상 중 하나에 가깝지. 정신병과는 살짝 거리감이 있는듯,neutral,domain-lexicon-v1.1
5974,6892038,35298514,35298514,2026-07-17 01:11:02,비틱 하는 새끼들 보면 정신병은 몰라도 지능은 낮은거 맞음 구태여 쓸데없이 자랑을 해서 적을 만들어 내는 행동을 하는게 얼마나 어리석은 일인지 모르는 거임 사촌이 땅을 사면 배가 아프다 라는 속담이 왜 생겼는지 그런 멍청이들이 알아야 할텐데,neutral,domain-lexicon-v1.1
5974,6892038,35298822,35298822,2026-07-17 01:29:01,얼마나 어릴 때 인정 못 받고 살았길래 다 커서도 저럴까,neutral,domain-lexicon-v1.1
5974,6892038,35298913,35298913,2026-07-17 01:35:40,그냥 대놓고 자랑을 하면 상관없는데 이거 좋은거에요? 돌릴까요?ᅮ 이지랄하니까 좆같음,neutral,domain-lexicon-v1.1
5974,6892038,35302150,35302150,2026-07-17 08:10:53,난 그래서 실친들한테밖에 비틱 못하겠음 부끄러워서..,neutral,domain-lexicon-v1.1
5974,6892038,35302501,35302501,2026-07-17 08:40:59,난 비틱한적이 없는데 정신 나갈거같은데,neutral,domain-lexicon-v1.1
5974,6892043,0,0,2026-07-16 23:28:27,삭제된 코멘트입니다.,neutral,domain-lexicon-v1.1
5974,6892043,35296479,35296476,2026-07-16 23:28:27,찌짐 이라고해,neutral,domain-lexicon-v1.1
5974,6892043,35296503,35296476,2026-07-16 23:29:28,@박혜진 전,neutral,domain-lexicon-v1.1
5974,6892043,35296526,35296476,2026-07-16 23:30:39,@매직클로 전 뭐? 그래 어서 말해,neutral,domain-lexicon-v1.1
5974,6892043,35296550,35296476,2026-07-16 23:31:37,@박혜진 정구지전 김치전 호박전,neutral,domain-lexicon-v1.1
5974,6892043,35296559,35296476,2026-07-16 23:32:03,"@매직클로 찌짐, 김치찌짐, 호박찌짐",neutral,domain-lexicon-v1.1
5974,6892043,35296587,35296476,2026-07-16 23:33:03,@박혜진,neutral,domain-lexicon-v1.1
5974,6892043,35296515,35296515,2026-07-16 23:30:23,댇이 스티커 보낸 놈 나와라 뒤123지기 싫으면,neutral,domain-lexicon-v1.1
5974,6892043,35296555,35296541,2026-07-16 23:31:56,넌 뒤져써,neutral,domain-lexicon-v1.1
5974,6892043,35296564,35296548,2026-07-16 23:32:12,넌 이거나 머거,neutral,domain-lexicon-v1.1
5974,6892043,35296551,35296551,2026-07-16 23:31:43,핑딱이였다,neutral,domain-lexicon-v1.1
5974,6892043,35296569,35296551,2026-07-16 23:32:24,형이야,neutral,domain-lexicon-v1.1
5974,6892043,35296612,35296598,2026-07-16 23:33:55,묑두 짱조아,neutral,domain-lexicon-v1.1
5974,6892043,35296712,35296696,2026-07-16 23:38:25,도로롱콘은 없는 게 뭐야,neutral,domain-lexicon-v1.1
5974,6892049,35296585,35296585,2026-07-16 23:32:59,근데 그렇게 과거 기준으로 딜량을 측정할거였으면 4차처럼 전직과 동시에 모든 스킬을 오픈했어야 한다고 봄 6차스킬 자체하 하나의 큰 컨텐츠인데 현재에 맞지않게 패치하는것도 문제지 않을까,negative,domain-lexicon-v1.1
5974,6892049,35296711,35296585,2026-07-16 23:38:16,"과거기준을 말씀드린게 스킬 하나가 가진 딜량이 단순 100이라고 했을때 지속적으로 매번 같은 효율로 스킬이 나오면 스킬이 120, 140 160 이런식으로 엄청 강한스킬만 나와야 하는거 아닌가 해서 생각해봤습니다. 감사합니다. 메인컨텐츠임에도 큰 재미를 못주는 점이 큰거 같네요",positive,domain-lexicon-v1.1
5974,6892049,35296594,35296594,2026-07-16 23:33:13,"오리진 - 6분마다 추가 극딜, 절대 바인드 제공 파티격시 유동적으로 사용도 가능 어센트 - 20분화가 되어 딜이 떨어지긴했어도 언제든지 애매하게 남은 체력을 넘기거나, 무적기로 활용가능 3차코어 - 순수 딜밖에 없으며 캐릭터의 구조에 따른 보완장치 개념으로 들어간 스킬인데 구조도 박살내줌",neutral,domain-lexicon-v1.1
5974,6892049,35296625,35296594,2026-07-16 23:34:14,다른 스킬에 비해 메리트가 없으니 딜이라도 쎄라! 라는 논리인거고 누구는 극딜기 누구는 평딜기 이래서 걍 뒤지게 애매함,neutral,domain-lexicon-v1.1
5974,6892049,35296677,35296594,2026-07-16 23:36:32,@초절단 아하 감사합니다. 오리진 스킬이 전체 딜비중에 보통 5%전후로 잡히는데 2분쿨 스킬이 3%정도면 충분한거 아닌가 했습니다.,positive,domain-lexicon-v1.1
5974,6892049,35296748,35296594,2026-07-16 23:40:07,@빠른00 2분쿨도 아니에요 누구는 2분 누구는 사출기 누구는 15초 이런식이라 형평성이 더더욱 안맞아졌어요,neutral,domain-lexicon-v1.1
5974,6892049,35296817,35296594,2026-07-16 23:43:21,@초절단 맞습니다. 특히 쿨이 짧거나 사용이 제한적인 직업일수록 직업간 차이가 많이 날것 같습니다. 2분쿨은 예시로 스킬 자체의 딜량에 대한 생각이었습니다. 감사합니다,positive,domain-lexicon-v1.1
5974,6892049,35296595,35296595,2026-07-16 23:33:15,1. 이번 스킬은 순수 딜링기임. 유틸성까지 제공하던 공용스킬이나 헤카테 등과는 결을 달리함. 딜 하나만 보고 쓰는 스킬인데 딜이 약하면 존재의의가 희미함 2. 스킬 갯수가 많아질수록 신규 스킬의 딜비중이 줄어들어야 한다는 말은 모든 스킬이 같은 딜비중을 가져야만 할 때나 성립함. 실제론 그럴 필요가 없음 3. 김창섭 본인이 3% 갖곤 극딜비중 늘리겠단 목표가 제대로 달성될 수 없다 했음.,neutral,domain-lexicon-v1.1
5974,6892049,35296800,35296595,2026-07-16 23:42:27,1.오리진 스킬이 전체 딜지표에 5%정도 점유하는거 보고 3%정도면 딜량이 충분하다고 생각했습니다. 2. 딜 비중이 줄어들어야 한다기 보다는 신규스킬을 받을때 마다 같은 효율로 받아도 딜비중은 줄어드는 구조를 설명하려 했습니다. 3. 벨페를 9월까지 미룬점은 용서하기 어렵습니다.,neutral,domain-lexicon-v1.1
5974,6892049,35296936,35296595,2026-07-16 23:50:31,"@빠른00 같은 효율로 받아도 딜 비중이 줄어든다... 예를 들어서 오리진이 딜량을 1000억 올려줬으니 신규 스킬도 1000억 올려줘도 된다 뭐 이런 생각이신 거라면 2023년의 1000억 데미지와 지금의 1000억 데미지는 무게가 다르다는 걸 생각해보셔야 할 듯 보스 체력이 5배 10배 늘었는데 3년 전이랑 같은 딜상승량이면 곤란하죠 아무래도 그러니 딜비중, 퍼센티지로 따져야 하는 건데 그 퍼센티지가 한심하니 문제",negative,domain-lexicon-v1.1
5974,6892049,35296649,35296649,2026-07-16 23:34:53,"헤카테는 자동공격이랑 감응 마코는 기존 스킬이 업그레이드 됨, 추가키할당 없고 직업 편의성이 다 적용되서 들어옴 근데 지금 들어온건 개방 자체가 리스크가 될정도로 구조가 박살나기도 하는데 심지어 따로 키를 눌러줘야함 그런스킬이 점유율 그 수준인거죠",neutral,domain-lexicon-v1.1
5974,6892049,35296685,35296649,2026-07-16 23:36:52,+헤카테 4%는 1레벨 기준이고 마스터하면 더 오르는걸로 알고 있음 이번껀... 노코멘트 하겠읍니다..,neutral,domain-lexicon-v1.1
5974,6892049,35296740,35296649,2026-07-16 23:39:51,@레드랫맨 기존에 상승한 지표는 정확하지 않을겁니다. 저도 직접 확인한것도 아니고 인벤등 글에서 본 경험에 빗댄 표현이라 말씀하신대로 자동발동되고 추가 유틸스킬에 비해 실전에서 딜로스적인 부분이나 기타 를 고려하면 헤카테에 비하면 약한스킬인건 맞는거 같습니다.,neutral,domain-lexicon-v1.1
5974,6892049,35296806,35296649,2026-07-16 23:42:37,@빠른00 역대 6차 스킬들과 제일 커다란 차이점은 돈내고 리스크를 다는거죠 그 어떤 스킬에도 이런 시대역행적인 형태는 없었으니까요,neutral,domain-lexicon-v1.1
5974,6892049,35296859,35296649,2026-07-16 23:45:47,@레드랫맨 혹시 리스크라고 말씀하시는게 어떤점일까요?,neutral,domain-lexicon-v1.1
5974,6892049,35297006,35296649,2026-07-16 23:54:18,"@빠른00 예를들어 캡틴은 스킬을 써도 공격 범위가 랜덤이라 딜 자체가 들어가지 않는 경우도 있고 보마나 와헌의 경우 속사기라는 특유의 장점을 포기하면서 욱여넣어야 하는점, 패스파인더는 아예 전체적인 딜사이클에서 요구하는 게이지 소모량이 늘어나서 운용 난이도가 어려워짐 + 점샷도 안되서 생존에도 불리 은월은 준극딜이 이미 있는데 준극딜을 또 받아서 준극딜 박기 어려워졌고 뭐 이런것들 많습니다",neutral,domain-lexicon-v1.1
5974,6892049,35297684,35296649,2026-07-17 00:27:49,@레드랫맨 감사합니다,positive,domain-lexicon-v1.1
5974,6892049,35296668,35296668,2026-07-16 23:36:15,"스킬딜레이 조정 패치때 너프, 리컨 패치 간접너프, 1월 밸패 패싱 당하고 신스킬 1.5퍼따리 ᄏᄏᄏ",negative,domain-lexicon-v1.1
5974,6892049,35296684,35296668,2026-07-16 23:36:50,마음이 아픕니다. ᅲ,neutral,domain-lexicon-v1.1
5974,6892056,35296553,35296553,2026-07-16 23:31:47,메짱인데?,neutral,domain-lexicon-v1.1
5974,6892056,35296575,35296553,2026-07-16 23:32:35,완전메짱이셔,neutral,domain-lexicon-v1.1
5974,6892056,35296556,35296556,2026-07-16 23:31:57,고수야????,neutral,domain-lexicon-v1.1
5974,6892056,35296602,35296556,2026-07-16 23:33:31,레테라 잡은듯요..,neutral,domain-lexicon-v1.1
5974,6892056,35296562,35296562,2026-07-16 23:32:07,무따기 대단한데?,neutral,domain-lexicon-v1.1
5974,6892056,35296607,35296562,2026-07-16 23:33:50,감사합니다 ^ᄆ^!!,positive,domain-lexicon-v1.1
5974,6892056,35296590,35296590,2026-07-16 23:33:10,110;;,neutral,domain-lexicon-v1.1
5974,6892056,35296626,35296590,2026-07-16 23:34:14,오기 생겨서 하루 종일 했어욘,neutral,domain-lexicon-v1.1
5974,6892056,35296600,35296600,2026-07-16 23:33:31,110퍼 ᄃᄃ 대단하십니다,neutral,domain-lexicon-v1.1
5974,6892056,35296643,35296600,2026-07-16 23:34:41,감사힙낟 ( _ _ ),positive,domain-lexicon-v1.1
5974,6892056,35296621,35296621,2026-07-16 23:34:05,노말세렌이 아니잖아,neutral,domain-lexicon-v1.1
5974,6892056,35296654,35296621,2026-07-16 23:35:14,사실 그것도 이미 자랑함,neutral,domain-lexicon-v1.1
5974,6892056,35296671,35296671,2026-07-16 23:36:18,축하드려요,neutral,domain-lexicon-v1.1
5974,6892056,35296678,35296671,2026-07-16 23:36:39,감사합니다,positive,domain-lexicon-v1.1
5974,6892056,35296673,35296673,2026-07-16 23:36:21,복귀유저임?,neutral,domain-lexicon-v1.1
5974,6892056,35296690,35296673,2026-07-16 23:37:04,작년 여름방학에 렌 키우고 접었다가 돌아왔으요,neutral,domain-lexicon-v1.1
5974,6892056,35296745,35296745,2026-07-16 23:39:54,축하해,neutral,domain-lexicon-v1.1
5974,6892056,35297316,35297316,2026-07-17 00:10:45,난 150% 노말세렌도 못깨고잇는데,neutral,domain-lexicon-v1.1
5974,6892056,35297324,35297324,2026-07-17 00:11:15,쉽고수 ᄃᄃ,neutral,domain-lexicon-v1.1
5974,6892056,35297386,35297386,2026-07-17 00:14:04,고수 너 이제 메짱이야,neutral,domain-lexicon-v1.1
5974,6892056,35297474,35297474,2026-07-17 00:17:40,와,neutral,domain-lexicon-v1.1
5974,6892056,35297578,35297578,2026-07-17 00:22:21,이사람닉네임왜이래,neutral,domain-lexicon-v1.1
5974,6892056,35297600,35297600,2026-07-17 00:23:03,하세 110% 빡고수 ᄃᄃ,neutral,domain-lexicon-v1.1
5974,6892056,35297660,35297660,2026-07-17 00:26:57,하세 110퍼는 체급이 다르네;,neutral,domain-lexicon-v1.1
5974,6892056,35297697,35297697,2026-07-17 00:28:20,이건 메이린 아니라니깐;;,neutral,domain-lexicon-v1.1
5974,6892056,35297743,35297743,2026-07-17 00:30:42,110퍼 클은 고수인데?,neutral,domain-lexicon-v1.1
5974,6892056,35297751,35297751,2026-07-17 00:31:15,110은ᄏᄏᄏᄏ개거수네,neutral,domain-lexicon-v1.1
5974,6892056,35297797,35297797,2026-07-17 00:33:37,와 레테 사기직업이네 너프좀,negative,domain-lexicon-v1.1
5974,6892056,35297799,35297797,2026-07-17 00:33:42,고수다 ᄎᄎ,neutral,domain-lexicon-v1.1
5974,6892056,35297958,35297958,2026-07-17 00:40:15,뉴비인데 110클은 재능러네,neutral,domain-lexicon-v1.1
5974,6892056,35298235,35298235,2026-07-17 00:54:49,상한정도가아니라이건..,neutral,domain-lexicon-v1.1
5974,6892056,35300006,35300006,2026-07-17 02:48:20,뉴비 아니야...,neutral,domain-lexicon-v1.1
5974,6892100,35296809,35296767,2026-07-16 23:42:55,우리 이 무시와 핍박을 잊지말자..,neutral,domain-lexicon-v1.1
5974,6892100,35296771,35296771,2026-07-16 23:41:18,오줌냄새나,neutral,domain-lexicon-v1.1
5974,6892100,35296786,35296771,2026-07-16 23:41:44,마받노가 할 말은 아님,neutral,domain-lexicon-v1.1
5974,6892100,35296820,35296771,2026-07-16 23:43:30,@신입지,neutral,domain-lexicon-v1.1
5974,6892100,35296774,35296774,2026-07-16 23:41:24,그치만 자네는 노딱이지않나,neutral,domain-lexicon-v1.1
5974,6892100,35296824,35296774,2026-07-16 23:43:44,님도 곧이애여 ᄍᄍ,neutral,domain-lexicon-v1.1
5974,6892100,35296781,35296781,2026-07-16 23:41:32,ᄂᄄᄂᄃ,neutral,domain-lexicon-v1.1
5974,6892130,35296915,35296915,2026-07-16 23:49:33,아니요 내가 최고 내가 짱,positive,domain-lexicon-v1.1
5974,6892197,35297192,35297174,2026-07-17 00:05:14,난 디지몬이 더 좋드라,neutral,domain-lexicon-v1.1
5974,6892197,35297182,35297177,2026-07-17 00:04:32,소매넣기당한거랑 똑같네...,neutral,domain-lexicon-v1.1
5974,6892197,35297239,35297210,2026-07-17 00:08:01,나랑 똑닮았넹,neutral,domain-lexicon-v1.1
5974,6892197,35297437,35297437,2026-07-17 00:16:06,좋은거 잘샀다 고맙고 잘자고~,neutral,domain-lexicon-v1.1
5974,6892197,35297448,35297437,2026-07-17 00:16:31,꿈에 이거나오길 빌께! 잘자☆,neutral,domain-lexicon-v1.1
5974,6891972,35297102,35297102,2026-07-16 23:59:24,공코는 적어도 프리드나 팔랑크스 같이 좋은 평 보이는 캐도 있었으니 그나만데 이번꺼는 누구는 딜 사이클을 박살내버려서 더 그런듯,neutral,domain-lexicon-v1.1
5974,6891972,35297185,35297185,2026-07-17 00:04:51,반응 존나나빳는데요?,neutral,domain-lexicon-v1.1
5974,6891972,35297791,35297185,2026-07-17 00:33:26,크아악 싯팔,neutral,domain-lexicon-v1.1
5974,6891972,35298153,35297185,2026-07-17 00:50:03,아니 ᄅᄋ 블실 6 쓰는 사람 있음요? 키셋팅 아까워서 뺐는데,neutral,domain-lexicon-v1.1
5974,6891972,35298358,35297185,2026-07-17 01:01:02,머 이런스킬이잇네ᄏᄏᄏᄏᄏ,neutral,domain-lexicon-v1.1
5974,6891972,35297209,35297209,2026-07-17 00:06:44,"그때 그랬던이유는, 말 그대로 서브 업뎃이니까. 그거 냈다고 여름에 짜게 줄 거라곤 아무도 상상 못했을걸",neutral,domain-lexicon-v1.1
5974,6891972,35297253,35297209,2026-07-17 00:08:36,헤카테 야누스는 그래도 의미있는 변화를 주긴 했는데 공코랑 이번 코어는 그냥 한심함,neutral,domain-lexicon-v1.1
5974,6891972,35297293,35297293,2026-07-17 00:09:56,유저들이 신규스킬에 뭘 기대하는건지 알기나하는지 의문임 효용이 좋던가 아니면 최소 이펙트라도 근사하게 뽕차게 뽑던가 이도저도 아님 효용은 딜상승률 3퍼 구조박살 직업 다수로 열지 말지 고민하는 수준이고 이펙트도 레테한테 올인했는지 너무 초라함 이게 6차가 맞는지도 모르겠음 rpg에서 효율만큼이나 중요한게 유저들 뽕맛 채워주는건데 이건 있던 뽕도 사라짐,positive,domain-lexicon-v1.1
5974,6891972,35297321,35297321,2026-07-17 00:11:03,게임하는 새끼가 한놈도 없냐 공용코어와 스킬 코어의 기대감 차이를 모른다고?,positive,domain-lexicon-v1.1
5974,6891972,35297711,35297321,2026-07-17 00:28:50,근데 헤카테 다음 공코라서 기대 엄청 크지 않았나 난 컸는데,positive,domain-lexicon-v1.1
5974,6891972,35298902,35297321,2026-07-17 01:34:55,"ᄅᄋ 이 ᄉ끼들은 데스폴트 쓸 때 만족감이랑 쓸샾, 블실 만족감을 동일선상에 둠 ᄏᄏᄏᄏᄏᄏᄏᄏ 성능? 공용코어가 더 좋을 수 있는데(사실 그것도 말 안 되지만) 내 직업만이 쓸 수 있는 고유스킬에 대한 기대감이 훨씬 큰 건 당연한 거 아님?",positive,domain-lexicon-v1.1
5974,6891972,35297435,35297435,2026-07-17 00:16:03,그말엔 공감이 안됨 그냥 인플레 걱정해서 너무 약하게 낸게 티가 남 어센트만봐도 1렙만 열면 체감이되는 정도인데 이건 좀.. 아니지,neutral,domain-lexicon-v1.1
5974,6891972,35297492,35297492,2026-07-17 00:18:18,그냥 신규 스킬이라면서 120초 극딜기나 평딜 난이도 완화 스킬을 줘야지 상당수 직업이 그냥 오히려 예전보다 난이도 어려워지고 구조 개박살나는게 문제지,negative,domain-lexicon-v1.1
5974,6891972,35297498,35297498,2026-07-17 00:18:34,"딴것도 아니고 스킬 코어가 나온다는 얘기였으니까 직업에 따라 평딜기가 나오는데, 스킬 효율을 다 맞춰준다 그랬으니까 수치 장난 아니겠네 했던 거고 1차 테섭만 해도 수치 가지고 별 소리 안 했던 이유가 ""너무 어처구니 없는 수치라 당연히 임시 수치일 것이기 때문""일 정도였잖아",neutral,domain-lexicon-v1.1
5974,6891972,35297500,35297500,2026-07-17 00:18:36,구조박살이 사실 제일큰반감이다 생각함,neutral,domain-lexicon-v1.1
5974,6891972,35297509,35297500,2026-07-17 00:18:55,아니 열면 약해진다는게 진짜 이해가안됨;;,neutral,domain-lexicon-v1.1
5974,6891972,35297523,35297523,2026-07-17 00:19:48,어센트때도 ᄌᄂ싸우긴함 ᄏᄏ 엄청약해서,neutral,domain-lexicon-v1.1
5974,6891972,35297559,35297559,2026-07-17 00:21:40,공코는 열면 쾌적해지는 경우들이 있었는데 이번에는 딜사이클을 박살내버리니 여론이 좋을 수가 없음,neutral,domain-lexicon-v1.1
5974,6891972,35297636,35297636,2026-07-17 00:25:30,"순수 딜링기인 직업 스킬 코어가 절대무적+절대바인드인 오리진과 원하는 타이밍에 순간 극딜+절대무적이 3번인 어센트보다 딜량이 낮다는게 개인적으로 전혀 납득되질 않음 헤카테 다음으로 나온 공용코어는 헤카테가 너무 쎄기도 했고, 그 누구도 신규스킬이 나올거라고 생각하지 않은 타이밍에 기습 추가돼서 성능이 생각보다 안좋더라도 음.. 그럴 수 있지 했지만, 이번 스킬은 여름 이벤트 최고 메인 패치 중 하나이자 직업별 고유 스킬이 새로 추가됐는데 5차스킬인 스인미 크오솔이랑 쎄쎄쎄 하고 있다? 진짜 앞으로 나올 나머지 스킬코어들이 전혀 기대되질 않음",positive,domain-lexicon-v1.1
5974,6891972,35297645,35297645,2026-07-17 00:26:05,공용코어는 그래도 불편한걸 개선하면서 기존 5차를 강화해준거라 괜찮았지,negative,domain-lexicon-v1.1
5974,6891972,35297712,35297712,2026-07-17 00:28:51,그냥 스킬 반기에 1개 나오던거 강화재료 ×3하면 반발 클까봐 반기에 3개 나오는 대신 딜상승률 3분의1로 만든거임 이러면 재료 3배먹는데 스킬 1개당 재료는 그대로라,neutral,domain-lexicon-v1.1
5974,6891972,35297765,35297765,2026-07-17 00:32:04,헤카테나 같은경우도 편의성 면에서 엄청 편해졌고 공용코어들도 불편한 요소들을 해결해주면서 나와서(프리드) 그냥 잘 받았네 괜찮네 같은 반응이었는데 이번 스킬코어는 딜구조 박살 + 누를 키 증가로 불쾌감은 늘었는데 그거에 대한 이점이 겨우 2.5~3퍼 딜증가인게 실망스러운거지 그냥 사출기 혹은 시퀀스 딸깍으로 내면서 딜구조도 개편됐으면 아무말도 안나옴 호영도 빠따 겨우 5초 개선받아서 불쾌하다고하는거 보면 걍 아무것도 개선 안됐는데 돈쓰라는 요소만 늘어난거임,negative,domain-lexicon-v1.1
5974,6891972,35297878,35297878,2026-07-17 00:37:11,근데 이번 6차땜에 구조 박살난 직업이 많음??? 순수 딜 약한거 말고.. 이번에 패치돼서 몇몇 직업은 괜찮아졌다고 들었는데.. 뭐 댓글보면 다 구조 박살냈다는 얘기만 있음??,neutral,domain-lexicon-v1.1
5974,6891972,35297912,35297912,2026-07-17 00:38:40,공코도 아니고 순수딜만 가진 6차스킬인데 구조도 박살내고 데미지도 공코급이면 참 재밌다 그죠?,neutral,domain-lexicon-v1.1
5974,6891972,35297917,35297917,2026-07-17 00:38:44,그럼 생긴것도 감 다 뒤진 제 키네는 머에요,neutral,domain-lexicon-v1.1
5974,6891972,35298166,35298166,2026-07-17 00:50:51,공용코어떄도 욕 ᄌᄂ 먹었는데 뭐지?,neutral,domain-lexicon-v1.1
5974,6891972,35298729,35298729,2026-07-17 01:23:31,너 게임 안하지?,neutral,domain-lexicon-v1.1
5974,6891972,35300337,35300337,2026-07-17 03:19:14,??? : 쇼케이스때 신규스킬 추가로 나올거라서 공코는 약하게 출시하겠습니다 실제로 한말..ᄏᄏ 그런데 그 공코랑 신규스킬이랑 동급이네? 1렙 찍으면 약해지는거 공코때 아크잔어 ᄏᄏᄏᄏ 기대를 하지말게 하던가 대형 업데이트 메인으로 떡하니 띄워두고 통수패치가 맞냐,positive,domain-lexicon-v1.1
5974,6891972,35302487,35302487,2026-07-17 08:39:52,이펙트도 이쁘게 못 뽑아서,neutral,domain-lexicon-v1.1
5974,6891988,35296243,35296243,2026-07-16 23:18:15,축하드립니다 ᄒᄒ,neutral,domain-lexicon-v1.1
5974,6891988,35296247,35296247,2026-07-16 23:18:21,왜 난 안뜸?,neutral,domain-lexicon-v1.1
5974,6891988,35296257,35296257,2026-07-16 23:18:41,츄카츄카,neutral,domain-lexicon-v1.1
5974,6891988,35296299,35296299,2026-07-16 23:20:27,축하드립니다,neutral,domain-lexicon-v1.1
5974,6892072,35297377,35297377,2026-07-17 00:13:13,평딜 너프오지게먹이고 평딜기만 쥐어주는 미친 사람들,negative,domain-lexicon-v1.1
5974,6892072,35297564,35297564,2026-07-17 00:21:49,구조 머리ᄌᄂ아프던데 막말로 허수 종뎀10퍼급스킬이어도 실전에서 게이지관리하면서 중간중간 땅박이로 섞어써야하는거 감안하면 실전딜 3-4퍼대나올거같은데 종뎀2-3퍼급스킬 아닌가. 아니 차라리 게이지를 없애던가 극딜때 게이지 관리안되는 ᄌ같은상황 자주있는것도 꼴받는데 재사용직업이 재사용잘터지면 게이지없어서 극딜꼬이는게 말인가,neutral,domain-lexicon-v1.1
5974,6892072,35297676,35297564,2026-07-17 00:27:17,순수 +10퍼면 말도 안함 블디 점유율 다 깎아먹고 3퍼 씨발 오리진 중 블디 쓰느라 에볼루션의 스택 제한 해제 기능은 걍 존재x,neutral,domain-lexicon-v1.1
5974,6892072,35297749,35297564,2026-07-17 00:31:01,@스틸러저격 애초에 10퍼짜리급은 줘야 3-4퍼급 될거같은데 걍 2-3퍼급줘가지고 실전가면 1퍼대나올거같은데,neutral,domain-lexicon-v1.1
5974,6892072,35297804,35297564,2026-07-17 00:34:09,"ᄉᄇ 키다운평딜기(게이지안참,14초쿨) 도랐나 후딜 메이플 탑3캐릭인데 + 재사용직업캐릭(게이지모아야함) 직업에 키다운평딜기는 누구대가리에서 나온건지",neutral,domain-lexicon-v1.1
5974,6892072,35297748,35297748,2026-07-17 00:30:51,이미 공코때부터 시작된거임 누군 120초극딜기받을때 누군 블실 화중군자 이딴거받았으니까,neutral,domain-lexicon-v1.1
5974,6892072,35298479,35297748,2026-07-17 01:09:05,개추요 ᄏᄏ,neutral,domain-lexicon-v1.1
5974,6892072,35298544,35297748,2026-07-17 01:12:58,어 그럼 우리도 자동발동으로 줘 씨발 ᄏᄏ,neutral,domain-lexicon-v1.1
5974,6892072,35301577,35297748,2026-07-17 06:42:36,공코때부터 나온건데 ᄏᄏᄏᄏᄏ 누군 블버받고 무한평딜(심지어 내부쿨 있어서 더 병크) 누군 딸깍 극딜벞 올리면 끝 이래놓고 다 같이 2퍼대로 줬어요~,neutral,domain-lexicon-v1.1
5974,6892072,35297761,35297761,2026-07-17 00:31:54,키다운 준극도 개거품무는데 그걸 평딜에 쳐넣고있음 씨발ᄏᄏᄏ,neutral,domain-lexicon-v1.1
5974,6892072,35297788,35297761,2026-07-17 00:33:21,패파 게이지 놀고 있네? 게이지 소모 스킬 짠~ 어떤 병신새끼 대가리에서 나온 건지~ 그래그래 게이지 소모 삭제하고 퍼뎀 올려줄게~ (렐마라 안 터져서 데미지 너프),negative,domain-lexicon-v1.1
5974,6892072,35297784,35297784,2026-07-17 00:33:13,"패파 스킬 툴팁 보고 있는데, 렐릭 게이지를 소모해서 사용하는 노쿨기에서, 전용 스택을 소모하는 사실상 2초 쿨타임 스킬로 바뀐 거임?",neutral,domain-lexicon-v1.1
5974,6892072,35297831,35297784,2026-07-17 00:35:15,후딜 개병신 주력기 쓰다가 7초짜리 짧쿨기2개 재사용 터져가면서 써주고~ 다음 짧쿨기 주기 돌기 전에 신스킬 좀 털어주고~ 앗차차 짧쿨기 쿨 돌아서 써야하고~ adhd 직업 됨 ᄏᄏᄏᄏᄏᄏᄏ 블디 조작감도 ᄌ같은데,neutral,domain-lexicon-v1.1
5974,6892072,35297874,35297784,2026-07-17 00:37:00,@스틸러저격 얘기만 들어보면 블디 쓸 시간 자체가 없어보이네;,neutral,domain-lexicon-v1.1
5974,6892072,35297852,35297852,2026-07-17 00:36:02,모전 공코는 2%였음,neutral,domain-lexicon-v1.1
5974,6892072,35320866,35297852,2026-07-17 23:14:21,패파 공코도 1퍼~2퍼나옴..,neutral,domain-lexicon-v1.1
5974,6892072,35297891,35297891,2026-07-17 00:37:46,누구는 상위권직업이 극딜기로 4.6%로 받앗다는 말에 짜다 ᄋᄌᄅ하더라 ᄏᄏ 이새끼들은 걍 스킬 주는게 아니고 뺏어야 밸런스 맞음,neutral,domain-lexicon-v1.1
5974,6892072,35297945,35297945,2026-07-17 00:39:41,필요한 스킬을 준다면서 꼬라지가 말이 아니네,neutral,domain-lexicon-v1.1
5974,6892072,35297950,35297950,2026-07-17 00:39:55,극딜기인데 30렙 딜 지분 1.8%에 기존 스킬 딜지분 뺏어가는 놈이 있다?????,neutral,domain-lexicon-v1.1
5974,6892072,35297957,35297957,2026-07-17 00:40:12,"오히려 극, 평딜 나뉘어서 약하게 낸 걸 걸? 딜누수나도 큰 차이 안날만큼 약하게",neutral,domain-lexicon-v1.1
5974,6892072,35298271,35298271,2026-07-17 00:56:19,60초 120초 제외한 평딜기들은 그냥 자동발동 형식으로 내줬으면 좋았을것 같은데 무슨 생각으로 구조를 다 조져놓은건지 이해가 안감 재미?를 생각해서 한것도 아닌거같고..,positive,domain-lexicon-v1.1
5974,6892072,35298335,35298335,2026-07-17 00:59:34,극딜기 받은 직업은 1.5퍼 근처다 ᄋᄋ 라방에서 2.5~3 ᄋᄌᄅ 왜 한지 모르겠음,neutral,domain-lexicon-v1.1
5974,6892072,35298515,35298515,2026-07-17 01:11:16,아니마는 4월에 이미 평딜받았다는거임 ᄋᄋ,neutral,domain-lexicon-v1.1
5974,6892072,35298542,35298542,2026-07-17 01:12:56,특코 스위칭 막힌거 감안하면 풀강해야 허수기준 1%쯤 될듯,neutral,domain-lexicon-v1.1
5974,6892072,35300255,35300255,2026-07-17 03:09:33,지~미 십것,neutral,domain-lexicon-v1.1
5974,6892076,35296682,35296682,2026-07-16 23:36:46,헉 그거 완전 전투경험개선,neutral,domain-lexicon-v1.1
5974,6892076,35297927,35296682,2026-07-17 00:39:09,민생최종뎀 리턴즈,neutral,domain-lexicon-v1.1
5974,6892076,35299196,35296682,2026-07-17 01:51:07,@엔버쥬앙 이번에도 미하일 데슬은 패싱?,neutral,domain-lexicon-v1.1
5974,6892076,35296697,35296697,2026-07-16 23:37:38,시발 그거 그냥 전투경험개선 시즌 2잖아 좆됐네,neutral,domain-lexicon-v1.1
5974,6892076,35297161,35297161,2026-07-17 00:02:52,3개월 나눠서 다 끝내면 12월이네 그럼 겨울에 또 신스킬나오면 그걸로 밸런스 망가지네 ᄏᄏᄏᄏ,neutral,domain-lexicon-v1.1
5974,6892076,35297627,35297161,2026-07-17 00:24:57,네... 저희가 원래대로라면 이쯤에 밸런스 조정이 있어야했는데 이번에 신규 스킬이 나온만큼 데이터 수집이 필요할 시기라 조금만 더 기다려주시면...,neutral,domain-lexicon-v1.1
5974,6892076,35297654,35297161,2026-07-17 00:26:35,전부 점유율 2.5퍼로 나와서 안망가질 예정ᄃᄃᄃᄃ,neutral,domain-lexicon-v1.1
5974,6892076,35298558,35297161,2026-07-17 01:14:02,네 다음 공용스킬입니다 조각은 3천개입니다 최종뎀 상승량은 스킬코어가 2.5퍼였죠 공용코어가 넘을 순 없죠 1.5퍼입니다. 일단 선제조치로 안찍으면 구조 망가지게 이번에 반영하겠습니다. 안찍고 쌀먹하신다고요? 닉네임 .. 직업 .. 네 안찍은 유저 비율 많은 직업이 다음 밸패 기대하세요.,positive,domain-lexicon-v1.1
5974,6892076,35298844,35297161,2026-07-17 01:31:02,밸런스가 왜 망가짐 겨울 신규 스킬도 딜 상승량 3퍼미만일텐데,neutral,domain-lexicon-v1.1
5974,6892076,35297467,35297467,2026-07-17 00:17:27,진짜 이럴거같아서 벌써 ᄌ같네ᄏᄏ,neutral,domain-lexicon-v1.1
5974,6892076,35297604,35297604,2026-07-17 00:23:12,보마 제논 상향하고 다음 차례때 신규스킬 나와서 또 유기,neutral,domain-lexicon-v1.1
5974,6892076,35297607,35297607,2026-07-17 00:23:31,아 시바 맞네 ᄏᄏ,neutral,domain-lexicon-v1.1
5974,6892076,35297615,35297607,2026-07-17 00:24:03,심지어 그 세달짜리도 오히려 너프당한 직업도 있다는거임,negative,domain-lexicon-v1.1
5974,6892076,35297619,35297619,2026-07-17 00:24:17,민생최종뎀 주던 그거?,neutral,domain-lexicon-v1.1
5974,6892076,35297655,35297655,2026-07-17 00:26:36,ᄏᄏ 밸런스 무너뜨리는게 목적이니까 ᄏᄏ,neutral,domain-lexicon-v1.1
5974,6892076,35297665,35297665,2026-07-17 00:27:02,근데 애초에 지금도 몇개월째 말로만 미루고있는거 보면 ᄏᄏ 그냥 유저를 개등신으로 보는거임,neutral,domain-lexicon-v1.1
5974,6892076,35297673,35297673,2026-07-17 00:27:11,이것도 갈라치기 ᄌ됨 8월군번은 AS 비교적 잘해줬는데 9 10월은 진짜 십창나지않았나,neutral,domain-lexicon-v1.1
5974,6892076,35297677,35297677,2026-07-17 00:27:28,ᄀ-,neutral,domain-lexicon-v1.1
5974,6892076,35297690,35297690,2026-07-17 00:28:07,민생최종뎀 담주에 줍쇼,neutral,domain-lexicon-v1.1
5974,6892076,35297708,35297708,2026-07-17 00:28:48,아 줴줴이야,neutral,domain-lexicon-v1.1
5974,6892076,35297738,35297738,2026-07-17 00:30:27,3개월 밸패까지 참을수 있다쳐도 미하일한테 민생최종뎀 0퍼에 3개월 패싱후 너프까지 한건 심했어,negative,domain-lexicon-v1.1
5974,6892076,35297782,35297782,2026-07-17 00:32:57,9월에 대충하고 그 이후부턴 미루고 미루다가 디렉터자리 내려놓을듯,neutral,domain-lexicon-v1.1
5974,6892076,35297863,35297863,2026-07-17 00:36:28,9월 첫타자로 제논 최종뎀 20퍼 상승함,neutral,domain-lexicon-v1.1
5974,6892076,35297865,35297865,2026-07-17 00:36:30,연습) 민생 최종뎀 왜 제논이랑 미하일이랑 같냐..?,neutral,domain-lexicon-v1.1
5974,6892076,35299243,35297865,2026-07-17 01:54:02,미하일) ●▅▇█▇▆▅▄▇ 와 씨발 또 패싱당했네,neutral,domain-lexicon-v1.1
5974,6892076,35297869,35297869,2026-07-17 00:36:52,전경개 그것도 8월 1차가 젤 괜찮았고 뒤로 갈수록 ᄌ됐는뎈ᄏᄏ,neutral,domain-lexicon-v1.1
5974,6892076,35298049,35298049,2026-07-17 00:44:58,1차 밸패 2차 밸패 ᄃᄃ,neutral,domain-lexicon-v1.1
5974,6892076,35298080,35298080,2026-07-17 00:46:28,기다려야지,neutral,domain-lexicon-v1.1
5974,6892076,35298117,35298117,2026-07-17 00:48:48,3개월하면 왠지 작년 밸패랑 비슷하게 흘려갈거같음 첫달 밸패에서 수치 잘못줘서 개떡상해서 날라다니는 직업 생기고 구조 개선 필요한애들중에 수치 딸깍 끝 마지막달에 리마 하나,neutral,domain-lexicon-v1.1
5974,6892076,35298642,35298642,2026-07-17 01:18:42,대충 1억 낼 준비 하라는 댓글,neutral,domain-lexicon-v1.1
5974,6892076,35298895,35298895,2026-07-17 01:34:43,근데 3개월로 나눠서 할 거면 미리 말하지 않나,neutral,domain-lexicon-v1.1
5974,6892076,35301566,35298895,2026-07-17 06:40:53,나눠서 낼거면 8라방에 조금이라도 언급하고 9월패치때 민생최종뎀 주려나 이게 실패한방식이라 안할거같긴핟데,neutral,domain-lexicon-v1.1
5974,6892076,35302462,35302462,2026-07-17 08:38:22,킹능성 있는데 ᄃᄃ,neutral,domain-lexicon-v1.1
5974,6892076,35302483,35302483,2026-07-17 08:39:40,밸런스패치라는 말을 개씨!빨 얼마나 싫어하는지 감도 안옴,neutral,domain-lexicon-v1.1
5974,6892088,35296709,35296709,2026-07-16 23:38:13,레테도 넣어줘,neutral,domain-lexicon-v1.1
5974,6892088,35296713,35296709,2026-07-16 23:38:27,레테: +6퍼,neutral,domain-lexicon-v1.1
5974,6892088,35296714,35296714,2026-07-16 23:38:30,이게모임,neutral,domain-lexicon-v1.1
5974,6892088,35296719,35296714,2026-07-16 23:38:45,돌림판최종뎀,neutral,domain-lexicon-v1.1
5974,6892088,35296734,35296734,2026-07-16 23:39:39,진짜 이거면 그나마 다행임,neutral,domain-lexicon-v1.1
5974,6892088,35297875,35297875,2026-07-17 00:37:03,저게 희망편 아님?,neutral,domain-lexicon-v1.1
5974,6892164,35297220,35297220,2026-07-17 00:07:10,아직은 템으로 더 올려라 이거지,neutral,domain-lexicon-v1.1
5974,6892164,35297264,35297220,2026-07-17 00:08:50,그런의도로 바라볼수 있긴한데 몇십만원x14들어가는걸 전직이랍시고 쳐냈는데 신규가 2.5퍼면 석나가는건 어쩔수없긴함,neutral,domain-lexicon-v1.1
5974,6892164,35297279,35297220,2026-07-17 00:09:22,결국 일반적으로 사람들이 생각했을때 전직 vs 아이템 두개중 무게는 당연히 전직쪽에 쏠릴수밖에 없으니까,neutral,domain-lexicon-v1.1
5974,6892164,35299453,35297220,2026-07-17 02:08:38,@하루1치킨 님 말이 맞음 사실상 이번 소과금 유저들 챌린저 다는게 필수가 대적자 잡는건데 신규 오리진 스킬로 대적자 잡는게 좀더 편해지길 바랬는데 3퍼로 나오니까 발작 나올만 함,neutral,domain-lexicon-v1.1
5974,6892179,35297136,35297136,2026-07-17 00:01:03,직업이 배메인가바요,neutral,domain-lexicon-v1.1
5974,6892179,35297149,35297136,2026-07-17 00:01:57,배틀메이지는 공격력 쓰냐구요 아저씨,neutral,domain-lexicon-v1.1
5974,6892179,35297162,35297136,2026-07-17 00:02:56,@운빨좇망 아녔음?,neutral,domain-lexicon-v1.1
5974,6892179,35299056,35297136,2026-07-17 01:43:55,@붸에에엥 비슷하지요,neutral,domain-lexicon-v1.1
5974,6892179,35302874,35297136,2026-07-17 09:05:08,@운빨좇망 비슷합니다,neutral,domain-lexicon-v1.1
5974,6892179,35297150,35297150,2026-07-17 00:02:01,와 정말 축하해요,neutral,domain-lexicon-v1.1
5974,6892179,35297201,35297201,2026-07-17 00:06:15,네 개 좋은 거,neutral,domain-lexicon-v1.1
5974,6892179,35297581,35297581,2026-07-17 00:22:25,네맞아여ᄎᄎ,neutral,domain-lexicon-v1.1
5974,6892179,35297764,35297764,2026-07-17 00:31:57,뉴비나 비틱 하나만해야지 둘 다 해버리네 ᄃᄃ,neutral,domain-lexicon-v1.1
5974,6892179,35297857,35297857,2026-07-17 00:36:18,좋은거네요 축하해요,neutral,domain-lexicon-v1.1
5974,6892179,35297890,35297890,2026-07-17 00:37:44,그거윗잠조립해서팔면되는거아님?(진짜모름)ᄎᄎᄎᄎᄎᄎ,neutral,domain-lexicon-v1.1
5974,6892179,35297989,35297989,2026-07-17 00:41:40,뉴비(노딱),neutral,domain-lexicon-v1.1
5974,6892179,35298017,35298017,2026-07-17 00:43:07,공짜로 뜬건데 뭐 어때 안 떴다 생각해라,neutral,domain-lexicon-v1.1
5974,6892179,35298284,35298017,2026-07-17 00:56:40,맨날 개잡옵떴는데 그래도 기분좋더라 10추는갔잖아,neutral,domain-lexicon-v1.1
5974,6892179,35298052,35298052,2026-07-17 00:45:08,행메하세용,neutral,domain-lexicon-v1.1
5974,6892179,35298090,35298090,2026-07-17 00:47:10,너 메생핀거야,neutral,domain-lexicon-v1.1
5974,6892179,35298151,35298151,2026-07-17 00:50:01,추천개수 보고 조회 눌렀다,neutral,domain-lexicon-v1.1
5974,6892179,35298906,35298906,2026-07-17 01:35:00,이야,neutral,domain-lexicon-v1.1
5974,6892179,35298988,35298988,2026-07-17 01:39:53,이건 진짜 비틱이네 ᅲᅲ 500만원 내놔 임마~,neutral,domain-lexicon-v1.1
5974,6892179,35307852,35307852,2026-07-17 13:13:50,저 공12129는 말도안되게 좋은 엔드급 옵션인데 미트라가 마법사꺼라 마력이 필요해요 저건그냥 잡옵됨ᄏᄏᄏ ᅲᅲᅲ 아깝네요 저게 마력이였다면,neutral,domain-lexicon-v1.1
5974,6892220,35297213,35297213,2026-07-17 00:06:50,이런거 보니..,neutral,domain-lexicon-v1.1
5974,6892220,35297221,35297221,2026-07-17 00:07:17,오...,neutral,domain-lexicon-v1.1
5974,6892220,35297235,35297235,2026-07-17 00:07:54,대충 그 바키짤,neutral,domain-lexicon-v1.1
5974,6892220,35297900,35297900,2026-07-17 00:38:11,오,neutral,domain-lexicon-v1.1
5974,6892220,35298094,35298094,2026-07-17 00:47:33,제목좀 ᄏᄏ,neutral,domain-lexicon-v1.1
5974,6892220,35298227,35298227,2026-07-17 00:54:40,와 찌머크 뭐고,neutral,domain-lexicon-v1.1
5974,6892220,35298309,35298309,2026-07-17 00:57:59,ᄊᄇ,neutral,domain-lexicon-v1.1
5974,6892220,35298422,35298422,2026-07-17 01:04:14,제목,neutral,domain-lexicon-v1.1
5974,6892091,35296749,35296749,2026-07-16 23:40:08,헥사코어 순서보면 볼만할듯 1렙도 뒤에있을거같은데 이번껀,neutral,domain-lexicon-v1.1
5974,6892091,35297680,35296749,2026-07-17 00:27:37,개레전드인게 저거 60초 준극딜인데 블랙잭보다 약함,neutral,domain-lexicon-v1.1
5974,6892091,35296759,35296759,2026-07-16 23:40:40,이게 1렙 효율 높아진거임 시발 ᄏᄏᄏ,neutral,domain-lexicon-v1.1
5974,6892091,35297965,35296759,2026-07-17 00:40:35,"놀랍게도 팬텀은 2차 때 변경사항이 아예 없고, 이는 1렙 퍼뎀도 마찬가지임 ᄏᄏᄏ 1차 때부터 저 퍼뎀이었는데, 저게 1렙 효율이 충분하다고 판단했다는 거임 ᄏᄏᄏ",neutral,domain-lexicon-v1.1
5974,6892091,35296762,35296762,2026-07-16 23:40:56,호영은 10퍼임 ᄏᄏᄏ,neutral,domain-lexicon-v1.1
5974,6892091,35296912,35296912,2026-07-16 23:49:17,저거 원래 20퍼 언저리였나 그랬을텐데 ᄏᄏᄏᄏᄏᄏ,neutral,domain-lexicon-v1.1
5974,6892091,35297990,35296912,2026-07-17 00:41:40,"제가 7월 9일글 읽고 있는데, 팬텀은 1차때도 1렙 이 퍼뎀이긴 했어요 ᄏᄏᄏ",neutral,domain-lexicon-v1.1
5974,6892091,35297669,35297669,2026-07-17 00:27:03,오케이 안 열게요,neutral,domain-lexicon-v1.1
5974,6892091,35297913,35297913,2026-07-17 00:38:41,1차스킬보단 쌔냐 ᄏᄏ,neutral,domain-lexicon-v1.1
5974,6892097,35297459,35297459,2026-07-17 00:17:06,털ᄏᄏ,neutral,domain-lexicon-v1.1
5974,6892097,35297469,35297469,2026-07-17 00:17:29,몇화 없어서.. 묵혀두는중,neutral,domain-lexicon-v1.1
5974,6892097,35297586,35297586,2026-07-17 00:22:38,저거 갈수록 개웃김,neutral,domain-lexicon-v1.1
5974,6892097,35297992,35297992,2026-07-17 00:41:45,야니네코,neutral,domain-lexicon-v1.1
2294,456585,1749860,1749860,2026-07-10 13:38:34,ᄅᄋ 서버렉 기대해야지 원하던 딜량 나오더러,positive,domain-lexicon-v1.1
2294,456585,1749995,1749995,2026-07-10 15:37:32,서버렉도 있었겠지만 1차에서 제출한 사람은 일반인이고 2차 제출한 사람은 히어로 컨1황임 그사람,neutral,domain-lexicon-v1.1
2294,456585,1750065,1749995,2026-07-10 16:46:48,나도 잘 모르는 부분이 있을수도 있는데 히어로 구조가 단순해서 유의미한 차이는 파일럿만으론 못만들거같다는 생각이긴함 보스도 림보는 너무 쉬웠을거라 아마 데티카링에 컷에선 큰 차이 날듯,neutral,domain-lexicon-v1.1
2294,456585,1750205,1749995,2026-07-10 19:40:07,@루삥빵 나도 히어로가 딜구조가 단순해서 그렇게 생각했는데생각보다 차이가 많이남 ᄏᄏ도대체 왜 그런지 이유는 모르겠음2차 제출한 사람 영상보고 생각이 많이 바뀜 서버렉은 히어로만 받는게 아니라 다른 직업들도 받는거라 애매하긴함 개인적으론 히어로의 단점인 후딜과 유리몸을 내세워 그에 상응하는 딜을 받아내는게 가능성 있어보임,neutral,domain-lexicon-v1.1
2294,456585,1750442,1749995,2026-07-11 04:25:10,@루삥빵 그냥 님 아는만큼 보이는거임,neutral,domain-lexicon-v1.1
2294,456585,1750514,1749995,2026-07-11 11:06:41,1차 제출했던 사람 일반인 아닌디 ᄒᄒ 챌린지같은거 자주 1등했던분이에요,neutral,domain-lexicon-v1.1
2294,456585,1750515,1749995,2026-07-11 11:07:10,100퍼센트 서버렉 차이라고 확신함,neutral,domain-lexicon-v1.1
2294,456585,1750522,1749995,2026-07-11 11:20:33,@거북이어퍼컷 오 영상 잘 보고 있습니다. 정보 감사합니다!,positive,domain-lexicon-v1.1
2294,456753,1750394,1750394,2026-07-11 02:00:41,여명 빡딜은 아니야도 여명극딜은 제대로 들어가야깸,neutral,domain-lexicon-v1.1
2294,456753,1750397,1750394,2026-07-11 02:04:24,극딜 들어가는데 보호막 다 안까지는데 그래도 깰만한건가요... 벽느껴지네요 ᄅᄋ ᅲ,neutral,domain-lexicon-v1.1
2294,456753,1750441,1750394,2026-07-11 04:15:02,@김욱똥 극딜 제대로다박았다면 보호막이 남을리가없어요 최소컷기준으로도 패턴을 맞으면 보호막이 차니까 잘피하면서 해보세요! 거의 다까기만 한다는 느낌으로하시면되구요,neutral,domain-lexicon-v1.1
2294,456753,1750399,1750399,2026-07-11 02:10:21,원래 노해방으론 130퍼 힘듬 거의못깨는게 정상이긴함,neutral,domain-lexicon-v1.1
2294,456753,1750400,1750399,2026-07-11 02:11:05,해방무적차이가 너무큼,neutral,domain-lexicon-v1.1
2294,456753,1750402,1750399,2026-07-11 02:15:26,@피콜로 그렇죠? ᅲᅲ 여명때 거의 안맞아도 보호막이 안까이니까 진짜 잘치는분 아니면 못깰거같아요 여명 평딜 할 자신은 없고.... ᅲᅲ,neutral,domain-lexicon-v1.1
2294,456753,1750419,1750419,2026-07-11 02:40:39,여명에서 보호막을 최대한 안 채우는게 중요합니다. 그 보호막이 다름페이즈에 체력으로 차거든요. 세렌이랑 사슴같은거에 맞을때마다 보호막 찹니다. 저는 짧쿨기만 맞추고 맵 반대편으로 달려가서 피했습니다.,neutral,domain-lexicon-v1.1
2294,456753,1750472,1750472,2026-07-11 08:00:42,배율 자체가 최소컷은 아니지만 최소컷은 어센트를 여명때 털면 힘든걸로 압니다 최대한 딜 하셔서 보호막 까시고 어센트는 아껴보세요,neutral,domain-lexicon-v1.1
2294,456753,1750482,1750482,2026-07-11 09:24:15,130정도면 1페 2극정도쓰면 넘어갈거같은데 오리진이랑 어센트를 저는 여명에써서 깨긴했어요 오리진극딜이 그 시뻘건 세렌에서 돌텐데 아꼇다가 여명에 한번 ᄀᄀ!,neutral,domain-lexicon-v1.1
2294,456753,1750629,1750482,2026-07-11 15:44:46,여명때 오리진 확인했슴돠 한번해볼게요!,neutral,domain-lexicon-v1.1
2294,456753,1750690,1750690,2026-07-11 17:32:14,원래 히얼루는 보스패턴회피하는순간 딜로스길어지는거라 130% 힘든거 정상이에요ᄏᄏ,neutral,domain-lexicon-v1.1
2294,456753,1750970,1750970,2026-07-12 08:54:48,여명에서 플슬로 구슬 지우고 해보셈ᄏᄏ,neutral,domain-lexicon-v1.1
2294,456955,1751164,1751164,2026-07-12 19:05:32,오블이 파블로 바뀌면서 생긴일,neutral,domain-lexicon-v1.1
2294,456955,1751193,1751164,2026-07-12 20:06:57,원래 샤우트였는데 오블로 바뀐거죠?,neutral,domain-lexicon-v1.1
2294,456955,1751650,1751164,2026-07-13 19:02:06,@애교쟁이 파블이 생긴건 나중의 일이에요,neutral,domain-lexicon-v1.1
2294,456955,1751172,1751172,2026-07-12 19:19:43,레업라는 옛날에도 쓰는게 조금은 더 쌨어서 쓴지 좀 됐고 오블은 마코 받은 이후로,neutral,domain-lexicon-v1.1
2294,456955,1751194,1751172,2026-07-12 20:07:14,아 원래 사냥기 말고 보스에서 썻었었나 그때는 쿨탐이 좀더 길지 않았어요?,neutral,domain-lexicon-v1.1
2294,456955,1751196,1751172,2026-07-12 20:12:51,@애교쟁이 쿨은 그대로고 스킬 딜레이가 짧아지면서 많이 쓰기시작함,neutral,domain-lexicon-v1.1
2294,456955,1751192,1751192,2026-07-12 19:59:19,족쇄추가하려고 어떻게든 몸비비는거지,neutral,domain-lexicon-v1.1
2294,456955,1751195,1751192,2026-07-12 20:07:24,진짜 단순히 패는 히어로 하고 싶네,neutral,domain-lexicon-v1.1
2294,456955,1751701,1751701,2026-07-13 22:00:54,!! 극딜중에도 쓰는거였어요 ? 이제알았음 ᄃᄃ... 인스팅트땜에 걍평타만갈기는거로 알고 있었거늘...,neutral,domain-lexicon-v1.1
2294,456955,1751769,1751769,2026-07-13 23:30:33,인사이징 + 일루전 + 레업라 + 오블 + 블실 + 60초 신스킬까지 스킬들 쿨도 다 제각각이고 일단 약함 난 이번 신스킬 패시브로 나왔으면 했는데 그것도 아니였고 일단 인사이징 패시브화는 꼭 좀 해줬으면 좋겠는데..,neutral,domain-lexicon-v1.1
2294,456991,1751401,1751401,2026-07-13 11:07:41,지금이라도 늦지 않았으니 타직업으로 가십쇼,neutral,domain-lexicon-v1.1
2294,456991,1751436,1751436,2026-07-13 12:11:36,"오리진 극딜시 1. 일루전 시퀀스 레익(신스킬) 레업라 레블1회 오리진 -> 일루전 버프안에 발할라 스택을 다털겠다(발할라 스택 있을때는 레업라보다 레블이 더쌤, 단점은 오리진이 일루전버프 다못받을가능성도 약간 있음, 섭렉 기도메타) 2. 일루전 시퀀스 레익 오리진 레블 -> 일루전 버프 안에 오리진까지 안정적으로 넣겠다(저점 방어 & 고점 살짝 아쉬움) 5차 극딜시 일루전 시퀀스 레업라 레익(신스킬) 레블 ->레업라를 일루전 버프에 2번 넣겠다(5차극에서는 발할라스택을 일루전 버프 안에 다털수있어서 레업라 2번을 노리는게 좋음) 60초 준극?시 일루전 엔버링크(스틱스) 레업 오파블 레익 레블 ->레업라를 일루전 버프에 2번 넣겠다 비형상님 연구자료를 참고하였습니다.",neutral,domain-lexicon-v1.1
2294,456991,1751767,1751436,2026-07-13 23:28:05,이건 몇초뚝기준인가요??,neutral,domain-lexicon-v1.1
2294,456991,1751843,1751436,2026-07-14 01:53:33,@기에나다 거진 3초 히어로가많아서 3초뚝 기준일겁니다!,neutral,domain-lexicon-v1.1
2294,456991,1751866,1751436,2026-07-14 02:30:09,@Cloudyn 감사합니다!,positive,domain-lexicon-v1.1
2294,456991,1751449,1751449,2026-07-13 12:40:06,찍지말고 마코랑 강화코어를 올리셈,neutral,domain-lexicon-v1.1
2294,456991,1751455,1751455,2026-07-13 12:49:27,9억형님이 어째...,neutral,domain-lexicon-v1.1
2294,456991,1751587,1751587,2026-07-13 16:48:24,투력 9억이 뉴비면 우리는 태어나지도 못한 무언가 아닌가요....,neutral,domain-lexicon-v1.1
2294,456991,1751662,1751662,2026-07-13 20:02:37,;;; 뉴비라면서요....,neutral,domain-lexicon-v1.1
2294,456991,1751783,1751662,2026-07-13 23:54:37,테섭을 안해봐서..ᄒᄒ;; ᄀᄉᄀᄉ,neutral,domain-lexicon-v1.1
2294,456600,1749904,1749904,2026-07-10 14:13:26,듀블 플뱅 패시브화될때 당연히 해줄줄알고 손놓고 있었더니 씨바아아알,neutral,domain-lexicon-v1.1
2294,456600,1749923,1749923,2026-07-10 14:30:48,+돌진 캔슬기능추가 이건 모전 공통,neutral,domain-lexicon-v1.1
2294,456600,1750015,1750015,2026-07-10 15:50:50,일루전은 그냥 30초에 지속시간 늘려주면 좋겟다,neutral,domain-lexicon-v1.1
2294,456600,1750071,1750071,2026-07-10 16:57:27,인사이징이랑 팔라딘 위협은 패시브화 까먹은듯,neutral,domain-lexicon-v1.1
2294,456648,1750141,1750141,2026-07-10 18:31:46,데폴이 안좋은건 아닙니다 25초 무적기가 안좋으면 누구 무적이 좋나요ᄏᄏ 체급이 애매하다가 맞습니다 딜 상향해달라고 문의하세요,neutral,domain-lexicon-v1.1
2294,456648,1750154,1750141,2026-07-10 18:56:25,요즘 검마 치면서 느낀게 짧은쿨인건 좋은데 그동안 아무것도 못하고 화면 갈라지고서 이후 이펙트에 잘 안보일때 패턴 맞아죽던데 전체적으로 따졌을때 좋은편인게 맞아요?,neutral,domain-lexicon-v1.1
2294,456648,1750162,1750141,2026-07-10 18:59:41,좀 감정적이게 쓰긴 했네요 ᄏᄏᄏ ᅲᅲ 그래도 그냥 캐슈 무적처럼 바꿔줬으면 좋겠습니다 아무리 생각해도 데폴 무적시간은 문제가 맞는 것 같아요.. 짧쿨인게 너무 큰 장점은 맞지만 ᅲ 안 좋다라고 말하기엔 분명한 장점이 또 있는 것 같긴 하네요 근데 사실 지금은 데폴보단 레익 문제가 급하긴 해서 ᄏᄏᄏ 레익이랑 인사이징만 문의 넣고 있습니다,mixed,domain-lexicon-v1.1
2294,456648,1750177,1750141,2026-07-10 19:08:44,@지방덩이 검마에서 죽는건 숙련도 문제죠 이펙트가 안보이면 조절을 하세요 히어로 좋다고 한적없고 데폴이 안좋다고 이야기한걸 동의안한겁니다,mixed,domain-lexicon-v1.1
2294,456648,1750213,1750141,2026-07-10 19:49:14,@가브리엘칸다 히어로 좋다 안좋다가 아니라 데폴안좋은건 아니다 라는 댓글 첫마디에 대해 적은겁니다. 평소 이펙트 20으로 사용했고 0으로 낮춰서 사용해봐도 갈라지고 번쩍하는순간의 섬광으로 화면이 안보이는건 마찬가진데 이펙트를 조절한다고 해결되는문제인가요? 걸어서 못피하는 경우에 무적기를 사용하는거지 무적기 직후에 안보여서 죽는다고 하는데 숙련도의 이야기로 전개되는거면 제가 글을 잘 작성하지못했나봅니다.,mixed,domain-lexicon-v1.1
2294,456648,1750276,1750141,2026-07-10 21:49:36,"@지방덩이 흠,, 사바사겠지만 저는 쓰다보니 적응되던데요 무적 타이밍이나 이펙트나.. 그래도 나름 히어로 상징인데 변경하는 건 좀 그렇고 이펙트 낮추면 번쩍이는 걸 줄이면 어떨까 싶네요.",neutral,domain-lexicon-v1.1
2294,456648,1750180,1750180,2026-07-10 19:12:16,데폴은 디져서 구린게 아니고 쓰면 딜 떨어지는 ᄇᄉ인게 문제임,negative,domain-lexicon-v1.1
2294,457153,1752042,1752042,2026-07-14 12:30:13,일루전 60초는 어떤이유로 작성하셨는지 궁금합니다,neutral,domain-lexicon-v1.1
2294,457153,1752054,1752042,2026-07-14 12:57:55,"60초 쿨, 최종뎀 지속시간 2배로 늘려서 극딜 개선하자는 의견으로 알고 있어요",neutral,domain-lexicon-v1.1
2294,457153,1752053,1752053,2026-07-14 12:57:21,깔끔하네요,neutral,domain-lexicon-v1.1
2294,457153,1752193,1752193,2026-07-14 17:58:46,5. 두손검도 데미지 5퍼 주기,neutral,domain-lexicon-v1.1
2294,457153,1752498,1752193,2026-07-15 11:19:45,이건 인정ᄏᄏ,neutral,domain-lexicon-v1.1
2294,457153,1752550,1752193,2026-07-15 14:12:47,낭만 이런거 다 제끼고 그거 하나때문에 도끼받은사람은요....?,neutral,domain-lexicon-v1.1
2294,457153,1752839,1752193,2026-07-16 11:06:59,@마로루 아쉬운거지 외형은 캐시템끼면 안보이는데 뭐,neutral,domain-lexicon-v1.1
2294,457597,1753338,1753338,2026-07-16 18:16:05,하지만 인식은 개딸깍 보마렌이랑 동급인줄 알음,neutral,domain-lexicon-v1.1
2294,457597,1753373,1753373,2026-07-16 18:23:55,우린 바인드 시간 끝나도 극딜 더 넣어야한다고 ᄏᄏᄏ,neutral,domain-lexicon-v1.1
2294,457597,1753435,1753435,2026-07-16 18:43:32,씨발 ᄏᄏᄏᄏᄏᄏᄏᄏ,neutral,domain-lexicon-v1.1
2294,456620,1749997,1749997,2026-07-10 15:38:46,지표상으로는 지금도 중위권임,neutral,domain-lexicon-v1.1
2294,456620,1750095,1749997,2026-07-10 17:33:11,실전딜 따지면 중하위죠,neutral,domain-lexicon-v1.1
2294,456620,1750137,1749997,2026-07-10 18:27:01,@디스오더 그 실전딜이 중위권이라고요 모두 똑같은 조건에 장인이 친 기준으로,neutral,domain-lexicon-v1.1
2294,456620,1750006,1750006,2026-07-10 15:44:23,분탕 장애인 먹금 ᄀᄀ,neutral,domain-lexicon-v1.1
2294,456620,1750094,1750006,2026-07-10 17:32:58,매맞는 아내 ᄒᄋ요,neutral,domain-lexicon-v1.1
2294,456620,1750646,1750646,2026-07-11 16:15:19,정신못차린 저능아 왔노 15778848배 해달라해야지,neutral,domain-lexicon-v1.1
2294,456620,1751352,1750646,2026-07-13 09:48:27,맞네... 3배도 부족하다 님말이 맞음 너무 가스라이팅 당한듯,negative,domain-lexicon-v1.1
2294,456668,1750161,1750161,2026-07-10 18:59:34,방금 헥환 6.2만 히어로 VS 일리움 클탐 비교 했더니 강함정도가 100: 125더라구요. 히어로 줜나약해요 ᄏᄏᄏ 짜증.. 히어로 투자하고 싶은데 일리움 주기 싫은데 어질어질..,neutral,domain-lexicon-v1.1
2294,456668,1750328,1750161,2026-07-10 22:47:40,히어로 쎄요,neutral,domain-lexicon-v1.1
2294,456668,1750417,1750161,2026-07-11 02:38:15,@히어로사긴데 키운거 인장 ᄀᄀ,neutral,domain-lexicon-v1.1
2294,456668,1750783,1750161,2026-07-11 21:22:08,@마로루 인장달면 특정될수준이라 안답니다,neutral,domain-lexicon-v1.1
2294,456668,1751727,1750161,2026-07-13 22:31:57,@히어로사긴데 특정되면 안 되나요? 쌔다고하신것을 인증하시면 되는디 ᄃᄃ.,neutral,domain-lexicon-v1.1
2294,456668,1750454,1750454,2026-07-11 06:05:28,진짜 속상하긴 해요 RPG라 원하는 캐릭터 컨셉 맞춰서 애정 갖고 하는데 성능이 자꾸 발목 잡으니,neutral,domain-lexicon-v1.1
2294,456668,1750828,1750828,2026-07-11 23:16:23,실전클탐은 렌이더나을듯 ᄏᄏ,neutral,domain-lexicon-v1.1
2294,456705,1750279,1750279,2026-07-10 21:52:49,고생했어 근본 영웅,neutral,domain-lexicon-v1.1
2294,456705,1750324,1750324,2026-07-10 22:40:44,와헌타락 해버림이 뭔뜻임?,neutral,domain-lexicon-v1.1
2294,456705,1750327,1750327,2026-07-10 22:47:25,도망친 곳에 낙원은 없다,neutral,domain-lexicon-v1.1
2294,456705,1750725,1750725,2026-07-11 19:01:50,조각 3.5만+ 유기하고 카데나로 도망가서 광명찾음,neutral,domain-lexicon-v1.1
2294,456705,1751725,1751725,2026-07-13 22:30:01,꼬우면 버려라를 실천하다니 엄청나,neutral,domain-lexicon-v1.1
2297,331197,1333362,1333362,2026-07-16 18:29:28,제가 저배율때 쳤었는데 1페(체력50%)까지는 클리어타임 비슷하네요. 아마2페 넘어가서부터 딜로스가있는거 같습니다 추가로 메이린돌진은 파초풍으로 파훼가능해요,neutral,domain-lexicon-v1.1
2297,331197,1333642,1333362,2026-07-16 21:02:14,2페가 문제였군요... 감사합니다!,mixed,domain-lexicon-v1.1
2297,331197,1333680,1333680,2026-07-16 22:05:14,메이린이 패턴을 쓰면 그 패턴만 피하면되는데 자꾸 미세컨으로 조금씩 움직이면서 딜로스가 조금 나는거같아요. 그리고 돌진패턴때 위아래에 남색? 조금 찐한색인쪽으로 피할 수 있어요 아래가 남색이면 엎드려서피하기 위가 남색이면 근두운으로 위로 이동한다음에 바로 딜 넣을 수 있어요. 1페 어센트는 리트하는거 추천드립니당... 체감상 1페 빨리 넘겨야 더 잘 깍이는거같더라구요. 진짜 곧 깨실듯 ᄒᄋᄐ,neutral,domain-lexicon-v1.1
2297,331197,1333696,1333680,2026-07-16 22:29:30,긴글 감사합니다 혹시 하이퍼스텟에 분신부 말고 유령찍혀있었는데 이것도 클까요?,positive,domain-lexicon-v1.1
2297,331197,1333704,1333680,2026-07-16 22:50:59,"@Adward2 저는 천지인 데미지, 보공 / 귀화부, 흡성와류 헤이스트 / 분신부 이그노어 이렇게 찍었습니당",neutral,domain-lexicon-v1.1
2297,331197,1333720,1333680,2026-07-16 23:29:18,@은율 감사합니다 ᅲᅲ 바꾸고 다시 해봐야겠네용,positive,domain-lexicon-v1.1
2297,331215,1333356,1333356,2026-07-16 18:24:43,유챔주보따리로 키우고 버리면 되는데 뭐하려 유챔캐를 위해 목소리냄,neutral,domain-lexicon-v1.1
2297,331215,1333361,1333361,2026-07-16 18:27:59,하루에 글 하나도 안 올라오던 날보단 지금이 나은 건 맞으니깐 그렇지 ᄏᄏ 사람 디져있는 거랑 조금이라도 관심 있는거랑 같나,neutral,domain-lexicon-v1.1
2297,331215,1333363,1333361,2026-07-16 18:30:01,그래 넌 유챔 4캐릭 전부 다 관심 가져라,neutral,domain-lexicon-v1.1
2297,331215,1333366,1333361,2026-07-16 18:31:55,@Lastinfo 그래 너는 모든 챌섭유저가 주보캐라고 생각해라 ᄏᄏ,neutral,domain-lexicon-v1.1
2297,331215,1333416,1333416,2026-07-16 18:57:37,그냥 이참에 몰린사람 생겼을때 보조털고 탈출하는게 가장 현명한게 아닌가 싶기도 하고...,neutral,domain-lexicon-v1.1
2297,331215,1333501,1333416,2026-07-16 19:24:18,보조 교불이라 나는 탈출도 못함 ᄉᄇ,neutral,domain-lexicon-v1.1
2297,331215,1333547,1333416,2026-07-16 19:48:51,@남장군 아스트라 전승을 하셨군요...,neutral,domain-lexicon-v1.1
2297,331215,1333430,1333430,2026-07-16 19:01:35,개 창 섭 그럴 줄 알고 보조 묶어놓고 무기 에공삼을 줬단 말이다,neutral,domain-lexicon-v1.1
2297,331215,1333514,1333514,2026-07-16 19:29:06,탈출각 재는중이긴함,neutral,domain-lexicon-v1.1
2297,331215,1333755,1333755,2026-07-17 00:38:31,그래도 안버릴거야,neutral,domain-lexicon-v1.1
2297,331291,1333641,1333641,2026-07-16 21:00:38,혹시 영상같은거나 증강 어떤거 뜬지 알수있을까요?,neutral,domain-lexicon-v1.1
2297,331291,1333659,1333641,2026-07-16 21:24:58,영상은 따로 안찍었는데 2오리진 1극딜초기화 1어센트 1바인드 1최종뎀이였던거같아요 입장하고 준비방에서 일필 터트리고 49초에 메이린 입장하면 오리진에 일필묻어용 나머지는 유튜브에 올라온 영상보면서 참고했어요!,neutral,domain-lexicon-v1.1
2297,331291,1333660,1333641,2026-07-16 21:26:42,1페에서 증강이 잘 뜨고 11분쯤에 2페로 넘어가야지 깰 수 있는거같아요 ᄒᄋᄐ,neutral,domain-lexicon-v1.1
2297,331291,1333695,1333641,2026-07-16 22:29:04,@은율 감사합니당,positive,domain-lexicon-v1.1
2297,331291,1333895,1333895,2026-07-17 12:05:43,고수다,neutral,domain-lexicon-v1.1
2297,331291,1333946,1333895,2026-07-17 13:28:51,메이린은 유명한 운빨보스에여.. 저 20분 치면 막 데카아웃하고 그럼.. 못해여 운이 좋았음 !!,neutral,domain-lexicon-v1.1
2297,331316,1333671,1333671,2026-07-16 21:49:11,"카링은 좋진않은듯,,? 제생각입니다 세칼쌀은 할만합니다",neutral,domain-lexicon-v1.1
2297,331316,1333681,1333681,2026-07-16 22:05:56,재미는 있습니다,positive,domain-lexicon-v1.1
2297,331316,1333685,1333685,2026-07-16 22:12:42,20초극딜만 압축되면 좋을거같은데 극딜이 너무길고 느릿느릿해요...,neutral,domain-lexicon-v1.1
2297,331316,1333702,1333702,2026-07-16 22:40:09,제가 메린이 인데 이제 바인드시 맵패턴도 안나오고 조금 할만한가? 생각하고있긴해유,neutral,domain-lexicon-v1.1
2297,331316,1333732,1333732,2026-07-17 00:21:02,딱히 구린거같진 않은데 갠적으론,neutral,domain-lexicon-v1.1
2297,331316,1333733,1333732,2026-07-17 00:22:18,유피 연성체는 좀 그지같고(보스가 adhd있음 ᄉᄇ) 그나마 흉성? 전반적으로 괜찮다 생각함다,neutral,domain-lexicon-v1.1
2297,331269,1333603,1333603,2026-07-16 20:24:47,천지인환영 0.3초되면 본문에 써있는 20초동안 가만히 있어야돼가 될거같은데 호영은 그냥 극딜을 압축해줘야됨... 10초로 압축되면 5초 도철 5초 토금파금되서 바인드안에 다 들어가고 해방무적지속시간도 맞아서 좋을거같은데 아무튼 저도 문의 넣을게영...!!,neutral,domain-lexicon-v1.1
2297,331207,1333442,1333442,2026-07-16 19:03:03,위기중 다행이라 해야하나...걍 기존 처럼 하면되긴해서 먼가 묘함,neutral,domain-lexicon-v1.1
2297,331207,1333559,1333442,2026-07-16 19:54:03,다리 부러진 애들이 너무 많음..,neutral,domain-lexicon-v1.1
2297,331233,1333498,1333498,2026-07-16 19:23:21,강화효율 잘 안나오긴해서 1렙이 맞긴할꺼임 9월 보고 올리든 할듯,neutral,domain-lexicon-v1.1
2297,331258,1333502,1333502,2026-07-16 19:24:31,1렙만 개방하면 금고봉 마코 강화에 따라 다르지만 1.8퍼쯤,neutral,domain-lexicon-v1.1
2297,331258,1333507,1333502,2026-07-16 19:26:52,그냥 5초 금고봉 무한 난사 발사대가 되는건가요,neutral,domain-lexicon-v1.1
2297,331258,1333883,1333502,2026-07-17 11:32:38,@네르 그게존나큼,neutral,domain-lexicon-v1.1
2295,299433,1154688,1154688,2026-07-16 19:04:26,리요 마키나 빼시면돼요 굳이 넣을필요없음,neutral,domain-lexicon-v1.1
2295,299433,1154733,1154688,2026-07-16 19:21:43,감사합니다,positive,domain-lexicon-v1.1
2295,299433,1155003,1155003,2026-07-17 00:48:08,너무 빨리 끄는거 아니에요?오히려 전체딜은 하락할거 같은데,neutral,domain-lexicon-v1.1
2295,299514,1154843,1154843,2026-07-16 20:12:25,ᄂᄂ 오리진 쓰면 이제 스킬 가속이라고 해서 선오리진 직업이 쿨 밀리는 거 보완해주는 게 추가가 돼 있음 근데 일리움의 패스트 차지가 가속 받으려면 칼같이 변신 풀어야 해가지고 그럼,neutral,domain-lexicon-v1.1
2295,299514,1155384,1154843,2026-07-17 19:55:39,그럼 윙비트만 쓰고 변신풀고 패차쓰고 이그니션 쓰는건가요?,neutral,domain-lexicon-v1.1
2295,299514,1155385,1154843,2026-07-17 19:57:09,@감크탕 내가 알기론 변신-선오리진-극딜버프-윙비트-이그니션-칼같이 변신해제 후 패차 순임,neutral,domain-lexicon-v1.1
2296,184297,685532,685532,2026-07-16 20:21:21,고수들 말로는 3~4줄이라고 하더라구요,neutral,domain-lexicon-v1.1
2296,184297,685880,685532,2026-07-17 21:46:06,감사합니다!,positive,domain-lexicon-v1.1
2296,184515,685579,685579,2026-07-16 21:21:28,아예 없는 듯 합니다,neutral,domain-lexicon-v1.1
2296,184515,685620,685620,2026-07-16 23:00:44,1차때 5차 강화 코어 효과를 적용받던걸 막은 대신에 그 만큼 퍼뎀을 올려줬다네요,neutral,domain-lexicon-v1.1
2294,457547,1753224,1753222,2026-07-16 17:46:34,기가+윌오소만 쓰고 지금보다 체급높음,neutral,domain-lexicon-v1.1
2294,457547,1753234,1753222,2026-07-16 17:48:48,@카이저이상함,neutral,domain-lexicon-v1.1
2294,457547,1753253,1753253,2026-07-16 17:52:12,인퍼널 마코 받기 전엔 그랬음,neutral,domain-lexicon-v1.1
2294,457547,1753263,1753263,2026-07-16 17:54:49,맥뎀에 막히면 윙비트 정도는 썼음ᄏᄏ 아 류드카이저 생각나네ᄏᄏᄏ,neutral,domain-lexicon-v1.1
2294,457612,1753383,1753383,2026-07-16 18:28:44,무보엠에 따라 다르죠,neutral,domain-lexicon-v1.1
2294,457612,1753390,1753383,2026-07-16 18:29:10,근데 자세한건 환산에서 일일히 직접입력으로 쳐야 정확함,neutral,domain-lexicon-v1.1
2294,457612,1753393,1753393,2026-07-16 18:29:27,무기가 보35 공9공9 엠블렘이 공12공12덱9 입니다!,neutral,domain-lexicon-v1.1
2294,457612,1753396,1753396,2026-07-16 18:29:53,직접 입력해볼려고 했는데 어떻게 입력하는지 잘 모르겟어서 다시한번 입력해볼게여,neutral,domain-lexicon-v1.1
2294,457612,1753437,1753437,2026-07-16 18:43:58,그럼 보공이 맞을거같은데,neutral,domain-lexicon-v1.1
2294,457765,1753799,1753799,2026-07-16 21:17:49,카이저는 딱 중간에서 조금이라도 벗어나면 죽는 병 걸렸나봄 지표 조금이라도 튀나갈만한거 다 견제함,neutral,domain-lexicon-v1.1
2294,457765,1753802,1753799,2026-07-16 21:19:32,결국 키다운중 재사용 스킬 돌리라고 또 족쇄 추가함 ᄏᄏᄏᄏ 깔개직업들 스킬도 잘 모를듯,neutral,domain-lexicon-v1.1
2294,457765,1753873,1753873,2026-07-16 22:38:27,2달뒤엔 또 비수기니까 직업 하나 리마 때리고 밸패 미룰듯,neutral,domain-lexicon-v1.1
2294,457765,1753934,1753934,2026-07-16 23:29:44,10년이상을 안해줬던걸 해줄리가... ᅲ,neutral,domain-lexicon-v1.1
2294,457782,1753874,1753874,2026-07-16 22:40:03,그렇다기엔 일리움이라는 너무 큰 반례가 있어서 글쎄요. 오히려 딱 연계캔슬만 없는 극딜전무 탭댄스 직업인데 말이죠,neutral,domain-lexicon-v1.1
2294,457782,1753881,1753881,2026-07-16 22:46:20,인간폼 사망위험이 너무높음 살려고만 하면 다른 더블점프 별차이없는데 게이지를 15초 안에 채워야하니까 야랄나는거임 다들 제네무적 극딜때 안전하게쓰는데 카이저는 제네무적을 인간폼때 쓰는게 더 안전함 천천히 도망다니면서 안전하게 채우면 그거 자체가 극딜쿨이 밀리는거니까,neutral,domain-lexicon-v1.1
2294,457782,1753882,1753881,2026-07-16 22:48:25,창섭이형은 카이저 극딜 자동공격 딸깍인줄 아나봄 쿨관리는 전직업 탑급으로 타이트한데 카이저를 해봐야알지 뛰발 ᄏᄏ 파티가면 민폐임 아 저 게이지,neutral,domain-lexicon-v1.1
2294,457782,1753883,1753881,2026-07-16 22:49:12,파티 자연스레 안하게된게 아 저 게이지 이거랑 먼저 쓰세요 마우스로 버프 끄는감성도 ᄌ같고,neutral,domain-lexicon-v1.1
2294,457782,1753921,1753881,2026-07-16 23:16:02,@에스더누텔라 ᄅᄋ 극딜할때 가끔 변신쿨 밀리는데 석나간다,neutral,domain-lexicon-v1.1
2294,457782,1753998,1753881,2026-07-17 01:39:55,@명양 그래도 카이저 사랑하시자나,neutral,domain-lexicon-v1.1
2294,457791,1753887,1753887,2026-07-16 22:51:38,그래도 사랑하시죠? 하면 네긴함 카이저 족간지,neutral,domain-lexicon-v1.1
2294,457791,1753914,1753887,2026-07-16 23:12:23,ᅲᅲ 나도 버리고싶다. 그러기엔 너무 정이 많다 그리고 얘만큼 컨셉이 마음에 드는애가 없다,neutral,domain-lexicon-v1.1
2294,457792,1753885,1753885,2026-07-16 22:50:59,아무리 1렙 저점 올려줘도 쓰면 딜적으로 이득볼수있을까에 대한 의문이 사라지지않음,neutral,domain-lexicon-v1.1
2294,457792,1753891,1753885,2026-07-16 22:52:52,"3.5초 키다운이라는 최악의 구조를 받은 마당에 키다운 요소 자체를 없애는 게 아니면 결국 계수 상승밖에 답이 없긴 합니다. 윌오소 사용 가능은 딱 없는 거보단 나은 수준이고 별로 의미가 없어뵈는데, 신스킬 딜 상승량 2퍼는 나올까 걱정입니다. 3퍼가 부러워질 줄은 꿈에도 몰랐네요",negative,domain-lexicon-v1.1
2294,457792,1753918,1753918,2026-07-16 23:13:57,분석으로 유의미하다고 나올때까진 그냥 스킬 못 받은 직업으로 생각해야됨,neutral,domain-lexicon-v1.1
2294,457792,1754030,1754030,2026-07-17 03:43:33,전 그냥 안쓰려고요...안그래도 손꼬이는판에 또 추가 생기면 잡던것도 못잡을듯...,neutral,domain-lexicon-v1.1
2294,457810,1753999,1753999,2026-07-17 01:40:52,3.5초동안 드라코 계속나가면 미터기 하늘 뚫을듯여 ᄏᄏ,neutral,domain-lexicon-v1.1
2294,457810,1754003,1753999,2026-07-17 01:48:38,노딜레이지 노쿨은 아니니까 ᄏᄏᄏᄏᄏᄏᄏᄏ,neutral,domain-lexicon-v1.1
2294,457615,1753399,1753399,2026-07-16 18:30:40,전자일듯?,neutral,domain-lexicon-v1.1
2294,457615,1753402,1753399,2026-07-16 18:31:36,헷갈리네요...전자면 꽤 아쉽겠는데...테섭 가서 직접 봐야겠네요 감사합니다!,mixed,domain-lexicon-v1.1
2294,457671,1753504,1753504,2026-07-16 19:11:00,ᄋᄋ 맞는거같음.. 크게 유의미하진 않을것같음.,neutral,domain-lexicon-v1.1
2294,457671,1753506,1753506,2026-07-16 19:11:20,이러면 원래 0.06퍼 최종뎀 증가에서 윌오소 사용가능 추가된거라 개선은 개선이고 신규스킬 열 메리트는 아직까지는 크게 못느끼긴 할듯요,neutral,domain-lexicon-v1.1
2294,457671,1753513,1753513,2026-07-16 19:12:09,저도..그냥 1차테섭 딜사이클에서 키다운 중 윌오소 추가가 끝인거같음,neutral,domain-lexicon-v1.1
2294,457671,1753517,1753517,2026-07-16 19:12:50,"네 그런의도가맞는거같아요 씁쓸하지만 그나마 다행이라고해야할까싶네요.,.",neutral,domain-lexicon-v1.1
2294,457704,1753609,1753609,2026-07-16 19:45:12,ᄅᄋᄏᄏ,neutral,domain-lexicon-v1.1
2294,457704,1753650,1753650,2026-07-16 19:56:19,족쇄 맞음,neutral,domain-lexicon-v1.1
2294,457704,1753824,1753824,2026-07-16 21:36:38,맞는데용!,neutral,domain-lexicon-v1.1
2297,331153,1333256,1333256,2026-07-16 17:35:02,레투다 끝물에 쓸때랑 극딜 시작때 쓸때랑 딜차이 거의 안나긴함 일단 내가 쟀을땐 1580조 / 1570조 이래 나옴 시작부터 쓸떄가 좀더 높게나오긴했는데 그냥 편한대로 쓰면될지도?,neutral,domain-lexicon-v1.1
2297,331153,1333265,1333256,2026-07-16 17:41:08,혹시 대충 자동사출로인한 상승량 몇퍼정도 잡히시나요??,neutral,domain-lexicon-v1.1
2297,331153,1333311,1333256,2026-07-16 18:00:05,@가나다란 아예 신스킬 안쓰고 쳤을때 1547.1958조 / 판블듄 오리진~ 1595.7699 / 레투다 끝물에 듄 1579.1338 이래나옴 대충 3퍼 언저리 쎄지는거같음,neutral,domain-lexicon-v1.1
2297,331153,1333322,1333256,2026-07-16 18:06:29,@크믄야 재사용 없이 치신건가요?,neutral,domain-lexicon-v1.1
2297,331153,1333325,1333256,2026-07-16 18:07:22,@가나다란 27.5퍼용,neutral,domain-lexicon-v1.1
2297,331176,1333303,1333303,2026-07-16 17:57:36,판블듄 하면 판블스보다 퍼뎀손해가 너무 크지않나요,neutral,domain-lexicon-v1.1
2297,331176,1333306,1333303,2026-07-16 17:58:25,근데 이렇게 안하면 듄 쓸타이밍이 개꼬임 그냥 손해 감수하고 가는거지뭐,neutral,domain-lexicon-v1.1
2297,331176,1333345,1333345,2026-07-16 18:18:11,듄블(크레센텀)시퀀스가 차라리 나을거같은다는생각도 드네요 극딜 준극딜 같은타이밍에 쓸수도있고 헤카테 듄으로 옮기고..,neutral,domain-lexicon-v1.1
2297,331176,1333350,1333345,2026-07-16 18:21:31,오 차라리 이게 더 나을수도 있겄네요,neutral,domain-lexicon-v1.1
2297,331176,1333401,1333345,2026-07-16 18:50:23,오,neutral,domain-lexicon-v1.1
2297,331176,1333413,1333345,2026-07-16 18:55:14,좋은데요,neutral,domain-lexicon-v1.1
2297,331268,1333536,1333536,2026-07-16 19:39:48,아니네;; 그냥 필터키 상시화로인한 체감이네요. 신스킬 안써도 2900정도 꾸준히 나오는듯 ;;,neutral,domain-lexicon-v1.1
2297,331268,1333548,1333548,2026-07-16 19:49:00,와 저는 챌섭에서 하는데 재사용 10퍼만쓰고있는 기준으로 저번 테섭때 3000차나오고 이번에 필터키 키고하니까 3500타는 꾸준히나오네요 체감 개지림 ᄃᄃ 이좋은걸 니들만쓰고있었누 ᄏᄏ,neutral,domain-lexicon-v1.1
2297,331268,1333557,1333548,2026-07-16 19:52:26,엥 재사용 10퍼에 3500이 가능해여?,neutral,domain-lexicon-v1.1
2297,331268,1333624,1333548,2026-07-16 20:38:14,@Pinny120 네 사진 보내드릴까요?,neutral,domain-lexicon-v1.1
2297,331268,1333626,1333548,2026-07-16 20:40:49,@극추보장매입 3번 테스트 결과 2번3500타이상 최소 3480타 이렇게 나왔네요,neutral,domain-lexicon-v1.1
2297,331268,1333627,1333548,2026-07-16 20:43:34,@극추보장매입 영상좀 올려주세요 보고 배우게 개쩌네,neutral,domain-lexicon-v1.1
2297,331268,1333637,1333548,2026-07-16 20:54:26,@크믄야 챌섭 졸업하기전에 재사용 20퍼띄우면 그때 다시 테스트해서 올려드릴게요,neutral,domain-lexicon-v1.1
2297,331268,1333646,1333548,2026-07-16 21:04:38,@극추보장매입 그 보스 입장 대기맵에서 치신 거 같은데 몹이 2마리라 무릉 수련장보다 타수가 더 잘 찍히긴 합니다.. 다른 분들이 좀 혼동하실 수도 있어요,neutral,domain-lexicon-v1.1
2297,331268,1333650,1333548,2026-07-16 21:14:24,@Didked 아 맞아요?ᄏᄏ 그거는 생각못했네요 내일 다시 허수아비 때려 보겠습니다,neutral,domain-lexicon-v1.1
2297,331268,1333651,1333548,2026-07-16 21:15:16,@Didked 근데 그래도 지금 재사용 10퍼인데 본섭넘겨서 17.5%땡겨오면 저정도 수치나올거같긴함,neutral,domain-lexicon-v1.1
2297,331268,1333699,1333548,2026-07-16 22:35:03,헐 ᄏᄏᄏ 개쩌시네여,neutral,domain-lexicon-v1.1
2297,331268,1333728,1333548,2026-07-17 00:06:19,@극추보장매입 허수 2마리여도 3500 나오기 힘들텐데 개쩌는데 ᄃᄃ 3번 쳐서 2번 3500타 이상 최소 3480타 나오는거면 그냥 잘치시는 것 같은데 그냥 재사용10%인 상태로 영상 한 번만 올려주시면 안되나여 겁나 궁금한데,neutral,domain-lexicon-v1.1
2297,331268,1333816,1333548,2026-07-17 05:54:04,"레조 발현된 이후는 차이가 없는데, 맞는 몹이 두배라서 차크리 생성량이 뻥튀기되긴해요",neutral,domain-lexicon-v1.1
2297,331268,1333917,1333548,2026-07-17 12:52:12,@K에이 이게 맞는듯 많이 뜨면 3600타 넘게 뜨기도 하는데 보통은 3100~3300 왔다갔다 하네... 어서 빨리 영상을 다오,neutral,domain-lexicon-v1.1
2297,331268,1333934,1333548,2026-07-17 13:18:16,버스트안쓴타수는.. 남들과 기준이 다른타수에요,neutral,domain-lexicon-v1.1
2297,331268,1333638,1333638,2026-07-16 20:55:20,재사용 20 안떠서 지금 보 재 상 이렇게 쓰는중임 ᄏᄏ,neutral,domain-lexicon-v1.1
2297,331268,1334210,1334210,2026-07-18 00:14:18,반응이 뜨겁네요 ᄒᄒ;; 무릉도장에서 허수아비로 처봤는데 평균 3300~3400타 까지 나오네요,neutral,domain-lexicon-v1.1
2297,331268,1334211,1334211,2026-07-18 00:14:44,이건 평균치입니다,neutral,domain-lexicon-v1.1
2297,331268,1334212,1334212,2026-07-18 00:17:23,재사용 17.5퍼 올라가면 장담하는데 평균 3500~3600타 나올것같은데요?,neutral,domain-lexicon-v1.1
2297,331296,1333615,1333615,2026-07-16 20:34:47,그냥이번 테섭에있는 실험실 기능 키면 되요 체감 압도적임,neutral,domain-lexicon-v1.1
2297,331296,1333616,1333615,2026-07-16 20:35:22,대쉬가 연속으로 나간다거나 하지는 않죠? 테섭에 있는 필터키,neutral,domain-lexicon-v1.1
2297,331296,1333617,1333615,2026-07-16 20:35:47,@Vorejq 네 연속으로 나가고 그런 적은 없어요,neutral,domain-lexicon-v1.1
2297,331296,1333619,1333619,2026-07-16 20:36:58,오히려 다른 부분보다는 개인적으로 기본 평딜 후딜레이도 그렇고 자체 헥스스킬 후딜레이도 있다고 느겼는데 그런 모든 부분들이 이번 테섭 실험실 기능으로 전부 사라진수준이라고 체감될정도에요,neutral,domain-lexicon-v1.1
2297,331296,1333623,1333623,2026-07-16 20:37:52,컨트롤 차이도 있겠지만 필터키 사용안한 제 기준으로 전체구간 딜량 최종뎀 5~10퍼센트 이상 예상 봅니다,neutral,domain-lexicon-v1.1
2297,331296,1333648,1333648,2026-07-16 21:08:56,제로할때 100써서 100쓰면 러쉬가 연발로나가서 150쓰니까 ᄀᄎ긴하던데 그냥 안쓰는거랑별차이없어서 안씀,neutral,domain-lexicon-v1.1
2297,331296,1333664,1333664,2026-07-16 21:37:53,160 35 씁니다 좀 더 낮추면 메이플은 잘 되는데 일상이 너무 힘들어서 ᄏᄏ,neutral,domain-lexicon-v1.1
2297,331115,1333198,1333198,2026-07-16 17:16:20,차라리 시퀀스 넣을 수 있게라도 해주면 감사할 정도네요 ᅲᅲ,positive,domain-lexicon-v1.1
2297,331115,1333204,1333204,2026-07-16 17:17:46,1찍고 버리면 굉장히 좋은 스킬같은데요?,neutral,domain-lexicon-v1.1
2297,331115,1333217,1333204,2026-07-16 17:21:44,키세팅칸먹고 캔슬해야하면 신경쓸거 늘어나잖아요 그냥 저렇게 대미지 의미1도없이 낼거면 버프로내는게 낫지않았나 하는 생각입니다,neutral,domain-lexicon-v1.1
2297,331134,1333222,1333222,2026-07-16 17:25:18,그냥 딱 레조 발현 발사대로 쓰라는 것 같긴하네요 근데 이럴거면 그냥 버프로 주지 점유율도 쥐똥만한데 키셋 하나 잡아먹는게 좀 아쉽네요,negative,domain-lexicon-v1.1
2297,331134,1333225,1333225,2026-07-16 17:25:51,시퀀스 넣어줘`~~!@~!@~!@~!@,neutral,domain-lexicon-v1.1
2297,331134,1333232,1333232,2026-07-16 17:29:10,강화 레벨에 따른 지속시간 증가 같은 건 안 달려온 거죠? 레조스택 쌓이게 수정돼서 1렙 여는 건 효율 좋긴 하겠네요..,neutral,domain-lexicon-v1.1
2297,331134,1333281,1333281,2026-07-16 17:49:30,뭐 딜까인건 아쉽지만 의미잇는 지분도아니었기에 자동스택 패치해준건 맘에드네요,negative,domain-lexicon-v1.1
2297,331134,1333282,1333282,2026-07-16 17:49:55,나쁘지 않네,neutral,domain-lexicon-v1.1
2297,331325,1333700,1333700,2026-07-16 22:37:04,참고로 저번 테섭에서 헤카테감응 듄에 하고 듄러시퀀스 기존 극딜사이클로 한번정도만 비교했을때 체감 못느꼈는데 뭐가 바꿘건가요?,neutral,domain-lexicon-v1.1
2297,331220,1333365,1333365,2026-07-16 18:31:26,시퀀스가 되면 스킬에 써있음,neutral,domain-lexicon-v1.1
2297,331220,1333389,1333389,2026-07-16 18:46:19,그냥 블라썸 사용중 자동사출 달아놓는 버프기에 레벨별 최종뎀 주는게 맞았음 개존심 못굽히는데 퍼뎀은 못주겠고 이따구로된듯,neutral,domain-lexicon-v1.1
2295,299438,1154454,1154454,2026-07-16 17:57:12,근데 얘가 인식범위하고 호불호 생긴거빼면 하자없긴했어...,neutral,domain-lexicon-v1.1
2295,299438,1154456,1154456,2026-07-16 17:57:26,해달라던건 대충 다 해준거 아닌가? 뭐 딜이야 전부 비슷한거 같고 난 범위 늘려준거에서 만족,positive,domain-lexicon-v1.1
2295,299438,1154497,1154497,2026-07-16 18:15:09,어으...,neutral,domain-lexicon-v1.1
2295,299611,1154978,1154978,2026-07-16 23:45:45,직게 돌아보고오니 키네정도면 양반인듯ᄏᄏ,neutral,domain-lexicon-v1.1
2295,299611,1155009,1155009,2026-07-17 01:17:47,딜은 2~3%로 잡았다고 했으니 키네는 걍 좋은거임 ᄋᄋ 개꿀인거임 기본 구조 자체는 지금 구조로도 재밌어서 뭐 더 추가될 필요도 없을듯,neutral,domain-lexicon-v1.1
2295,299444,1154589,1154589,2026-07-16 18:36:21,보40마마or보보마or보보보 중에서 가격 괜찮은걸루 사심 될듯!,neutral,domain-lexicon-v1.1
2295,299452,1154501,1154501,2026-07-16 18:15:53,그럼 딜 만년 하위권에 있게요 ? 어짜피 무슨짓을해도 3분출 무한유지 + 재설치 기능 안주면 구조 박살나는건 똑같아요...,neutral,domain-lexicon-v1.1
2295,299452,1154528,1154501,2026-07-16 18:23:41,딜은 약하면 오를수 있음 근데 지금 2초 노는거 신규스킬이랑 문제점이랑 엮어서 못고치면 영원히 못고친다고 봐야됨,negative,domain-lexicon-v1.1
2295,299452,1154547,1154501,2026-07-16 18:26:34,@짐승언저리 안오른다고요 ᅳᅳ 언제 라라 딜 올려준 패치가 있었는데 ?? 라라는 딜 안올려줘요 진짜 한번도 그런 기억이 없어요 약간이라도 실전딜 올랐다고 하면 바로 정뿌같은거 퍼뎀 너프시켜서오는데,negative,domain-lexicon-v1.1
2295,299452,1154534,1154534,2026-07-16 18:24:31,2초 갱신은 당연히 개선해줘야함. 그래도 신규스킬이 분출 대신 나오고 이후 재설치 하는구조 자체는 좋다고 봄. 어찌됐든 분출이 못때리는 8초보다 신스킬 딜이 쌔기만하면 재갱신 2초는 딜로스가 아님,positive,domain-lexicon-v1.1
2295,299452,1154577,1154534,2026-07-16 18:32:44,너프 들어오는건 알겠는데 지금거 포함해서 딜을 다시 계산해야되는데 지금 계수 줄인거 보니까 무작정 타직업 점유율에 맞춘거같아서 그럼 족쇄 개선도 없이 딜만 너프돼서 들어오는데 화가 안남? 저도 2차에 기존 퍼뎀 그대로 들어오면 암말도 안함,negative,domain-lexicon-v1.1
2295,299452,1154608,1154534,2026-07-16 18:38:52,"@짐승언저리 딜받으면 2초 족쇄 있어도 괜찮다는건 아님. 그건 신스킬 여부랑 상관없이 개선해야하는게 맞지. 이건 오히려 딜 그대로 왔어도 이야기 해야하는거고, 그거랑 별개로 딜 너프량은 순전히 운영진 마음이고 애초에 전직업 딜상승률 비슷하게 맞추겠다고 했으니 우리가 왈가왈부할 일이 아니라고 생각함",negative,domain-lexicon-v1.1
2295,299452,1154626,1154534,2026-07-16 18:46:41,@짐승언저리 왜 굳이 이런댓 쓰냐면 분출 갱신시 2초 딜로스 개선 못받고 라라들 강제 재갱신 싫나보다 하면서 신규 스킬에 분출 갱신기능이 빠지는건 싫어서 그럼. 그건 있는게 좋은 기능이라고 생각함,neutral,domain-lexicon-v1.1
2295,299452,1154649,1154534,2026-07-16 18:54:04,@메쿠이 좋은기능인거 맞죠 근데 주기상 분출 4번 갱신이 3번 갱신으로 줄어드는거고 준극 직전에 분출 갱신해야 너울가지때 딜로스 안나는거 생각하면 사실 그대로 4번 갱신할 가능성이 더 크다고 생각해요 보스 움직이면 다시 깔아줘야하는건 똑같아서 이게 크게 좋은기능인가는 의문인거죠 제가 잘못생각하고 있을수 있는거라 저도 가감없이 의견 얘기해주는게 좋아요. 제가 걱정하는건 타직업 점유율에 맞춰서 신스킬이 들어오면 분출 데미지 잡아먹히는거 + 갱신 딜로스 이거 2개때문에 타직업만도 못한 딜 상승이 예상돼서 그래요,positive,domain-lexicon-v1.1
2295,299452,1154824,1154534,2026-07-16 19:58:42,@짐승언저리 이상적인 사이클일때는 엄청 좋은기능은 아니긴 하죠. 근데 보스가 움직이던 페이즈가 넘어가던 해서 재설치하는 상황은 무조건 있을수밖에 없기 때문에 그래도 있는게 낫긴 하죠. 좀더 정확히 재보긴 해야겠지만 지금 퍼뎀으로도 타직업의 최종적인 딜 상승량보다 낮진 않을것 같아요.,neutral,domain-lexicon-v1.1
2295,299555,1154811,1154811,2026-07-16 19:49:48,30렙인가요?,neutral,domain-lexicon-v1.1
2295,299555,1154895,1154811,2026-07-16 21:02:19,넵 30렙입니다,neutral,domain-lexicon-v1.1
2295,299555,1154835,1154835,2026-07-16 20:02:44,3.8이면 1티어인데,neutral,domain-lexicon-v1.1
2295,299555,1154866,1154866,2026-07-16 20:30:22,필터키 빼면 2.5란거자너 ;ᄉ;,neutral,domain-lexicon-v1.1
2295,299555,1154896,1154866,2026-07-16 21:02:37,노놉 필터키 빼고 3.8,neutral,domain-lexicon-v1.1
2295,299421,1154406,1154406,2026-07-16 17:31:39,이럴거면 분출이랑 같이쓰는 일반극딜로 바꿔라 중간에 6초 분출없애지말고 그냥 극딜기로주면될걸 왜 병신같은 조건 쳐다는지,neutral,domain-lexicon-v1.1
2295,299421,1154408,1154408,2026-07-16 17:32:15,ᄅᄋ 신규스킬 2퍼고 3퍼고 그게 중요한게 아니라 분분분 ᄇᄉ같은거땜에 플레이 불쾌해지고 실전딜 떨어진게 더 큰데 그거는 왜안고쳐주는거지,neutral,domain-lexicon-v1.1
2295,299421,1154445,1154445,2026-07-16 17:50:03,ᄅᄋ 밸패 병신같이 함 쓰지도않는 분분분 딜레이 너프했으면 수치라도 늘려줘야지 안그래도 중위권도 못가는데 저 딜레이패치 이후로 바닥으로 개 쳐박힘 공코도 남들 극딜기받는데 평딜로받아서 허수딜 다뽑지도못하게하고.. 이번에도 굳이 분출을 꺼트리면서 쓰게했어야했나 싶음 분출 딜레이패치안해줄거면 분출최종뎀 10%를 추가로 주거나해야한다고 생각함 갮,negative,domain-lexicon-v1.1
2295,299428,1154411,1154411,2026-07-16 17:37:33,눕텔도 안돼 선딜있어 후딜있어 조작감 이상해 라라를 해봤으면 방치할 수가 없는 텔포임...,neutral,domain-lexicon-v1.1
2295,299428,1154422,1154422,2026-07-16 17:44:01,점프텔 해준다매 ᅳᅳ,neutral,domain-lexicon-v1.1
2295,299428,1154508,1154508,2026-07-16 18:17:54,옆동네 키네는 4스택에 모션캔슬까지 되는데 라라는 왜.......................,neutral,domain-lexicon-v1.1
2295,299523,1154833,1154833,2026-07-16 20:01:55,그냥 분분분으로 연습할게 돌려줘요 고점과 저점을 같이 낮춰버리는 패치는 무슨 초식야,neutral,domain-lexicon-v1.1
2295,299523,1154873,1154873,2026-07-16 20:33:12,"분분분 막으려고 첫타 딜레이 주지 말고, 첫타에 최종뎀 90%정도로만 조정했도 분분분 아무도 안썼을거임... 물론 보스에서도 불쾌함 덜 했을거고",neutral,domain-lexicon-v1.1
2295,299383,1154292,1154292,2026-07-16 17:04:16,칼질 당할건 알고있었는데 이정도로?...,neutral,domain-lexicon-v1.1
2295,299383,1154304,1154304,2026-07-16 17:07:03,점유13 딜증11에서 점유5 딜증4될듯,neutral,domain-lexicon-v1.1
2294,457609,1753401,1753401,2026-07-16 18:30:54,원래 저렇게 선오리진으로 쓰면 이점이 뭐에요? 1써놔봤자 망혼 쿨은 마지막 망혼털려야 도는거라 연관없지 않아요?,neutral,domain-lexicon-v1.1
2294,457609,1753403,1753401,2026-07-16 18:32:46,망혼쿨은 1타만 치면 돌아요,neutral,domain-lexicon-v1.1
2294,457609,1753405,1753401,2026-07-16 18:33:05,파티격에서 후오리진 쓰면 일반바인드 저항 남아있을 때가 있음. 선오리진 직업군 때문에. 망혼 쿨은 1 쓰면 그때부터 도는건뎅. 신스킬 만참 쿨 말씀하시는건가?,neutral,domain-lexicon-v1.1
2294,457609,1753406,1753401,2026-07-16 18:33:12,@속사기만한다 승화 후 1타를 치면 그때부터 쿨돌아서 선오리진이 가능합니다,neutral,domain-lexicon-v1.1
2294,457609,1753417,1753401,2026-07-16 18:37:45,@속사기만한다 좋은거 배워갑니다 망혼쿨이 1타로 도는구나,neutral,domain-lexicon-v1.1
2294,457609,1753407,1753407,2026-07-16 18:33:27,선오리진을 쓰는 이유 첫번쨰 첫극딜에 오리진막타와 용갈이 나와서 치는망혼각성 을 일필에 같이 넣을수있음 두번쨰 5초뚝기준 후오리진하면 극딜을 바로바로쓴다는 가정하에 오리진이 점점뒤로밀림 그래서 리레 안에 오리진을 못쓰는 순간이옴 그래서 첫극딜 선오리진 두번째극 후오리진 번쨰극 후오리진 이런식으로해서 오리진이 엔버 리레안에 넣을수있도록 조절하기 위함,neutral,domain-lexicon-v1.1
2294,457609,1753409,1753407,2026-07-16 18:34:24,이게 여유컷에 경우 상관없지만 최소컷의경우 이 사소한차이로 마지막에 극딜이 도느냐 안도느냐의 차이가 생길수도 있어서 20분화되고 체감을 못할수도있긴한데 30분칠떄는 이게 큰차이였음,neutral,domain-lexicon-v1.1
2294,457609,1753412,1753407,2026-07-16 18:34:36,선오리진 쓰는이유는 알긴 하는데 뭔가 만참 손해보는거같아서 기분이 나쁘네요,neutral,domain-lexicon-v1.1
2294,457609,1753426,1753426,2026-07-16 18:41:10,창룡파천검 : 만참 · 승화 사용 시 재발동 대기시간이 초기화되도록 변경됩니다. · MP가 비정상적으로 소비되는 현상이 수정됩니다. 승화 사용시 내부 쿨타임 도는 중이던 만참을 1번 초기화 시켜주는걸로 읽히는데 n회임? 망혼각성처럼? n회려면 승화 스킬 설명에 만참까지 넣어줘야하는데 포함되있는건가.. 스킬이 망혼검 절기-만참이 아니라 파천검이라 1회만 띡 해주는거같은데,neutral,domain-lexicon-v1.1
2294,457609,1753429,1753426,2026-07-16 18:42:09,회사라 확인이 어렵네요; 1회 띡이면 섬무망혼 먼저 돌린다음 후오리진해야 돌아오는 만참을 리레 안에 박을거같은데,neutral,domain-lexicon-v1.1
2294,457681,1753526,1753526,2026-07-16 19:17:47,거기에 5초에 리레 5면 승화분리하면 만참 3번 가능,neutral,domain-lexicon-v1.1
2294,457681,1753530,1753526,2026-07-16 19:18:45,5초 아니여도 리5면 만참3 될거같긴한데요??,neutral,domain-lexicon-v1.1
2294,457681,1753539,1753526,2026-07-16 19:20:12,시퀀스-예인-(망혼+1만참)-승화시퀀스-섬무망혼꾹(2만참)-오리진-다음망혼(3만참) 원래도 2초뚝도 20초안에 후오리진다음 돌아오는 망혼 넣을수있지않았나요,neutral,domain-lexicon-v1.1
2294,457681,1753540,1753526,2026-07-16 19:20:29,@라코진혁 아 승화분리를 안했을때네요,neutral,domain-lexicon-v1.1
2294,457681,1753543,1753526,2026-07-16 19:21:51,@라코진혁 재발동 1회 초기화되니까 일반 극딜 3만참은 쉽긴한데 선오리진 극딜 3만참은 쉽지않아서 5초부터 될 듯..?,neutral,domain-lexicon-v1.1
2294,457681,1753532,1753532,2026-07-16 19:18:54,아니 ᄉᄇ 진짜 누가 렌 고점 올려달라했나 걍 평균보다 좀 낮아도 괜찮으니까 구조만 기존대로갔으면 됐는데 뭐 존나 어쩌라고 준건지모르겠네 하다못해서 기존구조 박살낼거면 딜이라도 높던가 ᄏᄏ,neutral,domain-lexicon-v1.1
2294,457681,1753538,1753538,2026-07-16 19:20:10,선오리진 해도 5초뚝이면 리레 3만참 넣을 수 있긴해요 일단 선오리진 스타트 해야될 거 같아요..,neutral,domain-lexicon-v1.1
2294,457681,1753550,1753550,2026-07-16 19:24:00,메린이 질문드리는데 섬무1타가 혹시 뭔가요?,neutral,domain-lexicon-v1.1
2294,457681,1753569,1753550,2026-07-16 19:29:33,망혼강림 1타를 잘못쓰신듯,neutral,domain-lexicon-v1.1
2294,457729,1753713,1753713,2026-07-16 20:13:31,넹,neutral,domain-lexicon-v1.1
2294,457729,1753722,1753713,2026-07-16 20:16:15,이정도면 누칼협급이네.. 기존대로 하면 딜차이 심할듯 하네요,neutral,domain-lexicon-v1.1
2294,457729,1753723,1753723,2026-07-16 20:17:44,5초뚝이면 3만참이 가능한가보네,neutral,domain-lexicon-v1.1
2294,457729,1753728,1753723,2026-07-16 20:19:24,마지막이 리레 안에 들어갈지 모르겠네요 영상을 봐야 알 듯 저게 되나,neutral,domain-lexicon-v1.1
2294,457729,1753757,1753723,2026-07-16 20:48:46,@렌랜롄 리레 끝날때 아슬아슬하게 들어갔어여 2차 테섭은 좀 더 쉬워졌을 거 같은데 내일 직접 확인해봐야 알 수 있을 거 같아요,neutral,domain-lexicon-v1.1
2294,457729,1753751,1753751,2026-07-16 20:46:59,ᄂᄂ 이제 렌 선오리진 불가능함 선오리진 하면 3만참이 안들어가고 오리진 쓰기전에 헤카테 바인드 풀림,neutral,domain-lexicon-v1.1
2294,457729,1753760,1753751,2026-07-16 20:49:32,그럼 순서가 어케되나요 후오리진 3만참,neutral,domain-lexicon-v1.1
2294,457729,1753762,1753751,2026-07-16 20:50:43,저번 주에 직접 확인했는데 선오리진 해도 리레 3만참 가능합니다 5초뚝이라서 아슬아슬하게 들어갔어요,neutral,domain-lexicon-v1.1
2294,457729,1753777,1753751,2026-07-16 21:01:01,@렌랜롄 바인드 시퀀스 예인 망혼1234 승화시퀀스 섬무망혼(마지막 4타남김) 오리진 망혼4타 돌아오는 망혼 123/ 여기까지 리레끝 그리고 만참 돌면 망혼 4,neutral,domain-lexicon-v1.1
2294,457729,1753788,1753751,2026-07-16 21:10:23,@냐옹얼굴 그렇게하면 그여축 5만참이 안될껄요,neutral,domain-lexicon-v1.1
2294,457729,1753811,1753751,2026-07-16 21:27:18,@렌닉넴 그여축은 서버렉 영향 받는 스킬이라서 가능해요,neutral,domain-lexicon-v1.1
2294,457522,1753145,1753145,2026-07-16 17:28:52,장담하는데 시퀀스 극딜도 테스트 안 해본 듯,neutral,domain-lexicon-v1.1
2294,457522,1753154,1753145,2026-07-16 17:30:18,메이플에서 쉬운 난이도 5 손가락에 들어가는 직업도 이해를 못하면 다른 직업은 오죽할까 진짜 ᄏᄏ,neutral,domain-lexicon-v1.1
2294,457522,1753190,1753190,2026-07-16 17:40:52,10초만 되어도 그나마 이해했을텐데 15초는 어휴 모르겠다 그냥 딜 너프하고 만참 쿨 없애고 극딜에 여러번 터트리기 바꾸면 안되는건가,negative,domain-lexicon-v1.1
2294,457579,1753287,1753287,2026-07-16 18:01:30,1렙은 찍을만함. 망혼 장전 그대로 하고. 신스킬을 매 쿨타임초기화 때마다 따박따박 안쓰면 되는 정도,neutral,domain-lexicon-v1.1
2294,457579,1753290,1753290,2026-07-16 18:01:48,그래도 찍는게 낫긴할거임 사이클은 이전처럼 굴려서 발동횟수 좀 포기해도 상승은상승이니,neutral,domain-lexicon-v1.1
2294,457579,1753316,1753316,2026-07-16 18:10:14,감사합니다,positive,domain-lexicon-v1.1
2294,457611,1753384,1753384,2026-07-16 18:28:45,1% 정도였다는데 만참 이렇게 들어오면 더 차이나지 않을까 싶어요,neutral,domain-lexicon-v1.1
2294,457611,1753385,1753385,2026-07-16 18:28:47,최종뎀 2퍼급이긴 함...,neutral,domain-lexicon-v1.1
2294,457611,1753386,1753386,2026-07-16 18:28:51,승화 정상화패치가 어떤 내용으로 들어왔었죠..?? 그래도 승화분리되고 1.5퍼인가 더쎈걸로 봐서 분리해서 썼더니 기억이 안나네요,neutral,domain-lexicon-v1.1
2294,457611,1753411,1753386,2026-07-16 18:34:36,일반적인 승화분리는 정상화 된적없고 승화 안쓰고 섬무 망혼 한번 턴 다음에 펫스킬에 승화 넣어서 섬무중에 승화나가게 하는건 정상화 됐었음,neutral,domain-lexicon-v1.1
2294,457611,1753415,1753386,2026-07-16 18:36:37,@렌닉넴 아 그 펫스킬 정상화.. 그건 너무 초고점이라 아예 쓰질않았었음,neutral,domain-lexicon-v1.1
2294,457660,1753500,1753500,2026-07-16 19:08:45,하는게 좋긴 할듯 필수는 여전히 아닌데 딱히 어려운건 아니라서,neutral,domain-lexicon-v1.1
2294,457660,1753501,1753500,2026-07-16 19:09:16,여태껏 안해봤는데 연습좀 해봐야겠네,neutral,domain-lexicon-v1.1
2294,457660,1753561,1753561,2026-07-16 19:27:13,극딜 넣을땐 어떻게 함? 순서좀,neutral,domain-lexicon-v1.1
2295,299385,1154338,1154338,2026-07-16 17:14:17,이딕트 데미지 너프됨,negative,domain-lexicon-v1.1
2295,299385,1154349,1154338,2026-07-16 17:16:06,"데미지는 개인적으로 부차적이고, 직업 구조 깎는 노인이라 전분 귀찮아진게 난 더 큼",neutral,domain-lexicon-v1.1
2295,299385,1154358,1154338,2026-07-16 17:17:30,@Meinwerk 이건 무슨 말같지도 않은 소리지 그럼 전분 편하게 해줄테니까 최뎀 50퍼 깎아주리?,neutral,domain-lexicon-v1.1
2295,299385,1154366,1154338,2026-07-16 17:18:51,@Kshatria 왜 발작이야 얘는. 내 사견이라니까,neutral,domain-lexicon-v1.1
2295,299385,1154402,1154338,2026-07-16 17:30:22,전분 재주는 사람한테 말같지도않은 소리 이지랄 ᄏᄏ,neutral,domain-lexicon-v1.1
2295,299385,1154356,1154356,2026-07-16 17:17:18,빠칭코에 빠칭코 직업 ᄏᄏᄏ,neutral,domain-lexicon-v1.1
2295,299385,1154412,1154412,2026-07-16 17:38:19,그래서 레테 너프읾?????,negative,domain-lexicon-v1.1
2295,299385,1154494,1154412,2026-07-16 18:14:23,퇴근을 못했어...,neutral,domain-lexicon-v1.1
2295,299385,1154511,1154412,2026-07-16 18:19:42,@Meinwerk,neutral,domain-lexicon-v1.1
2295,299454,1154471,1154471,2026-07-16 18:08:53,"최종대미지 올리고, 임프린트 딜 정상화 한 대신 30% 추가 공격이 확률로 바뀐건가",neutral,domain-lexicon-v1.1
2295,299454,1154475,1154475,2026-07-16 18:10:27,1렙 몇퍼임? 근데 이거 1렙에 심상터칠수있나,neutral,domain-lexicon-v1.1
2295,299454,1154499,1154475,2026-07-16 18:15:29,심상은 원래 4초면 터짐,neutral,domain-lexicon-v1.1
2295,299454,1154507,1154475,2026-07-16 18:16:52,@뚜보 그거 소환수공격때매 잘터진거아님? 저거확률돼서 안터질수도있는거아냐?,neutral,domain-lexicon-v1.1
2295,299454,1154530,1154475,2026-07-16 18:23:45,@나디 10초면 한번도 안터져도 220타 넘게칠듯,neutral,domain-lexicon-v1.1
2295,299454,1154533,1154475,2026-07-16 18:24:29,@나디 이딕트없이 깡 임펠로 8~9초 걸리네요,neutral,domain-lexicon-v1.1
2295,299454,1154542,1154475,2026-07-16 18:25:31,@뚜보 ᄀᄉ근들갑이였네요,neutral,domain-lexicon-v1.1
2295,299454,1154482,1154482,2026-07-16 18:11:33,재사용 로또에 심상세계까지 로또?,neutral,domain-lexicon-v1.1
2295,299454,1154554,1154554,2026-07-16 18:28:01,구린거같은데,neutral,domain-lexicon-v1.1
2295,299454,1154612,1154612,2026-07-16 18:40:52,저거 원래 확정 추가타였는데 50퍼 된거라 이거 이득 맞나 싶은데 ᄏᄏᄏ,neutral,domain-lexicon-v1.1
2295,299454,1154745,1154745,2026-07-16 19:26:52,누워야 할 것 같은데? ᄏᄏᄏᄏ 로또 직업 됐네 카이저가 떠오른다,neutral,domain-lexicon-v1.1
2295,299559,1154791,1154791,2026-07-16 19:40:47,최종뎀이 개이름이 아님.. 최종뎀 10퍼면 캐릭 병신된건데 그정도는 훨씬 아님,neutral,domain-lexicon-v1.1
2295,299559,1154796,1154796,2026-07-16 19:43:01,그 정도였으면 여기 분위기 개박살났음,neutral,domain-lexicon-v1.1
2295,299559,1154797,1154797,2026-07-16 19:43:08,다른거 다 뺏기고 너프들어온것만 받아도 10퍼는 안깎일거같은데ᄏᄏ,negative,domain-lexicon-v1.1
2295,299559,1154851,1154851,2026-07-16 20:16:03,최종뎀 10퍼너프였으면 직게가 아니라 자게부터 폭동났죠,negative,domain-lexicon-v1.1
2295,299559,1154907,1154907,2026-07-16 21:22:37,일단 이사람 최종데미지 라는걸 모르는거 맞음,neutral,domain-lexicon-v1.1
2295,299559,1154918,1154918,2026-07-16 21:49:03,귀여운 허접 뉴비네,neutral,domain-lexicon-v1.1
2295,299559,1154956,1154956,2026-07-16 23:05:00,10퍼 ᄏᄏᄏ,neutral,domain-lexicon-v1.1
2295,299559,1154998,1154998,2026-07-17 00:44:17,최종뎀 10퍼면 장비 몇부위는 빼야할건데 그 정도는 아닐거양,neutral,domain-lexicon-v1.1
2295,299483,1154555,1154555,2026-07-16 18:28:24,어으 이딕트 너프만 받고 끝낫네여,negative,domain-lexicon-v1.1
2295,299483,1154581,1154581,2026-07-16 18:33:12,보기만해선 최종뎀5퍼에 임프린트 많이터져서 좋아보였는데 아닌가보네,neutral,domain-lexicon-v1.1
2295,299483,1154600,1154600,2026-07-16 18:37:28,임프린트 발생량 늘어서 생기는 딜 증가량도 생각하긴 해야해 버프중 임프린트 딜량이 68에서 90으로 오른것도 그렇고,neutral,domain-lexicon-v1.1
2295,299483,1154618,1154618,2026-07-16 18:42:23,혹시 임프린트 딜 증가량도 체크 하신건가요?,neutral,domain-lexicon-v1.1
2295,299483,1154940,1154940,2026-07-16 22:36:51,5분40초 친거맞음? 말하는거보니 걍 1극만한거 같아서,neutral,domain-lexicon-v1.1
2295,299585,1154856,1154856,2026-07-16 20:20:32,1렙 열면 현상 유지급인 건가 신캐 체급이 많이 쎘나 소폭 너프할 정도면,negative,domain-lexicon-v1.1
2295,299585,1154876,1154856,2026-07-16 20:35:56,써보니까 난이도치고는 세긴한거같음,neutral,domain-lexicon-v1.1
2295,299585,1154948,1154948,2026-07-16 22:51:45,1렙은열만하다는거죠? 선생님,neutral,domain-lexicon-v1.1
2295,299382,1154310,1154310,2026-07-16 17:08:04,신캐라 신경 좀 쓴듯,neutral,domain-lexicon-v1.1
2295,299382,1154312,1154310,2026-07-16 17:08:38,렌 때도 극딜 사운드 밸런스 안맞는다 같은 사소한것까지 잘 고쳤었으니,neutral,domain-lexicon-v1.1
2295,299382,1154369,1154369,2026-07-16 17:19:43,신캔데 안하는게 이상한거지,neutral,domain-lexicon-v1.1
2295,299515,1154685,1154685,2026-07-16 19:03:50,무조건 블큐 하세요 젭알,neutral,domain-lexicon-v1.1
2295,299515,1154779,1154779,2026-07-16 19:36:14,이미 무기가 1추+a급이라서 무조건 블큐입니다 고민할 가치가 없어요,neutral,domain-lexicon-v1.1
2295,299531,1154715,1154715,2026-07-16 19:17:37,서버렉때문에 생기는 겉값버그라던데 그거,negative,domain-lexicon-v1.1
2295,299531,1154717,1154715,2026-07-16 19:18:17,아 어쩐지 방금 보스에서도 돌고 왔는데 그냥 평소대로 까이는거보니 전분만 저리 되나보네요,neutral,domain-lexicon-v1.1
2295,299572,1154845,1154845,2026-07-16 20:13:03,메모 발사대라 여는게 좋긴...할듯...?,neutral,domain-lexicon-v1.1
2295,299572,1154864,1154864,2026-07-16 20:26:58,열긴열어야죠,neutral,domain-lexicon-v1.1
2295,299572,1154867,1154867,2026-07-16 20:30:48,전에 메모터트리는 용이라쓴 글이 있었던거같음 그냥 루미 직게가 사람이 좀 없는듯,neutral,domain-lexicon-v1.1
2295,299608,1154979,1154979,2026-07-16 23:48:09,돌리지마,neutral,domain-lexicon-v1.1
2295,299608,1155002,1155002,2026-07-17 00:47:24,평생템입니다,neutral,domain-lexicon-v1.1
2296,184312,685339,685339,2026-07-16 17:55:36,구웃,neutral,domain-lexicon-v1.1
2296,184474,685467,685467,2026-07-16 19:33:32,"굳이 아쉬운 점을 꼽으면 사냥 시 상시가동이 안된다는 건데, 야누스 메타로 바뀐 이후로는 사냥에서 스플릿 비중도 크진 않다고 생각돼서 본문대로 쿨 줄이는 방향이 더 마음에 드네요.",neutral,domain-lexicon-v1.1
2296,184474,685471,685471,2026-07-16 19:38:15,딴직업들보면 지금 괜찮게 받은 몇 안되는 직업인듯 ᄏᄏᄏᄏ,neutral,domain-lexicon-v1.1
2296,184474,685476,685476,2026-07-16 19:41:05,방향성 자체는 이해가 되고 괜찮아 보이지만 블래 앺숔처럼 지속시간이 100초정도로 좀더 길었으면 딜안정성이 훨씬 높지 않았을까 하는 고런 느낌이네유,neutral,domain-lexicon-v1.1
2296,184474,685497,685497,2026-07-16 20:00:09,정상화 안하면 더 문제되는 거긴 했어,negative,domain-lexicon-v1.1
2296,184474,685524,685524,2026-07-16 20:16:13,"사실 도스석궁님이 올린 방법은 고쿨뚝 11.5극 빌드에서 준극에 스플릿을 한번 더 쓰는 정도였어서, 최소컷이 아닌 평범한 상황에서는 스플릿을 한번 더 쓰는 것보다 극딜 쿨 밀리는게 더 커서 의미 없다 생각하기도 하고, 최소컷 11.5극에서 조차 버프 안묻는 스플릿 한번 더 쓰는 게 스플릿 쿨 조정할 정도로 얻는 이득이 크지 않았다고 생각합니다. 스플릿이 75초가 된다고 당연히 큰 변화나 손해는 없겠지만, 사냥에서의 장점과 2분이였으면 무조건 정해진 횟수를 다 털겠지만 페이즈 변환이나 칼로스 눈금패턴 같은 특수패턴이랑 딜로스가 겹치면 다 못 쓸 수 있어지긴 한 것이 아쉽긴 하네요",negative,domain-lexicon-v1.1
2296,184474,685602,685602,2026-07-16 22:08:48,괜히 신경써야할 잡기술 없애는게 맞음,neutral,domain-lexicon-v1.1
2296,184494,685508,685508,2026-07-16 20:06:51,챌섭 신궁으로 해본결과 114퍼 쉽지않습니다... 전 120퍼정도에 깼었어요,neutral,domain-lexicon-v1.1
2296,184494,685520,685508,2026-07-16 20:14:36,ᄀ-... 감사합니당 120퍼 넘기고 가야겠네요,positive,domain-lexicon-v1.1
2296,184494,685523,685523,2026-07-16 20:15:56,되긴할건데 다른직업보단 많이박아야할듯 ..,neutral,domain-lexicon-v1.1
2296,184494,685557,685523,2026-07-16 20:37:28,혹시 해봐서 연모로 쳐봤는데 15퍼 남네요.. 스펙업 슛~~,neutral,domain-lexicon-v1.1
2296,184530,685611,685611,2026-07-16 22:24:13,1차보단 안좋고 본섭보단 좋음,neutral,domain-lexicon-v1.1
2296,184530,685618,685618,2026-07-16 22:59:14,나쁜 거긴 한데 120초로 두면 거의 버그성 플레이라 그냥 빠르게 막아버리는 게 유저 입장에서도 그냥 속편한 뭐 그런 느낌?,negative,domain-lexicon-v1.1
2296,184530,685631,685631,2026-07-16 23:35:07,준극 악용(?) 막은거라 일반 유저한텐 아무래도 상관없음,neutral,domain-lexicon-v1.1
2296,184530,685654,685654,2026-07-17 01:25:00,그대로 120초 였으면 보스 갈때마다 준극 예열하고 가야했음 이런 족쇄는 걍 초장부터 없애고 가는게 속편함,neutral,domain-lexicon-v1.1
2296,184530,685656,685656,2026-07-17 01:45:36,ᅲᅲ사냥터만큼은 상시화됐음 좋을텐데,neutral,domain-lexicon-v1.1
2296,184530,685738,685738,2026-07-17 11:35:16,"75초는 무조건 나빠진겁니다. 선준극이 왜 버그성플레이 악용인지 모르겠네요 수로, 최소컷에서 신궁말고 다른직업들도 원래도 쓰던 방법인데...",negative,domain-lexicon-v1.1
2298,224637,767023,767023,2026-07-14 13:47:08,걍 운영진이 일을 안함 플위처럼 리마 아니여도 직업 자체를 전면개편하는 방법도 있는데 이악물고 안하는 거 보면 걍 ᄌ같음,neutral,domain-lexicon-v1.1
2298,224637,767034,767023,2026-07-14 14:55:42,ᄌ같긴해요 신직업 출시도 중요하지만 밸패도 분명히 중요도 높은데 유기때리는 거 보면 참. 간담회라도 주기적으로 열어야 한다봅니다,neutral,domain-lexicon-v1.1
2298,224637,767156,767156,2026-07-15 00:29:30,리마고 자시고 그냥 딜좀만 올려줘...,neutral,domain-lexicon-v1.1
2298,224637,767419,767156,2026-07-16 12:35:57,딜이라도 올리면 쾌적해 질텐데....,neutral,domain-lexicon-v1.1
2298,224637,767185,767185,2026-07-15 04:56:49,메카닉 카칼 125퍼 빡빡하다니까 그건 니가 병신이라그렇다 이러던데 직접 쳐봤으면 좋겠음 ᄏᄏ,neutral,domain-lexicon-v1.1
2298,224637,767394,767185,2026-07-16 08:57:14,ᄋᄌ합니다...,neutral,domain-lexicon-v1.1
2298,224637,767420,767185,2026-07-16 12:36:20,저도 ᄋᄌ하니다 데티카칼부터 막혀요,neutral,domain-lexicon-v1.1
2298,224637,767225,767225,2026-07-15 11:11:28,씨잇~팔,neutral,domain-lexicon-v1.1
2298,224637,767422,767225,2026-07-16 12:37:23,쌰~갈,neutral,domain-lexicon-v1.1
2298,224637,767322,767322,2026-07-15 21:20:10,난 135퍼 하드루시드 못잡겠어... 자꾸 피가 남아 ...,neutral,domain-lexicon-v1.1
2298,224637,767421,767322,2026-07-16 12:37:12,평딜 직업군인데 체급도 낮아서 빡새 ᅮᅮ 어센트라도 좀 더 찍고 오리진극딜 몰아서 3페에 다써버리자,neutral,domain-lexicon-v1.1
2298,224637,767433,767322,2026-07-16 13:02:22,@포병메카닉 다... 아껴감...,neutral,domain-lexicon-v1.1
2298,224704,767278,767278,2026-07-15 16:33:53,텐키리스바께 안써서 바로 빠꾸.,neutral,domain-lexicon-v1.1
2298,224704,767279,767279,2026-07-15 16:36:36,"*보스할 때는 전탄발사 누를 때, 기절 걸릴 때 풀어지니까 다시 설정해줘야 한다. =이거 때문에 안쓰고 원래로 돌아갔음.. 사냥때는 스페이스바에 호밍넣고 동꼽으로",neutral,domain-lexicon-v1.1
2298,224704,767280,767279,2026-07-15 16:49:27,저도 보스할때는 키다운에 적응돼서 오히려 번거롭더라구요,neutral,domain-lexicon-v1.1
2298,224704,767329,767329,2026-07-15 21:55:52,사냥은 스펙따라 최대 3분30초까지 가긴해요,neutral,domain-lexicon-v1.1
2298,224774,767527,767527,2026-07-16 17:33:43,진짜 강화해주기 싫네,neutral,domain-lexicon-v1.1
2298,224774,767535,767535,2026-07-16 17:47:15,120초마다 나가는 강화 마미컨 ᄃᄃ,neutral,domain-lexicon-v1.1
2298,224774,767537,767537,2026-07-16 17:48:43,진짜 무능하네 편의성은 다 좋은데 밸패랑 스킬만 매번 곡소리 들리네요,neutral,domain-lexicon-v1.1
2298,224774,767539,767539,2026-07-16 17:55:54,밸패 안하는 명분으로 6차 이야기 해놓고 이따위로 내니깐 답이없다.. 이 직업에 돈쓴 내가 잘못임,neutral,domain-lexicon-v1.1
2298,224774,767574,767574,2026-07-16 18:26:07,차라리 패시브나 추가타방식이였으면 이렇게까지 불만없었을텐데 점유율낮은스킬이 키세팅한칸을 차지한다는게 매우불편,negative,domain-lexicon-v1.1
2298,224844,767738,767738,2026-07-16 21:55:40,"???:마미컨 너프,버스터 버프",negative,domain-lexicon-v1.1
2298,224845,767764,767764,2026-07-16 23:20:10,스킬 멋있긴하네 ᄅᄋ,neutral,domain-lexicon-v1.1
2298,224845,767809,767809,2026-07-17 02:10:32,정보 감사합니다!,positive,domain-lexicon-v1.1
2298,224845,767827,767827,2026-07-17 04:09:07,굿입니다요,neutral,domain-lexicon-v1.1
2296,184307,685220,685220,2026-07-16 16:58:45,최악은 면했네요 그래도,negative,domain-lexicon-v1.1
2296,184307,685223,685223,2026-07-16 16:59:15,이러면 진짜 스듀 대체용으로 만든 것 같네요,neutral,domain-lexicon-v1.1
2296,184307,685225,685225,2026-07-16 17:00:21,스킬사용감에 어떠려나,neutral,domain-lexicon-v1.1
2296,184307,685230,685230,2026-07-16 17:02:23,아 이동기만이었네? ᄌᄌ,neutral,domain-lexicon-v1.1
2296,184307,685232,685232,2026-07-16 17:03:13,끝? 사출기 온오프 패시브화는 꿈이였구나 접을게,neutral,domain-lexicon-v1.1
2296,184307,685241,685241,2026-07-16 17:08:48,거다빼고는 의미 없네 스듀도 넣어줘야지 ᄏᄏ ᄇᄉ들인가,neutral,domain-lexicon-v1.1
2296,184307,685282,685241,2026-07-16 17:25:50,스높부때메 거다도 의미 없음,neutral,domain-lexicon-v1.1
2296,184307,685251,685251,2026-07-16 17:12:57,유니콘연계는?,neutral,domain-lexicon-v1.1
2296,184388,685314,685314,2026-07-16 17:44:09,비엘고 기준인가보네요 그냥 이슈 쓰게 좀 해주지...,neutral,domain-lexicon-v1.1
2296,184388,685317,685314,2026-07-16 17:44:58,네 비엘고 기준 평딜이요.. 엘고기준은 딜이 더 높나요? 그러면 엘고에서는 서지 쓰는 사이클이고 엘고 꺼지면 기존사이클로 서지 안쓰고 돌려야하나요..?,neutral,domain-lexicon-v1.1
2296,184388,685315,685315,2026-07-16 17:44:39,평딜은 베리안 안쓰는게 더 쎼요,neutral,domain-lexicon-v1.1
2296,184388,685318,685315,2026-07-16 17:45:39,아니 그러면 극딜용 연계기로만 쓰는거고 평딜에는 안쓰는 스킬을 준건가요???ᄃᄃᄃᄃᄃ,neutral,domain-lexicon-v1.1
2296,184388,685321,685321,2026-07-16 17:46:15,베리안은 엘고때만 쎄짐,neutral,domain-lexicon-v1.1
2296,184388,685329,685329,2026-07-16 17:48:55,베리안 엘고없을때 1초보다 1퍼 쌔던가 그래서 4초면 약해지는거 맞을듯,neutral,domain-lexicon-v1.1
2296,184388,685332,685332,2026-07-16 17:52:49,키셋 어려워지고 엘고연계 따로 익혀야하고 연계 존나 하다가 엘고 꺼지는 타이밍 예측해서 연계 바꿔야하고 걍 개병신 스킬임 열 이유가 없다,neutral,domain-lexicon-v1.1
2296,184388,685338,685332,2026-07-16 17:55:18,진짜 열 필요가없는데요 이러면...,neutral,domain-lexicon-v1.1
2296,184444,685387,685387,2026-07-16 18:30:50,이미 풀연계 허수아비 33위로 중하위권인데 제자리네요!,neutral,domain-lexicon-v1.1
2296,184444,685395,685387,2026-07-16 18:35:18,12만대부터는 35위 37 39위 점점떨어짐 ᄏᄏ,neutral,domain-lexicon-v1.1
2296,184444,685390,685390,2026-07-16 18:32:26,딜상승 잘받은편이라서 그렇다는거임?? 그렇게 어마어마한 차이 아니라 상승할 정도는 아닐텐데,neutral,domain-lexicon-v1.1
2296,184444,685393,685390,2026-07-16 18:34:27,거기 위는 촘촘단이긴해서 좀오를듯,neutral,domain-lexicon-v1.1
2296,184444,685394,685394,2026-07-16 18:35:14,신스킬 풀강 딜 얼마나 오르나요?,neutral,domain-lexicon-v1.1
2296,184444,685398,685394,2026-07-16 18:35:46,5초뚝기준 5%정도로 알고있는데 지금 쿨뚝버그때매 정확하지가않음,negative,domain-lexicon-v1.1
2296,184444,685401,685401,2026-07-16 18:39:48,아 쿨뚝 청기백기 진짜 개빡치네 ᄏᄏᄏᄏ,neutral,domain-lexicon-v1.1
2296,184444,685402,685401,2026-07-16 18:42:32,쿨뚝이 젤문제,negative,domain-lexicon-v1.1
2296,184511,685543,685543,2026-07-16 20:32:28,남들은 버틸필요도 없는데 우리는 왜ᄏᄏ,neutral,domain-lexicon-v1.1
2296,184511,685555,685555,2026-07-16 20:36:44,딸깍딸깍딸깍딸깍,neutral,domain-lexicon-v1.1
2296,184511,685556,685556,2026-07-16 20:36:54,ᄏᄏᄏᄏᄏᄏᄏᄏᄏᄏᄏ 개웃기당,neutral,domain-lexicon-v1.1
2296,184511,685563,685563,2026-07-16 20:44:10,남들은 딸깍으로 바뀌고 편해지는데 메르만 자린고비를 아직도하냐고 ᄏᄏ,neutral,domain-lexicon-v1.1
2296,184511,685564,685563,2026-07-16 20:45:32,남들하고 비교하지마 난 제자리걸음만 해도 행복하다 뒤로만 안가면 돼,neutral,domain-lexicon-v1.1
2296,184511,685567,685567,2026-07-16 20:49:04,진지하게 저기서 배리인서지가 젤 위험해보임 강제오 효율올릴꺼같아,neutral,domain-lexicon-v1.1
2296,184511,685575,685575,2026-07-16 21:07:53,아니야 이건 빨리탈출이기ᄂ..,neutral,domain-lexicon-v1.1
2296,184511,685586,685586,2026-07-16 21:28:56,150초주기 뒤에서 5등일 때도 안접긴 했음 ᄏᄏᄏ,neutral,domain-lexicon-v1.1
2296,184511,685621,685621,2026-07-16 23:02:00,지나온것들이 더 심각했다는걸 들으니 좀 안심이 되는것 같기도 하네요 이런.... 무슨 삶을 살아온거지,negative,domain-lexicon-v1.1
2296,184511,685667,685667,2026-07-17 03:02:10,연계하다 링익스누르는거 진짜 개 씹 욕나왔는데,neutral,domain-lexicon-v1.1
2296,184309,685226,685226,2026-07-16 17:00:44,어이가없네 진짜 ᄏᄏ,neutral,domain-lexicon-v1.1
2296,184309,685229,685229,2026-07-16 17:01:45,죽을게~,neutral,domain-lexicon-v1.1
2296,184309,685231,685231,2026-07-16 17:02:52,ᄉᄇ 저걸 누가 딜스킬로 쓴다고 ᄏᄏᄏᄏᄏ,neutral,domain-lexicon-v1.1
2296,184309,685233,685233,2026-07-16 17:05:05,진짜 븅신같다 ᄏᄏ,neutral,domain-lexicon-v1.1
2296,184309,685239,685239,2026-07-16 17:07:15,지~랄하지마 진짜,neutral,domain-lexicon-v1.1
2296,184309,685256,685256,2026-07-16 17:14:42,이정도면 진짜 일부러이러는거같은데,neutral,domain-lexicon-v1.1
2296,184528,685702,685702,2026-07-17 09:10:26,2타로 바꾸는게 좀 그렇다면 엔베스베베가 되게 해주셨으면 좋겠어요 ᅲᅲ 엔베베스베를 하면 베를 2타 끊어쓰는게 불편해서 ᅲᅲ 보통 연계할때 선입력으로 키 연타하거든요,negative,domain-lexicon-v1.1
2296,184384,685311,685311,2026-07-16 17:40:07,??? : “웃어”,neutral,domain-lexicon-v1.1
2296,184455,685406,685406,2026-07-16 18:47:05,마코깍울거같긴한데,neutral,domain-lexicon-v1.1
2296,184455,685408,685406,2026-07-16 18:47:34,'스킬 코어'라고 정확히 워딩을 했음,neutral,domain-lexicon-v1.1
2296,184455,685407,685407,2026-07-16 18:47:12,이씨발럼들이 우리가 열심히만든 신규코어를 안쓰길래 유니콘 스듀 거다 코어를 너프하겠습니다,negative,domain-lexicon-v1.1
2296,184455,685413,685413,2026-07-16 18:51:01,강제로 딜사이클 편입 d-50,neutral,domain-lexicon-v1.1
2296,184455,685436,685436,2026-07-16 19:05:10,크아악,neutral,domain-lexicon-v1.1
2296,184455,685465,685465,2026-07-16 19:32:06,이번에는 안주는거구나 초기화권,neutral,domain-lexicon-v1.1
2296,184455,685475,685475,2026-07-16 19:41:04,ᄏᄏ,neutral,domain-lexicon-v1.1
2294,457541,1753423,1753423,2026-07-16 18:40:42,도와드림?,neutral,domain-lexicon-v1.1
2294,457541,1753496,1753423,2026-07-16 19:07:36,도와주심 감사하긴한데 지금 되시나,positive,domain-lexicon-v1.1
2294,457541,1753503,1753423,2026-07-16 19:10:38,@노란뚜벅초 ᄀᄀᄀ,neutral,domain-lexicon-v1.1
2294,457541,1753505,1753423,2026-07-16 19:11:10,@노란뚜벅초 테1섭이에용,neutral,domain-lexicon-v1.1
2294,457541,1753515,1753423,2026-07-16 19:12:13,@Lyns 테1섭 1채 칼로스로감,neutral,domain-lexicon-v1.1
2294,457688,1753548,1753548,2026-07-16 19:23:38,아오 창쌤...,neutral,domain-lexicon-v1.1
2294,457688,1753551,1753551,2026-07-16 19:24:07,티켓넣어야겠네요,neutral,domain-lexicon-v1.1
2294,457688,1753574,1753574,2026-07-16 19:31:28,"+윌,칼로스에서도 동일 상황발생",neutral,domain-lexicon-v1.1
2294,457688,1753602,1753574,2026-07-16 19:43:19,그로기는 전부 동일한듯,neutral,domain-lexicon-v1.1
2294,457688,1753769,1753769,2026-07-16 20:53:01,그로기는 이전에도 안되긴했음,neutral,domain-lexicon-v1.1
2294,457700,1753594,1753594,2026-07-16 19:39:47,선동과 날조죠 뭐..그런말하는사람중에 미하일 키워본사람 없을듯요,neutral,domain-lexicon-v1.1
2294,457700,1753604,1753604,2026-07-16 19:43:33,모름 진짜 모름,neutral,domain-lexicon-v1.1
2294,457700,1753629,1753629,2026-07-16 19:50:41,"핵심은 무적 가동률아니고 5초마다 0.24초 패링을 해야하는 기이한 딜 구조를 가지고 있는데 실제로 해 본 사람들은 쉬운직업이라고 안합니다. 그리고 이직업보다 약한 퓨어딜러없어서, 어떤캐릭이든 적당히 피하면서 딜하면 미하일보다 훨 좋습니다.",neutral,domain-lexicon-v1.1
2294,457700,1753680,1753680,2026-07-16 20:05:14,"사람들이 모든 캐릭을 깊게 키워보지 못하니까 그런거죠. 기껏해야 유니온 200, 250 키워보고 로얄가드 일반몹 몸박으로 터트려보고 쉽네? 이러는거죠",neutral,domain-lexicon-v1.1
2294,457700,1753743,1753743,2026-07-16 20:35:16,미하일 제대로 해본 사람 아님 장담할수있음,neutral,domain-lexicon-v1.1
2294,457700,1753876,1753876,2026-07-16 22:42:59,지들이 하기 싫은 직업이니까 어떻게든 끌어 내리는거임 카데나 마냥,neutral,domain-lexicon-v1.1
2294,457700,1753892,1753892,2026-07-16 22:53:24,개나 소나 그런 소리함 옛날 친창이던 팬텀도 그정도 무적 딸깍이랑 가동률이면 그 딜이 맞지 않음? ᄋᄌᄅ 했음,neutral,domain-lexicon-v1.1
2294,457799,1753901,1753901,2026-07-16 23:05:38,+그나마 다행인건 신규6차 자체는 그래도 상대적으로는 잘받은편이라 뭐 얼마나 수치를 건들지는 모르겠지만 다행인것같아요 (이펙트제외),neutral,domain-lexicon-v1.1
2294,457799,1753907,1753901,2026-07-16 23:10:58,"잘 받은건가요?? 진짜 모름 가드 이슈땜에 신경자체를 못썼음 리마는 아마 없을거에요 구조상으로는 미하일 데벤이 제일 현재 메타에서 쓰레기 포지션인데, 해도 데벤/데슬 같이 할 것 같음 미하일은 그래도 형식적으로라도 시그리마를 받았으니까..",neutral,domain-lexicon-v1.1
2294,457799,1753916,1753901,2026-07-16 23:12:47,@돌아온뉴 아예 개처박은 타직업군생각하면 120초 딸깍극딜기에 사출기정도면 무난하다고 생각합니다. 불행x200 중 유일한 다행정도,neutral,domain-lexicon-v1.1
2294,457799,1753926,1753901,2026-07-16 23:20:53,@갸미 ᄋᄒ 준극정도면 좋게 받은편이군요,neutral,domain-lexicon-v1.1
2294,457799,1753931,1753931,2026-07-16 23:23:42,문제는 개쳐박은 타직업보다 약하니 9월까지 어캐 버틸지가 후..,negative,domain-lexicon-v1.1
2294,457799,1753977,1753977,2026-07-17 00:51:12,제발 그냥 최종뎀만 다오...,neutral,domain-lexicon-v1.1
2294,457593,1753332,1753332,2026-07-16 18:15:15,일단 쟤네 입에서 '파티지원가' <<< 이 개같은 단어 안 나오게 만들어야 함 시너지가 강한 것도 아니고 자체 딜도 뒤지게 약해서 파티 비선호 직업인데 뭔 파티지원가야,neutral,domain-lexicon-v1.1
2294,457593,1753379,1753332,2026-07-16 18:27:53,ᄅᄋ 파티에서 쓰이지도 않는데 시너지 ᄋᄌᄅ하면서 dpm 이꼬라지인게 에바임,neutral,domain-lexicon-v1.1
2294,457593,1753336,1753336,2026-07-16 18:15:59,구시대 스킬 그냥 근본적으로 바꾸면 좋겠다,neutral,domain-lexicon-v1.1
2294,457621,1753430,1753430,2026-07-16 18:42:29,"걍 로아나 라오커같은거 진심으로 파티에서 쓰라고 할거면 그냥 지속시간 무제한 해주거나 패시브로 바꾸고 소울링크처럼 가드 적중시로하되 범위 ᄌᄂ넓히고 중첩되는 실드, 뎀감으로 바꿔주면됨",neutral,domain-lexicon-v1.1
2294,457639,1753460,1753460,2026-07-16 18:51:22,이제 진심부캐 하신대요!,neutral,domain-lexicon-v1.1
2294,457682,1753533,1753533,2026-07-16 19:19:07,미하일화이팅,neutral,domain-lexicon-v1.1
2294,457682,1753541,1753541,2026-07-16 19:21:17,근데 이게 음성이드갓네,neutral,domain-lexicon-v1.1
2294,457682,1753631,1753631,2026-07-16 19:51:16,크바도 맵패턴을지워요? 제로 많이좋아지네,neutral,domain-lexicon-v1.1
2294,457566,1753250,1753250,2026-07-16 17:51:38,극딜때 라오커 로아 뺏긴건 없음. 어차피 생존유틸이기 때문에 있으나 없으나 큰 차이없고 평소에 생존유틸로 올려치기 당하는게 다임. 고로 버프로 보는게 맞는데 버프라고 하고싶진않음,neutral,domain-lexicon-v1.1
2294,457566,1753255,1753250,2026-07-16 17:52:43,솔직히 저거 없애고 최종뎀 5퍼라도 받는게 낫긴함ᄏᄏ,neutral,domain-lexicon-v1.1
2294,457566,1753265,1753265,2026-07-16 17:56:31,무의미한거니까 9월 패치 기대해봐야할덧,positive,domain-lexicon-v1.1
2294,457566,1753301,1753301,2026-07-16 18:03:03,실전딜 조금은 늘었으니 버프긴하죠 있으나 마나한 유틸이 더 안좋아졌지만...,neutral,domain-lexicon-v1.1
2297,331164,1333293,1333293,2026-07-16 17:53:24,"나도 그럴 예정인데, 12만 이상은 가성비 스펙업이라 무조건 찍어야한다는거임ᄏ",neutral,domain-lexicon-v1.1
2297,331164,1333729,1333293,2026-07-17 00:09:31,헤카테나 찍을래 ᄏᄏᄏ,neutral,domain-lexicon-v1.1
2297,331209,1333359,1333359,2026-07-16 18:26:39,제논 렌,neutral,domain-lexicon-v1.1
2297,331209,1333382,1333382,2026-07-16 18:42:01,진짜 무조건 체급 높은 직업으로하셈,neutral,domain-lexicon-v1.1
2297,331209,1333407,1333407,2026-07-16 18:52:57,조각 2만개면 갈아타는 비용이 많이 들어서 그냥 키우는게..,neutral,domain-lexicon-v1.1
2297,331209,1333421,1333421,2026-07-16 18:58:52,9월 밸패 보고 가셈 어떤 직업이든 어떻게 들어올지 모르잖어 근데 나로는 기대 ᄂᄂ,positive,domain-lexicon-v1.1
2297,331209,1333432,1333432,2026-07-16 19:01:39,전 이번에 제논으로 갈아타려구요,neutral,domain-lexicon-v1.1
2297,331209,1333434,1333434,2026-07-16 19:01:46,레테,neutral,domain-lexicon-v1.1
2297,331209,1333513,1333513,2026-07-16 19:28:55,레테 렌 제논,neutral,domain-lexicon-v1.1
2297,331280,1333576,1333576,2026-07-16 20:01:04,저도 9월 까지만 진짜 딱 보겠음 ᄋᄉᄋ 이번에도 개선없으면 야누스 20도 받겠다 나로 버리고 넘어갈듯,neutral,domain-lexicon-v1.1
2297,331280,1333686,1333576,2026-07-16 22:15:01,9월에도 병신 직업 유지면 나로로 돈 벌어다가 레테 쑥쑥 성장이나 시켜줘야겠음 나도 이제는 진짜 한계다;,neutral,domain-lexicon-v1.1
2297,331280,1334011,1333576,2026-07-17 15:52:01,그게 사지절단하고 이악물고 패싱하는 이유임 이리저리 갈아타서 처음부터 다시 세금내고 경험치bm사먹고 패스사고 해방하고 조각박고 코디하고 가횟도 좀 깎아주고 더 매몰되라고. 다들 안접고 갈아탈 생각하는거보면 장사 ᄌᄂ 잘하는듯,neutral,domain-lexicon-v1.1
2297,331280,1333585,1333585,2026-07-16 20:11:45,ᄅᄋᄏᄏ 나로는 절대 좋게패치안함 갈아타는게 밸패지,neutral,domain-lexicon-v1.1
2297,331142,1333228,1333228,2026-07-16 17:28:40,접고싶네요,neutral,domain-lexicon-v1.1
2297,331313,1333667,1333667,2026-07-16 21:40:46,2프로대,neutral,domain-lexicon-v1.1
2297,331140,1333229,1333229,2026-07-16 17:28:45,도미니언 마코 레벨 높으면 개방 하는게 좋아요,positive,domain-lexicon-v1.1
2297,331140,1333417,1333417,2026-07-16 18:57:42,"쉐스 빨리 터는 데 도움을 주는 걸로 알고는 있는데, 그것만 보고 열긴 아까울까요??",neutral,domain-lexicon-v1.1
2297,331140,1333512,1333512,2026-07-16 19:28:10,걍 저희는 얌전히 열면 돼요 있으면 무조건 좋아서,neutral,domain-lexicon-v1.1
2297,331282,1333690,1333690,2026-07-16 22:19:30,나워는 끊어쓰는 스킬이 없어서 이걸로도 충분한듯...요?,neutral,domain-lexicon-v1.1
2297,331282,1333691,1333691,2026-07-16 22:19:59,들어오면 비공식 필터키 안써도되겠네,neutral,domain-lexicon-v1.1
2297,331340,1333754,1333754,2026-07-17 00:37:49,어비셜 쉐스 발사대 ᄃᄃ,neutral,domain-lexicon-v1.1
2294,457698,1754526,1754526,2026-07-17 22:09:47,고수,neutral,domain-lexicon-v1.1
2294,457807,1754020,1754020,2026-07-17 03:16:26,몇초쿨뚝이심?,neutral,domain-lexicon-v1.1
2294,457807,1754032,1754020,2026-07-17 03:49:14,2초뚝입니다,neutral,domain-lexicon-v1.1
2294,457807,1754041,1754041,2026-07-17 04:27:03,솔플은 그냥 개노답이라 140%는 찍어야 안정컷임,neutral,domain-lexicon-v1.1
2294,457807,1754060,1754060,2026-07-17 07:14:03,팔라 세렌130퍼면 널널컷 절대 아닌듯요 물론 더 밑배율로도 가능하지만 일반인 기준으로는 진짜 빡빡한 배율입니다.. 자신이 딜할수있는 타이밍에 딜 다 우겨넣어야 합니다,neutral,domain-lexicon-v1.1
2294,457807,1754160,1754160,2026-07-17 11:29:08,팔라딘 한거임,neutral,domain-lexicon-v1.1
2296,184331,685245,685245,2026-07-16 17:10:36,게이지로 충전되는것보단 일단 100배 낫긴한데,neutral,domain-lexicon-v1.1
2296,184331,685265,685245,2026-07-16 17:18:20,ᄋᄋ 그래도 기존 게이지 구조는 안 건드리니 근데 스택 7개 제한을 굳이 둬야 하나..,neutral,domain-lexicon-v1.1
2296,184331,685248,685248,2026-07-16 17:12:30,오리진때 손해 안보려면 저거 카디널 스킬로 바뀌고 서로 다른 스킬 두개가 교차적으로 사용되게 해야함 .......포세이큰 렐릭에 서로 다른 카디널 사용시 발사되는 마법 화살이 있어서 .. 어디부터 뜯어고쳐야 되냐 이 직업,neutral,domain-lexicon-v1.1
2296,184331,685267,685248,2026-07-16 17:19:06,보니까 오리진은 여전히 블디 쓰는 게 센 거 같던데 모르겠네 대충 쳐봐서,neutral,domain-lexicon-v1.1
2296,184331,685504,685248,2026-07-16 20:05:34,근데 에이션트포스라서 렐릭해방 생각하면 또 뭔가뭔가고...,neutral,domain-lexicon-v1.1
2296,184331,685507,685248,2026-07-16 20:06:32,@리붓메린이 그것도 있고 에인션트 아처리랑 보스 킬러 등등 다 고려해서 퍼뎀 올려줄 거 아니면 카디널 포스로는 편입되면 안됨..,neutral,domain-lexicon-v1.1
2296,184331,685261,685261,2026-07-16 17:16:41,1번 꾹누르고 말건데 그정도면 손해 1~2초정도라 그정도는 괜찮지 않나,neutral,domain-lexicon-v1.1
2296,184331,685271,685261,2026-07-16 17:20:56,대충 콤레 두번 주기로 털어주면 되는데 이게 최선이었나..,neutral,domain-lexicon-v1.1
2296,184331,685283,685261,2026-07-16 17:25:55,@스틸러저격 게이지때 비하면 선녀그자체라 이미 뇌가 녹아버림 ᅲᅲ,neutral,domain-lexicon-v1.1
2296,184404,685351,685351,2026-07-16 18:02:42,저 헥환 8만 본캐인데.. 그냥 1렙만 열어줄까 생각하는중.,neutral,domain-lexicon-v1.1
2296,184404,685354,685351,2026-07-16 18:05:15,에효,neutral,domain-lexicon-v1.1
2296,184404,685355,685355,2026-07-16 18:05:16,원래 1렙 30렙 퍼뎀 2배 차이였는데 렐마라 딜량이 이관된 거라 그냥 비슷함,neutral,domain-lexicon-v1.1
2296,184404,685356,685355,2026-07-16 18:05:50,결국 바뀐건 게이지 정상화 하나구만,neutral,domain-lexicon-v1.1
2296,184404,685357,685355,2026-07-16 18:06:12,@니세금야금 그런듯,neutral,domain-lexicon-v1.1
2296,184404,685361,685361,2026-07-16 18:10:48,헥환 11만인데 1랩만할듯요 ᄏᄏ 30랩가봐야 2퍼 오르는데 너무비싸,neutral,domain-lexicon-v1.1
2296,184404,685363,685361,2026-07-16 18:13:34,ᄅᄋ이가...,neutral,domain-lexicon-v1.1
2296,184457,685414,685414,2026-07-16 18:53:13,게이지방식은 사라지는게 맞다고 생각하고 오리진타임시 쓰는게 손해인상황은 개선해줘야된다고 생각함 14초에 꽉차게 만든것도 5초기준으로 콤레2번굴리는시간 대충 생각해서 콤레2번에 한번꼴로 다털라고 만든듯,neutral,domain-lexicon-v1.1
2296,184457,685425,685414,2026-07-16 19:00:46,+로 트랜캔슬은 당연히 반대,neutral,domain-lexicon-v1.1
2296,184457,685427,685414,2026-07-16 19:01:38,소모 + 충전 사양은 어떠신가요 가이던스 회복도 더 획책가능하고 타격감도 보입니다 50으로 하면 충전이 모자를 일은 없더군요,neutral,domain-lexicon-v1.1
2296,184457,685456,685414,2026-07-16 19:21:57,@Q1107 노쿨에 게이지소모는 들어와선 안된다고 생각하는데 충전식 +50소모도 몰아쓰는경우나 보스텔포나 패턴등으로 못때리고 하필게이지부족한상황에서 극딜시작등 이슈가 있을수도 있을거같아서 게이지소모방식은 반대하긴함 그 방식으로 딜이 상승한다면 모르겠는데 그것도 아닐거고 결국 타격감조금이랑 신경써야되는 부분조금을 바꾸는느낌이라,negative,domain-lexicon-v1.1
2296,184457,685424,685424,2026-07-16 19:00:02,게이지 50소모면 지금이랑 조작 난이도 차이 없을까요? 어차피 전자의 상황이나 지금이나 둘 다 시퀀스에 렐릭 에볼루션 넣을 거 같긴 해서 난이도만 같다면 타격감도 돌아오니 나쁘지 않을 거 같아요.,neutral,domain-lexicon-v1.1
2296,184457,685433,685424,2026-07-16 19:02:59,무제한이면 또 하나의 통제요소라서 제한된 스택의 충전 사양이면 게이지 부족하지는 않을겁니다만 몰아 쓴다면 문제 있겠습니다,negative,domain-lexicon-v1.1
2296,184457,685600,685600,2026-07-16 21:54:13,개인적으론 1차테섭 방식이 맘에들었는데 데미지랑 게이지 관련 조율만 해주면 문제없다 생각하는데 아쉬워여,negative,domain-lexicon-v1.1
2296,184349,685276,685276,2026-07-16 17:22:53,사운드 바뀐 건가,neutral,domain-lexicon-v1.1
2296,184484,685478,685478,2026-07-16 19:42:58,다른개선은 해주면좋은건데 이건 해줘야되는개선임 ᄅᄋ,neutral,domain-lexicon-v1.1
2296,184484,685479,685479,2026-07-16 19:44:33,피드백 들어갔을텐데도 안 바꾸는 거 보면 아마 9월 스킬 점유율 조정패치 때 블디 너프 때리고 버스트 올리는 식으로 계획하는 거 같기도 하네요...,negative,domain-lexicon-v1.1
2296,184484,685488,685488,2026-07-16 19:51:49,오리진 중 블디레 생각남,neutral,domain-lexicon-v1.1
2296,184484,685490,685490,2026-07-16 19:54:10,이건 진짜 무조건 들어와야함,neutral,domain-lexicon-v1.1
2296,184547,685636,685636,2026-07-16 23:56:32,직업 구조자체가 잘못된거일까요? 해결방법이 있는걸까요...,neutral,domain-lexicon-v1.1
2296,184547,685659,685659,2026-07-17 02:12:10,그냥 게이지 소모해서 렐릭마테리얼로 넣던대미지를 신스킬자체의 퍼뎀으로 올려준거임 게이지쓴다고 더쎄지는게 아님 지금 패파가 게이지때문에 극딜못쓰는건 콤레패치된뒤로 겪을일없긴함,neutral,domain-lexicon-v1.1
2296,184325,685237,685237,2026-07-16 17:06:59,14초마다 끝까지 쌓이네요,neutral,domain-lexicon-v1.1
2296,184325,685238,685238,2026-07-16 17:06:59,아니 애매하게 14초는 뭐야 60초로해줘,neutral,domain-lexicon-v1.1
2296,184325,685242,685242,2026-07-16 17:09:58,진짜 감 없네.. 60초 해 줘라..,neutral,domain-lexicon-v1.1
2296,184325,685243,685243,2026-07-16 17:09:58,3번 굴리고 준극 3번굴리고 극딜 하면 되겠네 만족스러운디,positive,domain-lexicon-v1.1
2296,184358,685284,685284,2026-07-16 17:26:36,개인적으론 낫배드하다고 봄,neutral,domain-lexicon-v1.1
2296,184358,685286,685284,2026-07-16 17:26:45,스킬이펙트가 취향이라,neutral,domain-lexicon-v1.1
2296,184358,685288,685284,2026-07-16 17:28:18,"@베데슫 이펙트나 사용감은 나쁘지않아서 (워낙 블디사용감이 똥이라 그랬나?) 평딜에 편입되는 거부감자체는 없는데, 이정도로 신경쓰고 최종뎀 2~3%올라가는거면 다른직업이랑 별차이없는것 같긴해요",neutral,domain-lexicon-v1.1
2296,184358,685301,685301,2026-07-16 17:34:03,걍 렐릭에볼루션을 시퀀스 맨마지막에 넣어야할까요,neutral,domain-lexicon-v1.1
2296,184358,685328,685328,2026-07-16 17:48:20,극딜때 7스택 들고가는건 당연하다고 생각합니다! 테스트잘하신듯?,neutral,domain-lexicon-v1.1
2297,331227,1333569,1333569,2026-07-16 19:59:00,최소컷 아니면 안써도 클탐에 ᄌ도 차이없네,neutral,domain-lexicon-v1.1
2297,331227,1333656,1333656,2026-07-16 21:23:46,최소컷이라도 이거 쓴다고 꺨수 있을거같진 않은데;;,neutral,domain-lexicon-v1.1
2297,331227,1333692,1333692,2026-07-16 22:23:51,그니까 리맠로 템오카 다 쓰고 쓰면 되는 스킬인거죠?,neutral,domain-lexicon-v1.1
2297,331241,1333469,1333469,2026-07-16 19:11:38,이성적으론 그게 맞음 난 밸런스적으론 너프먹는게 무조건이라 이번챌섭때 루미키웟는데 9월에 제대로 할련지도 뮤르겠음,negative,domain-lexicon-v1.1
2297,331241,1333472,1333472,2026-07-16 19:12:25,겨울에도 굳건하면 옮기죠,neutral,domain-lexicon-v1.1
2297,331241,1333566,1333566,2026-07-16 19:57:30,제논올스탯템들 저스팩템 에매한거 줜나쌈 두줄따리들 사서 유챔하면 개꿀임,neutral,domain-lexicon-v1.1
2297,331247,1333455,1333455,2026-07-16 19:06:11,진짜 열 가치가 없네요,neutral,domain-lexicon-v1.1
2297,331247,1333456,1333456,2026-07-16 19:06:38,뭐하잔거지,neutral,domain-lexicon-v1.1
2297,331247,1333465,1333465,2026-07-16 19:10:51,5500개 사둿는데 ᄏᄏ;;,neutral,domain-lexicon-v1.1
2297,331247,1333488,1333488,2026-07-16 19:18:10,준극딜이란 대체,neutral,domain-lexicon-v1.1
2297,331247,1333560,1333560,2026-07-16 19:55:14,솔2배인데도 다조가격 방어 안될것같은데 ᄏᄏᄏ 너무 스레기라,neutral,domain-lexicon-v1.1
2297,331247,1333652,1333652,2026-07-16 21:18:05,그럴리가 없는데 하고 들오니 ᄏᄏᄏᄏ,neutral,domain-lexicon-v1.1
2297,331247,1333653,1333652,2026-07-16 21:18:11,얼탱이가 없는 스킬이네,neutral,domain-lexicon-v1.1
2297,331247,1333761,1333761,2026-07-17 00:51:44,60초스킬이 15포스킬보다 약하면 뭐하자는거냐,neutral,domain-lexicon-v1.1
2297,331247,1333810,1333810,2026-07-17 04:37:20,씨발ᄏᄏᄏ,neutral,domain-lexicon-v1.1
2297,331275,1333579,1333579,2026-07-16 20:03:50,신규스킬이 셌으면 울며 겨자먹기로 스위칭 했을텐데 울며 겨자 안 먹기 가능ᅲᅲ,neutral,domain-lexicon-v1.1
2297,331275,1333580,1333579,2026-07-16 20:05:11,내가 진짜 때려쳐 히히연습해야지 때려쳐 히히연습해야지만 최근에 몇 번을 반복했는데 이제 미련없이 생티티 다시 훔치러 갈 수 있을 거 같다...,neutral,domain-lexicon-v1.1
2297,331275,1333583,1333579,2026-07-16 20:09:37,@네페 생티티 근데 스위칭용으로 쓸만해요? 전 그냥 불스하나만 고정으로 쓰는데,neutral,domain-lexicon-v1.1
2297,331275,1333584,1333579,2026-07-16 20:10:35,@니카 저도 세렌 새벽탐밖에 쓴 적은 없어여 어차피 불스아이밖에 안 쓰니까 여차할 때 특수한 용도로라도 쓸 수 있는 거 걍 넣어두는 거져,neutral,domain-lexicon-v1.1
2297,331240,1333439,1333439,2026-07-16 19:02:45,연무장까지 갈필요도 없이 라모르 만든순간 씹저능아 확정임,neutral,domain-lexicon-v1.1
2297,331240,1333596,1333439,2026-07-16 20:22:38,ᅲ,neutral,domain-lexicon-v1.1
2300,359586,490000,490000,2026-07-13 17:38:51,본섭은 싼데 챌섭은 비싸서 보스코인샵 사시고 보스코인으로 전부위 프악작은 못하니까 몇몇 좀 아쉬운부위는 놀긍떡작으로 대체하세요,neutral,domain-lexicon-v1.1
2300,359586,490002,490000,2026-07-13 17:45:24,"현재 4여명, 분자벨은 놀긍떡작입니다. 이후에 파풀마를 살 예정인데 우선적으로 프악작 할 장신구가 있을가요?",neutral,domain-lexicon-v1.1
2300,359586,490017,490000,2026-07-13 19:08:36,@백마충 프악작은 이름이 아니라 잠재/스타포스 상태 보고 하시면 됩니다 왜냐면 놀긍떡작(평균 공2)에서 프악작(공4) 올려봐야 공격력 10 좀 넘게 오르는데 에디 한줄->에픽두줄도 공10오르고 스타포스 1성차이는 더 크게 오르거든요 그래서 템 스펙을 더 올리기 힘든 18성/21%/에디두줄 이정도 기준선에서 프악작 마지노선을 잡고있습니다 (제가) 적당한 17성 15% 이정도 급 템이면 굳이 프악할거없이 놀긍써도 코인 훨씬 덜쓰고 성능 뽑혀서요.,neutral,domain-lexicon-v1.1
2300,359586,490003,490003,2026-07-13 18:20:40,"장신구 맞추는거는 놀긍떡작 둘둘하고 이후 프펫공 펫장비 두부위 완작하고, 장신구 부위 한부위씩 프악공으로 완작해서 장신구 전체 프악공 완작 합니다",neutral,domain-lexicon-v1.1
2300,359586,490005,490003,2026-07-13 18:22:21,오오! 감사합니다!!,positive,domain-lexicon-v1.1
2300,359586,490009,490003,2026-07-13 18:28:30,챌코인샵에서는 프펫공이나 프악공은 후순위에 두고 다조 먼저 사야할까요?,neutral,domain-lexicon-v1.1
2300,359586,490010,490003,2026-07-13 18:31:37,"@백마충 챌섭 코인샵은 챌섭 기간동안 자신이 얻을 코인량 계산해서 무엇을 얼만큼 살지 미리 알아보면 좋긴한데. 프펫공 프악공은 보스코인샵에서 우선적으로 구매하는 것 추천드리고, 챌코인샵에서는 다조는 풀구매일단 하시는 것 추천드려요. 그밖에 17성주문서, 이벤트코인샵에 유잠,에잠들은 출석 이벤트에 얻을 수 있는 17성,유잠,에잠 개수포함해서 본인에게 필요한 양만큼만 사서 쓰는게 좋습니다.",neutral,domain-lexicon-v1.1
2300,359586,490011,490003,2026-07-13 18:36:11,@한진몬 다조 먼저 풀매수. 프펫공 프악공은 보스코인샵에서 수급,neutral,domain-lexicon-v1.1
2300,359586,490014,490003,2026-07-13 18:53:40,@한진몬 감사합니다 감사합니다.. 많이 배우고 갑니다,positive,domain-lexicon-v1.1
2300,359586,490016,490003,2026-07-13 18:57:20,@백마충,neutral,domain-lexicon-v1.1
2300,359586,490108,490108,2026-07-14 03:31:55,"ᄋᄋ 일단 보스코인샵에서 100퍼 놀긍으로 떡작 하고, 이후에 걍 중급코인 모으면서 아크이노로 밀고 프악공작 다시 해주면 됨",neutral,domain-lexicon-v1.1
2300,359586,490109,490108,2026-07-14 03:32:24,놀긍 떡작은 보통 공2 이상으로 많이 함,neutral,domain-lexicon-v1.1
2300,359586,490110,490108,2026-07-14 03:33:42,챌섭 코인으로 프펫공 다 사고 남는건 보스코인샵에서 살 수밖에 없는데 놀긍떡작을 프악공으로 사는거나 프펫공 공4씩 바르는거 비교했을 때 공 많이 오르는걸 하면 됨 어차피 둘 다 해야 하는거라,neutral,domain-lexicon-v1.1
2300,359586,490214,490214,2026-07-14 16:22:03,챌섭에 오래 있을 거면 모든 부위 다 놀긍떡작으로 하고 프악공 아껴도 됨 프악공 바른 템 중간에 바꾼다고 팔면 프악공 값 못 받음 아꼈다가 찐으로 내가 오래 쓸 것 같다 하는 템에 쓰는 거 추천,neutral,domain-lexicon-v1.1
2300,359593,490034,490034,2026-07-13 20:26:12,당장은 자석펫이 좀 비싼 시기니 장기적으로 보시면 좋을 거 같네요 한번에 다 산다고 생각하면 많이 부담될텐데 2개월에 펫 하나정도 목표로 잡으시면 은근 할만합니다,neutral,domain-lexicon-v1.1
2300,359593,490036,490034,2026-07-13 20:26:54,하나정도는 현질할 생각하고 두개 정도는 모아서 산다고 생각해봐야겠네요,neutral,domain-lexicon-v1.1
2300,359593,490037,490034,2026-07-13 20:27:09,@켰묘,neutral,domain-lexicon-v1.1
2300,359593,490039,490039,2026-07-13 20:28:50,자석펫은 가성비 영역이 아니긴해서 맞추고 싶으면 맞추시면 되는데. 그돈으로 스펙업하면 챌린저 뚝딱이긴 하네요,neutral,domain-lexicon-v1.1
2300,359593,490041,490039,2026-07-13 20:30:38,확실히 스펙업해서 보스돌이로 버는 돈 땡겨와도 이득이긴 하겠네요,neutral,domain-lexicon-v1.1
2300,359593,490047,490039,2026-07-13 21:03:53,"@켰묘 장기적으로 몇달, 몇년은 봐야 이득이고, 메이플 초반에는 사냥 관련 투자보다 템세팅해서 보스 수익 늘리는게 더 이득 커서 스펙업 하는거 추천드려요",neutral,domain-lexicon-v1.1
2300,359593,490050,490039,2026-07-13 21:14:52,메이플 보스 잡는거 재밌고 컨트롤 좀 되서 배율만큼 치는 것 같아 실력 느는 것 같다면 스펙업해서 더 높은 보스 바라보는 것이 좋죠. 자석펫은 그냥 쌩 매몰되는것이라 메이플 진심으로 재밌고 정착하는거 아닌이상 5석펫 바로 투자하는건 비추천드립니다. 사봐야 영구자석펫 1개 사는거 추천드려요.,neutral,domain-lexicon-v1.1
2300,359593,490048,490048,2026-07-13 21:06:03,매제 해봐야 메소+조각 평균 10억 소요시간 5.5 시간 엄거래시 해봐야 러프하게 2만원 편돌이 야간 1시간에 1.5만원 야간 1시간면 메제 채운다 ᄏᄏᄏᄏᄏᄏᄏ,neutral,domain-lexicon-v1.1
2300,359593,490058,490048,2026-07-13 21:36:21,1메제 2만원이라고 치면 편돌이가 매일 메제 병행하면 21일근무시 42만원 추가인데 엥간한 ᄌ소 직장인보다 더 잘 먹고 잘 살겠는걸,neutral,domain-lexicon-v1.1
2300,359593,490093,490048,2026-07-14 00:39:54,메제 5시간이면 차는데 ... 그리고 어느 편돌이가 야간 1시간한다고 1.5만원을 주노 ᄏᄏ 편돌이 알바 뽑을떄 14시간 이하로 뽑아서 그딴거 없는데,neutral,domain-lexicon-v1.1
2300,359593,490049,490049,2026-07-13 21:06:43,사냥은 솔에르다가 없어서 하는것임 ᄏᄏᄏ,neutral,domain-lexicon-v1.1
2300,359603,490067,490067,2026-07-13 22:12:57,조각 썼나유,neutral,domain-lexicon-v1.1
2300,359603,490069,490067,2026-07-13 22:29:15,300개정도 써져있어요,neutral,domain-lexicon-v1.1
2300,359603,490071,490067,2026-07-13 22:47:14,유기하다가 메멘토 큐브 남을때살릴듯요,neutral,domain-lexicon-v1.1
2300,359603,490075,490067,2026-07-13 22:58:37,감사합니다 답변,positive,domain-lexicon-v1.1
2300,359603,490076,490076,2026-07-13 22:59:38,제네 해방했으면 살리죵,neutral,domain-lexicon-v1.1
2300,359603,490077,490076,2026-07-13 23:09:31,무기가 없슴당 빈칸이에유,neutral,domain-lexicon-v1.1
2300,359603,490082,490076,2026-07-13 23:46:40,@통통한개구리 그럼 저라면 안살려요. 엠블 하나 있다고 살리면 그냥 깡통캐 키우는거 비슷한거 아닌가 싶네요,neutral,domain-lexicon-v1.1
2300,359603,490088,490076,2026-07-14 00:02:21,@한진몬 감사합니다 본캐 열심히할게요,positive,domain-lexicon-v1.1
2300,359603,490104,490104,2026-07-14 03:16:08,뉴비면 돈도 없는데 하드 스데미라도 하면서 돈 벌고 천천히 해방 하셈 해방 하면 세렌 칼로스 대적자 라인 가기도 쉽고 카링도 금방임 물론 하기 싫을 정도인 직업이면 굳이 안해도 됨 근데 뉴비고 메이플 좀 오래 할거 같다 싶으면 이런 기반 만들어놓는게 좋음,neutral,domain-lexicon-v1.1
2300,359603,490105,490104,2026-07-14 03:16:38,물론 과투자 ᄂᄂ 최소한으로 투자 하고 당연히 챌섭에 집중해야 함,neutral,domain-lexicon-v1.1
2300,359603,490107,490104,2026-07-14 03:28:51,유튜브에서 하스데돌이 방금 보고왔는데 생각보다 메소가 많이필요해서 다음 챌섭에 해야겠네요. 답변 감사합니다,positive,domain-lexicon-v1.1
2300,359603,490111,490104,2026-07-14 03:35:33,@통통한개구리 그냥 18성 아케인에 에픽 둘둘만 해도 하스데는 되는데 안되면 어쩔 수 없고 걍 뭐라도 잡는게 좋음 주보12마리,neutral,domain-lexicon-v1.1
2300,359603,490114,490104,2026-07-14 04:12:17,메포 5만7천원있어서 다털어서 함 해볾가요? 20억까지나오면 노말검밑솔은 다 될것같네요,neutral,domain-lexicon-v1.1
2300,359603,490115,490104,2026-07-14 04:12:54,@Ahmolrang 사실 부캐만들려는이유가 재획으로만 돈벌기도 심심하고..,neutral,domain-lexicon-v1.1
2300,359603,490177,490177,2026-07-14 12:50:54,노말검밑솔+하스데돌이 정도까지 가성비 좋게 맞춰서 매주 4억메소씩 버는 용도로 쓰는 게 제일 좋을 듯 그렇게 하면서 해방점수 천천히 채워서 몇달 후엔 제네해방까지 되면 그때는 하드검밑솔~유챔용으로 활용,neutral,domain-lexicon-v1.1
2300,359603,490178,490177,2026-07-14 12:58:26,캬 ᄀᄉᄀᄉ 딱이생각이었는데,neutral,domain-lexicon-v1.1
2300,359612,490123,490123,2026-07-14 06:23:17,지금 상태에서 아무것도 안건드리고 아이템버닝만 22성 다 올려도 102% 찍히네요,neutral,domain-lexicon-v1.1
2300,359612,490124,490123,2026-07-14 06:34:41,답변 감사합니다!! 이번주나 다음주 안에 찍고싶어서 올려봤습니다! 혹시 아버 외의 스펙업 방법은 없을까요..?,positive,domain-lexicon-v1.1
2300,359612,490125,490125,2026-07-14 06:36:02,"되게 가성비 계단식 스펙업 하셨네요 펫장비 작 , 도미18성 더 나아가선 다른부위 19성작(후순위) 되있는지는 모르겠는데 장비제작명장 골클벨 탈벨 바꾸기 매물 좋으면 이게 젤 많이 오를듯 챌섭 특성상 방무 넘치니 엠블 공두줄+@ 뽑기 이런건 환산 한번 체크 해보시고 그나마 할만한거 나열 했는데 선택해서 하시면 좋을듯",neutral,domain-lexicon-v1.1
2300,359612,490126,490125,2026-07-14 06:39:50,"답변 감사합니다! 1. 펫장비는 본섭에 펫이 있어서 약간 주저하는데 괜찮은 스펙업 방법인가요? 2. 19성은 환산에서도 추천은 하는데, 찾아보니 가성비는 또 안나온대서 망설이는 중입니다! 이것도 괜찮은 걸까요..? 그 외에 명장은 가성비로 생각중이고, 엠블은 투자는 해줬는데 나오질 않아서 못하는 중입니다!! 탈벨은 생각못했네요!! 감사합니다!!",positive,domain-lexicon-v1.1
2300,359612,490127,490125,2026-07-14 07:10:02,@Girmrh 펫장비 같은 경우는 남는 코인샵 활용을 일단 우선으로 해주고 본섭에도 있으니 조금 망설여진다면 그냥 프리미엄 말고 배율 괜찮으면 그냥 펫장비 써도 상관없음 저도 뭐 본섭에 있긴한데 그냥 해주려고요 샤타가 아니라 19성은 후순위긴 해요 그나마 스페어 싼 부위 한두개 정도는 누를만 한 정도,neutral,domain-lexicon-v1.1
2300,359612,490128,490125,2026-07-14 07:31:44,@전탁 답변 감사합니다!! 한번 그렇게 해볼게요!!,positive,domain-lexicon-v1.1
2300,359612,490131,490131,2026-07-14 09:06:03,엠블 공두줄 OR 상하의 에테 한부위가 가성비 있을듯,neutral,domain-lexicon-v1.1
2300,359612,490156,490156,2026-07-14 10:50:58,"미트라면 반평생 쓸건데 에디에픽 유니크~레전으로 올려주면 될 것 같고 윗잠도 방공뎀인데 챌 방무지원 빵빵해서 사실 1.5줄치밖에 안됨 공2줄이라도 띄우시는거 추천 제네무기 에디도 좀 더 돌리면 될 것 같고 그 외에 악세류는 사실 바꿔야 하는건데 가성비 느낌으로 있으셔서 갈아버리고 프악공 새로 하라기엔 배보다 배꼽이 커보이고 새로 사라고 하기에도 되팔고 사는 것 대비 큰 상승폭이 안되니까 엠블,무기정도에 주차별 추가 스펙업(아버, 결계(..), 주화, 보약 등)으로 천천히 가셔도 될듯?",neutral,domain-lexicon-v1.1
2300,359612,490166,490166,2026-07-14 11:40:21,여기서 5퍼 더올릴려면 보조 윗잠 보공공 보보공 에디공 15퍼에다가 렙 1업하면 가능하긴해요,neutral,domain-lexicon-v1.1
2300,359612,490182,490182,2026-07-14 13:19:31,렙업만 해도 가능할듯요 저랑 템이랑 헥사 심볼 등등 비슷하신데 저는 285 찍고 107%로 깼어요 (전 똥블렘 씀),neutral,domain-lexicon-v1.1
2300,359612,490184,490184,2026-07-14 14:02:13,"일단 5%만 올라갈진 모르겠으나 효율로 가장 가성비좋은 세팅은 에테 장갑을 사오시는 겁니다. 돈이 좀 들긴 하지만, 가성비만 따지면 가장 좋은 스펙업일 것입니다",neutral,domain-lexicon-v1.1
2300,359612,490280,490280,2026-07-14 22:56:57,"보조업글,에테1피스,2업정두하시면 그이상 오르실듯",neutral,domain-lexicon-v1.1
2300,359612,490300,490300,2026-07-15 01:49:03,마이링,neutral,domain-lexicon-v1.1
2300,359612,490301,490301,2026-07-15 02:40:47,일단 할만한건 에테장갑하고 보조업글이 좋을거같긴한데,neutral,domain-lexicon-v1.1
2300,359615,490132,490132,2026-07-14 09:15:44,3개 다 저항은 따로따로입니다 즉 혼자할때 정상적으로만 한다면 저항맨트를 볼일이 없음 에르다노바를 극딜이 아니라 쿨 돌때마다 사용하는 등 딜사이클과 극딜에 대한 이해가 없는 상태이신것 같음,neutral,domain-lexicon-v1.1
2300,359615,490133,490132,2026-07-14 09:16:33,"딥하게 가면 뭐는 뭐랑 겹쳐서 시간이 늘어나고 뭐가 먼저 소모되고 이런얘기를 할수도 있긴한데, 님은 지금 그게 아니라 딜사이클이 뭔지, 극딜이 뭔지 이것부터 이해하셔야 되는 단계 같네요",neutral,domain-lexicon-v1.1
2300,359615,490135,490132,2026-07-14 09:28:09,@포도연 감사합니다,positive,domain-lexicon-v1.1
2300,359615,490139,490132,2026-07-14 09:46:33,"@겨울엔물냉면 기본적으로 극딜시퀀스 전후로 해서 바인드(에르다노바)를 사용 스틱스 감응은 시퀀스에 있는 스킬에 감응해서 극딜과 동시에(자동으로) 쓰되 1분마다 추가로 따로 사용, 까먹어서 많이 밀리면 차라리 아예 쓰지 말기. 쿨타임 알림이에 스틱스를 등록하면 좀 덜 까먹을 수 있음 (뾱 하는 소리에 신경쓰기)",neutral,domain-lexicon-v1.1
2300,359615,490140,490132,2026-07-14 09:47:49,"@겨울엔물냉면 스틱스가 중간에 좀 밀렸을 경우, 시퀀스가 돌자마자 시퀀스를 사용하면 감응설정된 스틱스는 아직 쿨타임이라서 발동이 안되는 경우가 있음. 이럴경우 시퀀스 쿨이 아니라 스틱스 쿨을 확인하고 시퀀스를 사용할것",neutral,domain-lexicon-v1.1
2300,359615,490134,490134,2026-07-14 09:20:34,"파티원 다수 이용한 무한바인드 방지하기 위해 바인드마다 다시 걸리는 대기시간이 있습니다 현재 2분으로 통합된 ""일반 바인드"" (직업바인드 + 에르다노바)가 가장 기본이고요 여기에 오리진 바인드(6차)는 ""절대바인드"" 라서 일반 바인드가 안걸리는 보스에서도 걸리는 추가 10초 바인드 그리고 헤카테 스틱스는 약 1분주기 (실제로는 쿨뚝 때문에 50초? 정도가 저항)로 걸 수 있는 추가 일반바인드 (언제 걸든 바인드 +3초)라서 솔플 기준 (일반바 10초 가정, 후오리진, 저항 실제로는 100초/50초 이런식인데 그냥 약 1분 2분 이렇게 부를게요) 첫 극딜: 헤카테+노바 동시 사용(13초바인드, 헤카테저항1분, 일반바저항2분) -> 10초 극딜 -> 이후 오리진사용(10초바인드, 헤카테3초 아직 남아있음, 절대바인드저항 2분) 총 23초 바인드 극딜 가능 준극딜: 이후 1분쿨 돈 헤카테 쓰고 준극 노오리진 극딜: 헤카테+노바 쓰고 13초극딜 이후 준극(3초), 극(13초), 준극(3초)",neutral,domain-lexicon-v1.1
2300,359615,490136,490134,2026-07-14 09:28:20,감사합니다 이해완,positive,domain-lexicon-v1.1
2300,359615,490137,490137,2026-07-14 09:34:02,보마면 선오리진이라 오리진극때 바인드 늦게걸고 다음극때 좀 빨리걸면 씹힐수도 있긴함 보스 체력바 아래쪽에 바인드 남은시간 보이는데 오리진극때는 4초정도 남았을때 바인드 이어박고 다음극딜때 바인드 저항 없어지는거 보고 박으면됨,neutral,domain-lexicon-v1.1
2300,359615,490138,490138,2026-07-14 09:40:01,"시퀀스 - 오리진 - 폭풍의 시 꾹하고, 보스 체력창 밑에 바인드 지속 시간 4초일 때 에르다노바 누르면 바인드 저항 절대 안 걸려요. 스틱스는 스킬 알림이에 등록하셔서 알림 뜰 때 눌러주면 됩니다.",neutral,domain-lexicon-v1.1
2300,359616,490141,490141,2026-07-14 09:51:34,차라리 라운지 고렙이랑 하는게 안전할듯 샀는데 정지먹은건 거의 해킹이나 사기메소 잡힐때 같이잡히는거임,neutral,domain-lexicon-v1.1
2300,359616,490142,490142,2026-07-14 09:52:37,해킹/사기메소가 흘러들어오면 정지+회수(레드어카운트라고 마이너스통장 같은거),neutral,domain-lexicon-v1.1
2300,359616,490146,490146,2026-07-14 10:25:25,그렇군요 답변 감사합니다,positive,domain-lexicon-v1.1
2300,359616,490165,490165,2026-07-14 11:37:54,어떤 경우에도 현거래는 정지 가능성이 있습니다.,neutral,domain-lexicon-v1.1
2300,359616,490169,490169,2026-07-14 11:48:22,"라운지 로아땡 매니아 상관없이 정지 위험있고요 수상한사람과는 거래하지 마세요 사기꾼,해킹범 필터링하기 힘들면 그냥 캐시템 사다가 파시는걸 추천드립니다",neutral,domain-lexicon-v1.1
2300,359616,490179,490179,2026-07-14 13:09:22,"저는 라운지에서 레벨 290이상, 전투력 2억이상이면 웬만해선 안전하다고 봅니당",neutral,domain-lexicon-v1.1
2300,359616,490183,490183,2026-07-14 13:39:23,그냥 거래 점수 낮고 수상하게 싸게 파는 사람하고는 거래하지마셈,neutral,domain-lexicon-v1.1
2300,359616,490242,490242,2026-07-14 19:52:04,어디서 사도 정지 당할수도 있고 아닐수도 있음,neutral,domain-lexicon-v1.1
2300,359616,490262,490262,2026-07-14 21:11:34,어디든 안전하진 않음 비싼 메소마켓말곤,neutral,domain-lexicon-v1.1
2300,359616,490278,490278,2026-07-14 22:33:06,어디든지 정지가능성은있어요 개인적으로 라운지 고렙 + 전투력보고사시면 안전하긴함,neutral,domain-lexicon-v1.1
2300,359616,490283,490283,2026-07-14 23:08:14,"사기 안 당하려면 고렙, 유니온, 인기도, 코디의 정성 봐야함",neutral,domain-lexicon-v1.1
2300,359616,490297,490297,2026-07-15 01:36:21,정품메소를 사서 쓰셔야 탈이 안나는데 최대한그게 안전하게 캐서 파는 메소인지 아닌지를 현거래 구매하려는 자들이 그걸 진짜 최대한 다방면에서 체크해서 사야 안당함,neutral,domain-lexicon-v1.1
2300,359616,490298,490298,2026-07-15 01:37:19,그리고 뭐 팔기만하다가 정지최근에 당한거 본적있기도하고 아예 일절 교불불가처리 되버리는 강화에 들이는 메소소모 없이 판매목적의 행태만 벌이는 계정도 벤으로 처리하는걸로 결정나셨고 창섭이횽아가,neutral,domain-lexicon-v1.1
2300,359631,490187,490187,2026-07-14 15:01:55,150%때부터 유튜브로 직업 보스영상 보면서 연습 ᄀ ᄀ,neutral,domain-lexicon-v1.1
2300,359631,490197,490187,2026-07-14 15:45:40,넵 감사합니다!,positive,domain-lexicon-v1.1
2300,359631,490188,490188,2026-07-14 15:05:11,"원인이 뭔지에 따라 다를거 같긴 한데... 개인적으로는, 몇퍼부터 해볼만하냐 이게 문제가 아니라 뭐를 연습해야 극복이 될까를 고민하는게 맞는 방향인거 같다고 생각해요. 일단 대전제는, 환산주스탯 사이트를 정확히 이용했다는 것에서부터 시작합니다. 이게 안되면 이하의 논의가 무의미해요. 환산주스탯 사이트의 이용법과 표시되는 데이터들의 기본 전제사항, 거기서 제시하는 논리를 100% 이해했다고 자신하시나요? 이것부터 yes로 만들고 시작하셔야 됩니다. 표현해주신걸 보면, 딜사이클 구현 자체가 잘 안되고 있는거 같아요. 썩 잘하는 편이 아닌 사람의 플레이를 직접 본 적이 있는데, 점프와 주력기 말고 다른거(60초나 2분에 힌번 누르는 시퀀스나 설치기 등등)를 누를때 키보드로 눈이 가면서 손가락에 버퍼링이 걸리더라고요. ""극딜 올리고, 어... 쉬프트, 어... R, 그리고 어... F1"" 이런 식입니다. 저 행동을 하면서 시선은 키보드와 모니터를 왔다갔다 합니다. 이 버퍼링을 줄여야 합니다",negative,domain-lexicon-v1.1
2300,359631,490199,490188,2026-07-14 15:52:35,"자세한 설명 감사합니다! 처음에는 환산주스탯에서 풀도핑 기준인줄 모르고, 200%로도 못깨길래 재능이 없는건가 하고 현타 쎄게 온적도 있었어요. 지금은 일부러 다 빼고 비관적으로 흙도핑 눌러놓고 보고 있습니다. 딜사이클 말씀하였는데, 제가 윌까지 보고 접은 복귀유저라 여유롭게 딜사이클 넣는 관점에서만 생각하더라도 스데미 때랑 듄더 때랑 느낌이 다르긴 합니다. 잘 굴리는 딜 사이클도 몇번 안잡아본 보스앞에서는 가끔 사이클 찐빠가 나기도.. 이건 뭐 자주 하는 수밖에 없겠지요.. 그러고 보니 잊고있엇는데 무릉도 한번 쳐봐야겠어요.",positive,domain-lexicon-v1.1
2300,359631,490189,490189,2026-07-14 15:16:37,"200% 안쪽은 좀 잘하는사람같음. 170~180대에서 실패하다, 조금이라도 스펙업해서 치는게 정신건강에 좋더라구요",neutral,domain-lexicon-v1.1
2300,359631,490200,490189,2026-07-14 15:54:10,맨땅에서 드메템만 들고 시작한터라 재획으로 스펙업하는 재미에 게임하고있어요. 보스 막히면 다시 20~30억 모아서 장신구 한 부위 업글하고.. ᄏᄏ;;,positive,domain-lexicon-v1.1
2300,359631,490190,490190,2026-07-14 15:18:23,뉴비면 200%부터 하시면 됩니다. 여기 커뮤니티니까 개나소나 120 130 깬다고 하는데(커뮤니티에서 나 서울대요 연세대요 하는 거랑 비슷해요) 주변 친구들 보스하는 애들 중에 120 가볍게 치는 친구 많지 않아요. 실제로 공팟 가서 보스해보면 세렌에서 데카 갈리는 사람도 많고요. 너무 스트레스 받지 마시고 200% 부터 하시면 될 거에용. 만약 실력을 증가시키고 싶으면 캡처로 녹화하든 obs로 녹화해서 본인 직업 보스 플레이 영상이랑 비교해보면 됩니다.,neutral,domain-lexicon-v1.1
2300,359631,490203,490190,2026-07-14 15:55:04,아 녹화해서 스스로 점검해보면 많은 도움된다던데 잊고잇었네요. 좋은 말씀 감사합니다!,positive,domain-lexicon-v1.1
2300,359631,490192,490192,2026-07-14 15:30:51,"환산에서 시킨 도핑은 다 하셨습니까 (보스컷에서 도핑인가 내실 열면 나올겁니다) 이미 직업 딜사이클 다 외우고 그 보스 수백번 잡아본 고인물들이 최대 효율로 딜 뽑아내는게 배율이라서 ""이 스킬 다음에 뭐 써야 했더라?"" -> 딜손실 ""(패턴 보고) 어어 어떻게 피하지 (와리가리)"" -> 딜손실 등등 직업이랑 보스 익숙하지 않으면 최대효율 대비 손실보는건 당연한거에요 저도 처음 가는 보스에서 자주 발생함 120~130 미만은 패턴 익힌다는 생각으로 박아보시는거구 150%정도면 (도핑 다했으면) 클리어 목적으로 트라이 편하게 잡는건 200%이상부터일거에요",neutral,domain-lexicon-v1.1
2300,359631,490205,490192,2026-07-14 15:57:41,처음에 풀도핑 기준인줄 모르고 방황했었습니다 ᄏᄏ. 지금은 일부러 흙도핑 기준으로 엄격하게 보고있어요. 흙도핑에서 더 먹으니 실제로는 더 쉽겠지 하는 마음으로.. 대부분 200쯔음을 추천해주시네요. 조언 감사합니다 ^^.,positive,domain-lexicon-v1.1
2300,359631,490284,490284,2026-07-14 23:26:37,근데 160퍼정도 넘어가면 다 쳐볼만하거든요? 공략 영상 좀 보시고 그냥 연습모드로 쳐보시는게 나을꺼 같아요 이게 러프하게 모든 보스들 다 200퍼면 되긴하는데 자기가 잘 할 수 있는 보스가 잇을수도 잇어서,neutral,domain-lexicon-v1.1
2300,359631,490408,490408,2026-07-15 14:20:44,"연습한다는 마음가짐이면 사실 배율은 상관없어요 막 70~80퍼여도 상관없음 다만 못깰뿐이지 그냥 연모하면서, 트라이하면서, 보스패턴익숙해지고 본인캐릭숙련도 늘리는게 중요합니다 배율이야 150퍼 200퍼 250퍼 높으면 높을수록 스트레스 덜받고 패턴대충 모르고 안익숙해도 깰수있겟죠 근데 그러면 그게 본인의 성장한계선을 긋는거라고 생각해요 물론 트라이하는거에 재미를 못느끼고 스트레스면 스트레스안받는게 최선입니다!",positive,domain-lexicon-v1.1
2300,359640,490206,490206,2026-07-14 15:59:51,맞추고시작하는거정도면 ᄀᄎ을듯,neutral,domain-lexicon-v1.1
2300,359640,490208,490208,2026-07-14 16:05:53,메이지 장신구들 3에테(17성) 4아케인(18성) 완작 기준 200억메소 들어요,neutral,domain-lexicon-v1.1
2300,359640,490209,490209,2026-07-14 16:06:43,아버 최종이 22성 3카5앱 수준 아닌가 100억으론 부족할텐데 쿨뚝이기도 하고,negative,domain-lexicon-v1.1
2300,359640,490223,490223,2026-07-14 17:05:22,이번 유입이시면 차라리 계정을 새로만드는게 나을것같아요,neutral,domain-lexicon-v1.1
2300,359640,490370,490223,2026-07-15 12:25:22,아버 명의 하나 제한이라 불가능하지않나,neutral,domain-lexicon-v1.1
2300,359640,490224,490224,2026-07-14 17:09:39,애 있으시면 애 계정 하나 파서 하시는것도 가능,neutral,domain-lexicon-v1.1
2300,359640,490229,490224,2026-07-14 18:14:10,이거는 미성년자 과금제한땜에 비추임,neutral,domain-lexicon-v1.1
2300,359640,490236,490224,2026-07-14 18:44:07,@포도연 그건 몰랐넹,neutral,domain-lexicon-v1.1
2300,359640,490237,490237,2026-07-14 19:06:26,아버 종결급까진 아니고 좀 약한급으로 맞춰서 방어구 100억 선에서 끊으면 충분히 괜찮게 가능. 레테가 초보자들 하기에도 괜찮은 텔포직업이니 이번챌섭 안놓치고 즐겜하시면 좋을듯,neutral,domain-lexicon-v1.1
2300,359640,490247,490247,2026-07-14 20:07:04,좀 물어보고해주지 왜 만들어줬데,neutral,domain-lexicon-v1.1
2300,359640,490312,490312,2026-07-15 05:56:10,아버 최종보상이면 방어구만 200억대 아닌감. 무기까지하면... 레테무기는 거의 없어서 가격도 비쌀텐데,neutral,domain-lexicon-v1.1
2300,359640,490361,490361,2026-07-15 11:15:37,"어떤직업을 좋아하는지 물어보고 만들어주지 ,, 안타깝네",neutral,domain-lexicon-v1.1
2300,359640,490367,490367,2026-07-15 12:15:05,걍 접고 다음시즌에 ᄀ,neutral,domain-lexicon-v1.1
2300,359640,490389,490389,2026-07-15 13:52:13,200억으로 템사줘 그냥,neutral,domain-lexicon-v1.1
2300,359640,490404,490404,2026-07-15 14:18:27,부위당 40~50억은 잡아야할듯,neutral,domain-lexicon-v1.1
2300,359649,490230,490230,2026-07-14 18:16:42,사진 안올렸는데 사진표시 머지ᅳᅳ,neutral,domain-lexicon-v1.1
2300,359649,490231,490231,2026-07-14 18:21:06,방무 잡옵소리는 그냥 인방 초고스펙에 자아의탁한 헛소리고 당연히 공 보 마보다 딸리는건 맞는데 약한만큼 가격도 싸서 가성비가 나오는 경우가 많음 챌섭은 오히려 방무를 퍼줘서 저평가되는중이고,neutral,domain-lexicon-v1.1
2300,359649,490233,490231,2026-07-14 18:26:42,아 본섭가면 방무가 필요하다는거네,neutral,domain-lexicon-v1.1
2300,359649,490235,490235,2026-07-14 18:31:51,"그반대 챌섭은 본섭 이상으로 방무 퍼줘서 방무가 필요가 없고 (옛날 이벤트섭은 방무 오히려 안줘서 본섭에서 키우는게 낫다는 소리가 많았음) 본섭 리프하면 다시 방무 1줄정도는 필요해지는 경우가 많아짐 당장 인방 초고스펙이랑 일반인들 비교하면 방무내실 차이 심함 (에테풀셋에 유챔 노칼둘둘에 길드도 랭킹길드 방무노블까지) 유챔노칼은 커녕 본캐노칼급, 45~49포길드, 에테풀셋도 아니고 4카5앜 4에5앜 이런거 쓰는 유저가 방무잡옵이라고 말할 수 없는것",neutral,domain-lexicon-v1.1
2300,359649,490305,490305,2026-07-15 04:17:25,보공이 안뜨는 엠블에서는 가성비로 쓸만한 옵션 무보에서는 최대한 빼야지,neutral,domain-lexicon-v1.1
2300,359649,490309,490309,2026-07-15 04:31:06,걍 워낙 퍼줘서 잡옵취급이지 퍼주는게 없으면 그만큼 스펙업도 없긴함 초고스펙아니더라도 적당히 중위권유저이상에서는 대부분 방무 빵빵하게 챙긴경우라 잡옵취급하는거임,neutral,domain-lexicon-v1.1
2300,359649,490328,490328,2026-07-15 08:29:18,방무 관련해서 질문할정도면 방무 써도 됨 ᄋᄋ 무시하는 게 아니라 진짜임 챌섭보다 본섭에서 오히려 효율이 좋음,neutral,domain-lexicon-v1.1
2300,359649,490352,490352,2026-07-15 10:22:35,내 기준 뎀12%=방무30%,neutral,domain-lexicon-v1.1
2300,359649,490353,490353,2026-07-15 10:27:27,결국 스펙이 올라가면 무보엠 방무는 0~1줄 쓰게 될거야,neutral,domain-lexicon-v1.1
2300,359649,490402,490402,2026-07-15 14:14:45,일단 엠블에서 공공공이 개빡이기때문에 보통 방무1줄을 끼게되는데 그상태에서 본섭에서 방무40퍼의 가치가 스펙내실따라 다르지만 보통 공마4~5퍼정도 나옴 또는 본인이 유챔올SSS고 노블도 높다하면 방무0줄이여도 위처럼 4~5퍼정도 나옵니다 그래서 전 대충 0.5줄로 계산합니다,neutral,domain-lexicon-v1.1
2300,359649,490426,490426,2026-07-15 15:24:49,중요도는 높은데 다른 방법으로 채우는게 더 효율적이라 안쓰는거,neutral,domain-lexicon-v1.1
2300,359649,490868,490868,2026-07-17 12:54:10,잡옵임 ᄋᄋ 방무좋다는애들은 방무달린 엠블 보조 비싸게 팔아먹으려고 약파는거임,positive,domain-lexicon-v1.1
2300,359653,490252,490252,2026-07-14 20:52:31,리프는가능함?,neutral,domain-lexicon-v1.1
2300,359653,490253,490252,2026-07-14 20:53:34,2차 사전 리프때 가능하다고해요!,neutral,domain-lexicon-v1.1
2300,359653,490254,490254,2026-07-14 20:56:53,에메는 쉽고 챌은 많이 어려움 2주 하는거면 아버 업글도 못하고 해방도 못하니까 몇백억 더쓸듯,neutral,domain-lexicon-v1.1
2300,359653,490255,490254,2026-07-14 20:57:26,2주안에 에메 달성 가능할까요?,neutral,domain-lexicon-v1.1
2300,359653,490258,490254,2026-07-14 21:01:39,@스커좋아해줘 275에 진듄 + 하나더 노말 나머지 검밑 하드로 잡으면 에메니까 충분히 할만함 레테면 쉬워서 스펙만 되면 보스 잡는건 어렵지 않기도 하고,neutral,domain-lexicon-v1.1
2300,359653,490256,490256,2026-07-14 20:57:40,이건 너무 밑도끝도없음 쓰는돈이나 하루에 몇시간할건지 이런 조건이 있어야 어느정도 견적이 나오는거라,neutral,domain-lexicon-v1.1
2300,359653,490257,490256,2026-07-14 20:58:42,그렇군요 ᅮᅮ 과금은 20정도 하려고하고 하루에 4시간정도 할것 같습니다!,neutral,domain-lexicon-v1.1
2300,359653,490260,490256,2026-07-14 21:10:17,"@스커좋아해줘 그럼 패스+에픽던전 정도 과금한다는 건데 14일이면 아마 목->수 가 아닌이상 3주치 콘텐츠 경험치 받아먹을 수 있을거고 이정도면 에메랄드까진 넉넉, 마스터는 좀 빡세게 달리면 가능할듯(보조정도는 윗잠레전 수준으로 사주면 좋을듯)",neutral,domain-lexicon-v1.1
2300,359653,490333,490256,2026-07-15 08:45:40,@포도연 감사해요!!,positive,domain-lexicon-v1.1
2300,359656,490261,490261,2026-07-14 21:11:21,깡으로 키우는건 너무 돈 많이드는데 겨울챌섭때 하는게 젤 좋긴함,neutral,domain-lexicon-v1.1
2300,359656,490264,490261,2026-07-14 21:16:33,머리로는 알고있는데 몸이 기다리질 못하네요 ᅲ,neutral,domain-lexicon-v1.1
2300,359656,490265,490261,2026-07-14 21:18:39,@Mingur 그냥 본캐 템 바꾸면서 남는 템 찌꺼기 넘겨주면서 레벨링만 해주는것도 별로일까요? 아마 같은 인트캐 할 확률이 좀 높아서,neutral,domain-lexicon-v1.1
2300,359656,490266,490266,2026-07-14 21:29:14,"저 일퀘 몬파2회만 챌섭 아닌 부캐한테 해주고 있는데 쉽지 않아요. 사냥은 아예 한 적 없는데 6개월 하니까 레벨 279 됐어요. 레벨보다 더 큰 문제는 매몰되는 메소가 크다는 거예요. 조각 값 + 심볼 강화 값 + 해방무기 옵션값 + 전부위 18성유에 은근 비싸더라고요. 그래도 후회는 없습니다. 메멘토큐브, 17성권 강화권, 카유잠 카에에잠, 비약 같은 거 던져줄 수 있어서 재밌긴해요.",negative,domain-lexicon-v1.1
2300,359656,490267,490266,2026-07-14 21:36:43,생각해보니 본섭에 저번에 키우다 버린 쌔도어가 있어서 얘로 자전해서 썬콜이나 보마로 갈까 하는데 이건 어떻나요? 저번에 260만 찍고 버려서 템은 거의 없는거나 마찬가지입니다,neutral,domain-lexicon-v1.1
2300,359656,490268,490266,2026-07-14 21:37:54,@Mingur 레테는 올 에테 예정이라 18 강화권도 쓸곳이 없어서 템도 어느정도 쌀먹이 가능해보입니다,neutral,domain-lexicon-v1.1
2300,359656,490272,490266,2026-07-14 21:44:43,@Mingur 아 ᅲ 되는줄 알았는데 같은 계열로만 되나보네요,neutral,domain-lexicon-v1.1
2300,359656,490269,490269,2026-07-14 21:39:36,1부터키우는것도 어느정도 재미가있긴하지요 게임이 어느순간부터 버닝부터받고시작하게되었지만 저는 1부터그래도 키워보는것도 추천이요,positive,domain-lexicon-v1.1
2300,359656,490273,490273,2026-07-14 21:44:49,내가 본섭에서 깡 260에서 시작했는데도 개빡으로 지금 284왔는데 진 이벤트 아니었으면 수월하게 못 왔음 그냥 맘 천천히 먹고 본캐 레벨링 ᄀᄀ,neutral,domain-lexicon-v1.1
2300,359656,490275,490275,2026-07-14 21:48:36,250작 용도로 몬파/ 아케인일퀘정도는 괜찮은듯 미리 은월 메르 둘중하난 250비약쓰고 하난 육성,neutral,domain-lexicon-v1.1
2300,359656,490358,490358,2026-07-15 10:49:06,깡으로 유챔 키우려고 각봤는데 못해도 2000억 이상 들어가서 챌섭 육성아니면 그냥 포기함,neutral,domain-lexicon-v1.1
2300,359656,490377,490377,2026-07-15 13:03:58,저도 260제논 유챔으로 언젠간 키우겠거니 해서 사냥 1초도 안 하고 MVP레드 보상만으로 60~70일? 걸린 거 같아요. 리조트는 본캐 주고 ᄋᄋ 몬파 7회/그란디스 심볼일퀘 퀵패스/익몬(개편 전)/에던(보너스X),neutral,domain-lexicon-v1.1
2300,359656,490412,490412,2026-07-15 14:39:12,"저도 복귀하던 시절에 261짜리 깡통에 에픽던전, 사우나, 몬파 등등 먹이면서 285찍고 템 헥사 맞춰서 유챔 넣었어요.. 근데 가성비가 진짜 너무 안 나옴",neutral,domain-lexicon-v1.1
2300,359656,490427,490427,2026-07-15 15:32:27,2번째 하버 주기 전까진 285작이나 하죠,neutral,domain-lexicon-v1.1
2300,359656,490479,490479,2026-07-15 19:43:26,유챔부캐는 다음챌섭열릴때 하나씩 키우는게 나음 돈많아서 상관없으면 ᄀᄎ은데 너무 비효율적임,neutral,domain-lexicon-v1.1
2300,359656,490480,490479,2026-07-15 19:44:27,아니면 최대 노말돌이~하스데미돌이로만 생각중이다 이런 경우라면 ᄀᄎ,neutral,domain-lexicon-v1.1
2300,359668,490296,490296,2026-07-15 01:35:07,https://www.inven.co.kr/board/maple/2304/34801 이거 따라해보세요,neutral,domain-lexicon-v1.1
2300,359668,490384,490296,2026-07-15 13:50:38,따라해봤는데 효과가 크게 없었습니다..! 감사해요..!,positive,domain-lexicon-v1.1
2300,359668,490306,490306,2026-07-15 04:26:08,일단 외부 프로그램 같은거 다운받은거없으면 지금설명만으로는 뭐가문제인지 모르겠는데여 컴문제인지 아닌지는 그냥 지금 컴터 문제일수도있어요 거의 컴터 한계에 가깝게 사용하다가 그 한계를 넘으신걸수도있어서,negative,domain-lexicon-v1.1
2300,359668,490308,490306,2026-07-15 04:28:41,다른게임 할때나 유튜브나 디코도 같이끊긴거면 인터넷문제일확률이 크고 아니면 컴터 문제일수도?,negative,domain-lexicon-v1.1
2300,359668,490385,490306,2026-07-15 13:51:01,@피콜로 자세한 상황을 조금 찍어둔 영상을 같이 재게시 했습니다! https://www.inven.co.kr/board/maple/2300/359689?p=1&category=&iskin=&mskin=&sort=&orderby=,neutral,domain-lexicon-v1.1
2300,359668,490307,490307,2026-07-15 04:26:25,이런게 다있네 ᄃᄃ,neutral,domain-lexicon-v1.1
2300,359668,490386,490307,2026-07-15 13:51:20,"메이플 자체 문제는 아니고, 제 컴퓨터나 저희집 네트워크 문제인 것 같습니다!",negative,domain-lexicon-v1.1
2300,359668,490335,490335,2026-07-15 08:51:33,네트워크 문제 같습니다.^^ 아니면 챌섭 경쿠 채널일때도 비슷한 현상이 발생합니다.,negative,domain-lexicon-v1.1
2300,359668,490388,490335,2026-07-15 13:52:08,제가 오늘 새벽에 갑자기 이렇게 된거라 영상 첨부를 못했는데 다시 글 썼습니다! https://www.inven.co.kr/board/maple/2300/359689?p=1&category=&iskin=&mskin=&sort=&orderby=,neutral,domain-lexicon-v1.1
2300,359668,490336,490336,2026-07-15 08:59:52,보통은 네트워크 문제입니다.,negative,domain-lexicon-v1.1
2300,359668,490387,490336,2026-07-15 13:52:00,제가 오늘 새벽에 갑자기 이렇게 된거라 영상 첨부를 못했는데 다시 글 썼습니다! https://www.inven.co.kr/board/maple/2300/359689?p=1&category=&iskin=&mskin=&sort=&orderby=,neutral,domain-lexicon-v1.1
2300,359678,490339,490339,2026-07-15 09:44:15,챌린저 달성을 위해 챌섭캐릭터에 주시는걸 추천드립니다.^^,neutral,domain-lexicon-v1.1
2300,359678,490345,490339,2026-07-15 10:03:22,답변 감사합니다!,positive,domain-lexicon-v1.1
2300,359678,490342,490342,2026-07-15 09:49:26,"어차피 이지 카링 이상으로 보스 잡으면 상급 보스 코인샵에서 플라즈마 하트 1개 구매 가능해서, 지금 받은 플라즈마 하트는 챌섭에 있는 캐릭한테 주고 본캐는 스펙 조금 더 높여서 보스 잡고 코인샵에서 얻으시는 게 더 좋아보입니다.",neutral,domain-lexicon-v1.1
2300,359678,490346,490342,2026-07-15 10:03:30,답변 감사합니다!,positive,domain-lexicon-v1.1
2300,359678,490343,490343,2026-07-15 09:52:49,둘다 주는거 가능,neutral,domain-lexicon-v1.1
2300,359678,490347,490343,2026-07-15 10:03:35,둘다는 어떻게 주나요?,neutral,domain-lexicon-v1.1
2300,359678,490349,490349,2026-07-15 10:16:40,이벤트 기간까지 본캐로 이지 카링 잡을 자신 있으시면 부캐에 줘도 됩니다.,neutral,domain-lexicon-v1.1
2300,359678,490355,490349,2026-07-15 10:39:32,자신은 없습니다.... 답변 감사합니다!,positive,domain-lexicon-v1.1
2300,359697,490429,490429,2026-07-15 15:48:25,3단너프되서 이제 그렇게까지 빡치진 않음,negative,domain-lexicon-v1.1
2300,359697,490434,490434,2026-07-15 15:51:49,지금 말씀하신게 떡너프해서 팔다리 다 잘린 카링인데 그정도입니다 그리고 최소컷 기준 실수 한번으로 리트해야하는 상황이 많아서 더더욱이나 짜증나요,negative,domain-lexicon-v1.1
2300,359697,490439,490439,2026-07-15 15:58:20,이젠 패턴난이도보다는 결국 딜분배문제죠 실피남기고 딜 쪼개지고 밀리기도 하고 나쁜도올 이슈도 있는거 맞고요 이지카링 최소컷 스펙 기준으론 어센트레벨도 어지간하면 낮을거라 저도 100%초반으로 박을바에 속편하게 120% 박자는 주의,negative,domain-lexicon-v1.1
2300,359697,490440,490440,2026-07-15 15:59:08,"최소컷으로 치는 경우라면, 이지 카링에서 개인적으로 가장 불편한 점은 저 역시 1페에서 몹이 3마리나 되니 피가 애매해도 극딜 쿨 밀려서 억지로 극딜 쓰고 딜 낭비되는 점이라고 생각합니다. 어센트는 3페이즈 들어가자마자 쓰는 것이 가장 효율이 좋아 1, 2페이즈 때에는 안 쓰는 것이 좋다고 보기에, 1, 2페이즈 때 애매한 피인 경우에 어센트를 못 쓰는 게 아쉽다고 생각합니다. 2, 3페이즈 때 발생하는 강제 이동 패턴도 판정이 보이는 것에 비해 조금 넓고, 이로 인해 피할 패턴도 맞는 경우도 발생하는 점도 불편하게 생각할 수 있을 것 같습니다. 그 외에는 3페이즈 때 극딜 중에 악기 방출하면 직업에 따라서 딜로스가 심하게 나는 경우가 많아 운도 약간 따르는 것 같습니다.",mixed,domain-lexicon-v1.1
2300,359697,490445,490445,2026-07-15 16:14:01,저 같은 경우에 카링이 힘들었던 건 기본적으로 알아야하는 정보량이 다른 보스에 비해 많고 까다롭다는게 한 몫했던 것 같네요.,neutral,domain-lexicon-v1.1
2300,359697,490450,490450,2026-07-15 16:23:31,"134는 최소컷보다는 일반적인 트라이 단계에서 넘어서야 할 부분이고 2,5가 최소컷을 열받게 만드는 주범",neutral,domain-lexicon-v1.1
2300,359697,490551,490551,2026-07-16 07:56:35,보스 메커니즘상 최소컷이 굉장히 어렵기떄문에...,neutral,domain-lexicon-v1.1
2300,359697,490577,490577,2026-07-16 10:06:43,여러번 완화 되기전에 빡세게 잡은사람들이 그렇게 말하는거고 완화많이해서 이제 그정돈아님,neutral,domain-lexicon-v1.1
2300,359697,490613,490613,2026-07-16 12:47:35,완화가 많이되서 직업이 레테인거같은데 레테기준은 대적자보다 쉽죠 딸깍캐아닌 직업으로 가보면 매주 140아래로 치기는 좀 짜증나실껍니다,neutral,domain-lexicon-v1.1
2300,359697,490633,490633,2026-07-16 13:41:20,페이즈별로 쳐보고 그 정도 아닌거같은데? 하시지 말고 이어서 쳐봐야죠 바로 감 오시겠지,neutral,domain-lexicon-v1.1
2300,359697,490642,490642,2026-07-16 14:15:05,너프를 많이먹긴했어도 2페를 최소컷으로 칠 자신이없음 ᄏᄏᄏᄏᄏ 일단 숙제로 넘어가면 그냥 순수하게 1페가 재미가없음,mixed,domain-lexicon-v1.1
2300,359707,490481,490481,2026-07-15 19:50:22,저는 한 줄은 안사는 거 추천합니다,neutral,domain-lexicon-v1.1
2300,359707,490560,490481,2026-07-16 09:28:33,혹시 이유도 여쭤볼수 있을까요..?,neutral,domain-lexicon-v1.1
2300,359707,490482,490482,2026-07-15 20:08:30,뉴비면 검밑에 메이린 정도 일텐데 물욕템 보고 드랍 올리는건 너무 비효율 같음 차라리 스펙업하는게 나아보임,neutral,domain-lexicon-v1.1
2300,359707,490562,490482,2026-07-16 09:29:15,지금 이적자까진 잡았어요.. 지난주에 마도서 상자나와서 도파민이 좀 터져서 욕심나는데 그래도 안될까요..?,neutral,domain-lexicon-v1.1
2300,359707,490672,490482,2026-07-16 15:52:06,@유재스 사세요~ 한 번 꽂히면 누가 말려~ 사세용,neutral,domain-lexicon-v1.1
2300,359707,490559,490559,2026-07-16 09:27:35,드랍률이 0.1%라고 가정하면 드메 아무리 둘둘해봐야 0.2~3%가 되는건데 이거때매 드랍에 전부 투자한다? 어불성설임,neutral,domain-lexicon-v1.1
2300,359707,490563,490559,2026-07-16 09:29:35,재획을 더 해도 별로일까요?,neutral,domain-lexicon-v1.1
2300,359707,490574,490574,2026-07-16 10:03:00,물욕템 떠봐야 칠흑이라서 그냥 메획100만 맞추고 사냥하셈 드랍높든 낮든 뜰놈뜰 안뜰안임,neutral,domain-lexicon-v1.1
2300,359707,490659,490659,2026-07-16 15:36:44,걍 60 100 하시는게 나을듯?,neutral,domain-lexicon-v1.1
2300,359707,490673,490673,2026-07-16 15:56:11,드랍 4줄 이벤링 나머지 드랍 메소 5줄 하면 드120/메100나와요 거기서 추후에 드메나 쌍드로 조절하시면 될거같아요 자급자족하려면 드메 필수입니다,neutral,domain-lexicon-v1.1
2300,359707,490676,490676,2026-07-16 16:05:27,드메 드메 드메 메 메 드 드 드 드,neutral,domain-lexicon-v1.1
2300,359719,490492,490492,2026-07-15 21:18:30,한번열면 끝이라 원래 비싸,neutral,domain-lexicon-v1.1
2300,359719,490493,490493,2026-07-15 21:21:12,건실하게 하면 됨,neutral,domain-lexicon-v1.1
2300,359719,490494,490494,2026-07-15 21:48:33,헥사3이 끝이라 그게 종결인데 아무래도 종결까지 한방에 공짜로 해주지는 않죠 ᄒᄒ... 근데 검밑솔이 되면 그거 결정석만 팔아도 금방열거같은데,neutral,domain-lexicon-v1.1
2300,359719,490496,490496,2026-07-15 22:00:55,이번 챌섭에서 주는 보상들로 충분히 다 합니다,neutral,domain-lexicon-v1.1
2300,359719,490507,490507,2026-07-15 23:33:41,내일부터 사냥 솔 에르다 2배까지 있음 그거 막막하면 열지말고 그냥 스킬 조금씩 강화하셔요 하기 싫은거 안하셔도 됨,neutral,domain-lexicon-v1.1
2300,359719,490509,490509,2026-07-15 23:39:50,챌섭 보상들 넣으면 되긴 하는데 부담되면 굳이 억지로 열 필요는 없슴당 환산 보면서 다른거부터 찍으셔도 됨,neutral,domain-lexicon-v1.1
2300,359719,490517,490517,2026-07-16 01:13:15,메이플 하면서 벌리는 재화만으로도 충분히 열 수 있어요,neutral,domain-lexicon-v1.1
2300,359719,490518,490518,2026-07-16 01:17:05,진드감치하면 다됨 툭하면 현질안해도 걍 시간박으면 안되는거없음,neutral,domain-lexicon-v1.1
2300,359719,490531,490531,2026-07-16 05:13:06,나중에 해도 충분합니다,neutral,domain-lexicon-v1.1
2300,359719,490568,490568,2026-07-16 09:51:44,널널해요,neutral,domain-lexicon-v1.1
2300,359719,490581,490581,2026-07-16 10:23:02,천천히 모아서 하면 됨 사냥도 해서 모으고 보스해서 모은 메소로 사고,neutral,domain-lexicon-v1.1
2300,359719,490604,490604,2026-07-16 12:10:36,"그래서 처음에 그냥 조각 많이드는거 먼저하면 좋아요 저같은 경우는 챌린저스패스랑 챌린저스 월드코인, 그리고 사냥으로 얻은 조각 안팔고 헥사스킬 다 1렙씩만 뚫어주고 나머지는 헥사3떡작까지 쭉 밀고 시작했어요",positive,domain-lexicon-v1.1
2300,359719,490657,490657,2026-07-16 15:35:54,급하게하다 체합니다 분재겜 한다 생각하시는게 편함,neutral,domain-lexicon-v1.1
2300,359719,490658,490658,2026-07-16 15:36:29,현질의 기준이 뭔질모르겠지만 현금을 써야할필요는없구요 원래 자연빵으로 헥사강화는힘드므로 경매장에서 조각사야댐,neutral,domain-lexicon-v1.1
2300,359719,490674,490674,2026-07-16 15:56:55,그냥 천천히 하셔도 되고 패스 안사셨음 사시면 편하게 되긴할듯,neutral,domain-lexicon-v1.1
2300,359719,490677,490677,2026-07-16 16:07:16,"이번주일욜에 조각100개주고 챌섭패스+에서 다음주보상으로 150개줌, 이벤트 출첵도 있고 사냥조각도 있으니 천천히 ᄀᄀ, 솔 에르다로 부스터 바꿀수있으니 혹시라도 넘칠거같으면 1개씩 교환해서 경험치로바꾸셈",neutral,domain-lexicon-v1.1
2300,359719,490687,490687,2026-07-16 16:30:24,천천히해도됨니다,neutral,domain-lexicon-v1.1
2300,359719,490714,490714,2026-07-16 17:26:15,이딴거에 벽느낀다는건 뭔;; 한달하고 접으려함?,neutral,domain-lexicon-v1.1
2300,359719,490735,490735,2026-07-16 18:50:28,당연히 하루아침에 되는게 아니에요,neutral,domain-lexicon-v1.1
2300,359719,490739,490739,2026-07-16 19:07:13,난 교불조각으로 뚫엇는데?,neutral,domain-lexicon-v1.1
2300,359719,490746,490746,2026-07-16 19:21:21,현질해야되냐는 워딩이 좀 희안하네 1주만 하루 1~2소재 사냥에 검밑솔메이린 에픽던전정도만 해도 3~400개 상당의 조각을 구매할 재화를 먹지않나,neutral,domain-lexicon-v1.1
2300,359719,490748,490748,2026-07-16 19:29:45,당연히 하루이틀에 해결될 양은 아닌데 무과금으로 소소하게 해도 한달내엔 저건 뚫음 딱히 벽이랄것도 아님,neutral,domain-lexicon-v1.1
2300,359783,490678,490678,2026-07-16 16:07:52,메이플도 이젠 보스 기믹은 얼추해야해서 패링영상보세요,neutral,domain-lexicon-v1.1
2300,359783,490679,490679,2026-07-16 16:09:52,크로노만 어떻게 하는지 알면 됨 종류가 몇개 안되니 공략 보면 금방임,neutral,domain-lexicon-v1.1
2300,359783,490682,490682,2026-07-16 16:11:56,공략영상 보면서 10번째 트라이중인데 너무 어렵네요,neutral,domain-lexicon-v1.1
2300,359783,490683,490683,2026-07-16 16:13:32,800퍼면 2극이나 3극아님..? 극딜하고 죽은다음 부활하지말고 30초 기다리셈..,neutral,domain-lexicon-v1.1
2300,359783,490684,490684,2026-07-16 16:16:47,극딜하면 얼마까이나요? 보스가 문제가 아니고 극딜이랑 딜사이클이 뭔지 모르고 있거나 5차스킬조차 제대로 안돼있을 가능성이 있어보임,negative,domain-lexicon-v1.1
2300,359783,490713,490684,2026-07-16 16:56:24,10퍼센트 까입니다,neutral,domain-lexicon-v1.1
2300,359783,490774,490684,2026-07-16 21:20:56,"@Tinybear 이러면 뭔가 문제있는거같음 800퍼면 딜사이클 풀로 두번, 극딜만 넣고튀는걸로는 세번이면 잡히는 배율",negative,domain-lexicon-v1.1
2300,359783,490685,490685,2026-07-16 16:21:37,"나도 뭣같아서 그냥 딜찍했는데 딜 넣으면서 동시에 피한다고 생각 안 하고, 시간 많으니까, 극딜 싸고 튄다는 식으로 생각을 전환했더니 되더라구요",neutral,domain-lexicon-v1.1
2300,359783,490698,490698,2026-07-16 16:38:04,배율 넉넉하게 300%넘어가면 극딜박고 맵 끝이든 어디든 도망갔다가 극딜 쿨 돌때만 가서 때려도 가능할듯,neutral,domain-lexicon-v1.1
2300,359795,490716,490716,2026-07-16 17:31:22,https://mapleroad.kr/utils/exp_calculator,neutral,domain-lexicon-v1.1
2300,359795,490717,490716,2026-07-16 17:32:31,닉네임 입력 후 메포(BM) 효율계산,neutral,domain-lexicon-v1.1
2300,359795,490718,490716,2026-07-16 17:33:09,@꾸꼼이 오 이런 것도 있군요. 환산도 그렇고 뭐가 진짜 많이 생겼네요,neutral,domain-lexicon-v1.1
2300,359795,490720,490716,2026-07-16 17:34:21,@꾸꼼이,neutral,domain-lexicon-v1.1
2300,359795,490721,490716,2026-07-16 17:35:53,근데 안타깝게도 악몽선경보다 효율 나쁘군요 이걸 어쩌지...,neutral,domain-lexicon-v1.1
2300,359795,490722,490716,2026-07-16 17:36:47,당장 레벨업이 필요한 상황이라면 지금 할 수 있는 방법중 최선의 방법을 사용하죠,neutral,domain-lexicon-v1.1
2300,359795,490761,490761,2026-07-16 20:01:48,de,neutral,domain-lexicon-v1.1
2300,359795,490782,490782,2026-07-16 21:54:38,블루베리= 280 아래로 효율이 좋음 메카베리= 290 위로 효율이 좋음,neutral,domain-lexicon-v1.1
2300,359795,490808,490808,2026-07-17 01:22:32,빨리 찍어야하면 메카베리까지 사는거,neutral,domain-lexicon-v1.1
2300,359795,490842,490842,2026-07-17 09:08:43,280기준 메카베리 거의10퍼 블루베리 6.5퍼 정도 줌 280이상이면 메카베리가 걍더좋음,neutral,domain-lexicon-v1.1
2300,359795,490917,490917,2026-07-17 17:15:25,메카베리는 신이야!,neutral,domain-lexicon-v1.1
2300,359820,490779,490779,2026-07-16 21:49:48,그대로 킵하고 쓰시면 됩니다 절대 메소로 더 돌릴 옵션은 아닙니다 마력2추에 부가 옵션이 야무지게 붙은 알짜배기입니다 1추에+@옵션이 어느정도 붙어야 이길 수 있는 레벨입니다,neutral,domain-lexicon-v1.1
2300,359820,490781,490779,2026-07-16 21:53:35,안그래도 거의 마지막에 한불 몇개남았을때 1추 마력이 뜨긴했는데 나머지가 정말 다 개같은옵션이었어가지고 선택안했는데 잘 선택한거네요 휴 감사합니다 답해주셔서!!!,positive,domain-lexicon-v1.1
2300,359820,490783,490779,2026-07-16 22:01:28,@메아솔,neutral,domain-lexicon-v1.1
2300,359822,490780,490780,2026-07-16 21:50:52,아직 챌린저스 기간 많이 남아서 메이플에 흥미가 있으시다면 구매 추천드립니다,neutral,domain-lexicon-v1.1
2300,359822,490784,490784,2026-07-16 22:10:40,이제 한달지나지않았나? 지금이 적기인듯 8월에사긴 넘늦고,neutral,domain-lexicon-v1.1
2300,359822,490785,490785,2026-07-16 22:33:09,감사합니다!,positive,domain-lexicon-v1.1
2300,359822,490824,490824,2026-07-17 02:35:13,지금 사서 해방까지 검밑솔 이번주부터 다잡기시작하면 3주안에도 해방가능해요 7월검마솔격 8월검마솔격 잡고 8월첫주해방가능,neutral,domain-lexicon-v1.1
2300,359822,490825,490824,2026-07-17 02:38:38,필요흔적 6500개 검마 1800씩 두번 3600개 한주에 검밑솔 1410개 x 3주 =4230개,neutral,domain-lexicon-v1.1
2300,359824,490823,490823,2026-07-17 02:31:19,저라면 미트라 윗잠 잡레전이라도 사서 교불큡 돌려서 2줄이라도 쓰거나 아님 돈투자 더되면 윗잠3줄 방공공정도로 맞추고 이후 돈이생기면 드메투자 할듯여 다조는 다 스펙업으로 이후 카블큡 남으면 블랙보조돌리기,neutral,domain-lexicon-v1.1
2300,359827,490799,490799,2026-07-17 00:02:49,윗잠,neutral,domain-lexicon-v1.1
2300,359828,490789,490789,2026-07-16 23:14:53,"저는 3번이 가장 좋다고 생각해요. 제논을 꼭 그 200레벨짜리 캐릭터로 키우겠다고 다짐하지 않으시는 이상 다음 챌섭에서 새롭게 키우시는 게 훨씬 낫습니다. 급하지 않으시다면 더욱 그래요. 메이플에서는 ""단 한 번뿐""이긴 하지만 신규 생성 캐릭터, 신규 직업, 챌섭 캐릭터에게 지원을 많이 해 주는 데다가 하이퍼 블링크까지 있어서 성장의 차원이 완전히 다르거든요. 지금도 챌섭에서 섀도어를 열심히 키우시는 것 같은데, 물론 제논은 신규 직업이 아니긴 하지만 이 정도면 그래도 다음 챌섭 때 제논을 키우시는 게 가장 좋을 것 같겠고, 그럼에도 불구하고 정 기존의 그 200레벨짜리 제논을 키우시겠다면 하이퍼 버닝 부스터 나올 때까지 기다렸다가 그쪽에 적용하시는 게 좋을 것 같아요.",positive,domain-lexicon-v1.1
2300,359828,490790,490789,2026-07-16 23:18:20,하 정말 갑갑하네요 ᅮᅮ 섀도어 시작할때만 해도 설레고 좋았는데 이번 패치때문에 정이 너무 떨어져서 ᅮᅮ 조언 감사합니다,positive,domain-lexicon-v1.1
2300,359828,490791,490789,2026-07-16 23:20:42,"제논을 막 지금 당장에 키워야겠다 ! 라기보다는 챌섭에서 키우게 되면 블루베리라던가 이런거도 아직 안쓴거 사용도 가능하고,, 일퀘같은거 하면서 심볼도 먹여두려고 한거였거든요",neutral,domain-lexicon-v1.1
2300,359828,490806,490789,2026-07-17 01:00:25,@myssong93 다음 챌섭 때도 하이퍼 블링크랑 280레벨까지의 버닝 비욘드를 다시 하실 수 있을 건데 이런 점 때문에 제논은 다음 챌섭에서 키우시는 게 훨씬 효율적이라고 생각했어요,neutral,domain-lexicon-v1.1
2300,359829,490797,490797,2026-07-16 23:56:49,미라클 존버 ᄀᄀ,neutral,domain-lexicon-v1.1
2300,359830,490786,490786,2026-07-16 22:50:00,본인 마음가는대로 하는거죠 그렇다고 템 다 팔긴 뭐하고 계속 하던거 하면서 레테에 점점 투자하시면 될듯,neutral,domain-lexicon-v1.1
2300,359830,490822,490822,2026-07-17 02:28:07,전 레테 본캐 렌 부캐인데 렌은 생각보다 너무딸각이라.. 레테가 조금더 재밋지싶은,neutral,domain-lexicon-v1.1
2300,359831,490788,490788,2026-07-16 23:13:21,마일리지샵에 있는것만 한달에 한번 전액마일리지 구매가능,neutral,domain-lexicon-v1.1
2300,359832,490793,490793,2026-07-16 23:27:08,어처피 나중에 바꿔야 되서 이 정도면 충분해 보여요. 칠흑 맞출 때 미트라 가시면 됩니다.,neutral,domain-lexicon-v1.1
2300,359833,490804,490804,2026-07-17 00:37:37,환산-보스최적화-헥사최적화,neutral,domain-lexicon-v1.1
2300,359833,490815,490815,2026-07-17 01:30:34,어차피 3개 다 연 다음에 최적화하는거고 그 비율이 0.몇% 이렇게 차이 적으면 굳이 안하는거임 (1% 이상이면 3억써서 최적화 권장) 그리고 최적화라는게 차피 4종류 유효옵 (주 보 공 크)중에 지금 님 스펙에서 제일 나은 조합 찾는거기도 하고 대부분 생각보다 비슷한 템셋 스펙이라 당장 님이 크뎀이 효율좋아서 크뎀박더라도 쌍크장갑에 칠흑셋맞추고 본섭가면 크뎀효율 떨어질수도 있는것 등등 스펙 변동 생기면 최적화는 또 바뀜,neutral,domain-lexicon-v1.1
2300,359833,490816,490815,2026-07-17 01:33:55,뭐 이론은 여까지하고 그냥 가이드만 잡아드림 1. 헥사3은 공주보 2. 헥사3 전부 다찍으면 환산 최적화돌리기 3. 1% 이상 차이면 1억*3개=총 3억메소 써서 최적화 0.1% 미만이면 유지 0.n%면 고민 (보스 목표면 최적화 권장),neutral,domain-lexicon-v1.1
2300,359833,490864,490815,2026-07-17 11:44:17,감사합니다,positive,domain-lexicon-v1.1
2300,359834,490801,490801,2026-07-17 00:20:01,루나 가셔도 될듯,neutral,domain-lexicon-v1.1
2300,359834,490833,490801,2026-07-17 05:49:22,감사합니다!,positive,domain-lexicon-v1.1
2300,359835,490803,490803,2026-07-17 00:34:12,레잠 몇개 남음?,neutral,domain-lexicon-v1.1
2300,359835,490807,490803,2026-07-17 01:06:45,하트에 이미 한개 썼고 제네시스무기에 쓸 예정인 레잠 한개 남았습니다,neutral,domain-lexicon-v1.1
2300,359835,490813,490803,2026-07-17 01:28:14,@루이22 눈장식 하나 사고 보조 레전으로 올려서 블큐 짬통 쓰는게 좋아보임,neutral,domain-lexicon-v1.1
2300,359835,490817,490803,2026-07-17 01:35:43,@히알루론 감사합니다!!,positive,domain-lexicon-v1.1
2300,359835,490818,490803,2026-07-17 01:36:12,@루이22 연합토큰으로 이벤링 레전드잠재사서 이터널플레임에 발라도될까요,neutral,domain-lexicon-v1.1
2300,359835,490819,490803,2026-07-17 01:39:15,@루이22 그것도 좋습니다 근데 큐브에 너무 많은 코인을 쓰면 나중에 난감할 수 있으니 조심,neutral,domain-lexicon-v1.1
2300,359836,490798,490798,2026-07-16 23:58:21,아델 보조가 진짜 싼편인데 이번에 엄청 올랐나보네 ᄃᄃ,neutral,domain-lexicon-v1.1
2300,359837,490794,490794,2026-07-16 23:45:30,그건 유챔으로 잘못본거 아니에요?,neutral,domain-lexicon-v1.1
2300,359837,490795,490794,2026-07-16 23:46:18,"아닙니다,,,클리어 시간이 저번주랑 너무 차이나서 이상하다했는데 떨어져잇네요",neutral,domain-lexicon-v1.1
2300,359837,490800,490800,2026-07-17 00:11:22,프리셋 전투복 아티팩트 보셨나여 혹시,neutral,domain-lexicon-v1.1
2300,359837,490814,490814,2026-07-17 01:29:39,아티펙트 유통기한 일거같다,neutral,domain-lexicon-v1.1
2300,359837,490850,490850,2026-07-17 10:41:39,펫버프 확인해보셈 저도 예전에 갑자기 딜 ᄌᄂ안나와서 확인해보니까 부스터스킬빠져있어서 공속 6단계로치고있었음,neutral,domain-lexicon-v1.1
2300,359837,490880,490880,2026-07-17 14:21:38,기간제 뭐끝났나봐요,neutral,domain-lexicon-v1.1
2300,359837,490889,490889,2026-07-17 14:49:17,"칭호, 펫, 진 전투복, 아티팩트 등등 기간 끝났을듯",neutral,domain-lexicon-v1.1
2300,359837,490962,490962,2026-07-17 22:04:09,길드스킬이나 아티팩트,neutral,domain-lexicon-v1.1
2300,359837,490979,490979,2026-07-17 23:13:16,난 오늘 진투복 끝나서 떨어지던데,neutral,domain-lexicon-v1.1
2300,359515,489807,489807,2026-07-12 19:51:22,윗잠공2줄80억이면 걍사서 돌리자,neutral,domain-lexicon-v1.1
2300,359515,489828,489828,2026-07-12 22:56:38,애초에 메이린땜에 챌섭끝까지 있을려는 사람 개많아서 거품가는 끝까지 안빠질거같음,neutral,domain-lexicon-v1.1
2300,359515,489937,489937,2026-07-13 12:18:36,어차피 거품 빠지려면 몇달 있어야함 근데 그때면 챌섭 다 끝나있어서 걍 직작하거나 적당한 가격에 사셈,neutral,domain-lexicon-v1.1
2300,359515,489940,489937,2026-07-13 12:27:20,"공2줄 생각보다 잘 안뜸. 기대값 49.95억으로 약 50억인거 참고하고 가격보셈. 메멘토 짬통용도 있고, 여러 용도는 있으니까 잘 생각해보셈",positive,domain-lexicon-v1.1
2300,359515,489948,489937,2026-07-13 12:50:29,@스킵 오 감사합니다. 잘 찾아봐야겠네요,positive,domain-lexicon-v1.1
2300,359526,489840,489840,2026-07-12 23:31:20,아버 끝물 되면 더 비싸집니다,neutral,domain-lexicon-v1.1
2300,359526,489870,489870,2026-07-13 02:40:08,그거 고민할 스팩이면 20~30억 껌일듯,neutral,domain-lexicon-v1.1
2300,359526,489992,489870,2026-07-13 16:54:26,돈을 써도 현명하게 쓰고 싶어서 ᅲᅲ,neutral,domain-lexicon-v1.1
2300,359526,489922,489922,2026-07-13 11:36:02,방어구는 연말에나 빠질걸,neutral,domain-lexicon-v1.1
2300,359526,490042,490042,2026-07-13 20:34:58,챌섭 시작한주에 18성아케인크크장갑 70억이었음,neutral,domain-lexicon-v1.1
2300,359526,490045,490042,2026-07-13 20:43:02,95억에 팔고 레테로 키우는데 보탬했는데 잘했네 나,neutral,domain-lexicon-v1.1
2300,359578,489983,489983,2026-07-13 16:29:24,대충 타섭 매물의 10퍼센트만큼을 메포로 환산한 값을 추가로 지불하는 거긴합니다,neutral,domain-lexicon-v1.1
2300,359578,489984,489983,2026-07-13 16:30:41,그냥 100억짜리 타섭매물은 110억에 구매할 수 있다 정도로만 인식하시면 편해요,neutral,domain-lexicon-v1.1
2300,359578,489985,489983,2026-07-13 16:31:36,@그리즐리곰곰 답변 감사합니다. 매물 없으면 그렇게라도 사라 이거군요,positive,domain-lexicon-v1.1
2300,359578,490176,490176,2026-07-14 12:36:18,세금내라애요,neutral,domain-lexicon-v1.1
2300,359660,490279,490279,2026-07-14 22:40:36,다른칠흑도 맞출수있는 여건이면 껴도 괜찮음 메이플은 장신구 단일스펙으로는 상위장비랑 그렇게 큰 차이안남 +@로 세트효과가 많이차이나는거라,neutral,domain-lexicon-v1.1
2300,359660,490324,490324,2026-07-15 08:10:04,"미트라같이 다른 칠흑세트 (최소 2세트, 권장 4세트 이상) 낄수있을때 끼세요",neutral,domain-lexicon-v1.1
2300,359660,490344,490344,2026-07-15 10:02:35,이미 여명으로 세팅중이었으면 지금은 팔고 다른스펙업 노리는게 나을듯?,neutral,domain-lexicon-v1.1
2300,359660,490498,490498,2026-07-15 22:13:15,루컨마 끼는순간 4여명 못맞춘다고 봐야함 2칠흑 노릴거면 여명 아닌부위 추천,neutral,domain-lexicon-v1.1
2300,359672,490317,490317,2026-07-15 07:18:55,느긋하게 더 모아서 둘중하나 사오시죠,neutral,domain-lexicon-v1.1
2300,359672,490326,490326,2026-07-15 08:23:35,더 지르시면 됩니다. 조각은 좀 후순위로..,neutral,domain-lexicon-v1.1
2300,359672,490354,490354,2026-07-15 10:29:41,100억치 조각을 사도 기운딸려서 강화 안될겁니다,neutral,domain-lexicon-v1.1
2300,359672,490455,490455,2026-07-15 16:50:13,한 6~7만까진 메소로 템펙업이 더 효율높다고알고있는데,neutral,domain-lexicon-v1.1
2300,359672,490505,490505,2026-07-15 23:21:57,환산8만까지도 그냥 템만구매하셔도됩니다,neutral,domain-lexicon-v1.1
2300,359672,490516,490516,2026-07-16 01:10:39,조각을 무료로 뿌린것만 써도 가성비라인까진 거의다 강화되서 효율 별로임 템사는게 나음,neutral,domain-lexicon-v1.1
2300,359680,490356,490356,2026-07-15 10:40:35,하루 4재획이면 못해도 메획 100은 맞추세요,neutral,domain-lexicon-v1.1
2300,359680,490366,490366,2026-07-15 12:12:40,"흠..본인이 어디까지 보스를 생각하냐에 따라 다르긴한데.. 참고만 하세요. 기본 100/64 (메소/드랍) 기준 30분 소재 기준 5500메소 들어옵니다. 4번 하면 2.2억 되겠고, 조각은 그냥 경험상 3~4개 들어옵니다. 그러면 30분 기준 0.22억 정도. 그럼 하루에 총 2.4억이네요. 그럼 이걸 한달기준으로 봤을때 주에 5일 재획을 저렇게 하신다고 하면 일에 2.4억/주에 12억/월에 48억입니다. 일에 2시간/주에 10시간/ 월에 40시간 투자한 결과지요. 그럼 이 시간을 투자했을 때 본인이 사냥을 해서 좀더 벌고 싶다면 드메에 투자하시는거고 여기사 사냥 효율보다 보스결정석 효율이 좋겠다 싶으면 장비 업글 가는 겁니다. 참고로 드메의 경우 메소 이미 장비로 맞춘 메소가 100이면 이미 최대 메소는 이미 줍고 계신거고 결국 차이는 드랍인데, 이건 솔에르다/조각 드랍 차이고 결국 운적인 요소가 들어가 있습니다. 늘어나게 되면, 조각 갯수가 4~6개 정도 더 드랍되겠지요. 그럼",neutral,domain-lexicon-v1.1
2300,359680,490368,490366,2026-07-15 12:17:06,와..정말 친절한 답변 감사합니다 메획 100정도만 맞춰주고 스펙업에 신경쓰면 되겠네요 좋은 하루 되세요~,positive,domain-lexicon-v1.1
2300,359680,490369,490366,2026-07-15 12:19:10,@린시아 ^^ 스트레스 받지 않고 행메하십시오.,neutral,domain-lexicon-v1.1
2300,359680,490572,490366,2026-07-16 10:01:33,문맥흐름이 ai같네,neutral,domain-lexicon-v1.1
2300,359680,490611,490366,2026-07-16 12:41:32,@미즈노코큐 전 ai가 아니라 공대생 출신 연구원이긴 합니다 ᄏᄏᄏᄏᄏᄏᄏᄏᄏ 고맙습니다. 객관적으로 정보전달을 잘했다는 칭찬같네요 ᄏᄏ,neutral,domain-lexicon-v1.1
2300,359713,490474,490474,2026-07-15 19:03:29,일몹뎀 + 추가 경험치 20%,neutral,domain-lexicon-v1.1
2300,359713,490475,490474,2026-07-15 19:03:50,사냥 아예안하면 상관업ᄀ죠?,neutral,domain-lexicon-v1.1
2300,359713,490484,490484,2026-07-15 20:14:02,1렙당 경험치100 인데 주500경험치 제한임,neutral,domain-lexicon-v1.1
2300,359713,490485,490484,2026-07-15 20:14:18,아 밑에 패스구매는 나중에해도 뭐,neutral,domain-lexicon-v1.1
2300,359713,490488,490484,2026-07-15 20:25:52,@새하얀머리속 그럼 챌패스 이거는 먼저사야 다ᅮ채울수있다는건가요?,neutral,domain-lexicon-v1.1
2300,359713,490582,490582,2026-07-16 10:24:07,제일 중요한 물품이 다 아래에 있는데 굳이 늦게 살 이유가 있음..? 렙업이나 어빌 검환불 같은거 쓰면서 스펙올리려고 사는건데,neutral,domain-lexicon-v1.1
2300,359713,490607,490607,2026-07-16 12:15:02,보상은 늦게사나 일찍사나 똑같은거 맞는데 그 보상을 토대로 성장을 빠르게 앞당기니까 더 상위의 보스들을 잡아서 결정석값을 더 먹을 수 있죠? 그리고 챌섭이기 때문에 챌린저스티어도 높여서 버프도 더 강하게 받고 결계도 더 강한거 쓰고 그러면 결국 더 강해져서 더 빨리 상위 보스잡고 그리면 또 버프받고 결계 높아지고... 이런식으로 늦게사는 것보다 계속 치고 나가면서 돈 벌 수 있죠,neutral,domain-lexicon-v1.1
2300,359713,490724,490724,2026-07-16 17:48:09,그냥 하지마,neutral,domain-lexicon-v1.1
2300,359737,490526,490526,2026-07-16 03:37:36,보보방,neutral,domain-lexicon-v1.1
2300,359737,490527,490526,2026-07-16 03:40:29,아이템메이커에서 동일옵션 적용하고 확인해봤는데 보스 스펙이 떨어지는데 이유는 뭔지 알 수 있을까요?,neutral,domain-lexicon-v1.1
2300,359737,490725,490526,2026-07-16 17:54:34,@카토꽃길만 니가 당장 눈앞에 보이는 투력이 떨어져서 싫은거면 그냥 비포 누르셈 ᄏᄏ,neutral,domain-lexicon-v1.1
2300,359737,490528,490528,2026-07-16 03:44:03,챌섭 과다방무라 지금은 안 좋아보이지만 본섭가면 좋음 닥후,neutral,domain-lexicon-v1.1
2300,359737,490569,490569,2026-07-16 09:59:29,방무가 아무리 별로라도 방무 30%이 보뎀 5% 보단 좋음,neutral,domain-lexicon-v1.1
2300,359737,490580,490580,2026-07-16 10:21:24,방무는 유효옵션임 고래급 아니면 무시할 옵이 아님 챌섭은 방무를 퍼줘서 효율이 떨어지긴해도 본섭은 무조건 유효,neutral,domain-lexicon-v1.1
2300,359737,490703,490703,2026-07-16 16:43:03,보스 스펙이 떨어질리가 없는데 저도 헥환8만 렌에 방무 2줄인데 방무30이 보공10퍼급은 나옴,neutral,domain-lexicon-v1.1
2300,359737,490730,490730,2026-07-16 18:09:40,환산 앞에서 자아를 갖지 마셈,neutral,domain-lexicon-v1.1
2300,359757,490584,490584,2026-07-16 10:55:00,이정도면 빨리살수록 이득인듯요,neutral,domain-lexicon-v1.1
2300,359757,490593,490593,2026-07-16 11:19:34,주 10시간이면 한 달에 40시간 정도인데 풀메획 기준 20~30억 정도 차이남 이벤링으로 80퍼 맞추면 20억 투자해서 메획 한 줄 살 수 있는데 비수기 감가 맞으면 20억짜리가 10억짜리 될꺼임,neutral,domain-lexicon-v1.1
2300,359757,490594,490593,2026-07-16 11:20:46,결론적으로 비수기 되는거 감안해도 메획 한 줄 사는건 2주면 흑자고 메획 5줄 사면 흑자까지 몇 달은 걸릴듯,neutral,domain-lexicon-v1.1
2300,359757,490653,490593,2026-07-16 14:48:36,무교 부위 사면 그냥 전세니까 그냥 사냥 하루1소재만 하더라도 사는게 이득임,neutral,domain-lexicon-v1.1
2300,359757,490747,490747,2026-07-16 19:29:39,챌섭에서 지금 살거면 사지마세요 설거지 해주는거니까 일주일에 10시간이면 본섭가서 사셈,neutral,domain-lexicon-v1.1
2300,359757,490848,490848,2026-07-17 10:38:50,자본이 엄청 많은거아니면 그냥 지금 있는 자본으로는 에테방어구같은거 준비하시고 나중에 비수기때 드메템 내려가면 그때 한방에 풀드메 맞추세요. (안접고 계속할거면 맞추고 좀하다 접을지도 모르면 드메템사지마세요),neutral,domain-lexicon-v1.1
2298,224633,766993,766993,2026-07-14 11:49:13,시너지 없애지 말라해도 창섭이는 없앴을 거임,neutral,domain-lexicon-v1.1
2298,224633,766999,766999,2026-07-14 12:23:32,지금 딜도 없어 시너지도 약해 평캔은 하루종일해도 두ᅡ에서 놀고 밸패 언제하냐 창섭아?,neutral,domain-lexicon-v1.1
2298,224633,767012,767012,2026-07-14 13:09:37,분혼격참 남아있었으면 미하일 밑이었음,neutral,domain-lexicon-v1.1
2298,224633,767014,767014,2026-07-14 13:18:09,시너지 지켜달라고 해서 지켜질거였으면 개화월영도 안당했음,neutral,domain-lexicon-v1.1
2298,224633,767024,767024,2026-07-14 13:55:20,그냥 뭘하든 하위권이었음 애초에 이직업 버려진 직업임 개화월영부터,neutral,domain-lexicon-v1.1
2298,224633,767039,767039,2026-07-14 14:57:44,체급 지키기 위해 다른 걸 포기하자는 것만큼 멍청한 소리도 없긴 함ᄏ,neutral,domain-lexicon-v1.1
2298,224633,767079,767079,2026-07-14 18:04:07,지금 은월 체급이 바닥인 걸 시너지 없애자던 사람들 탓으로 만들고 싶으신건가요?,neutral,domain-lexicon-v1.1
2298,224633,767094,767094,2026-07-14 19:37:16,분혼있을땐 올라와도 개쳐맞고 내려가도 시너지 도르로 약캐 취급도 못 받았음 뭐로 가던 관점에 따른 의견차가 확실했는데 이건 너무 결과론적이네,neutral,domain-lexicon-v1.1
2298,224720,767309,767309,2026-07-15 20:21:32,진짜 1+1=2시절 소혼장막 뽕맛 못잊는다ᅲᅲᅲᅲ,neutral,domain-lexicon-v1.1
2298,224720,767334,767334,2026-07-15 22:30:46,소혼장막 만큼의 타격감을 주는 스킬이 안나오네,neutral,domain-lexicon-v1.1
2298,224720,767346,767346,2026-07-15 22:55:52,와 저렇게 리마되면 좋겠네..,neutral,domain-lexicon-v1.1
2298,224720,767363,767363,2026-07-16 00:56:01,6스택 프리드로 호신연참 프리딜 뽕맛 잊을 수가 없다,neutral,domain-lexicon-v1.1
2298,224720,767426,767426,2026-07-16 12:44:17,연권은 이펙트도 그렇고 시전할때 캐릭터 모션도 역동적이라 좋았는데ᅲ,neutral,domain-lexicon-v1.1
2298,224720,767522,767522,2026-07-16 17:27:27,귀두야참 따위와는 비교가 불가능한 뽕맛,neutral,domain-lexicon-v1.1
2298,224720,767579,767579,2026-07-16 18:29:12,존나 그립다 랑혼장막,neutral,domain-lexicon-v1.1
2298,224720,767656,767656,2026-07-16 19:30:31,꽃이 지고서야 봄인줄 알았습니다... 그립읍니다 진짜 은월...,neutral,domain-lexicon-v1.1
2298,224797,767564,767564,2026-07-16 18:21:36,버리셈 절대 떡상할일 없음,neutral,domain-lexicon-v1.1
2298,224797,767566,767566,2026-07-16 18:22:06,밸패(인기캐릭만),neutral,domain-lexicon-v1.1
2298,224797,767575,767575,2026-07-16 18:27:14,3억이면 바꿔도 됨,neutral,domain-lexicon-v1.1
2298,224797,767581,767581,2026-07-16 18:30:05,제발!!!,neutral,domain-lexicon-v1.1
2298,224797,767614,767614,2026-07-16 18:59:35,챌섭할 때마다 빨간약이 너무 머리아픔 은월로 안되던게 더 낮은 스펙으로 되니까 분혼 가져가면서 체급 올려줘서 중위권은 되겠지 싶었는데 그거도 아니였고,neutral,domain-lexicon-v1.1
2298,224797,767648,767648,2026-07-16 19:25:38,이 직업은 누가봐도 떡상할 일 아니면 떡상한 적이 거의 없어서 솔직히 기대도 안되긴 함,positive,domain-lexicon-v1.1
2298,224829,767758,767758,2026-07-16 23:07:42,소혼장막이 진짜 와바박 때리는 타격감이 있어서 좋았었는데 아쉽..,negative,domain-lexicon-v1.1
2298,224763,767507,767507,2026-07-16 17:12:27,아니 이게 말이 되나..?,neutral,domain-lexicon-v1.1
2298,224763,767512,767512,2026-07-16 17:16:50,원래 창섭식 패치는 이랬음 ᄏᄏᄏᄏ,neutral,domain-lexicon-v1.1
2298,224763,767516,767516,2026-07-16 17:20:00,아니 걍 2분화하라고,neutral,domain-lexicon-v1.1
2297,331174,1333284,1333284,2026-07-16 17:50:46,겁나 커용~,neutral,domain-lexicon-v1.1
2297,331174,1333286,1333286,2026-07-16 17:51:35,꽤 편해지긴 해요,neutral,domain-lexicon-v1.1
2297,331174,1333289,1333289,2026-07-16 17:52:18,쥐려용..,neutral,domain-lexicon-v1.1
2297,331174,1333291,1333291,2026-07-16 17:52:48,"식당으로 비유하면 회써는데 커터칼로 썰다가 사시미로 썰어버리는 정도라는거임,,,",neutral,domain-lexicon-v1.1
2297,331174,1333292,1333292,2026-07-16 17:53:15,네 차이나긴해요,neutral,domain-lexicon-v1.1
2297,331174,1333308,1333308,2026-07-16 17:59:25,기존 암메 71타 70타가 벽이고 고점 74타인데 꾹 필터키 하면 75타까지 떠요,neutral,domain-lexicon-v1.1
2297,331174,1333320,1333308,2026-07-16 18:06:01,꾹으로 75까지 떠요??혹시 셋팅 공유가능하심까 선생님!!!,neutral,domain-lexicon-v1.1
2297,331174,1333353,1333308,2026-07-16 18:23:44,@극딜 0 120 15써요,neutral,domain-lexicon-v1.1
2297,331174,1333355,1333308,2026-07-16 18:24:03,@지존정기 감삼다!,neutral,domain-lexicon-v1.1
2297,331174,1333317,1333317,2026-07-16 18:04:50,오우....써본 적 없었는데 이번 패치 오면 무조건 써야겠군요,neutral,domain-lexicon-v1.1
2297,331174,1333396,1333396,2026-07-16 18:48:50,74이상 뚫어본적이 없었는데 방금쳐보니 개대충쳐도 안씹히고 스무스하게나가서 75가 그냥나오네요,neutral,domain-lexicon-v1.1
2297,331228,1333397,1333397,2026-07-16 18:49:07,"뭐지 1분딜 에선 증가량이 4.9퍼인데, 다른 분들이랑 많이 차이 나네요",neutral,domain-lexicon-v1.1
2297,331228,1333402,1333397,2026-07-16 18:50:49,제컨기준이라 대충걸러봐주세요 핵심은 1렙에선 선무아가 쎄고 30렙에선 시퀀스무아가 쎄네요,neutral,domain-lexicon-v1.1
2297,331228,1333406,1333397,2026-07-16 18:51:55,@바부 아 4.65퍼네요. 위에 4.9는 소숫점 버리고 계산했습니다,neutral,domain-lexicon-v1.1
2297,331228,1333411,1333397,2026-07-16 18:54:30,@데스티니섀도 대충 딜상승률3%정도일듯합니다,neutral,domain-lexicon-v1.1
2297,331228,1333448,1333397,2026-07-16 19:04:14,@바부 3%가 1분기준인가요 5분40초 기준인가요?,neutral,domain-lexicon-v1.1
2297,331228,1333453,1333397,2026-07-16 19:05:58,@단붕이 1분기준4.6%정도 오를거니 딜비중을. 2:1정도로잡는다치면 3%정도 아닐까요 솔직히저도 잘모르겠음 잘치시는분들이 정리해줄겁니다,neutral,domain-lexicon-v1.1
2297,331228,1333480,1333397,2026-07-16 19:14:45,@바부 1분 측정한걸로 어림짐작 잡은거라 그런가 앞서 측정하신분들이랑 괴리가 좀 심하긴하네요. 일단 밑에 먼저 측정하신분이랑 유튜버이신 프론님은 5분40초 측정기준 1.3~1.5 언저리 나왔습니다.,neutral,domain-lexicon-v1.1
2297,331228,1333485,1333397,2026-07-16 19:17:07,@바부 수고롭게 측정해주신 작성자님께 무례한 행동일 수 있지만 성능 올려치기 당할 수도 있어서 미리 트집 좀 잡아둘게요,neutral,domain-lexicon-v1.1
2297,331228,1333486,1333397,2026-07-16 19:17:09,@단붕이 프론님 1차테섭 3.3%나오셨는데 지금1.3~1.5는 뭔가 굉장히 이상한데요?,neutral,domain-lexicon-v1.1
2297,331228,1333487,1333397,2026-07-16 19:18:09,@단붕이 쨌든 제 수치는 걸러봐주세요 본문에다 썼다싶이 제컨기준에 제가 6번정도치고 너무낮은거나 너무높은거 빼고 중간값만가져온거라,neutral,domain-lexicon-v1.1
2297,331228,1333491,1333397,2026-07-16 19:19:58,@바부 아마 멸 데미지가 너프 당한 영향이지 않을까 싶습니다. 실험해주셨는데 트집잡게 된거 죄송해요,negative,domain-lexicon-v1.1
2297,331228,1333496,1333397,2026-07-16 19:22:23,@단붕이 아녀 괜찮아요 그냥 의문인건 멸데미지가 좆만해서 그거 2.2배가 2배 즉 9%정도 너프먹었다고 3.3이 1.3~1.5는 좀 많이 이상한거 같아서 의문점입니다,negative,domain-lexicon-v1.1
2297,331228,1333438,1333438,2026-07-16 19:02:21,30렙이면 선무아 안해도 되는구나. 근데 아무리 1렙이여도 시퀀스랑 분리해서 쓰는건 구조적 결함 아닌가,neutral,domain-lexicon-v1.1
2297,331228,1333445,1333438,2026-07-16 19:03:14,병신같은구조긴하죠 1렙 선무아가 저거 굉장히 보수적으로잡은거라 고점보면 볼듯요,neutral,domain-lexicon-v1.1
2297,331228,1333463,1333463,2026-07-16 19:10:10,30렙 기준으로 확실히 극딜은 쌔진 느낌이네요.. 이럼 실전에서는 체감이 좀 되려나,neutral,domain-lexicon-v1.1
2297,331228,1333468,1333463,2026-07-16 19:11:21,실전딜체감은 이번바인드패치로 충분히 되었던거라 애매하네요 이제 맵패턴 피하겠다고 시퀀스동안 점암메쓸상황 혹은 제네무적 쓸 상황이 없어졌다 보니까요,neutral,domain-lexicon-v1.1
2297,331251,1333478,1333478,2026-07-16 19:14:10,ᄂᄂ섀86형님덕분에 이정도라도 받은거지 아니였으면 30렙기준 0.5퍼는 받았을듯ᄏᄏ,neutral,domain-lexicon-v1.1
2297,331251,1333482,1333482,2026-07-16 19:15:45,자동사출이 없으면 이 이후 스킬들이 어캐나올지 감이안잡힘ᄏᄏ,neutral,domain-lexicon-v1.1
2297,331251,1333489,1333489,2026-07-16 19:18:18,오히려 이번 신스킬에 자동사출 붙어있어서 딜 상승률 ᄌ박은거라고 생각하는게 더 그럴듯하지 않나?,neutral,domain-lexicon-v1.1
2297,331251,1333493,1333493,2026-07-16 19:20:46,또 씨발 자동사출 떡밥이야?,neutral,domain-lexicon-v1.1
2297,331251,1333546,1333546,2026-07-16 19:45:54,또 분탕충 처 들어왔네,neutral,domain-lexicon-v1.1
2297,331251,1333577,1333577,2026-07-16 20:01:57,걍 섀도어게시판은 한결같음 ᄏᄏ 테섭 신스킬/밸패 ᄌ박음-> 자동사출 vs 섀86 불탐 -> 그대로나옴 -> 아오 섀86시치,neutral,domain-lexicon-v1.1
2297,331251,1333586,1333586,2026-07-16 20:13:07,이딴게 10추네... 부계돌려쓰는거 맞는거같은데,neutral,domain-lexicon-v1.1
2297,331251,1333620,1333620,2026-07-16 20:36:59,이번패치는 걍 자동사출 받았으니 똥캐해라<<이거아님? 걍 섀86으로 어떻게든 분탕칠라하네 ᄏᄏ,neutral,domain-lexicon-v1.1
2297,331251,1333697,1333697,2026-07-16 22:32:42,지친다 씨발 진짜..,neutral,domain-lexicon-v1.1
2297,331191,1333326,1333326,2026-07-16 18:07:31,씻붤?,neutral,domain-lexicon-v1.1
2297,331191,1333331,1333331,2026-07-16 18:10:00,ᄅᄋ 내부에서 생각하는 암메 타수가 있는듯,neutral,domain-lexicon-v1.1
2297,331191,1333334,1333331,2026-07-16 18:11:54,하긴 공식에서 필터키 키보드셋팅 이런걸 하질 않으니,neutral,domain-lexicon-v1.1
2297,331191,1333337,1333331,2026-07-16 18:12:50,이거 사실이면 좀 웃긴게 밸패는 내부지표(유저)보고 하고 신스킬 줄땐 지들이 개박살난 타수로 허수쳐서 무아지경 효율 뻥튀기 해가지고 섀도어 유저기준에선 딜상승률 ᄌ박고 이게 머하는거임?,neutral,domain-lexicon-v1.1
2297,331191,1333335,1333335,2026-07-16 18:12:19,필터키 실험실에 넣을정도면 정상타수가 낮다고 보고 한건 아닐 거 같은데,neutral,domain-lexicon-v1.1
2297,331191,1333339,1333339,2026-07-16 18:13:54,뭔소리임 섀86형들이 암메캔슬덕분에 이정도 딜량 주는거라했는데ᄏᄏᄏ,neutral,domain-lexicon-v1.1
2297,331191,1333340,1333340,2026-07-16 18:14:01,근데 그것도 말안되는게 그럼 극딜스킬들 너프하는게 말이안됨...,negative,domain-lexicon-v1.1
2297,331271,1333533,1333533,2026-07-16 19:37:16,아뇨 데미지도 너프인데요?,negative,domain-lexicon-v1.1
2297,331271,1333535,1333535,2026-07-16 19:38:50,데미지 안 올랐는데요..,neutral,domain-lexicon-v1.1
2297,331271,1333537,1333537,2026-07-16 19:39:58,2차면 방향성이 나와서 이제 거기에 추가적인 의견을 내야할텐데 2차 패치 공개되고 너무 황당해서 무슨 의견을 내야할지 모르겠음,neutral,domain-lexicon-v1.1
2297,331271,1333542,1333542,2026-07-16 19:44:12,데미지도 너프...ᅲ,negative,domain-lexicon-v1.1
2297,331271,1333549,1333549,2026-07-16 19:49:25,버프를 끄는 것이 더 쎄다구요? 니들이 감히 우리가 열심히 만든 스킬을 끄겠다고요? 못끄게 해드릴게요 그리고 괘씸하니까 데미지도 하향할게요 다음부턴 주제파악하세요 이건데?,negative,domain-lexicon-v1.1
2297,331271,1333556,1333549,2026-07-16 19:51:21,이게 마즘...이거아니면 설명할 길이 없다..ᄏᄏᄏᄏᄏ,neutral,domain-lexicon-v1.1
2297,331271,1333709,1333709,2026-07-16 23:10:21,데미지 올려드릴테니 끄지마세요면 네 알겠습니다지,neutral,domain-lexicon-v1.1
2294,457692,1754270,1754270,2026-07-17 14:12:06,ᄋᄋ 손해는아님,neutral,domain-lexicon-v1.1
2294,457740,1754356,1754356,2026-07-17 16:44:23,이러다 헥사스탯도 스탯상승량 줄여서 나올판이여,neutral,domain-lexicon-v1.1
2298,224679,767184,767184,2026-07-15 04:43:29,스커 장인: 쌀피엠 박았더라도 직업 체급좋아서 챌섭에서 좋다. 라고 했음 그러니 웬만한보스 90퍼대에서도 클되니 진전하도록,positive,domain-lexicon-v1.1
2298,224679,767212,767184,2026-07-15 09:44:38,그럼 메이린 92정도부터 해보ᅥ야겠네요 감삽니다,neutral,domain-lexicon-v1.1
2298,224679,767793,767184,2026-07-17 00:37:04,이번챌섭유입이면서 왜케나대는거임? 150퍼도못깰거같은애가 ᄏᄏ,neutral,domain-lexicon-v1.1
2298,224689,767265,767265,2026-07-15 14:49:10,선입력 방식이라 스킬끼리는 어차피 딜레이없이 나가서 필요없다네요,neutral,domain-lexicon-v1.1
2298,224689,767295,767265,2026-07-15 17:55:19,고마워요,neutral,domain-lexicon-v1.1
2298,224689,767362,767362,2026-07-16 00:28:27,제일좋은건 직접 써보는거긴해요,neutral,domain-lexicon-v1.1
2298,224689,767364,767364,2026-07-16 01:03:13,파도 돌진거리 캔슬 할 때 체감 엄청됨,neutral,domain-lexicon-v1.1
2298,224689,767589,767589,2026-07-16 18:41:37,저는 쓰고 있긴함 파도 섬광 잘 써져서 편함,neutral,domain-lexicon-v1.1
2298,224801,767592,767592,2026-07-16 18:45:29,안좋은거에요?,neutral,domain-lexicon-v1.1
2298,224801,767616,767592,2026-07-16 19:02:31,안좋다기보다 정상화에 가깝지 않을까요 오리진이나 어센트 컷신 도중에 액티브 스킬이 눌려졌으니,positive,domain-lexicon-v1.1
2298,224801,767917,767592,2026-07-17 15:23:26,@선입견 옆동네 메카닉유전데 메카는 오리진중에 호밍나갑니다,neutral,domain-lexicon-v1.1
2298,224801,767603,767603,2026-07-16 18:54:54,너프뭐야;;,negative,domain-lexicon-v1.1
2298,224801,767626,767603,2026-07-16 19:07:41,오히려 이건 되는게 말이 안되긴하죠,neutral,domain-lexicon-v1.1
2298,224700,767276,767276,2026-07-15 16:23:02,"실드, 추가타, 사출기 이놈은 리메이크를 마코로 받은 수준이라..",neutral,domain-lexicon-v1.1
2298,224804,767822,767822,2026-07-17 02:55:42,4퍼대가 고점인데 3퍼대 정도 받은거면 상타치죠 뭐 전 걍 좋게 생각할려고여 딜 자체는 똥이지만;,neutral,domain-lexicon-v1.1
2304,47736,997640,997640,2026-06-24 23:01:02,굿,neutral,domain-lexicon-v1.1
2304,47736,997652,997652,2026-06-25 01:09:58,ᄋᄃ,neutral,domain-lexicon-v1.1
2304,47736,997659,997659,2026-06-25 03:19:35,ᄋᄃ,neutral,domain-lexicon-v1.1
2304,47736,997668,997668,2026-06-25 07:34:45,키보드 말고 혹시 마우스 더블클릭 속도가 지금 너무 빨라졌는데 고칠 수 있을까요? ᅲᅲ 윈도우 마우스설정은 해봄 이미,neutral,domain-lexicon-v1.1
2304,47736,997669,997668,2026-06-25 07:40:40,로지텍마우스쓰시나요,neutral,domain-lexicon-v1.1
2304,47736,997679,997668,2026-06-25 09:45:38,물리적으로 더블클릭 이슈가 생길 수 있어서 사용하고 계신 제품이 더블클릭 이슈가 잘 발생하는 제품인지 체크해보셔요 사용한지 좀 오래되면 발생하기도 함,neutral,domain-lexicon-v1.1
2304,47736,997680,997680,2026-06-25 09:52:35,카데나도 설정하는게좋나요?,neutral,domain-lexicon-v1.1
2304,47736,997681,997680,2026-06-25 09:53:12,카데나는 엄청 클걸요 같은 연계인 제로는 체질이 달라진대요,neutral,domain-lexicon-v1.1
2304,47736,997682,997682,2026-06-25 10:42:44,키보드에 F1~F4로 빠르게 반복입력하는 비슷한 기능이 있던데 요거는 키다운이 안되더라구요 필터키는 키다운 스킬 안끊기고 잘 나가나요?,neutral,domain-lexicon-v1.1
2304,47736,997688,997682,2026-06-25 10:59:49,그런 기능은 처음 들어보네요. 키보드 자체 기능이면 좀 위험할 수 있어요 필터키가 키씹힘 많이 줄여주긴합니다,neutral,domain-lexicon-v1.1
2304,47736,997689,997682,2026-06-25 11:08:19,@렌남편 엠스톤 그루비스톤 키보드 반복 입력속도 증가버튼 인것같습니다. 필터키는 키다운이 된다니 에반때 한번써보겠습니다 감사합니다!,positive,domain-lexicon-v1.1
2304,47736,997720,997720,2026-06-25 14:18:37,설정했더니 키보드가 오히려 이상해졌어요. 경매장 숫자 입력도 안되고.. 그래서 다시 되돌리고 싶은데 원상복구는 어떻게 하나요? 바꾸기 전 수치가 정확히 기억이 안나는 상태입니다..,neutral,domain-lexicon-v1.1
2304,47736,997727,997720,2026-06-25 15:13:49,원상복구하는 법은 저도 잘 몰라요...죄송합니다,neutral,domain-lexicon-v1.1
2304,47736,997839,997720,2026-06-26 12:27:00,필터키 프로그램 다운 받은 다음에 필터키 끄기 누르면 윈도우 기본 세팅으로 돌려보내 줄 걸요?,neutral,domain-lexicon-v1.1
2304,47736,998085,998085,2026-06-29 02:04:46,필터키와드,neutral,domain-lexicon-v1.1
2304,47755,997760,997760,2026-06-25 23:12:42,보스 아직 안 돌았으면 보스 솔 에르다 찍고 헥사부스터ᄀᄀ,neutral,domain-lexicon-v1.1
2304,47755,997762,997762,2026-06-25 23:28:58,여기는 팁게고 질문하는곳이 아닙니다,neutral,domain-lexicon-v1.1
2304,47755,997765,997765,2026-06-25 23:57:25,ᄑᄆ,neutral,domain-lexicon-v1.1
2304,47755,997766,997765,2026-06-25 23:57:27,ᄑᄆ,neutral,domain-lexicon-v1.1
2304,47755,997767,997765,2026-06-25 23:57:29,ᄑᄆ,neutral,domain-lexicon-v1.1
2304,47755,997772,997772,2026-06-26 01:57:50,ᄑᄆ,neutral,domain-lexicon-v1.1
2304,47755,997773,997772,2026-06-26 01:57:51,ᄑᄆ,neutral,domain-lexicon-v1.1
2304,47755,997774,997772,2026-06-26 01:57:52,ᄑᄆ,neutral,domain-lexicon-v1.1
2304,47755,997775,997775,2026-06-26 02:39:33,ᄑᄆ,neutral,domain-lexicon-v1.1
2304,47755,997776,997775,2026-06-26 02:39:35,ᄑᄆ,neutral,domain-lexicon-v1.1
2304,47755,997777,997775,2026-06-26 02:39:37,ᄑᄆ,neutral,domain-lexicon-v1.1
2304,47755,997781,997781,2026-06-26 03:49:41,팁게에 질문할 지능이니,neutral,domain-lexicon-v1.1
2304,47755,997782,997781,2026-06-26 03:49:51,그런걸 못 생각하지,neutral,domain-lexicon-v1.1
2304,47755,997783,997781,2026-06-26 03:50:00,컴 끄고 책이나 읽어라,neutral,domain-lexicon-v1.1
2304,47755,997785,997785,2026-06-26 04:17:37,ᄑᄆ,neutral,domain-lexicon-v1.1
2304,47755,997786,997785,2026-06-26 04:17:39,ᄑᄆ,neutral,domain-lexicon-v1.1
2304,47755,997787,997785,2026-06-26 04:17:42,ᄑᄆ,neutral,domain-lexicon-v1.1
2304,47755,997791,997791,2026-06-26 05:12:24,ᄑᄆ,neutral,domain-lexicon-v1.1
2304,47755,997792,997791,2026-06-26 05:12:27,ᄑᄆ,neutral,domain-lexicon-v1.1
2304,47755,997793,997791,2026-06-26 05:12:30,ᄑᄆ,neutral,domain-lexicon-v1.1
2304,47755,997794,997794,2026-06-26 05:55:49,ᄑᄆ,neutral,domain-lexicon-v1.1
2304,47755,997795,997794,2026-06-26 05:55:51,ᄑᄆ,neutral,domain-lexicon-v1.1
2304,47755,997796,997794,2026-06-26 05:55:53,ᄑᄆ,neutral,domain-lexicon-v1.1
2304,47755,997799,997799,2026-06-26 07:48:39,ᄑᄆ,neutral,domain-lexicon-v1.1
2304,47755,997800,997799,2026-06-26 07:48:42,ᄑᄆ,neutral,domain-lexicon-v1.1
2304,47755,997801,997799,2026-06-26 07:48:45,ᄑᄆ,neutral,domain-lexicon-v1.1
2304,47755,997803,997803,2026-06-26 08:03:56,일퀘는 찍는거 아니다 마우스 대봐라 8퍼 더 준다 니 ᄌ보다 작음 ᄏᄏ,neutral,domain-lexicon-v1.1
2304,47755,997810,997810,2026-06-26 09:02:22,ᄑᄆ,neutral,domain-lexicon-v1.1
2304,47755,997811,997810,2026-06-26 09:02:24,ᄑᄆ,neutral,domain-lexicon-v1.1
2304,47755,997812,997810,2026-06-26 09:02:25,ᄑᄆ,neutral,domain-lexicon-v1.1
2304,47755,997816,997816,2026-06-26 09:19:34,ᄑᄆ,neutral,domain-lexicon-v1.1
2304,47755,997817,997816,2026-06-26 09:19:35,ᄑᄆ,neutral,domain-lexicon-v1.1
2304,47755,997818,997816,2026-06-26 09:19:36,ᄑᄆ,neutral,domain-lexicon-v1.1
2304,47755,997830,997830,2026-06-26 10:13:18,ᄑᄆ,neutral,domain-lexicon-v1.1
2304,47755,997831,997830,2026-06-26 10:13:21,ᄑᄆ,neutral,domain-lexicon-v1.1
2304,47755,997832,997830,2026-06-26 10:13:25,ᄑᄆ,neutral,domain-lexicon-v1.1
2304,47755,997856,997856,2026-06-26 15:35:52,ᄑᄆ,neutral,domain-lexicon-v1.1
2304,47755,997857,997856,2026-06-26 15:35:55,ᄑᄆ,neutral,domain-lexicon-v1.1
2304,47755,997858,997856,2026-06-26 15:35:57,ᄑᄆ,neutral,domain-lexicon-v1.1
2304,47755,997861,997861,2026-06-26 15:56:29,모든걸,neutral,domain-lexicon-v1.1
2304,47755,997862,997861,2026-06-26 15:56:34,삼켜버릴,neutral,domain-lexicon-v1.1
2304,47755,997863,997861,2026-06-26 15:56:41,@시원한냉수 잇츠미~~~~~~~~~~블랙맘바,neutral,domain-lexicon-v1.1
2304,47755,997867,997867,2026-06-26 16:09:39,게시판 구분도못할 지능이니 걍 게임접는게 좋을듯 ᄏᄏᄏᄏᄏᄏ,neutral,domain-lexicon-v1.1
2304,47755,997913,997913,2026-06-27 01:02:52,ᄑᄆ,neutral,domain-lexicon-v1.1
2304,47755,997914,997913,2026-06-27 01:02:54,ᄑᄆ,neutral,domain-lexicon-v1.1
2304,47755,997915,997913,2026-06-27 01:02:57,@작은빨강 ᄑᄆ,neutral,domain-lexicon-v1.1
2304,47755,998067,998067,2026-06-28 21:48:00,ᄑᄆ,neutral,domain-lexicon-v1.1
2304,47755,998068,998067,2026-06-28 21:48:02,ᄑᄆ,neutral,domain-lexicon-v1.1
2304,47755,998069,998067,2026-06-28 21:48:04,@구르으미 ᄑᄆ,neutral,domain-lexicon-v1.1
2304,47768,997888,997888,2026-06-26 20:31:10,글보고 에테 아케인 맞춰보려고하는데요 질문이 있어요 에테 노작을 사면 다 직작을 하라는 뜻인가요? 스타포스가 제일 문제인듯한데. 18성 방어구를 아케인에 넣어주라는 의미인가요?,negative,domain-lexicon-v1.1
2304,47768,997889,997888,2026-06-26 20:39:36,노작 깡통을 사오실꺼면 코인샵 유잠 에에잠 이용하시고 스타포스는 12성만 달고 쓰다가 샤타때 17성 혹은 18성 달아주시면 됩니다. 아니면 12성으로 쓰다 팔고 18성 사오셔도 되구요 18성 방어구를 아케인에 넣어주라는 의미 맞습니다.,neutral,domain-lexicon-v1.1
2304,47768,997890,997888,2026-06-26 20:47:55,@애기아빠 12성만달아도 아버보다쌤?,neutral,domain-lexicon-v1.1
2304,47768,997892,997888,2026-06-26 21:10:16,@애기아빠 노작 깡통이 아니라면 어느정도를 사야하나요? 지금 사는게 가격이 쌀까요? 아버끝나면서 점점 오를테니?,neutral,domain-lexicon-v1.1
2304,47768,997901,997888,2026-06-26 23:00:41,"@Nivea 1. 잠재만 된 걸 산다. 보통 유닠 두줄급부터 보면 됩니다. 2. 별도 된걸 산다. 17성+유닠 두줄부터 보면 됩니다. 스타포스 기댓값 확인하시고 사시고, 어지간하면 아버끝물보단 지금이 쌉니다",neutral,domain-lexicon-v1.1
2304,47768,997898,997898,2026-06-26 22:09:30,왜 이해를 못하겠쥐.......,neutral,domain-lexicon-v1.1
2304,47768,997902,997898,2026-06-26 23:01:25,재획하면서 썼는데 뭐가 부족한가..,negative,domain-lexicon-v1.1
2304,47768,997916,997916,2026-06-27 01:09:24,뉴비인데요 이거 챌섭에서사야하나요? 아니면 옮길곳에 미리 돈을 질러서 사놔야하나요?,neutral,domain-lexicon-v1.1
2304,47768,997936,997916,2026-06-27 06:52:09,잠재깡통만 해서 18성 지를거다>본섭에서 해도 됩니다. 근데 챌섭으로 하셔도 좋습니다. 근데 노작 사서 하나씩 맞춰갈거다>챌섭이 좋습니다,neutral,domain-lexicon-v1.1
2304,47768,997918,997918,2026-06-27 01:46:47,저번 아버 끝날때쯤 겜 시작했는데 진짜 허리 휘는줄 알았음 대비 필쑤,neutral,domain-lexicon-v1.1
2304,47768,997919,997919,2026-06-27 01:57:56,ᄋᄃ,neutral,domain-lexicon-v1.1
2304,47768,997952,997952,2026-06-27 11:54:51,에테 12 아케인 18이면 아버보다 쌘가요? 비슷하면 본섭에서 하고 넘겨오면 주는건 어떠한지? 쿨뚝이랑 장갑은 그냥 사오는건 별로일까요?,neutral,domain-lexicon-v1.1
2304,47768,998399,997952,2026-07-01 12:36:45,잠재 추옵 등등 따라 다르긴 합니다. 살짝 약하지 않을까 싶은데 큰폭은 아닐겁니다 뚝과 장갑 사는 것도 좋습니다. 18성은 나머지 신망견에 바르면되죠,neutral,domain-lexicon-v1.1
2304,47768,997957,997957,2026-06-27 12:46:23,별만봤을때 카룻 18 에테 18 가격차이가 배 이상으로 뛰던데 그 돈이면 카룻 22성 레전도 사도라구요. 그래도 에테 추천인가요?,neutral,domain-lexicon-v1.1
2304,47768,998120,997957,2026-06-29 12:50:35,카룻22성이랑 에테18성이 비슷한 템입니다.,neutral,domain-lexicon-v1.1
2304,47768,997972,997972,2026-06-27 14:25:25,에테 스타포스 강화 어떻게하나요? 주문서 바르나요? 아니몈 쌩으로 17성 메소박치기하는건가요?,neutral,domain-lexicon-v1.1
2304,47768,997974,997972,2026-06-27 14:52:15,샤타포스 때 하면됨,neutral,domain-lexicon-v1.1
2304,47768,998138,998138,2026-06-29 16:22:14,중고뉴비라 이렇게 템을 맞춰본적은 없는데 이러면 아버랑 성능이 비슷할까요?,neutral,domain-lexicon-v1.1
2304,47768,998400,998138,2026-07-01 12:37:17,잠재 추옵 등등 따라 다르긴 합니다. 정확하게 하려면 목표치의 아버와 템세팅을 두고 환산 돌려봐야지요,neutral,domain-lexicon-v1.1
2304,47768,998318,998318,2026-06-30 14:02:34,ᄋᄃ,neutral,domain-lexicon-v1.1
2304,47768,998628,998628,2026-07-03 17:26:53,아버가 사라지면 접고 다시줄때 하는거 아니였슈?,neutral,domain-lexicon-v1.1
2304,47768,998673,998673,2026-07-04 16:25:31,코인샵 유잠 에디에잠은 아케인 말고 에테에 발라주는게 좋을까요..?,neutral,domain-lexicon-v1.1
2304,47777,997982,997982,2026-06-27 17:25:12,ᄑᄆ,neutral,domain-lexicon-v1.1
2304,47777,997983,997982,2026-06-27 17:25:14,ᄑᄆ,neutral,domain-lexicon-v1.1
2304,47777,997984,997982,2026-06-27 17:25:16,ᄑᄆ,neutral,domain-lexicon-v1.1
2304,47777,998015,998015,2026-06-27 23:32:17,ᄑᄆ,neutral,domain-lexicon-v1.1
2304,47777,998016,998015,2026-06-27 23:32:20,ᄑᄆ,neutral,domain-lexicon-v1.1
2304,47777,998017,998015,2026-06-27 23:32:23,ᄑᄆ,neutral,domain-lexicon-v1.1
2304,47777,998022,998022,2026-06-28 00:42:44,ᄑᄆ,neutral,domain-lexicon-v1.1
2304,47777,998023,998022,2026-06-28 00:42:47,ᄑᄆ,neutral,domain-lexicon-v1.1
2304,47777,998024,998022,2026-06-28 00:42:54,ᄑᄆ,neutral,domain-lexicon-v1.1
2304,47777,998025,998025,2026-06-28 00:47:43,여기는 팁게라서 자게나 질문게에 쓰셔야 답변받으실 수 있어요!,neutral,domain-lexicon-v1.1
2304,47777,998040,998040,2026-06-28 06:10:24,ᄑᄆ,neutral,domain-lexicon-v1.1
2304,47777,998048,998048,2026-06-28 14:00:39,ᄑᄆ,neutral,domain-lexicon-v1.1
2304,47777,998049,998048,2026-06-28 14:00:43,ᄑᄆ,neutral,domain-lexicon-v1.1
2304,47777,998050,998048,2026-06-28 14:00:44,ᄑᄆ,neutral,domain-lexicon-v1.1
2304,47777,998149,998149,2026-06-29 17:48:12,ᄑᄆ,neutral,domain-lexicon-v1.1
2304,47777,998150,998149,2026-06-29 17:48:13,ᄑᄆ,neutral,domain-lexicon-v1.1
2304,47777,998151,998149,2026-06-29 17:48:15,ᄑᄆ,neutral,domain-lexicon-v1.1
2304,47780,997991,997991,2026-06-27 18:42:34,그래그래,neutral,domain-lexicon-v1.1
2304,47780,997996,997996,2026-06-27 20:21:44,ᄑᄆ,neutral,domain-lexicon-v1.1
2304,47780,997997,997996,2026-06-27 20:21:46,ᄑᄆ,neutral,domain-lexicon-v1.1
2304,47780,997998,997996,2026-06-27 20:21:47,ᄑᄆ,neutral,domain-lexicon-v1.1
2304,47780,998012,998012,2026-06-27 23:31:52,ᄑᄆ,neutral,domain-lexicon-v1.1
2304,47780,998013,998012,2026-06-27 23:31:56,ᄑᄆ,neutral,domain-lexicon-v1.1
2304,47780,998014,998012,2026-06-27 23:32:00,ᄑᄆ,neutral,domain-lexicon-v1.1
2304,47780,998034,998034,2026-06-28 03:28:10,ᄑᄆ,neutral,domain-lexicon-v1.1
2304,47780,998035,998034,2026-06-28 03:28:12,ᄑᄆ,neutral,domain-lexicon-v1.1
2304,47780,998036,998034,2026-06-28 03:28:15,@노예방패병 ᄑᄆ,neutral,domain-lexicon-v1.1
2304,47780,998052,998052,2026-06-28 15:36:45,ᄑᄆ,neutral,domain-lexicon-v1.1
2304,47780,998053,998052,2026-06-28 15:36:47,ᄑᄆ,neutral,domain-lexicon-v1.1
2304,47780,998054,998052,2026-06-28 15:36:49,ᄑᄆ,neutral,domain-lexicon-v1.1
2304,47780,998064,998064,2026-06-28 21:42:25,ᄑᄆ,neutral,domain-lexicon-v1.1
2304,47780,998065,998064,2026-06-28 21:42:28,ᄑᄆ,neutral,domain-lexicon-v1.1
2304,47780,998066,998064,2026-06-28 21:42:31,@구르으미 ᄑᄆ,neutral,domain-lexicon-v1.1
2304,47780,998113,998113,2026-06-29 10:59:24,ᄑᄆ,neutral,domain-lexicon-v1.1
2304,47780,998114,998113,2026-06-29 10:59:26,ᄑᄆ,neutral,domain-lexicon-v1.1
2304,47780,998115,998113,2026-06-29 10:59:27,ᄑᄆ,neutral,domain-lexicon-v1.1
2304,47795,998105,998105,2026-06-29 10:22:19,gt635쓰는중인데 이거따라하면 효과있을까요?,neutral,domain-lexicon-v1.1
2304,47795,998111,998105,2026-06-29 10:28:46,gt635는 잘 모르겠습니다 최소 gtx1060이상 환경에서 효과가 있을거라 생각합니다,neutral,domain-lexicon-v1.1
2304,47795,998122,998122,2026-06-29 13:05:49,이것보다 외부채팅창 프레임 드랍만 해결 됐으면.. 1년전에 해결 했는데 저번 겨울 패치때 다시 드랍 시작댐 하..,neutral,domain-lexicon-v1.1
2304,47795,998131,998122,2026-06-29 15:28:14,"외부채팅창 사용시 프레임 드랍이면 대부분 채팅창-인게임 사이에 주사율 차이 때문에 문제가 일어날텐데, 엔비디아 제어판 기본 상태로 초기화 하고 인게임 수직동기화만 켜도 렉 걸리시나요? 그렇다면 시도해볼 방법이 주사율 기술 사용 여부 확인입니다. HDMI 케이블이시면 고급 디스플레이의 동적 재생 빈도 사용 중이신지 체크해보시고 사용 중이시면 해제해보시길 바랍니다. DP 케이블이시면 nvidia 제어판의 g-sync를 사용하지 않기 해보시길 바랍니다.",negative,domain-lexicon-v1.1
2304,47795,998144,998122,2026-06-29 16:48:53,아니면 메이플 창 옆으로 늘려서 채팅창 빼보셈,neutral,domain-lexicon-v1.1
2304,47795,998380,998122,2026-07-01 02:19:07,@시크한고인 구글 검색해서 설정 같은건 별 거 다 해봤는데 안됩니다ᅲᅲ 위에 방법도 해보니까 똑같네요 제가 봤을땐 그 때 해결 한 게 아니라 뭔가 해골물 먹었던 듯.. 이러나 저러나 인게임 채팅창 쓰면 잠깐 극딜때 137이고 거의 140~144인데 외부 쓰면 100~120에서 노네요,neutral,domain-lexicon-v1.1
2304,47795,998134,998134,2026-06-29 15:45:05,와드,neutral,domain-lexicon-v1.1
2304,47795,998135,998135,2026-06-29 16:13:53,와드....,neutral,domain-lexicon-v1.1
2304,47795,998139,998139,2026-06-29 16:33:11,암드는..,neutral,domain-lexicon-v1.1
2304,47795,998145,998145,2026-06-29 16:58:23,ᄋᄃ,neutral,domain-lexicon-v1.1
2304,47795,998161,998161,2026-06-29 20:16:52,ᄋᄃ,neutral,domain-lexicon-v1.1
2304,47795,998164,998164,2026-06-29 20:42:35,맥 OS는 마스터 볼륨 음소거 하면 렉 풀립니다 ..,neutral,domain-lexicon-v1.1
2304,47795,998173,998173,2026-06-29 22:26:37,윈11 메이플 오래켜두면 렉쌓이는거 심했는데 이거 하고나니까 확실히 덜해진거 체감되네요 감사합니다,positive,domain-lexicon-v1.1
2304,47795,998174,998174,2026-06-29 22:38:17,ᄋᄃ,neutral,domain-lexicon-v1.1
2304,47795,998189,998189,2026-06-30 02:32:25,외부채팅창 사용중일때 서브 모니터로 넷플보면 화질저하 나는것도 MPO 문제일 가능성이 있나용 내부로 집어넣으면 화질저하 현상 사라짐,negative,domain-lexicon-v1.1
2304,47795,998193,998189,2026-06-30 08:13:06,"외부채팅창 사용시 그래픽 자원이 모자라다고 cpu가 판단하는거 같습니다. 인게임 수직동기화 설정 / 지싱크, 프리싱크, 가변주사율 해제 후에도 계속 같은 문제가 발생한다면 차선책으로 mpo 비활성화를 시도해볼 수 있겠네요. 의외로 기존과 다른 웹 브라우저를 사용하면 해결되는 경우도 있습니다.",negative,domain-lexicon-v1.1
2304,47795,998443,998443,2026-07-01 23:57:12,ᄋᄃ,neutral,domain-lexicon-v1.1
2304,47801,998160,998160,2026-06-29 20:00:33,환산주스텟 가이드 : https://www.inven.co.kr/board/maple/2304/47723 환산주스텟 사이트 : https://maplescouter.com/ko,neutral,domain-lexicon-v1.1
2304,47801,998328,998328,2026-06-30 14:54:01,150% 템셋으로 리프이후까지 생각하면 망신견은 흙에테로 끼는게 나으려나요,neutral,domain-lexicon-v1.1
2304,47801,998343,998343,2026-06-30 16:56:17,"보조 레전 5줄, 무기랑 엠블렘 다 말씀하신대로 맞추고 여명 21성 15퍼,18퍼로는 힘들까요? 딜찍누로도요..!",neutral,domain-lexicon-v1.1
2304,47801,998391,998343,2026-07-01 08:49:34,21성하고 15퍼 18퍼는 공존안하는게 맞습니다 21성급 템은 최소 21퍼 이상이라고 생각해요,neutral,domain-lexicon-v1.1
2304,47801,998637,998343,2026-07-03 19:01:18,@Flame 18성21퍼는요?!,neutral,domain-lexicon-v1.1
2304,47801,998381,998381,2026-07-01 02:20:09,ᄋᄃ,neutral,domain-lexicon-v1.1
2304,47801,998416,998416,2026-07-01 15:02:21,연모 무한 트라이 해야겠구만. 찐모 안해도 되는게 다행인가,neutral,domain-lexicon-v1.1
2304,47801,998421,998421,2026-07-01 16:02:38,여명류 22성이 아닌 21성인 이유가 있을까요?,neutral,domain-lexicon-v1.1
2304,47801,998422,998421,2026-07-01 16:10:48,기대값에 비해 돌아오는 리턴값이 적어서요,positive,domain-lexicon-v1.1
2304,47801,998445,998445,2026-07-02 02:26:14,뉴비와드,neutral,domain-lexicon-v1.1
2304,47801,998481,998481,2026-07-02 13:01:20,ᄋᄃ,neutral,domain-lexicon-v1.1
2304,47801,998585,998585,2026-07-03 13:40:09,ᄋᄃ,neutral,domain-lexicon-v1.1
2304,47801,998599,998599,2026-07-03 15:09:13,ᄋᄃ,neutral,domain-lexicon-v1.1
2304,47801,998611,998611,2026-07-03 15:50:45,굿굿,neutral,domain-lexicon-v1.1
2304,47801,998634,998634,2026-07-03 18:14:25,150퍼 셋팅비용은 얼마쯤 들어갈까요?,neutral,domain-lexicon-v1.1
2304,47801,998672,998672,2026-07-04 16:13:34,ᄋᄃ,neutral,domain-lexicon-v1.1
2304,47801,998742,998742,2026-07-05 14:43:59,ᄋᄃ,neutral,domain-lexicon-v1.1
2304,47801,998760,998760,2026-07-05 21:23:46,플라즈마하트 쓰라는건 오바같은데,neutral,domain-lexicon-v1.1
2304,47801,998761,998760,2026-07-05 21:24:01,130셋팅이라해도 플라즈마20은 함정아님?,neutral,domain-lexicon-v1.1
2304,47801,998792,998792,2026-07-06 09:50:08,ᄋᄃ,neutral,domain-lexicon-v1.1
2304,47801,998849,998849,2026-07-06 23:13:57,챌섭 마지막이라도 어떻게든 해보자 ....,neutral,domain-lexicon-v1.1
2304,47801,998991,998991,2026-07-08 15:23:13,ᄋᄃ,neutral,domain-lexicon-v1.1
2304,47801,999047,999047,2026-07-09 11:15:04,ᄀᄉ,neutral,domain-lexicon-v1.1
2304,47801,999050,999050,2026-07-09 11:39:11,ᄋᄃ,neutral,domain-lexicon-v1.1
2304,47801,999052,999052,2026-07-09 12:24:08,ᄋᄃ,neutral,domain-lexicon-v1.1
2304,47801,999061,999061,2026-07-09 13:54:41,ᄋᄃ,neutral,domain-lexicon-v1.1
2304,47801,999092,999092,2026-07-10 02:52:34,ᄋᄃ,neutral,domain-lexicon-v1.1
2304,47801,999094,999094,2026-07-10 03:25:02,.,neutral,domain-lexicon-v1.1
2304,47801,999334,999334,2026-07-14 13:06:34,감사합니당,positive,domain-lexicon-v1.1
2304,47801,999386,999386,2026-07-15 13:08:43,제네무기때문에 편차가 너무 커짐 누군 50억컷 누군 에디천장에 150억 모은큐브 다 박고 윗잠2줄 엔딩 그게 나라니,neutral,domain-lexicon-v1.1
2304,47801,999388,999386,2026-07-15 13:16:56,개추,neutral,domain-lexicon-v1.1
2304,47801,999390,999390,2026-07-15 13:22:29,뉴비 챌린저 깔끔하게 포기하기로...,neutral,domain-lexicon-v1.1
2304,47801,999393,999393,2026-07-15 13:33:22,장신구류 21성 20성은 샤타때 직접 달면 되는걸까요??,neutral,domain-lexicon-v1.1
2304,47801,999399,999393,2026-07-15 13:47:04,네 사먹는게 좋긴 한데 기대값에 비해 거품껴있는게 있어서요,positive,domain-lexicon-v1.1
2304,47801,999400,999393,2026-07-15 13:47:40,@Flame 나는 다르다 마인드로 누르면되겠구만 파방은 안하죠??,neutral,domain-lexicon-v1.1
2304,47801,999409,999393,2026-07-15 14:28:28,@몽방뎡 넹,neutral,domain-lexicon-v1.1
2304,47801,999396,999396,2026-07-15 13:39:46,ᄋᄃ,neutral,domain-lexicon-v1.1
2304,47801,999401,999401,2026-07-15 14:17:59,혹시 조각은 일부러 40개 더쓰신건가요?,neutral,domain-lexicon-v1.1
2304,47801,999410,999401,2026-07-15 14:28:48,사실 조각이 적어요 저 기준으로는 하메 잡을거면 3000개정도는 쓰는게 좋습니다,neutral,domain-lexicon-v1.1
2304,47801,999420,999420,2026-07-15 15:12:32,에테크주주 시세 적용 맞나요? 전략적으로 좋은건 아는데 다들 똑같은 생각 해서 시세가 너무 올랐다보니 그 돈으로 다른 부위 더 올리는게 더 오르겠다는 생각이 들던데,neutral,domain-lexicon-v1.1
2304,47801,999431,999420,2026-07-15 15:50:01,그래도 좋아여 크주라도 하세요,neutral,domain-lexicon-v1.1
2304,47801,999438,999438,2026-07-15 16:40:40,크주주 하나만으로 9퍼가량 오른다는 걸까요?,neutral,domain-lexicon-v1.1
2304,47801,999458,999458,2026-07-15 22:23:35,ᄋᄃ,neutral,domain-lexicon-v1.1
2304,47801,999463,999463,2026-07-16 00:00:37,ᄋᄃ,neutral,domain-lexicon-v1.1
2304,47806,998330,998330,2026-06-30 15:26:33,오,neutral,domain-lexicon-v1.1
2304,47806,998331,998331,2026-06-30 15:43:20,"1, 2위는 뭔지 궁금",neutral,domain-lexicon-v1.1
2304,47806,998332,998331,2026-06-30 15:44:01,"1위 치5, 2위 챌패스",neutral,domain-lexicon-v1.1
2304,47806,998339,998331,2026-06-30 16:37:19,@기봄쟝 치5가 머 줄인건가요??,neutral,domain-lexicon-v1.1
2304,47806,998340,998331,2026-06-30 16:38:06,@삥바나 추가 경험'치 5'0% 쿠폰입니당,neutral,domain-lexicon-v1.1
2304,47806,998341,998331,2026-06-30 16:39:10,@기봄쟝 감사합니다!,positive,domain-lexicon-v1.1
2304,47806,998371,998331,2026-06-30 21:29:00,@기봄쟝 치5는 첨보네 나는 가경이라고 검색하는데 ᄏᄏ,neutral,domain-lexicon-v1.1
2304,47806,998375,998331,2026-06-30 22:48:12,@동동포장마차 가경이면 70퍼도 있어서 그런듯 추가 경험치 70%쿠폰,neutral,domain-lexicon-v1.1
2304,47806,999454,998331,2026-07-15 18:37:58,"@주님한명만더 70퍼는 mvp만 있기도해서 그냥 70이라고 부렀는데, 다 다르네요 ᄏᄏᄏ",neutral,domain-lexicon-v1.1
2304,47806,998333,998333,2026-06-30 16:04:01,사실 아티팩트류 보약 없이 일반 보약만 풀로 채운 기준으로도 산술적으로 계산된 효율은 꽤 나쁘지 않은 편인데 그냥 매일 3000메포(1.2억메소)가 빠져나간다는 기분이 나빠서 거부감이 좀 있는 듯 생각보다 평일 몬파 7회를 고려조차 안하시는 분들이 많더라구요,neutral,domain-lexicon-v1.1
2304,47806,998346,998346,2026-06-30 17:51:14,레드 7판 무료 4판 메포로 10판까지 알뜰살뜰하게 뽑아먹어야지,neutral,domain-lexicon-v1.1
2304,47806,998348,998348,2026-06-30 18:08:02,악몽은 메포단가가 비싸서 밀리는건가 280이후에도 안녕산해야하나?,neutral,domain-lexicon-v1.1
2304,47806,998351,998348,2026-06-30 18:22:45,"메포당 효율은 약간 딸리는 편이지만 메포를 많이 쓰는 만큼 경험치도 많이 주는데다 1주에 1종, 1회만 가능한 종류의 bm이다 보니 악몽선경도 충분히 메리트는 있지 예컨대 나는 안녕산 1단계가 효율 좋으니 그것만 해야겠다 하다가 나중에 레벨링 급하게 하고 싶어지면 오히려 악몽선경보다 효율 별로인 bm을 채택해야하는 상황이 올 수도 있는 거고",neutral,domain-lexicon-v1.1
2304,47806,998353,998348,2026-06-30 18:25:01,@Resitime ᄋᄏ 챌섭 285까지는 악선해야겠네,neutral,domain-lexicon-v1.1
2304,47806,998355,998355,2026-06-30 18:43:24,1억 2천만 메소로 몇시간치 사냥시간 아끼는거라 걍 필수임 ᄏᄏ 내 시간은 1.2억보다 가치 없다? 사냥 ᄀ,neutral,domain-lexicon-v1.1
2304,47806,998362,998355,2026-06-30 19:20:37,사냥 기운 메소도 고려하긴해야제..,neutral,domain-lexicon-v1.1
2304,47806,998619,998355,2026-07-03 16:44:31,"그 몇시간치 사냥하면 버는 메소, 기운, 조각은..? 애초에 메소 벌려고 사냥하면서 덤으로 경험치 챙기는거잖아",neutral,domain-lexicon-v1.1
2304,47806,998359,998359,2026-06-30 18:51:38,와 메카보다 효율 좋아진다고..? 개사기네,neutral,domain-lexicon-v1.1
2304,47806,998361,998361,2026-06-30 19:06:20,개꿀팁이네 평일몬파도 다먹어야지 당분간은,neutral,domain-lexicon-v1.1
2304,47806,998366,998366,2026-06-30 20:47:06,감사해요ᄒᄒ 매주 써야겠네...,positive,domain-lexicon-v1.1
2304,47806,998367,998367,2026-06-30 21:02:04,하마4배도 아까워서 잘 안하는편인데 몬파저정도면 매일 35번해줄듯. 챌섭7 본섭14 부섭14,neutral,domain-lexicon-v1.1
2304,47806,998488,998367,2026-07-02 15:00:34,하마 4배가 아까워서 잘 안하는거면 그보다 효율낮은 몬파는 더 안하는게 흐름상 맞는거아닌가용?,neutral,domain-lexicon-v1.1
2304,47806,998489,998367,2026-07-02 15:01:30,맨 위 몬파는 스페셜 썬데이 기준이고..,neutral,domain-lexicon-v1.1
2304,47806,999485,998367,2026-07-16 14:27:11,@프페 호구지 뭐 ᄏᄏ,neutral,domain-lexicon-v1.1
2304,47806,999487,998367,2026-07-16 14:29:47,@도철 경험치너무좋아청년,neutral,domain-lexicon-v1.1
2304,47806,998369,998369,2026-06-30 21:18:26,챌섭드메도 별로없는데 괜찮은듯,neutral,domain-lexicon-v1.1
2304,47806,998370,998370,2026-06-30 21:23:07,그정도가;; 꿀팁 ᄀᄉ,neutral,domain-lexicon-v1.1
2304,47806,998373,998373,2026-06-30 21:44:20,예전엔 7판 다 도는게 귀찮은게 더 커서 생각조차 안했는데 7판 소탕 클리어가 되니까 안할 수가 없네 레드 아닌 본섭 풀드메인 입장에선 기분이 좋네,neutral,domain-lexicon-v1.1
2304,47806,998404,998404,2026-07-01 13:31:50,악몽4배랑 크게 차이나서 안삼. 일요일만 사지,neutral,domain-lexicon-v1.1
2304,47806,998407,998404,2026-07-01 13:39:13,아 다른건몰라도 일요일은 무조건 해야겠다,neutral,domain-lexicon-v1.1
2304,47806,998435,998435,2026-07-01 21:26:00,평일 몬파 7 가즈아,neutral,domain-lexicon-v1.1
2304,47806,998500,998500,2026-07-02 17:22:45,285 할거라 하는게 맞겠는데 미리 경험치 땡겨온다는 느낌으로,neutral,domain-lexicon-v1.1
2304,47806,998778,998778,2026-07-06 00:08:59,ᄋᄃ,neutral,domain-lexicon-v1.1
2304,47806,998898,998898,2026-07-07 11:53:53,근데 왜 다음주에요? 몬파 이미 열려있는거 아닝에요?,neutral,domain-lexicon-v1.1
2304,47829,998522,998522,2026-07-03 07:35:22,4여명에 대해서 좀 고민하고있는데 생각하시는 장점이 있나요?,neutral,domain-lexicon-v1.1
2304,47829,998525,998522,2026-07-03 08:00:01,칠흑보다 싸다는게 장점인듯,neutral,domain-lexicon-v1.1
2304,47829,998526,998522,2026-07-03 08:00:36,칠흑을 바로 가시는게 아니라면 보장보다 스펙도 좋고 가성비도 괜찮아서 안쓸이유가 없어요,neutral,domain-lexicon-v1.1
2304,47829,998527,998522,2026-07-03 08:03:35,@엔장연 보장 가엔링 쓰고 데아 쓰는 7보장 2여명이랑 여명 가엔링에 에스텔라 쓰는 5보장 4여명 비교하면 가성비가 좋나? 싶어져요. 특히 17 18 구간에서 더 애매하다고 생각함,neutral,domain-lexicon-v1.1
2304,47829,998528,998522,2026-07-03 08:05:01,@콩고기 18에 에디 1~2줄 보는 세팅인데 칠흑 보다는 보장이랑 비교해 주셨으면 좋겠네요,neutral,domain-lexicon-v1.1
2304,47829,998529,998522,2026-07-03 08:07:02,@초식쟁이 데아랑 에텔 스펙차이도 심하고 데브는 사실상 메이플 접을때까지 쓸수있는 필수템에 트왈마도 샤레마나 응축 끼실거 아니잖아요 중간템이지만 9만까지 쓰는 폭넓은 템이라서 안쓸 이유가 없습니다,neutral,domain-lexicon-v1.1
2304,47829,998530,998522,2026-07-03 08:09:53,@엔장연 트왈마 데브펜은 9보장이여도 낄 수 있으니까 얘기 안하셔도 될거 같습니다. 제가 애매하게 생각한건 가엔링 여명 변환 비용만큼 18에텔이 18데아보다 쎈가 였습니다.,neutral,domain-lexicon-v1.1
2304,47829,998531,998522,2026-07-03 08:13:34,@초식쟁이 여명 변환비용 1천만 메소인데 17에텔 18데아 동스펙 비교해보세요 17에텔입니다 그리고 트왈마 데브펜 끼고 9보장 하려면 고피아 실블까지 다끼거나 어깨 블랙메탈 껴야되는데 이건 말이 안되죠?,neutral,domain-lexicon-v1.1
2304,47829,998532,998522,2026-07-03 08:16:26,@엔장연 7보장 2여명과 5보장 4여명이니 세트효과는 큰 차이 없습니다. 같은 논리로 4여명에 실블 고피아 낄거 아니니까요 17에텔이 17 데아 차이가 1000만 메소 이상인지를 물어보는겁니다 지금,neutral,domain-lexicon-v1.1
2304,47829,998533,998522,2026-07-03 08:24:59,"@초식쟁이 솔직히 1천만메소 따지시는게 스펙업 생각이 있는건가 쌀먹 얘기인가 싶거든요? 17성 영환 150개급 프악공 떡작기준 주스탯차이 28, 공8 -> 270 챌섭 레테캐릭기준 헥환 100 천만메소로 헥환 100올릴수있는데 안할이유가?",neutral,domain-lexicon-v1.1
2304,47829,998534,998522,2026-07-03 08:30:15,@엔장연 본문 내용 따라 유입 추천용 가성비 세팅 얘기하는거니까 스펙업 생각이 없는게 맞습니다. 사실 데아는 토드가 가능해서 에디에픽 or 윗잠 666을 더 싸게 올릴 수 있으니까 딱 1천만 메소보다는 좀 더 가격차이가 벌어진다고 생각합니다. 에텔 데아 성능차이가 생각보다 중요한 이유가 필수로 바꿔야 하는 부위가 데브 파풀 가엔 트왈 4부위라고 생각하는데 그럼 챌섭 17권은 다 썼고 이후 템세팅이기 때문입니다. 270 챌섭 레테기준 핵환 100이면 토드한 데아 맞추고 다조나 좀 더 사는게 쎄다고 생각되네요,neutral,domain-lexicon-v1.1
2304,47829,998536,998522,2026-07-03 08:44:19,@초식쟁이 혹시 지금 챌섭을 하시는건지가 의문인게 귀걸이 토드를 왜 하는건지 이해가 안되는데요? 이전 챌섭도 아니고 애초에 지금 경매장에 널린게 유/에 여명들이고 매주 검밑솔만 돌아도 메멘토 큐브 좀만 돌려도 한부위 유니크 2줄/에픽 2줄은 쉽게 뽑는 세상입니다. 이런데 굳이 데아가서 나중에 가위값 주고 또 팔아야되는데 데아를 누가 사요? 진짜 말도 안되는 헛소리니까 검밑솔 이상 올릴 생각이 있다면 데아 권장 절대로 하지 마시요,neutral,domain-lexicon-v1.1
2304,47829,998537,998522,2026-07-03 08:50:31,@엔장연 음 제 친구들은 해방만 할거라서요. 템 팔고 접는 친구들도 아니고 한두달 하고 접을겁니다 아마,neutral,domain-lexicon-v1.1
2304,47829,998538,998522,2026-07-03 08:52:13,@초식쟁이 그런거면 걍 패스도 사지말고 로아하러 가라고 하는게 맞습니다 로아는 공짜로 종결 스펙을 준다고 하시죠,neutral,domain-lexicon-v1.1
2304,47829,998539,998522,2026-07-03 08:54:57,@엔장연 패스는 제 친구들이 알아서 하겠죠. 로아 할지 메이플 할지도 마찬가지구요.,neutral,domain-lexicon-v1.1
2304,47829,998540,998522,2026-07-03 09:14:26,@초식쟁이 이미 답을 정해놓고 질문을 하는 이유가? 그리고 왜 데아를 추천 안하는지 위에 다 설명을 해주고 있는데 반박할거면 본인 소신대로 하세요,neutral,domain-lexicon-v1.1
2304,47829,998541,998522,2026-07-03 09:22:34,@Flame 제가 모르는 이유가 있는지 물어본거고 270레테 헥환 100이라는 수치를 보니까 데아가 낫다고 판단한겁니다,neutral,domain-lexicon-v1.1
2304,47829,998542,998522,2026-07-03 09:26:46,@초식쟁이 넌 그럼 그거 껴 왜 정보글에 와서 깝치고 난리야 ᄏᄏ 뭘 비교를해달라 염병하고있어 니친구들한텐 니 생각대로 추천해 그럼,neutral,domain-lexicon-v1.1
2304,47829,998543,998522,2026-07-03 09:28:12,@초식쟁이 챌썹 쳐하는데 토드 거리면서 꺼드럭 거리고있어 줘패고싶게. 니같은 애들때매 정보글 써주는 사람이 사라지는거야. 지가 더 좋게 쓸 자신은 없고 어디서 주워듣고 아는거 꺼드럭대고는싶고,neutral,domain-lexicon-v1.1
2304,47829,998544,998522,2026-07-03 09:31:22,@콩고기 네 화가 잔뜩 나셨군요 패스하겠습니다.,neutral,domain-lexicon-v1.1
2304,47829,998545,998522,2026-07-03 09:32:09,@초식쟁이 그럼 걍 그걸로 하셈 손해보는건 님인데 뭐..,neutral,domain-lexicon-v1.1
2304,47829,998550,998522,2026-07-03 10:31:55,"@초식쟁이 에디에픽이랑 윗잠 666이 쌀거라고 생각하시는건가요? 그돈으로 차라리 샤타 노려서 유잠 , 에잠발라서 챌섭 큐브 돌리는게 더 쌀거같은데..",neutral,domain-lexicon-v1.1
2304,47829,998551,998522,2026-07-03 10:45:06,@Seiya7916 에디 에픽만 토드하면 쌉니다,neutral,domain-lexicon-v1.1
2304,47829,998557,998522,2026-07-03 11:26:15,@초식쟁이 그러면 별은 몇성으로 해서 토드 하시려구요? 0성이면 그냥 사탸때 에스텔라 올리는게 더 쌀거고 최소 18 성이상이면 가격이 나갈거같은데,neutral,domain-lexicon-v1.1
2304,47829,998559,998522,2026-07-03 11:36:47,@초식쟁이 개찐따같네 헥환100이 안크다는게 어이가없음..,neutral,domain-lexicon-v1.1
2304,47829,998561,998522,2026-07-03 11:42:32,@Seiya7916 0성 토드해도 에스텔라랑 큰 차이 없을듯 싶습니다 그냥 에스텔라에 비해 에디 에픽 한장 아끼는 셈이죠,neutral,domain-lexicon-v1.1
2304,47829,998562,998522,2026-07-03 11:45:53,@초식쟁이 그냥 니가 환산사이트 들어가서 두개 비교하는게 빠를거같은데.. 어차피 너 설득해줄사람 없음,neutral,domain-lexicon-v1.1
2304,47829,998564,998522,2026-07-03 12:06:59,@초식쟁이 가엔 파풀 트왈 데브 가면 6보장 3여명인데 셋옵 받을겸 보장 낮추면서 갈수있는게 에스텔라고 뭐 윗잠 유니크 세줄급 살거 아니면 무조건 에스텔라 아닌가요 템 바꾸기 싫다고하면 심볼이나 올리라고 하십쇼 그냥 쌀먹하라고 하던지 ᄏᄏ,negative,domain-lexicon-v1.1
2304,47829,998566,998522,2026-07-03 12:30:36,@초식쟁이 토드할거면 그냥 에스텔라까지 토드하면 되는거 아닌가요,neutral,domain-lexicon-v1.1
2304,47829,998568,998522,2026-07-03 12:35:04,@어쨌든 에스텔라 토드는 오글링을 써야되서 배보다 배꼽이 더 큽니다,neutral,domain-lexicon-v1.1
2304,47829,998569,998522,2026-07-03 12:36:53,@Seiya7916 반대임 유니크 세줄 이상 맞춰서 이칼카 이후 볼거면 에스텔라 이상은 해야하고 아래는 데아든 에스텔라든 큰 차이 없음.,neutral,domain-lexicon-v1.1
2304,47829,998570,998522,2026-07-03 12:42:13,@엔장연 지금 아이템 메이커 찍어보니까 동일작 동일 잠재 걸었는데 보장 가엔 + 18데아 >> 여명 가엔 + 18 에텔 로 바꾸니까 헥환이 떨어지는데 뭘 잘못 건드렸는질 모르겠네요. 혹시 어떻게 세팅했는지 알려주실 수 있나요,neutral,domain-lexicon-v1.1
2304,47829,998575,998522,2026-07-03 13:09:34,@초식쟁이 니 닉네임을 쳐불러봐 니세팅 그대로해서 해보게 어떻게해야 떨어지는지 함 보자,neutral,domain-lexicon-v1.1
2304,47829,998576,998522,2026-07-03 13:09:59,@초식쟁이 닉네임은 또 못부르고 도망가겠지. 템하나하나 다 적어봐. 니 세팅에서 어떻게 그게 떨어질수있는지 원인 분석해준다.,neutral,domain-lexicon-v1.1
2304,47829,998578,998522,2026-07-03 13:11:18,@콩고기 너한테 안물어봤어 그리고 9보장 캐릭터인거 확인했어,neutral,domain-lexicon-v1.1
2304,47829,998579,998522,2026-07-03 13:11:47,@엔장연 확인해보니 9보장 캐릭터였네요,neutral,domain-lexicon-v1.1
2304,47829,998580,998522,2026-07-03 13:18:37,@초식쟁이 ᄏᄏ 확인해준다하니까 호다닥 도망가는거보소 에휴 찐들은 다르네 달라 ᄏᄏ 팁게에서 염병말고 환산이나 가서 하나하나 확인해라 니는,neutral,domain-lexicon-v1.1
2304,47829,998581,998522,2026-07-03 13:20:19,@콩고기 니가 지금까지 단 댓글중에 가장 유익한게 여명이 칠흑보다 싸다인데 뭔 확인을 해줘,neutral,domain-lexicon-v1.1
2304,47829,998583,998522,2026-07-03 13:25:48,"데아 130 샤타포스 기준 18성 기댓값 4.6억 에텔 160 샤타포스 기준 18성 기댓값 8.7억 데아 에디 토드 후 윗잠 에픽 바른 경우 에텔 유니크 에픽과 비교해 윗잠에서 6%, 추업에서 올스텟 2% 정도 차이가 난다고 봤을때 해방 후 전투력 5000만 캐릭터 기준 전투력 66만 정도 차이나는걸로 확인했습니다.",neutral,domain-lexicon-v1.1
2304,47829,998588,998522,2026-07-03 14:32:31,@엔장연 그니까요 ᄏᄏᄏ 데아 토드할바엔 에스텔라까지 토드하지 근데 왜 안하냐면 오글링이 있어야 하니,neutral,domain-lexicon-v1.1
2304,47829,998590,998522,2026-07-03 14:41:35,@어쨌든 무슨 얘기가 하고싶은거죠,neutral,domain-lexicon-v1.1
2304,47829,998592,998522,2026-07-03 14:45:09,"@초식쟁이 저기 제꺼 챌섭 캐릭으로 데아,가엔 7보장2여명과 여가엔,에스텔라 5보장4여명 환산 아이템메이커 돌려봤어요 공통으로 들어가는 아이템 성배, 골클벨, 도미네이터, 파풀마, 웬투스, 트왈마, 데브펜은 전부 추옵,작,잠재없는 아예 쌩 깡통이고 무기는 도전자 무기 최종으로 비교 18성 토드데아 윗잠666 에디에픽2줄 추옵 작 X, 18성 가엔링 윗잠15퍼 에디에픽2줄 작X 17성 에스텔라 윗잠15퍼 에디에픽2줄 추옵 작 X, 18성 여가엔 윗잠15퍼 에디에픽2줄 작X 7보장 2여명 환산투력 1805만651 380기준 템환19800 5보장 4여명 환산투력 1812만2840 380기준 템환19862 그리고 에스텔라 샤타기준 17성 기댓값 4.6억",neutral,domain-lexicon-v1.1
2304,47829,998593,998522,2026-07-03 14:47:46,@어쨌든 그럼 666 토드템 가격과 유잠 가격의 차이가 관건이겠군요,neutral,domain-lexicon-v1.1
2304,47829,998594,998522,2026-07-03 14:48:24,@초식쟁이 유잠 가격 : 3000코인,neutral,domain-lexicon-v1.1
2304,47829,998595,998522,2026-07-03 14:51:27,@어쨌든 단순 3000코인이 아닙니다. 유잠은 장수 제한이 있으니 모든 아이템을 유잠으로 만들 수 없습니다.,neutral,domain-lexicon-v1.1
2304,47829,998596,998522,2026-07-03 14:58:35,@초식쟁이 강화의 화요일 상자에서 주는 유잠 실버큐브 에픽>유니크 1.1158% 기댓값 84개 / 챌린저스 코인샵 실버큐브 총 500개 돌리는 비용 기댓값기준 4300만메소,neutral,domain-lexicon-v1.1
2304,47829,998597,998522,2026-07-03 14:58:48,@어쨌든 18성 데아 윗잠 15퍼 에디에픽 2줄 추옵 100 작x 17성 에스텔라 윗잠 15퍼 에디에픽 2줄 추옵 120 작x 가엔링은 스펙 동일하게 여명만 붙여서 돌리시면 데아가 딱 에디 에픽 잠재 1장을 세이브 한게 됩니다. 토드 비용인 1000만 메소 정도이고 이외에는 동일하겠네요,neutral,domain-lexicon-v1.1
2304,47829,998598,998522,2026-07-03 15:00:39,@어쨌든 실버 큐브 기댓값 84개를 쓰시겠다는 말은 챌섭 코인 4000개로 등업만 한다는 뜻인건 알고계신거죠?,neutral,domain-lexicon-v1.1
2304,47829,998601,998522,2026-07-03 15:14:48,"@초식쟁이 그냥 위에서 언급한 아이템 적용 7보장2여명, 5보장4여명 단순 비교를 위해 말 하는것이지 이외의 효율을 따지진 않았는데요. 그랬으면 도미빼고 매커, 성배빼고 영생의돌, 파풀마빼고 아쿠아틱, 도전자 무기 빼고 초보 궁수의 활 넣었지",neutral,domain-lexicon-v1.1
2304,47829,998610,998522,2026-07-03 15:47:24,@어쨌든 무슨 템을 넣든 보장셋이면 양쪽 동일하게 적용이잖아요 7보장2여명 vs 5보장 4여명 비교인데 양쪽에 공통되는 템을 바꾸겠다는건 무슨 의도인지 모르겠네요,neutral,domain-lexicon-v1.1
2304,47829,998615,998522,2026-07-03 16:13:19,"@초식쟁이 7보장2여명, 5보장4여명 / 666토드템과 유잠 가격 두 가지 비교를 말씀하셨죠? 토드템은 얼만진 모르겠지만 유잠은 공짜로 얻는 코인으로 사고, 강화의 화요일 상자에서 공짜로 주는 유잠, 챌섭 미션을 클리어 하면 얻는 코인으로 실버큐브 사서 등업하기는 유잠 살 메소를 대체할 수 있다는 수단을 말 한거지 유잠 장수제한, 챌섭 코인 4000개로 등업한다는 뜻과 같은 제한된 상황과 조건을 걸었을 때의 효율을 따져서 비교하지는 않았는데요. 모든 아이템을 유잠으로 만들 수 없다뇨 저는 딱 비교대상에 있는 아이템만 가지고 비교했는데. 코인샵에 4장있고 출석에 1장있던데 비교대상에 있는 유니크잠재 바르기에는충분하지 않나요? 그리고 제가 비교대상에 없는 아이템을 유니크로 만들어야 한다고 언급했나요? 애초에 처음엔 제한된 상황과 조건을 걸지도 않고 비교를 하셨는데 이제 와서 상황을 더 추가해서 비교 하는 이유가 궁금하네요.",neutral,domain-lexicon-v1.1
2304,47829,998616,998522,2026-07-03 16:17:09,@어쨌든 그야 이 전체 댓글이 달린 정보글 자체가 챌섭 뉴비 친구 템 세팅해주는 글이니까... 설명 듣고싶지도 않은 것 같은데 뭔 화요일 몬파상자 유잠 같은 소리하지 말고 사냥이나 해,neutral,domain-lexicon-v1.1
2304,47829,998621,998522,2026-07-03 16:53:19,@초식쟁이 뉴비한테 유잠이 필요하면 강화의 화요일 상자에서 주는 유잠이 제일 좋은거 아닌가요? ᄏᄏᄏᄏᄏᄏᄏᄏᄏᄏᄏᄏᄏᄏ 공짜로 주잖아요 ᄏᄏᄏᄏᄏᄏᄏᄏᄏᄏᄏᄏᄏᄏᄏᄏᄏᄏ,neutral,domain-lexicon-v1.1
2304,47829,998622,998522,2026-07-03 16:54:03,@어쨌든 그래 유잠 많이 먹어서 템세팅 해라,neutral,domain-lexicon-v1.1
2304,47829,998629,998522,2026-07-03 17:35:18,@초식쟁이 아 네네 전 18성 666/에픽2줄 데아보다 환산 더 쎄게 나올 수 있고 공짜로 유니크잠재 먹어서 17성 에스텔라 유니크15퍼/에픽2줄로 세팅할게요. 이거보다 환산 약하게 나오는 18성 666/에픽2줄 토드데아 사용하고 정신승리 하면서 사십쇼,neutral,domain-lexicon-v1.1
2304,47829,998630,998522,2026-07-03 17:36:29,@어쨌든 어휴,neutral,domain-lexicon-v1.1
2304,47829,998632,998522,2026-07-03 17:58:12,@초식쟁이 ᄏᄏᄏᄏᄏᄏᄏᄏᄏᄏᄏᄏᄏᄏᄏᄏᄏᄏᄏᄏᄏᄏᄏᄏᄏᄏᄏᄏᄏᄏᄏᄏᄏᄏᄏᄏᄏᄏᄏᄏᄏᄏᄏᄏᄏᄏᄏᄏᄏᄏᄏᄏᄏᄏᄏᄏᄏᄏᄏᄏᄏᄏᄏᄏᄏᄏᄏᄏᄏᄏᄏᄏᄏᄏᄏᄏᄏᄏᄏᄏᄏᄏᄏᄏᄏᄏᄏᄏᄏᄏᄏᄏᄏᄏᄏᄏᄏᄏᄏᄏᄏᄏᄏᄏᄏᄏᄏᄏᄏᄏᄏᄏᄏᄏᄏᄏᄏᄏᄏᄏᄏᄏᄏᄏᄏᄏᄏᄏᄏᄏᄏᄏᄏᄏᄏᄏᄏᄏᄏᄏᄏᄏᄏᄏᄏᄏᄏᄏᄏᄏᄏᄏᄏᄏᄏᄏᄏᄏᄏᄏᄏᄏᄏᄏᄏᄏᄏᄏᄏᄏᄏᄏᄏᄏᄏᄏᄏᄏᄏᄏᄏᄏᄏᄏᄏᄏᄏᄏᄏᄏᄏᄏᄏᄏᄏᄏᄏᄏᄏᄏᄏᄏᄏᄏᄏᄏᄏᄏᄏᄏᄏᄏᄏᄏᄏᄏᄏᄏᄏᄏᄏᄏᄏᄏᄏᄏᄏᄏᄏᄏᄏᄏᄏᄏᄏᄏᄏᄏᄏᄏᄏᄏᄏᄏᄏᄏᄏᄏᄏᄏᄏᄏᄏᄏᄏᄏᄏᄏᄏᄏᄏᄏᄏᄏᄏᄏᄏᄏᄏᄏᄏᄏᄏᄏᄏᄏᄏᄏᄏᄏᄏᄏᄏᄏᄏᄏᄏᄏᄏᄏᄏᄏᄏᄏᄏᄏᄏᄏᄏᄏᄏᄏᄏᄏᄏᄏᄏᄏᄏᄏᄏᄏᄏᄏᄏᄏᄏᄏᄏᄏᄏᄏᄏᄏᄏᄏᄏᄏᄏᄏᄏᄏᄏᄏᄏᄏᄏᄏᄏᄏᄏᄏᄏᄏᄏᄏᄏᄏᄏᄏᄏᄏᄏᄏᄏᄏᄏᄏᄏᄏᄏᄏᄏᄏᄏᄏᄏᄏᄏᄏᄏᄏᄏᄏᄏᄏᄏᄏᄏᄏᄏᄏᄏᄏᄏᄏᄏᄏᄏᄏᄏᄏᄏᄏᄏᄏᄏᄏᄏᄏᄏᄏᄏᄏᄏᄏᄏᄏᄏᄏᄏᄏᄏᄏᄏᄏᄏᄏᄏᄏᄏᄏᄏᄏᄏᄏᄏᄏᄏᄏᄏᄏᄏᄏᄏᄏᄏᄏᄏᄏᄏᄏᄏᄏᄏᄏᄏᄏᄏᄏᄏᄏᄏᄏᄏᄏᄏᄏᄏᄏᄏᄏᄏᄏᄏᄏᄏᄏᄏᄏᄏᄏᄏᄏᄏᄏᄏᄏᄏᄏᄏᄏᄏᄏᄏᄏᄏᄏᄏᄏᄏᄏᄏᄏ,neutral,domain-lexicon-v1.1
2304,47829,998636,998522,2026-07-03 18:38:29,@어쨌든 오 접속하자마자 너 생각나서 몬파상자 까서 보탄나옴... 이거 유잠이 농담이 아닐수도....,neutral,domain-lexicon-v1.1
2304,47829,999056,998522,2026-07-09 12:58:04,좆거지같은년아 보스 한마리 결정석 차이로 개지랄을 씨발 템 팔려해도 보장 18성 잘도 팔리겠다 니나쳐써 보장,neutral,domain-lexicon-v1.1
2304,47829,999057,998522,2026-07-09 12:58:56,@익명의사람 뭔데 갑자기,neutral,domain-lexicon-v1.1
2304,47829,999266,998522,2026-07-12 08:13:00,@초식쟁이 메이플 안하지? 토드 이러고있네 3년전에나 유행하던걸로 아는척하네.. 메이플 할 줄 모르면 사람들 말이나 좀 들어라 하지말라는데 무식한거 티내지 말고 좀 받아들여 멍청하면,neutral,domain-lexicon-v1.1
2304,47829,999301,998522,2026-07-13 12:33:59,@초식쟁이 와.. 근데 아무리 효율좋게 쓰는게 좋다지만 이정도까지 따지면서 쓰나여?,positive,domain-lexicon-v1.1
2304,47829,999302,998522,2026-07-13 12:37:38,@심리분석가 3~4억씩 차이가 나니까 베이스 없는 친구들 최대한 효율적으로 짜주는거죠,neutral,domain-lexicon-v1.1
2304,47829,998523,998523,2026-07-03 07:56:59,이거보고 윗잠 방무곱하기3 해서 방방방으로 맞췄습니다. 감사합니다.,positive,domain-lexicon-v1.1
2304,47829,998524,998524,2026-07-03 07:59:49,레테칭호 ᄋᄃ,neutral,domain-lexicon-v1.1
2304,47829,998535,998535,2026-07-03 08:37:50,개추,neutral,domain-lexicon-v1.1
2304,47829,998546,998546,2026-07-03 09:42:25,감사합니다,positive,domain-lexicon-v1.1
2304,47829,998554,998554,2026-07-03 11:12:47,감사합니다,positive,domain-lexicon-v1.1
2304,47829,998556,998556,2026-07-03 11:24:58,창우씨 할아버지께서는 얼마나 운이 좋으셨길래,neutral,domain-lexicon-v1.1
2304,47829,998560,998560,2026-07-03 11:37:23,레테아니여두 레테 칭호 가넝,neutral,domain-lexicon-v1.1
2304,47829,998688,998688,2026-07-04 17:19:32,굳,neutral,domain-lexicon-v1.1
2304,47829,998734,998734,2026-07-05 10:33:46,위에 쟤들 대체 뭐냐,neutral,domain-lexicon-v1.1
2304,47829,998803,998803,2026-07-06 12:20:11,여명변환비용 천만원 아까워하는 사람이 666토드는 쉽게말하네...ᄏᄏᄏᄏᄏ,neutral,domain-lexicon-v1.1
2304,47829,998880,998880,2026-07-07 09:40:45,페어리 -> 플라즈마 작도 전승 되던데여?,neutral,domain-lexicon-v1.1
2304,47829,999086,999086,2026-07-09 23:03:47,위에 머임,neutral,domain-lexicon-v1.1
2304,47829,999224,999224,2026-07-11 14:57:47,ᄋᄃ,neutral,domain-lexicon-v1.1
2304,47832,998584,998584,2026-07-03 13:34:18,미트라 저게 80억이구나 비싸지기전에 예약구매하신건가,neutral,domain-lexicon-v1.1
2304,47832,998586,998584,2026-07-03 13:44:15,네 경매장 통합 보자마자 예약 했어요,neutral,domain-lexicon-v1.1
2304,47832,998617,998584,2026-07-03 16:25:37,@Flame 예약구매는 어케하는건가요? 챌섭 열리기전에 본섭에서 사두고 수령은 챌섭에서 하는 걸까요?,neutral,domain-lexicon-v1.1
2304,47832,998618,998584,2026-07-03 16:43:26,@카이사조하 아녀 그냥 템 내려달라고 했어요 바로 오픈하자마자 사겠다고 예약금은 따로 안드렸는데 이제와서 생각해보니 원래는 드리는게 맞다 생각이 드네요..판매자분들이 천사였던걸로 본섭 구매 아이템은 챌섭 수령이 불가능합니다,neutral,domain-lexicon-v1.1
2304,47832,998587,998587,2026-07-03 13:57:15,무기 잠재 제외하더라도 딱 정석적인 세팅이네. 추천,neutral,domain-lexicon-v1.1
2304,47832,998600,998587,2026-07-03 15:13:30,무기 날먹이 좀 크긴 했어요.. 4번째 해방인데 처음입니다. 아마 렙뻥을 무시할 수 있을 정도의 차이같네요,neutral,domain-lexicon-v1.1
2304,47832,998612,998612,2026-07-03 15:57:02,비틱글이네,neutral,domain-lexicon-v1.1
2304,47832,998626,998626,2026-07-03 17:12:47,아 에슝좍이구나,neutral,domain-lexicon-v1.1
2304,47832,998627,998626,2026-07-03 17:16:06,"에오스 기준 시세긴 한데, 조만간 본섭 시세로 싹 조사해서 작성해보려고요",neutral,domain-lexicon-v1.1
2304,47832,998631,998631,2026-07-03 17:56:10,"예약구매., 판매자개불쌍하네 냅둿음 두배인데",neutral,domain-lexicon-v1.1
2304,47832,998639,998639,2026-07-03 21:32:00,엄청 저렴하게 맞췄네,neutral,domain-lexicon-v1.1
2304,47832,998686,998686,2026-07-04 17:19:14,이정도가 115퍼 나오는데 10추글 댓글은 무슨 호들갑메들갑 다 떨어놨네,neutral,domain-lexicon-v1.1
2304,47832,998722,998722,2026-07-05 03:44:15,걍 무보엠이 떡벽인데 이렇게 맞추면 하메 못 잡는게 이상한듯,neutral,domain-lexicon-v1.1
2304,47832,998743,998743,2026-07-05 15:35:22,겁나 해비하넹,neutral,domain-lexicon-v1.1
2304,47832,998813,998813,2026-07-06 14:03:02,ᄋᄃ,neutral,domain-lexicon-v1.1
2304,47836,998644,998644,2026-07-03 22:52:41,"여명 두개를 빠트리는 찐빠가 있었는데, 두개 합해서 40억이라 총 600억으로 봐주시면 될 것 같습니다..",neutral,domain-lexicon-v1.1
2304,47836,998646,998646,2026-07-04 00:25:25,감사합니다 참고할게여!!,positive,domain-lexicon-v1.1
2304,47836,998648,998646,2026-07-04 00:51:55,화이팅입니다! 궁금한거 있으시면 언제든 댓 주세요,neutral,domain-lexicon-v1.1
2304,47836,998647,998647,2026-07-04 00:51:49,전투력 몇정도 나와요?,neutral,domain-lexicon-v1.1
2304,47836,998649,998647,2026-07-04 00:52:11,투력은 1억 1700만정도 나옵니다!,neutral,domain-lexicon-v1.1
2304,47836,998655,998655,2026-07-04 03:19:28,감사합니다,positive,domain-lexicon-v1.1
2304,47836,998656,998656,2026-07-04 04:50:25,저정도 맞춰야 최소컷ᅲᅲ,neutral,domain-lexicon-v1.1
2304,47836,998666,998656,2026-07-04 11:55:11,"사실 엠블에 좀 과투자고, 칠흑이 미래지향적인 템이라 당장에 더 센 보장이나 무교, 하다못해 트왈마같은 여명쪽으로만 가도 더 싸게 가능할 것 같습니다",neutral,domain-lexicon-v1.1
2304,47836,998674,998656,2026-07-04 16:39:30,@분홍색콧털 감가 생각하면 칠흑이 훨씬 싸고 셉니다 트왈마 파풀마 지금 ᄅᄋ 눈 먼 가격이라 감가 70퍼는 먹을듯 ᄏᄏᄏᄏ,neutral,domain-lexicon-v1.1
2304,47836,998665,998665,2026-07-04 11:33:53,나랑 2천차이인데 최소컷이구나 금방이넹,neutral,domain-lexicon-v1.1
2304,47836,998711,998711,2026-07-04 22:54:26,닉넴 뭐에요? 검색비교하고싶어서,neutral,domain-lexicon-v1.1
2304,47836,998723,998723,2026-07-05 03:47:17,나랑 5천 차이가 나는 이유 거공 루컨 마깃 미트라 진투복에서 300억이네 빡세긴하다,neutral,domain-lexicon-v1.1
2304,47836,998746,998746,2026-07-05 16:45:48,지금은 따라하기 좀 빡세보입니다 루컨마 17성 73억 (유에노작 49억) 마깃안 17성 100억 (유에노작 없음) 거공 18성 150억 (레에노작 134억) 엄청싸게 사신것같고 잠재만 똑같이해서 17주문서해도 님이 사신거보다 지금 너무비싸요 ..,neutral,domain-lexicon-v1.1
2304,47836,998807,998746,2026-07-06 13:30:51,완작으로 보면 비싼게 맞고 방금 기준으로 봤을때 마깃 24퍼 66억 루컨 24퍼 43억 거공 30퍼 124억 (27퍼 97억) 정도네요. 조금 비싸지긴 했는데 반직작하면 조금 저렴하게 가능합니다.,neutral,domain-lexicon-v1.1
2304,47836,999240,998746,2026-07-11 21:54:34,@분홍색콧털 지금 80억 정도있고 사냥 메제+채집 하고 돈벌고있어요 현재 보조유에(마15방무18) 똥블유유(마18인18) 이렇게인데 아직 해방은 안되있는상태입니다 글보고 마깃 루컨만 윗잠만 어떻게 구해와서 17성 주문서 2장(출석으로2장) 먼저하고 거공은 포기 (가엔링 18 프악공 유에15마2줄 장착) [5보장] 에스텔라데브 18유에+ [2여명] 마깃루컨+싸게미트라 어떻게 구해서 [3칠흑] 이렇게 빌드 짜는건 괜찮을까요? (해방무기제외 카레잠 1보유) 이렇게 하면 돈이 살짝 부족할것같은데 레유나 레에로 가성비 직작같은느낌으로 하면 하드메이린 잡을수있을지 궁금합니다,negative,domain-lexicon-v1.1
2304,47836,999248,998746,2026-07-11 22:47:52,추가로 벨트랑 도미도 아직 기본지급아이템이고 하트는 18유에 정옵 각2줄씩 입니다 칠흑 세트 2~3을 가야할지 그냥 돈없으니까 보엠에 좀더 투자를하고 나머지는 4여명으로 가성비 직작류로 가는게 좋을까요?..,neutral,domain-lexicon-v1.1
2304,47836,998775,998775,2026-07-05 23:52:28,혹시 템 맞춘게 언제이신가요?,neutral,domain-lexicon-v1.1
2304,47836,998776,998775,2026-07-05 23:52:57,오늘 템좀 샀는데 가격 보니까 제가 한 2배는 주고 산 거 같아서용..,neutral,domain-lexicon-v1.1
2304,47836,998777,998775,2026-07-05 23:54:57,저도 인트긴 한데 다시 생각해보니 저는 18성 + 잠재 유니크3줄 + 에디에픽 마력2줄로 사긴 했어요,neutral,domain-lexicon-v1.1
2304,47836,998808,998775,2026-07-06 13:31:21,@명조 원래 완작이 조금 비싸긴 합니다. 아끼고싶으면 사실 반직작을 노리는게 훨씬 저렴하긴 할거에요.,neutral,domain-lexicon-v1.1
2304,47836,998795,998795,2026-07-06 10:23:49,최소 2칠흑은 맞춰야하는건가요? ᅲᅲ,neutral,domain-lexicon-v1.1
2304,47836,998809,998795,2026-07-06 13:31:43,아뇨 칠흑없이도 충분히 가능합니다. 다만 칠흑이 조금 미래지향적인 템셋이라 저는 이쪽으로 맞췄어요.,neutral,domain-lexicon-v1.1
2304,47836,998886,998886,2026-07-07 10:32:26,형님 메린이 뉴비인데 챌달고싶습니다. 제 템셋은 아래와같은데 현재 목표는 플라즈마하트. 에스텔라이어링 을 18성까지 올려주고 피도미를 18성 유에 도미로 올려주는거까진 생각중입니다... 그렇게 됬을때 저 템셋으로 메린이도 하메 여유컷낼수있을까요?,neutral,domain-lexicon-v1.1
2304,47836,998887,998886,2026-07-07 10:33:08,템셋 작성하신거에 칠흑이있어서... 칠흑까진 아직 생각안해본 뉴비라 투자를 더 해야하나요,neutral,domain-lexicon-v1.1
2304,47836,998897,998897,2026-07-07 11:43:07,프펫마작하신건가,neutral,domain-lexicon-v1.1
2304,47836,998910,998910,2026-07-07 14:07:31,차피 도전자 22성도있고 스펙업할 요소 많으니까 급한거 아니면 투자 많이 안해도 됩니다 지금 템 너무 비싼데 여유있게 해보도록해요,neutral,domain-lexicon-v1.1
2304,47836,998917,998917,2026-07-07 15:29:43,이정도해야 102퍼인거면 진짜 웬만하면 못잡는게 맞네 ᄏᄏ 뭐만하면 다 잡는다길래 그정도인가햇는데,neutral,domain-lexicon-v1.1
2304,47836,999133,998917,2026-07-10 17:12:05,애초에 3개월내로만 잡으면되는거라 저거보다 조건이 훨씬널널함,neutral,domain-lexicon-v1.1
2304,47836,998984,998984,2026-07-08 12:22:02,선생님 진 전투복이 꽤 영향이 클까요?? 깬 분들 10추글 보면 전부 진 전투복 끼시네요 ᅲᅲ,neutral,domain-lexicon-v1.1
2304,47836,999060,999060,2026-07-09 13:43:52,이정도면 좀 변형해서 뉴비들도 할만하겠네 엠블렘 쪼끔 좋은거 말곤 무보도 애매하고 17성들이라 여명보장 18성 둘둘에 아버 더 받고 보약 더 찍고 헥사 찍고 하다보면 시간 좀 걸리면 할만하겠네,neutral,domain-lexicon-v1.1
2304,47836,999063,999063,2026-07-09 14:24:10,이거보면 생각보다 천천히 하면 뉴비들도 할만한거 맞는데 이악물고 어렵다고 깽판치는 놈들이 있어...,neutral,domain-lexicon-v1.1
2304,47837,998650,998650,2026-07-04 01:02:03,ᄋᄃ,neutral,domain-lexicon-v1.1
2304,47837,998653,998653,2026-07-04 01:45:32,ᄋᄃ,neutral,domain-lexicon-v1.1
2304,47837,998654,998654,2026-07-04 02:26:43,ᄋᄃ,neutral,domain-lexicon-v1.1
2304,47837,998660,998660,2026-07-04 08:49:22,ᄋᄃ,neutral,domain-lexicon-v1.1
2304,47837,998663,998663,2026-07-04 09:28:05,ᄋᄃ,neutral,domain-lexicon-v1.1
2304,47837,998668,998668,2026-07-04 14:39:45,본섭으로 리프하면 유니온이나 링크로 인해 투력이 더 올라가나요?,neutral,domain-lexicon-v1.1
2304,47837,998699,998668,2026-07-04 20:59:51,네 본섭 내실 탄탄하면 결국 본섭 내실이 챌섭 버프는 가볍게 씹어먹습니다 유챔까지 넣으면 더더욱 차이나고요,neutral,domain-lexicon-v1.1
2304,47837,999045,998668,2026-07-09 10:57:14,@Flame 챌섭버프가 본섭내실 어느정도인지 여쭤봐도 될까요?,neutral,domain-lexicon-v1.1
2304,47837,999059,998668,2026-07-09 13:09:25,"@로이스삽니다 예상으로는 유뇬 8천에 아티펙트 4개정도, 풀링크? 보다도 못할거같아요 제 내실하고 챌섭 내실만 비교해도 차이가 상당해서요",neutral,domain-lexicon-v1.1
2304,47837,999066,998668,2026-07-09 14:31:45,@Flame 아 그래요?? 딱 이정도가 본캐내실인데 그럼 리프걱정은 안해도되겠군요. 감사합니다,positive,domain-lexicon-v1.1
2304,47837,998670,998670,2026-07-04 15:16:18,ᄋᄃ,neutral,domain-lexicon-v1.1
2304,47837,998671,998671,2026-07-04 16:00:07,장비사는게 좋나요 직작하는게 좋나요??,neutral,domain-lexicon-v1.1
2304,47837,998700,998671,2026-07-04 21:00:03,이걸 물어볼 수준의 메린이라면 사먹으세요,neutral,domain-lexicon-v1.1
2304,47837,998675,998675,2026-07-04 16:46:39,ᄋᄃ,neutral,domain-lexicon-v1.1
2304,47837,998812,998812,2026-07-06 13:57:36,ᄋᄃ,neutral,domain-lexicon-v1.1
2304,47837,998842,998842,2026-07-06 18:27:59,감사합니다!,positive,domain-lexicon-v1.1
2304,47837,999043,999043,2026-07-09 10:39:42,ᄋᄃ,neutral,domain-lexicon-v1.1
2304,47837,999049,999049,2026-07-09 11:31:08,ᄋᄃ,neutral,domain-lexicon-v1.1
2304,47837,999084,999084,2026-07-09 21:14:17,ᄋᄃ,neutral,domain-lexicon-v1.1
2304,47837,999319,999319,2026-07-14 02:56:01,ᄋᄃ,neutral,domain-lexicon-v1.1
2304,47837,999397,999397,2026-07-15 13:40:09,ᄋᄃ,neutral,domain-lexicon-v1.1
2304,47837,999398,999398,2026-07-15 13:44:41,오 이거 진짜 좋다 젤 싸게 맞춰놨다가 다음 챌섭캐한테 물려주고 지금 키우는건 하나씩 스펙업 해야겠네,positive,domain-lexicon-v1.1
2304,47837,999403,999403,2026-07-15 14:24:55,개추,neutral,domain-lexicon-v1.1
2304,47837,999471,999471,2026-07-16 11:01:08,ᄋᄃ,neutral,domain-lexicon-v1.1
2304,47837,999546,999546,2026-07-17 02:00:21,상하모견 5에테 장신망 4아케인은 어떤가요,neutral,domain-lexicon-v1.1
2304,47854,998759,998759,2026-07-05 21:01:32,"잘쓰고있어요 준극, 2분 시퀀스 모드도 추가해주세요!",neutral,domain-lexicon-v1.1
2304,47854,998764,998764,2026-07-05 22:16:28,너무 잘쓰고 있습니다 감사합니다 GOAT,positive,domain-lexicon-v1.1
2304,47854,998770,998764,2026-07-05 22:32:11,@김채원 네. 버프정렬도 키셔야해요. 간혹가다 버프즐겨찾기에 넣고 저프즐겨찾기 칸을 그대로 우상단에 놓으시는분이 있는데 그러면 못찾습니당.,neutral,domain-lexicon-v1.1
2304,47854,998768,998768,2026-07-05 22:18:10,항상 감사드립니다 재획의 질이 달라졌습니다,positive,domain-lexicon-v1.1
2304,47854,998779,998779,2026-07-06 00:19:45,ᄋᄃ,neutral,domain-lexicon-v1.1
2304,47854,998783,998783,2026-07-06 02:08:52,"매번 잘 쓰고 있습니다. 피드백에도 글 남겼지만, 가능하다면 메모리 최적화도 개선해 주시면 감사하겠습니다. 다양한 로직으로 기능적인 측면은 많이 개선된 것이 느껴지지만, 메모리 사용량이 야누스 감지만 틀어도 최소 1GB, 기능을 두어 개 정도 더 추가할 경우 1.8GB에 육박해 부담이 됩니다.",positive,domain-lexicon-v1.1
2304,47854,998784,998783,2026-07-06 02:26:02,지금 최적화 작업중입니다. 감사합니다,positive,domain-lexicon-v1.1
2304,47854,998826,998783,2026-07-06 16:11:08,오늘 여러부분 최적화하고 뜯어고쳤는데 어떠신지 함전 사용해보고 말씀해주세요.,neutral,domain-lexicon-v1.1
2304,47854,998913,998783,2026-07-07 14:52:56,"@도타하고십어 1GB내외로 유지되는 것 같습니다. 빠른 피드백 감사합니다. 추가로 사냥 멈춤 알림 대안 로직도 만들어주실 수 있으실까요? 기존 야누스 남은 시간 기준 로직으로 야누스 설치 후 일정 시간이 경과하면 별도의 알림이 한 번 울리는 방식이 어떨지 여쭙습니다. 필요하다면 사용자가 알림 시간을 세부 조절해 맞춤형 알림이 될 수 있다면 좋을 것 같습니다. 기존 ‘경험치 인식’은 젠 밀림이 불가피하고, ‘쿨타임 인식’도 야누스를 재설치하거나, 뭔가 잠깐 다른 일을 해야할 때 알림이 계속 울리는 부분, 그리고 멈춤 기준을 5초 이하로 설정하면 허수 알림에 취약해져서 실효성이 아쉽습니다. 알림을 듣지 않기 위해서라도 불필요하게 스킬 쿨을 지속적으로 돌려야 하는 불편함도 있습니다. 개인 의견이라 수요가 있을지는 모르겠지만, 아래 댓글에 '방향키 누르면 1분 지나고 알람 울리는 기능' 문의주신 분이 계신 걸 봐서 같은 생각을 하시는 분이 계시는 것 같아 문의 남깁니다.",mixed,domain-lexicon-v1.1
2304,47854,999089,998783,2026-07-10 02:17:30,"@유돈돈 사냥 멈춤 알림은 좀 생각을 해봐야할것같아요. 결국 핵심은 사진 한장만 보고 판단을 내릴 수 있느냐 인데, 명확하게 할 수 있는지금 보다 나은 방법이 마땅히 떠오르지가 않네요. ᅲᅲ 결국 스킬이 안나가는 기준이 모든 직업에 동일하게 ""같은 스킬을 꾹 누를 때 N초뒤에는 안나간다""가 아니라 속사기는 좀 더 빠르게, 쿨이 있는 스킬들은 좀 더 긴 시간까지는 동꼽이 가능하다보니까 이렇다할 로직을 세우기가 어렵더라구요.",neutral,domain-lexicon-v1.1
2304,47854,998786,998786,2026-07-06 08:01:41,예인 문의드렸었는데 감사합니다아아,positive,domain-lexicon-v1.1
2304,47854,998787,998787,2026-07-06 08:26:58,"최근 알게되어 잘쓰고있습니다! 하단바 윈도우 알탭 먹통 되었을때, 작업관리자 > window 파일 탐색기 다시시작 하시면 풀립니다. 가끔 배경화면 흰색 될 때 있는데, 재부팅 하십셩 ...",neutral,domain-lexicon-v1.1
2304,47854,998801,998801,2026-07-06 11:34:06,ᄋᄃ,neutral,domain-lexicon-v1.1
2304,47854,998827,998827,2026-07-06 16:12:43,넌개추다,neutral,domain-lexicon-v1.1
2304,47854,998839,998839,2026-07-06 18:00:15,화공중에 윈도우키 먹통되는 현상은 해결이 가능하나요,neutral,domain-lexicon-v1.1
2304,47854,998840,998839,2026-07-06 18:01:53,윈10 문제라 근본적인 해결은 윈도우 11로 업그레이드입니다,negative,domain-lexicon-v1.1
2304,47854,998841,998839,2026-07-06 18:03:23,@도타하고십어 그렇군요 ᅲᅲ답변감사합니다,positive,domain-lexicon-v1.1
2304,47854,999024,998839,2026-07-09 00:57:07,@밤의아린 재획 끝나고 작업관리자에서 윈도우탐색기 다시시작하면 해결되긴합니다,neutral,domain-lexicon-v1.1
2304,47854,999028,998839,2026-07-09 02:33:01,@아홉손가락 그거알긴아는데 그자체도 렉 심하기도하고 멀티윈도우스크린으로 몰컴해야하는데 그 윈키가 막혀서 그게문제임,negative,domain-lexicon-v1.1
2304,47854,998882,998882,2026-07-07 09:52:54,이런거 쓰다가 정지당하고 징징거리지 ᄏᄏ,neutral,domain-lexicon-v1.1
2304,47854,998895,998882,2026-07-07 11:22:34,꾸준하네 ᄏ,neutral,domain-lexicon-v1.1
2304,47854,998900,998900,2026-07-07 12:58:40,방향키 누르면 1분 지나고 알람 울리는 기능도 있나요?,neutral,domain-lexicon-v1.1
2304,47854,998901,998900,2026-07-07 13:22:06,그거는 어려울것 같아요. 사진 한장만보고 방향키를 눌렀는지 안눌렀는지는 파악하기가 너무 어려워요,neutral,domain-lexicon-v1.1
2304,47854,998905,998900,2026-07-07 13:41:27,@도타하고십어 아쉽네요 답변 감사합니다!,mixed,domain-lexicon-v1.1
2304,47854,998906,998900,2026-07-07 13:42:14,"@Oooo00 대안이 될지 모르겠는데, 그거는 하단 일반타이머에 자동 재시작 기능사용하셔야 할거같습니다.",neutral,domain-lexicon-v1.1
2304,47854,998908,998900,2026-07-07 13:47:05,@도타하고십어 네 오늘 사용해보겠습니다 감사합니다!,positive,domain-lexicon-v1.1
2304,47854,999219,999219,2026-07-11 14:08:41,잘 쓰고 있습니다 보유 솔에르다 max 기능 알림 건의 드립니다 !!,neutral,domain-lexicon-v1.1
2304,47858,998802,998802,2026-07-06 11:48:42,이건꿀팁인데? 근데 나 장갑 쓰고 팔생각이었는데 팔고 나서올려주면 안돼?,neutral,domain-lexicon-v1.1
2304,47858,998804,998804,2026-07-06 12:50:03,오 이건 진짜 꿀팁인데 장갑하면 8에테 가는거라 200렙 18성 주문서 쓸데 없어졌는데 어차피 맞출 상하의 중에 에테 하나 가두고 장신망 나중에 아케인 가는거 좋네요,neutral,domain-lexicon-v1.1
2304,47858,998806,998806,2026-07-06 13:12:54,꿀팁 ᄋᄌ합니다 어차피 에테 모상하 갈려고 했는데,neutral,domain-lexicon-v1.1
2304,47858,998810,998810,2026-07-06 13:33:00,크주 ᄋᄃ,neutral,domain-lexicon-v1.1
2304,47858,998811,998811,2026-07-06 13:37:58,크뎀이 낫지그래도,neutral,domain-lexicon-v1.1
2304,47858,998814,998814,2026-07-06 14:20:23,깡통 도미 파편작은 어떻게해야하나요? 프텍사서해야하나요?,neutral,domain-lexicon-v1.1
2304,47858,998815,998814,2026-07-06 14:23:56,프텍이제 필없음,neutral,domain-lexicon-v1.1
2304,47858,998816,998814,2026-07-06 14:24:18,@므듀 진짜요? 감사합니다,positive,domain-lexicon-v1.1
2304,47858,998820,998820,2026-07-06 14:39:50,이건 나중에 상하모를 에테로 간다고 고정박을 시 고려하는 거고 일반적으로는 그냥 에테로 크뎀 먹는게 나은듯,neutral,domain-lexicon-v1.1
2304,47858,998821,998820,2026-07-06 14:40:14,그래도 꿀팁은 맞다,neutral,domain-lexicon-v1.1
2304,47858,999288,998820,2026-07-13 04:06:16,@Flame 요즘에테크뎀장갑너무비싸서,neutral,domain-lexicon-v1.1
2304,47858,998833,998833,2026-07-06 16:30:27,유챔용이니 아케인 크잠 살게요!,neutral,domain-lexicon-v1.1
2304,47858,998859,998833,2026-07-07 02:06:28,아케인은안됨 제네무기가 에테라서 2에테셋옵받는게 메리트,neutral,domain-lexicon-v1.1
2304,47858,998871,998833,2026-07-07 07:51:03,@비월1 에테는 하나만 껴도 2셋 받나요?,neutral,domain-lexicon-v1.1
2304,47858,998879,998833,2026-07-07 09:30:26,@고기잡이 에테는 무기란이 제네or데티로 되어있기때문에 끼는순간2셋받음,neutral,domain-lexicon-v1.1
2304,47858,998907,998833,2026-07-07 13:44:38,@루루임 아하 감사합니다,positive,domain-lexicon-v1.1
2304,47858,998844,998844,2026-07-06 19:49:37,저 아직 바지 안샀는데 지웠다가 금요일에 올려주시면 안될까요,neutral,domain-lexicon-v1.1
2304,47858,998918,998918,2026-07-07 15:30:39,상하 에테 박고 4에테 5도전자 하면되네 굿,neutral,domain-lexicon-v1.1
2304,47858,998922,998918,2026-07-07 16:00:27,상하 에테 박고 제네 무기해도 3에테인데 남은 에테 하난 어느부위 하신단건가요?,neutral,domain-lexicon-v1.1
2304,47858,998924,998918,2026-07-07 16:06:57,@대익 장갑으로 갑니다 크주주 에테 가격이 많이 괜찮게 구했음,neutral,domain-lexicon-v1.1
2304,47858,998925,998918,2026-07-07 16:07:41,@Lateil 오 요즘 비싸던데 구매 시기가 좋았나봐요,neutral,domain-lexicon-v1.1
2304,47858,998929,998918,2026-07-07 16:12:14,@대익 해적이라 생각보다 많이 안올랐더라구요 퇴근하고 괜찮은 매물 47억인가 하나 남았길래 바로 사옴,neutral,domain-lexicon-v1.1
2304,47858,998930,998918,2026-07-07 16:12:50,@Lateil 크 주주 윗잠만 된거죠?,neutral,domain-lexicon-v1.1
2304,47858,998931,998918,2026-07-07 16:18:07,@대익 크주주에 에디 에픽 137 에 5퍼 였네요 줌서는 x,neutral,domain-lexicon-v1.1
2304,47858,998932,998918,2026-07-07 16:18:28,@Lateil 이야 잘 사셨네 ᄃᄃ,neutral,domain-lexicon-v1.1
2304,47858,998933,998918,2026-07-07 16:18:32,@Lateil 지금보니 크주올이네요 왜 크주주로 생각했지,neutral,domain-lexicon-v1.1
2304,47858,998920,998920,2026-07-07 15:55:10,장갑 가는 이유가 크뎀 때문인데? 챌섭 크뎀 효율 ᄌᄂ 좋아서,neutral,domain-lexicon-v1.1
2304,47858,998964,998964,2026-07-08 00:55:53,ᄋᄃ,neutral,domain-lexicon-v1.1
2304,47858,998974,998974,2026-07-08 07:27:29,ᄋᄃ,neutral,domain-lexicon-v1.1
2304,47858,999109,999109,2026-07-10 10:55:41,ᄋᄃ,neutral,domain-lexicon-v1.1
2304,47858,999140,999140,2026-07-10 19:36:04,ᄋᄃ,neutral,domain-lexicon-v1.1
2304,47858,999180,999180,2026-07-11 01:27:09,오케이 이제 글 내려주세요,neutral,domain-lexicon-v1.1
2304,47858,999279,999279,2026-07-12 17:06:29,크크잡 장갑 사려고 했었는데 그래도 얘가 상하의보다는 전투력 상승이 크겠죠??,neutral,domain-lexicon-v1.1
2304,47867,998934,998934,2026-07-07 16:18:35,이것도 와드,neutral,domain-lexicon-v1.1
2304,47867,998935,998935,2026-07-07 16:18:40,이런 상황이 궁금했는데 팁글 감사합니다,positive,domain-lexicon-v1.1
2304,47867,998936,998936,2026-07-07 17:11:47,저는 마지막 케이스일때 기믹중에 1개정도 틀려서 게이지를 90%정도만 채워두고 패턴피해서 자연적으로 게이지차는걸로 지연시켜서 사용했습니다,neutral,domain-lexicon-v1.1
2304,47867,998941,998941,2026-07-07 19:34:03,이렇게해도 처음에 말씀하신 기믹2번정도의 여유가 있으니 증강횟수에서 손해보는건 없다는거죠??,neutral,domain-lexicon-v1.1
2304,47867,998957,998941,2026-07-07 23:41:29,이해굿,neutral,domain-lexicon-v1.1
2304,47867,998955,998955,2026-07-07 23:07:16,오 개추다 ᄋᄃ,neutral,domain-lexicon-v1.1
2304,47867,998962,998962,2026-07-08 00:55:23,ᄋᄃ,neutral,domain-lexicon-v1.1
2304,47867,998967,998967,2026-07-08 01:30:12,나중에 제대로 정독하러 올게요 꿀팁 감사합니당,positive,domain-lexicon-v1.1
2304,47867,998968,998968,2026-07-08 01:34:57,우선 ᄋᄃ,neutral,domain-lexicon-v1.1
2304,47867,998977,998977,2026-07-08 08:44:57,오 좋은팁,neutral,domain-lexicon-v1.1
2304,47867,998978,998978,2026-07-08 09:40:24,ᄋᄃ,neutral,domain-lexicon-v1.1
2304,47867,999003,999003,2026-07-08 18:20:16,"지금 하는 극딜이 몇 번째 극딜인지 모를때 판단법 정리 먼저, 6차 초기화를 뽑았을때 다음 극딜때 6차 쿨이 얼만지를 확인 1. 다음 극딜이 6차극딜일 경우: 6차 사용 후 바로 다시 사용 2. 다음 극딜에 6차 쿨이 4분 남았을 경우: 초기화 ᄀ 3. 다음 극딜에 6차 쿨이 2분 남았을 경우: 사용 x, 그 다음 극딜에 1번처럼 사용",neutral,domain-lexicon-v1.1
2304,47867,999070,999003,2026-07-09 16:01:32,지속형 오리진이면 어떡하죠? 오리진쓰고 바로 또 써봤자 큰 차이없는데,neutral,domain-lexicon-v1.1
2304,47867,999205,999003,2026-07-11 11:00:06,개꿀팁이네,neutral,domain-lexicon-v1.1
2304,47867,999229,999003,2026-07-11 16:32:38,레테만 해도 개손해보는데,neutral,domain-lexicon-v1.1
2304,47867,999007,999007,2026-07-08 19:46:23,ᄋᄃ,neutral,domain-lexicon-v1.1
2304,47867,999023,999023,2026-07-09 00:56:29,하드 이번주 할건데 하기전에 봐야겟다 와드,neutral,domain-lexicon-v1.1
2304,47867,999051,999051,2026-07-09 12:01:22,메이린 오리진 ᄋᄃ,neutral,domain-lexicon-v1.1
2304,47867,999080,999080,2026-07-09 19:33:51,ᄋᄃ,neutral,domain-lexicon-v1.1
2304,47867,999125,999125,2026-07-10 15:15:36,ᄋᄃ,neutral,domain-lexicon-v1.1
2304,47867,999253,999253,2026-07-11 23:49:33,ᄋᄃ,neutral,domain-lexicon-v1.1
2304,47867,999258,999258,2026-07-12 00:22:35,지속형은 어케함?,neutral,domain-lexicon-v1.1
2304,47867,999284,999284,2026-07-12 19:50:46,ᄋᄃ,neutral,domain-lexicon-v1.1
2304,47867,999303,999303,2026-07-13 12:58:19,ᄋᄃ,neutral,domain-lexicon-v1.1
2304,47867,999316,999316,2026-07-13 23:25:57,ᄋᄃ,neutral,domain-lexicon-v1.1
2304,47870,998960,998960,2026-07-08 00:54:37,ᄋᄃ,neutral,domain-lexicon-v1.1
2304,47870,998973,998973,2026-07-08 05:03:33,ᄋᄃ 나중에해야니,neutral,domain-lexicon-v1.1
2304,47870,998975,998975,2026-07-08 07:48:44,ᄋᄃ,neutral,domain-lexicon-v1.1
2304,47870,998976,998976,2026-07-08 08:19:44,장인 ᄋᄃ,neutral,domain-lexicon-v1.1
2304,47870,998982,998982,2026-07-08 10:54:30,와드영,neutral,domain-lexicon-v1.1
2304,47870,998989,998989,2026-07-08 14:18:41,갈아서 최상결 페이백받으니 가격에 안넣을거면 타임리스쪽도 갈아서 나온 최상결값만큼 빼야되는거아닌가 물론 최상결2개값 60만메소 빼도 85만vs63만으로 데이모스가 약우위긴하지만 둘이 드라마틱하게 차이는안날듯,neutral,domain-lexicon-v1.1
2304,47870,999020,998989,2026-07-08 23:56:08,120제는 최상결 확률이 130제보다 유의미하게 낮아서,neutral,domain-lexicon-v1.1
2304,47870,999021,998989,2026-07-08 23:57:49,그리고 제대로 계산하려면 타임리스쪽 시간의 돌도 (대략 15만 메소) 추가해야되긴함,neutral,domain-lexicon-v1.1
2304,47870,998993,998993,2026-07-08 16:14:22,ᄋᄃ,neutral,domain-lexicon-v1.1
2304,47870,998994,998994,2026-07-08 16:21:38,de,neutral,domain-lexicon-v1.1
2304,47870,999002,999002,2026-07-08 17:56:36,레시피 씨가 말랐음,neutral,domain-lexicon-v1.1
2304,47870,999014,999014,2026-07-08 21:39:50,ᄋᄃ,neutral,domain-lexicon-v1.1
2304,47870,999030,999030,2026-07-09 05:14:49,ᄋᄃ,neutral,domain-lexicon-v1.1
2304,47870,999105,999105,2026-07-10 09:18:44,어 뭐야 이거 싸졋네 내가 계산할때는 더 비쌋는데,neutral,domain-lexicon-v1.1
2304,47870,999142,999142,2026-07-10 20:15:40,ᄋᄃ,neutral,domain-lexicon-v1.1
2304,47870,999311,999311,2026-07-13 19:46:19,ᄋᄃ,neutral,domain-lexicon-v1.1
2304,47870,999341,999341,2026-07-14 14:39:05,ᄋᄃ,neutral,domain-lexicon-v1.1
2304,47870,999343,999343,2026-07-14 14:51:46,ᄋᄃ,neutral,domain-lexicon-v1.1
2304,47881,999087,999087,2026-07-10 00:00:50,너무 좋아요! 혹시 모바일 앱으로 내주실 생각 있으실까요~?!,positive,domain-lexicon-v1.1
2304,47881,999363,999087,2026-07-14 22:50:00,"모바일은 서비스 유지비가 더 많이 들어, 모바일 웹 접근성을 최대한 개선하는 방향으로 갈 생각입니다. ᅮᅮ",neutral,domain-lexicon-v1.1
2304,47881,999088,999088,2026-07-10 01:32:58,광고 볼지 말지는 사용자마음이지 애드가드쓰는사람은 광고차단 안풀면 아예 이용못하게 막아놨네 ᄏᄏᄏᄏᄏᄏᄏᄏᄏᄏᄏᄏᄏᄏᄏᄏᄏᄏᄏᄏᄏᄏᄏᄏᄏᄏᄏᄏᄏᄏᄏᄏᄏᄏᄏ,neutral,domain-lexicon-v1.1
2304,47881,999090,999090,2026-07-10 02:33:02,처음은 편하겠지 하고 쓰는데 결국 이런 류 사이트떄메 더 피곤해지드라,neutral,domain-lexicon-v1.1
2304,47881,999093,999093,2026-07-10 03:13:45,모바일로보는데 광고가 너무 너무 많아요..,neutral,domain-lexicon-v1.1
2304,47881,999104,999104,2026-07-10 09:13:32,광고 많네,neutral,domain-lexicon-v1.1
2304,47881,999107,999107,2026-07-10 09:48:55,너무 잘 쓰고 있어요~,neutral,domain-lexicon-v1.1
2304,47881,999108,999108,2026-07-10 10:06:24,광고차단 쓰지도않는데도 못쓰게 막아놨네,neutral,domain-lexicon-v1.1
2304,47881,999115,999115,2026-07-10 12:34:32,요즘 안그래도 정리가 필요했는데 잘 사용할게요~ 시그너스나 핑크빈 같이 최근 패치로 주간보스 > 일간보스로 강등당한 보스들은 없애는게 어떨까요?,neutral,domain-lexicon-v1.1
2304,47881,999362,999115,2026-07-14 22:48:29,시그너스나 핑크빈이 일간보스로 강등이 되었군요..? 관련 의견 반영해두겠습니다. 감사합니다!,positive,domain-lexicon-v1.1
2304,47881,999122,999122,2026-07-10 14:19:17,클릭을눌려도 반응을안하는대;;,neutral,domain-lexicon-v1.1
2304,47881,999361,999122,2026-07-14 22:48:07,어떤 환경에서 어떤 버튼이 눌리지 않는지 디스코드를 통해서 공유주시면 해결에 도움을 드릴 수 있을 것 같습니다. 감사합니다.,positive,domain-lexicon-v1.1
2304,47881,999299,999299,2026-07-13 11:01:35,애드가드 쓰는 사람은 이용 못하게 막혀있음 잘만든거 같은데 아쉽네,negative,domain-lexicon-v1.1
2304,47881,999360,999299,2026-07-14 22:47:35,안녕하세요. 주신 의견 반영해서 애드블록 쓰시는 분들도 이용할 수 있도록 변경해뒀습니다. 감사합니다.,positive,domain-lexicon-v1.1
2304,47914,0,0,2026-07-16 13:36:20,삭제된 코멘트입니다.,neutral,domain-lexicon-v1.1
2304,47914,999479,999477,2026-07-16 13:36:20,200이제 엄청 쉬워졌어요,neutral,domain-lexicon-v1.1
2304,47914,999480,999477,2026-07-16 13:37:33,@럭키스타 아 250으로 적으려했는데 그새 답이 ᄃᄃ 저 이벤 끝나고 챌섭열리면 하면되나요?,neutral,domain-lexicon-v1.1
2304,47914,999481,999477,2026-07-16 13:52:51,@한글네자 네 챌섭은 7월 30일부터 시작됩니다,neutral,domain-lexicon-v1.1
2304,47914,999483,999477,2026-07-16 14:14:07,@럭키스타 부캐 200찍을라니까 드릅게귀찮던데,neutral,domain-lexicon-v1.1
2304,47914,999492,999492,2026-07-16 14:52:55,딴지는 아니구 7/30일에 챌섭시작하면 그때 생성해서 시작해도 되는건가요? 이번 이벤트는 왜 받는건지 궁금합니다!,neutral,domain-lexicon-v1.1
2304,47914,999506,999492,2026-07-16 18:29:59,저도 궁금,neutral,domain-lexicon-v1.1
2304,47914,999518,999492,2026-07-16 21:15:06,"네 그때 시작해도 되는데 사전 이벤트 참여해두면 좀 더 빠르고 편한 육성이 가능합니다 (극성비,주간 컨텐츠 입장권 등)",neutral,domain-lexicon-v1.1
2304,47914,999521,999492,2026-07-16 21:36:47,@민트카닉 챌섭에 렌키울예정인데 사전보상 받아도 렌한테 넘길수잇나요?,neutral,domain-lexicon-v1.1
2304,47914,999495,999495,2026-07-16 15:36:48,방금 계정 새로만들어서 보는ᄂ데 이벤트탭에 안보여서요. 혹시 최소참여조건이 어떻게되나요?,neutral,domain-lexicon-v1.1
2304,47914,999517,999495,2026-07-16 21:13:32,100레벨부터입니다,neutral,domain-lexicon-v1.1
2304,47914,999499,999499,2026-07-16 16:15:41,저거 도원경 코인이 다음 이벤트에 들어올 이벤트 코인인가요? 펫 살수 있는?,neutral,domain-lexicon-v1.1
2304,47914,999500,999499,2026-07-16 16:18:16,"이미 오늘 미던 돌아버려서 길드 들어가도 티켓 1개가 모자라네,,",neutral,domain-lexicon-v1.1
2304,47914,999507,999507,2026-07-16 18:56:49,메M 안하는데 일일 컨텐츠 2백만 메소로 소탕할 수가 있네 이거 할만함? 5천만 있음,neutral,domain-lexicon-v1.1
2304,47914,999510,999507,2026-07-16 20:06:56,ᄋᄋ 가성비 굿 (유뇬15500),neutral,domain-lexicon-v1.1
2304,47914,999519,999519,2026-07-16 21:22:26,신규 복귀랑 선착순 육성 이벤 할 것 같은데 ᄏ,neutral,domain-lexicon-v1.1
2304,47914,999525,999525,2026-07-16 22:27:58,추ᄅ석보상 윗줄못넘ᄀ뎌주는데 바ᄃ는게 좋다는게 무슨말이ᄆ?,positive,domain-lexicon-v1.1
2304,47914,999539,999525,2026-07-17 00:55:23,아랫줄이 핵심이라는 뜻,neutral,domain-lexicon-v1.1
2304,47914,999536,999536,2026-07-17 00:26:01,"유랑자의 여행 준비 3번미션 원정대(자쿰, 혼테일, 핑크빈, 시그너스)나 루타비스로 못 깨고 보스 컨텐츠로 깨셔야 합니다. 보스 컨텐츠의 반레온 싱글노말도 원정대 노말시그너스에 맞먹게 쉬우니까 갓 5차한 캐릭터로 부담없이 깨세요",neutral,domain-lexicon-v1.1
2304,47914,999540,999536,2026-07-17 00:57:30,3번 미션은 여행 준비 단계를 안채워줘서 굳이 안해도 되더라구요,neutral,domain-lexicon-v1.1
2304,47914,999542,999542,2026-07-17 01:19:00,감사합니다,positive,domain-lexicon-v1.1
2304,47914,999548,999548,2026-07-17 03:39:05,도원경 코인 캐놓으면 좋나용?,neutral,domain-lexicon-v1.1
2304,47914,999561,999548,2026-07-17 11:55:45,네 코인샵에서 육성에 도움이 되는 아이템들을 구매할 수 있습니다,neutral,domain-lexicon-v1.1
2304,47914,999559,999559,2026-07-17 11:29:15,기존캐 246짜리 다시복귀했는데 모성지 복귀캐릭에받아도 렌 이벤트참여는 문제없는거겠죠???,negative,domain-lexicon-v1.1
2304,47914,999560,999559,2026-07-17 11:55:08,네,neutral,domain-lexicon-v1.1
2304,47914,999562,999559,2026-07-17 12:45:08,@민트카닉 감사합니다,positive,domain-lexicon-v1.1
2304,47914,999564,999564,2026-07-17 13:00:02,메M마일리지용만으로 하는데 이번 렌 250인가 260 시간 많이 안들여도 되나요? 조각밖에 없어서 굳이인가 싶은데,neutral,domain-lexicon-v1.1
2304,47914,999566,999564,2026-07-17 13:47:44,네 방치겜이라 하루 5분 10분정도만 투자하셔도 됩니다,neutral,domain-lexicon-v1.1
2304,47914,999608,999608,2026-07-17 21:49:23,마일리지 수행과제만 돌려서 여로만 뚫고 지금 264인데 부캐 키우면 잘 할 수 있을지 걱정이네 ᅲ,neutral,domain-lexicon-v1.1
2304,47739,997933,997933,2026-06-27 06:45:51,엥 인게임 메뉴에 있는거 줄줄 읊는게 팁...?,neutral,domain-lexicon-v1.1
2304,47822,998436,998436,2026-07-01 21:37:36,보스마일리지는 몰랐네ᅲᄏᄏ,neutral,domain-lexicon-v1.1
2304,47822,998437,998437,2026-07-01 22:01:12,드래그가 되는구나,neutral,domain-lexicon-v1.1
2304,47822,998441,998441,2026-07-01 23:41:48,오 우클릭 위치변경 꿀팁 변경하려고 다 해제하고 그거먼저 선택했었는데,neutral,domain-lexicon-v1.1
2304,47822,998442,998442,2026-07-01 23:51:27,스크롤은 또 신기하네...,neutral,domain-lexicon-v1.1
2304,47822,998457,998457,2026-07-02 08:19:37,보스마일리지는 아래에 퀵메뉴 해두면 편함,neutral,domain-lexicon-v1.1
2304,47822,998468,998468,2026-07-02 10:17:21,헐 위치변경이 되는거였군요!?,neutral,domain-lexicon-v1.1
2304,47822,998506,998506,2026-07-02 21:07:52,개꿀팁 ᄋᄌ,neutral,domain-lexicon-v1.1
2304,47822,998681,998681,2026-07-04 17:08:02,보스 스케쥴러의 경우 마일리지 퀵메뉴를 하단에 두면 상단에 12마리의 주간보스가 전부 보여서 마우스 휠로 굴리거나 위치 이동 필요없이 잡았는지 안잡았는지 직관적으로 바로 보여서 조금 더 편합니다!,neutral,domain-lexicon-v1.1
2304,47822,999017,999017,2026-07-08 22:14:05,드래그는 몰랏네,neutral,domain-lexicon-v1.1
2304,47823,998446,998446,2026-07-02 03:10:44,천재냐,neutral,domain-lexicon-v1.1
2304,47823,998449,998449,2026-07-02 04:06:42,패치되것노,neutral,domain-lexicon-v1.1
2304,47823,998493,998493,2026-07-02 15:33:44,이래서 인벤은 꾸준히 와야해!,neutral,domain-lexicon-v1.1
2304,47823,998494,998494,2026-07-02 15:40:21,뭣?!!!!!,neutral,domain-lexicon-v1.1
2304,47823,998496,998496,2026-07-02 16:00:21,섭점하것구만..,neutral,domain-lexicon-v1.1
2304,47823,998503,998503,2026-07-02 19:17:44,개꿀팁,neutral,domain-lexicon-v1.1
2304,47823,998605,998605,2026-07-03 15:38:34,ᄃᄃ,neutral,domain-lexicon-v1.1
2304,47823,998645,998645,2026-07-03 23:00:01,사기군,neutral,domain-lexicon-v1.1
2304,47823,998843,998843,2026-07-06 19:00:04,막힘,neutral,domain-lexicon-v1.1
2304,47824,998467,998467,2026-07-02 09:55:49,막줄 낭만 추,neutral,domain-lexicon-v1.1
2304,47824,998685,998467,2026-07-04 17:17:05,저도 그래서 추천 누른...!!,neutral,domain-lexicon-v1.1
2304,47824,998469,998469,2026-07-02 10:46:19,인챈터 안드상점에서 사면 무려 40만메소 절약가능,neutral,domain-lexicon-v1.1
2304,47824,998471,998471,2026-07-02 11:18:26,뽑뽀,neutral,domain-lexicon-v1.1
2304,47824,998480,998480,2026-07-02 12:45:22,메소앜가우시면 코인샵에도있음 소울인챈터는,neutral,domain-lexicon-v1.1
2304,47824,998518,998518,2026-07-03 01:30:48,절대 도전자 무기에 위소울을 박지마,neutral,domain-lexicon-v1.1
2304,47830,998548,998548,2026-07-03 10:01:22,좋은듯 3주차 첫날 매칭해서 파티원한테 얘 몇때잡는지 기억해요? 기억안나는데 지금 대충 쳐볼까요? 이러면서 함,neutral,domain-lexicon-v1.1
2304,47830,998552,998552,2026-07-03 10:45:32,ᄋᄃ,neutral,domain-lexicon-v1.1
2304,47830,998553,998553,2026-07-03 11:10:43,이제 1맵 보스 안 잡음??,neutral,domain-lexicon-v1.1
2304,47830,998558,998553,2026-07-03 11:34:30,스피드런 영상에서 보통 안잡음,neutral,domain-lexicon-v1.1
2304,47830,998563,998563,2026-07-03 11:47:52,1맵 보스 안잡아도 되는거였구나,neutral,domain-lexicon-v1.1
2304,47830,998572,998572,2026-07-03 12:47:57,막보스 일렁이는손 6번지난후에 무적기아닌가요?,neutral,domain-lexicon-v1.1
2304,47830,998582,998572,2026-07-03 13:24:14,5번째 일렁이는 불꽃이 손을 반쯤 가린 이후 부터 가능,neutral,domain-lexicon-v1.1
2304,47830,998623,998623,2026-07-03 16:59:57,1넴을 걸러야 좀 더 편해지는군여?,neutral,domain-lexicon-v1.1
2304,47830,999223,999223,2026-07-11 14:55:47,ᄋᄃ,neutral,domain-lexicon-v1.1
2304,47838,998701,998701,2026-07-04 21:02:18,감사합니다,positive,domain-lexicon-v1.1
2304,47838,998738,998738,2026-07-05 11:37:01,여전히 4카 5앱이 최강가성비군요,neutral,domain-lexicon-v1.1
2304,47838,998741,998741,2026-07-05 13:24:37,옹,neutral,domain-lexicon-v1.1
2304,47838,998863,998863,2026-07-07 04:02:30,ᄋᄃ,neutral,domain-lexicon-v1.1
2304,47838,999462,999462,2026-07-15 23:42:05,와드,neutral,domain-lexicon-v1.1
2304,47838,999549,999549,2026-07-17 04:09:46,뉴비입니다 에테18성 레에로 8셋 가면 좋을까요,neutral,domain-lexicon-v1.1
2304,47838,999563,999563,2026-07-17 12:54:20,4에테+5앱솔조합은 영별론가요?,neutral,domain-lexicon-v1.1
2304,47853,998828,998828,2026-07-06 16:17:47,많은분들이 봤으면 좋겠다..,neutral,domain-lexicon-v1.1
2304,47853,998853,998853,2026-07-07 00:17:08,"순백,주흔,최상결 이런것도 다포함됨",neutral,domain-lexicon-v1.1
2304,47853,998890,998890,2026-07-07 10:46:05,팔려고 올렸을때 매물상황도 보여줬으면 좋겠다...,neutral,domain-lexicon-v1.1
2304,47853,998904,998904,2026-07-07 13:36:43,신규 옥션에서 가격인지 갯수인지 마우스갖다대면 나온다더라,neutral,domain-lexicon-v1.1
2304,47853,999004,998904,2026-07-08 18:58:35,ᄃᄃ갓패치,neutral,domain-lexicon-v1.1
2304,47853,999046,999046,2026-07-09 11:07:08,로아처럼 가격대 여러개를 띄워주지좀,neutral,domain-lexicon-v1.1
2304,47860,998835,998835,2026-07-06 17:09:52,"잠깐 보고 왔는데 스타포스 메소부분 숫자표기가 아닌 억, 만 단위가 보기 조금 더 좋을 것 같아요",neutral,domain-lexicon-v1.1
2304,47860,998837,998835,2026-07-06 17:34:42,알겠습니당,neutral,domain-lexicon-v1.1
2304,47860,998836,998836,2026-07-06 17:33:55,mvp계산기에 메소마켓 비율도 받아오는게 되나요? 그러면 챌섭에서 작하는거랑 본섭에서 해서 챌섭으로 메소 들고오는거랑 어떤게 이둑인지 볼수 있을랑가,neutral,domain-lexicon-v1.1
2304,47860,998838,998836,2026-07-06 17:34:57,메소마켓은 힘들거 같아요,neutral,domain-lexicon-v1.1
2304,47860,998868,998868,2026-07-07 06:47:20,뉴빈데 MVP 작 저거 어캐쓰는지 설명이 되나요 형님들..,neutral,domain-lexicon-v1.1
2304,47860,998926,998926,2026-07-07 16:08:29,"이런 게 있었네요. 너무 좋은 것 같습니다. 별개로 주흔작은 프리셋이 있기는 하지만 손재주 보너스(%p), 길드 성공 보너스(%p), 길드 실패 미차감 확률(%) 이런 건 최대치로 설정할 수 있는 기능이 있으면 별도로 확률을 찾아보지 않아도 돼서 편하지 않을까 싶습니다.",neutral,domain-lexicon-v1.1
2304,47860,998928,998926,2026-07-07 16:09:13,조만간 반영해보겠습니다,neutral,domain-lexicon-v1.1
2304,47860,999271,999271,2026-07-12 15:25:49,데벤져 추옵계산기 유산넣어봣는대 갯수 기대값이 너무이상한거같아요 ᅲᅲ 이정도써서 뽑기힘든대 너무낮은수치라.. 문의해바요 재가 계산기를 잘못넣은걸까요,positive,domain-lexicon-v1.1
2304,47860,999272,999271,2026-07-12 15:26:54,유산+1추 공6이 300억정도 더받을려고하던대 판매자는.. 검환영환으로 기대값이 4억에 갯수 155개는 먼가좀이상한대 155개로 거의뜰확률이없어가지고,positive,domain-lexicon-v1.1
2304,47860,999273,999271,2026-07-12 15:27:51,헉 밤에 확인해볼게요,neutral,domain-lexicon-v1.1
2304,47860,999274,999271,2026-07-12 15:33:35,@때애두 감사합니다 데벤 1추공이 보통 100억정도든다네요,positive,domain-lexicon-v1.1
2304,47860,999275,999271,2026-07-12 15:33:51,@때애두 1추공6은 얼마드는지모르겟지만 ᅲ,neutral,domain-lexicon-v1.1
2304,47860,999290,999271,2026-07-13 08:02:51,@천페 지금보니 애초에 선택지가 방어구랑 무기밖에 없었네요 장신구/훈장도 추가했습니다 1추+공6은 328억정도 든다네요 말씀하신 가격이랑 얼추 맞아 떨어집니다,neutral,domain-lexicon-v1.1
2304,47871,999001,999001,2026-07-08 17:41:23,ᄃᄃ개꿀팁,neutral,domain-lexicon-v1.1
2304,47871,999029,999029,2026-07-09 02:47:12,진짜 미친개꿀팁추,neutral,domain-lexicon-v1.1
2304,47871,999055,999055,2026-07-09 12:50:55,전 채이할때 채팅창에 전구도 뜨면 전구랑 풀방문구 번갈아뜨는데 풀방문구 안뜰때까지 채이,neutral,domain-lexicon-v1.1
2304,47871,999072,999055,2026-07-09 16:40:26,풀방문구가 지금뜬건지 전섭에서 뜬거지 헷갈릴때가 많음..ᄏᄏ,neutral,domain-lexicon-v1.1
2304,47871,999102,999102,2026-07-10 08:03:52,노바는 진짜 꿀팁이네 몰랐어!,neutral,domain-lexicon-v1.1
2304,47871,999116,999116,2026-07-10 12:44:47,그냥 옛메처럼 ESC > 엔터 > 오or왼 > 엔터 하지않나 ?,neutral,domain-lexicon-v1.1
2304,47871,999117,999116,2026-07-10 12:46:30,키 입력할게 하나 줄어서 좋아요~ 한손으로 섭첸할수도 있구요,positive,domain-lexicon-v1.1
2304,47871,999127,999127,2026-07-10 16:01:36,그럼 같은느낌으로 어센트도 가능한가요?,neutral,domain-lexicon-v1.1
2304,47871,999128,999127,2026-07-10 16:03:20,어센트는 허공에 그냥 나가는 직업들이 많아서 적합하지 않을 것 같네요..,neutral,domain-lexicon-v1.1
2304,47871,999192,999127,2026-07-11 05:55:25,어센트는 사냥터에선 허공에도 나감,neutral,domain-lexicon-v1.1
2304,47890,999196,999196,2026-07-11 09:41:23,8번은 무슨말이져? 간섭 자동으로 나가요???,neutral,domain-lexicon-v1.1
2304,47890,999197,999196,2026-07-11 09:45:47,https://m.inven.co.kr/board/maple/2304/42555 이거인듯,neutral,domain-lexicon-v1.1
2304,47890,999199,999196,2026-07-11 10:10:15,@권용진 오 감사합니다,positive,domain-lexicon-v1.1
2304,47890,999201,999201,2026-07-11 10:24:35,8번 공 있으면 삑살 날 수도 있으니 주의,neutral,domain-lexicon-v1.1
2304,47890,999226,999226,2026-07-11 15:33:32,6번은 진짜 몰랐다,neutral,domain-lexicon-v1.1
2304,47890,999239,999239,2026-07-11 21:11:31,14번이 꿀팁이라니 이 할배 세상이 무너질거같구나..,neutral,domain-lexicon-v1.1
2304,47890,999310,999310,2026-07-13 19:08:21,6번 개추 ᄏᄏᄏ,neutral,domain-lexicon-v1.1
2304,47890,999313,999313,2026-07-13 22:00:50,필터키므지..,neutral,domain-lexicon-v1.1
2304,47891,999265,999265,2026-07-12 07:08:50,풀셋 부유 효과는 몰랐네요 ᄃᄃ 감사합니다 ~ 챌섭 일루전 링 코디 하고 있엇는데 ᄒᄒ,positive,domain-lexicon-v1.1
2304,47891,999268,999268,2026-07-12 10:55:48,진심 개꿀팁이네,neutral,domain-lexicon-v1.1
2304,47891,999283,999283,2026-07-12 19:50:28,ᄋᄃ,neutral,domain-lexicon-v1.1
2304,47891,999289,999289,2026-07-13 07:36:58,ᄋᄃ,neutral,domain-lexicon-v1.1
2304,47891,999315,999315,2026-07-13 23:13:26,이런게 있네,neutral,domain-lexicon-v1.1
2304,47891,999344,999344,2026-07-14 15:14:15,ᄋᄃ,neutral,domain-lexicon-v1.1
2304,47891,999371,999371,2026-07-15 02:49:31,노말 메이린 잡으신 분은 메이린 망토가 부유니까 망토로 하셔도 됩니다,neutral,domain-lexicon-v1.1
2304,47891,999421,999421,2026-07-15 15:21:00,ᄋᄃ,neutral,domain-lexicon-v1.1
2304,47891,999520,999520,2026-07-16 21:27:22,오 캐선창 장식하기 좋겠다,neutral,domain-lexicon-v1.1
2304,47893,999251,999251,2026-07-11 23:21:33,개추,neutral,domain-lexicon-v1.1
2304,47893,999257,999257,2026-07-12 00:07:37,옛날에 이거랑 똑같은 거 만들었다가 받은 건데 문의 한번 해보세요..,neutral,domain-lexicon-v1.1
2304,47893,999259,999257,2026-07-12 00:39:32,문의 해봐야겠네요. 감사합니다!,positive,domain-lexicon-v1.1
2304,47893,999277,999277,2026-07-12 16:23:23,사이트에서 gpt의 향이 짙군용.. 옛날에 그 메이플마켓인가? 그 웹거래소도 꽤 오래 운영됐던거같은데 아마 수익모델이나 크롤링 방식에 별 문제없으면 큰 문제로 이어지는 않을것같다는 개인적의견,negative,domain-lexicon-v1.1
2304,47893,999281,999281,2026-07-12 18:03:31,13 13 10검색했는데 13 10 10이 나오네요,neutral,domain-lexicon-v1.1
2304,47893,999297,999297,2026-07-13 09:51:29,데이터는 어케모으죠.. api 없지않나 ᄃ,neutral,domain-lexicon-v1.1
2304,47893,999333,999333,2026-07-14 12:40:13,시세볼 때 기간 설정해서 볼수 있었으면 좋겠어요,neutral,domain-lexicon-v1.1
2304,47893,999470,999470,2026-07-16 10:30:31,요즘은 옥션이 프리셋이 저장돼서 내가원하는 아이템은 접속할때마다 딸깍해서 보기 편해좋든데 만드신건 노력추천드려요,neutral,domain-lexicon-v1.1
2304,47893,999484,999484,2026-07-16 14:20:28,저작권 문제 있는거 인지하고도 운영하는거임? 돈이 많은 사람인가,negative,domain-lexicon-v1.1
2304,47711,997597,997597,2026-06-24 16:20:44,챌섭 테라버닝으로 200찍고 코강안한상태로 2극났습니다 평딜은 계속 하긴했는데 텔포가 있어서 어려운건 없었어요,neutral,domain-lexicon-v1.1
2304,47711,997598,997597,2026-06-24 16:21:00,얼티링은 필수 4랩 8천인가 주고 샀어요,neutral,domain-lexicon-v1.1
2304,47711,997603,997603,2026-06-24 17:16:37,돈 아끼고 싶으면 그냥 테라버닝으로 레테 200찍고 얼티2렙껴주고 3극돌리면 잡아지긴 합니다,neutral,domain-lexicon-v1.1
2304,47711,998388,998388,2026-07-01 07:21:18,뚱성비 챌섭에서 못씀,neutral,domain-lexicon-v1.1
2304,47711,998652,998652,2026-07-04 01:42:56,200렙 노길벞 노코강 얼티3렙으로 3극돌리면 잡음,neutral,domain-lexicon-v1.1
2304,47745,997685,997685,2026-06-25 10:53:44,걍 트헌 다털면 어지간해선 트헌이 더 좋네 트헌 간다,neutral,domain-lexicon-v1.1
2304,47745,997692,997692,2026-06-25 11:21:56,포기하고 에던찍으면 에스페시아 잘 뜸 ᄅᄋ,neutral,domain-lexicon-v1.1
2304,47745,997699,997699,2026-06-25 11:38:49,하루 1소재는 어떰,neutral,domain-lexicon-v1.1
2304,47745,997706,997699,2026-06-25 11:52:05,1소재는 에픽던전 ᄀᄀ,neutral,domain-lexicon-v1.1
2304,47745,997703,997703,2026-06-25 11:41:57,하루 4소재 두시간씩 사냥하는사람이면 무조건 저게 더좋나?,neutral,domain-lexicon-v1.1
2304,47745,997705,997703,2026-06-25 11:51:45,충분히 열만하다고 생각합니다,neutral,domain-lexicon-v1.1
2304,47745,997711,997711,2026-06-25 12:35:02,에픽던전 3캐릭 다하면 어지간해선 에던이 이기겠네,neutral,domain-lexicon-v1.1
2304,47745,997712,997712,2026-06-25 12:41:13,안돼 .... 몬파 에던 했는데,neutral,domain-lexicon-v1.1
2304,47745,997814,997814,2026-06-26 09:09:40,1소재가 2시간이죠?,neutral,domain-lexicon-v1.1
2304,47745,997823,997814,2026-06-26 09:25:20,1소재는 30분,neutral,domain-lexicon-v1.1
2304,47751,997721,997721,2026-06-25 14:37:00,그리고 누군가의 후기...,neutral,domain-lexicon-v1.1
2304,47751,997722,997721,2026-06-25 14:41:06,ᄃᄃᄃ,neutral,domain-lexicon-v1.1
2304,47751,997739,997721,2026-06-25 17:46:42,따봉 ᄏᄏ,neutral,domain-lexicon-v1.1
2304,47751,997751,997721,2026-06-25 21:56:21,ᄏᄏᄏᄏ,neutral,domain-lexicon-v1.1
2304,47751,997738,997738,2026-06-25 17:11:41,걍관세내고 정가로 하자 돈날린다,neutral,domain-lexicon-v1.1
2304,47751,997743,997743,2026-06-25 18:34:55,ᄅᄋ 엥간하면 안 먹힘 굼벵이마냥 느리게 하는거 아니면,neutral,domain-lexicon-v1.1
2304,47751,997882,997882,2026-06-26 19:09:57,이거보고 혹시나해서 들어갔다 하나 삼 ᄒᄒ 헌데 사니까 교불이됨... 내 2천만...,neutral,domain-lexicon-v1.1
2304,47776,997965,997965,2026-06-27 13:59:19,이거 드랍쪽 아예 계산 잘못됐을걸요 조각 드랍율에서 드랍이 드랍퍼만큼 증가하는게 아니라 증가한 드랍율의 n/1적용인가 이런식이라 생각보다 드랍퍼로 조각 드랍율이 많이 오르진 않을듯 이번에 드랍 오류났을때 라방인가 그 후에 올라온 데이터인가에서 본기억있음 기운 조각 이벤 드랍템 다 드랍율 올라가는게 같은 드랍율이라도 다름,negative,domain-lexicon-v1.1
2304,47776,997968,997965,2026-06-27 14:02:40,드랍 반영률 50% 반영 안한거같네요 감샇바니다,neutral,domain-lexicon-v1.1
2304,47776,997969,997965,2026-06-27 14:05:32,그거 포함해서 수정했습니다 감사합니다,positive,domain-lexicon-v1.1
2304,47776,997971,997965,2026-06-27 14:08:46,@가나다라미비 오 굿굿굿 50퍼였나보네요 라방에서 본기억이 있어가지고 ᄏᄏᄏ,neutral,domain-lexicon-v1.1
2304,47776,997978,997978,2026-06-27 15:53:31,드랍은 올릴수록 효율이 떨어진다고 들었는데 예 드랍 20% 4개드랍 드랍 40% 8개드랍x 이부분은 계산을 어떻게 해야하나요 ?,neutral,domain-lexicon-v1.1
2304,47776,997979,997978,2026-06-27 16:32:09,드랍 올릴수록 효율 감소하지 않습니다. 선형증가입니다. 그리고 드랍 20 2개 드랍 드랍 40% 8개드랍 x 이 부분은 전제 자체가 틀린거같네여,neutral,domain-lexicon-v1.1
2304,47776,998061,997978,2026-06-28 21:03:17,@가나다라미비 드랍 20% 일때 4개 드랍 한다고 했을때 2배인 40%가 된다고 8개가 뜨는게 아니라는 말이 였는데 잘못 전달 된거 같네요 템드랍 1줄[20%] 로 1소재에 4개 먹는다고 쳤을때 풀드랍 10줄[200%] 1소재에 40개 먹는게 아니지 않나 라는 말이였어요,neutral,domain-lexicon-v1.1
2304,47776,998195,997978,2026-06-30 10:20:52,"@myssong93 드랍 메커니즘을 설명을 드려야 할 것 같아요 일단 기본 드랍률 100%가 존재합니다. 템 드랍률 20%가 추가되면 총 120%겠죠? 근데 솔 에르다 조각은 드랍 반영률 50%가 적용되어서 추가 드랍률의 50%만 적용됩니다(민생드랍률 제외) 그럼 템드랍 한줄(+20%)의 경우에는 100+(20*0.5)=110%의 드랍률을 가지고 10줄(+200%)의 경우에는 100+(200*0.5)=200%의 드랍률을 가지게 됩니다. 기본 드랍률이 10개라고 하면 드랍 한줄의 경우 11개, 드랍 10줄의 경우 20개를 드랍하게 됩니다. 드랍 한줄당 기대값 한개 증가의 가치는 동일합니다. 그래서 드랍을 올릴수록 효율이 감소하지 않는다고 말씀드리고 싶었습니다.",positive,domain-lexicon-v1.1
2304,47776,998513,997978,2026-07-02 23:23:23,"@가나다라미비 드랍퍼 공식이 바뀌었나요? 전에는 드랍퍼는 로그함수 형식으로 드랍퍼가 높아질수록 효율이 떨어진다고 알려졌고, 실제 체감이나 실험에서도 그런 사례가 많아서 정설처럼 알고 있는데요.",neutral,domain-lexicon-v1.1
2304,47776,998643,997978,2026-07-03 22:42:07,@한줄기바람 네 드랍에 오류있던거 2026.04.09에 수정되었습니다. 이 때 드랍률 로직도 같이 라이브방송에서 공개되었습니다. 자세한 내용은 이 글 읽어보시면 될 것 같아요 https://www.inven.co.kr/board/maple/5974/6456154 이 이후로는 모든 드랍률은 선형증가합니다.,negative,domain-lexicon-v1.1
2304,47776,998058,998058,2026-06-28 17:24:25,근데 챌섭기준이면 에테리온 + 코젬 이런거 지금 값좀 나가는데 포함시켜서 드랍퍼 계산해야되는거 아녀요?,neutral,domain-lexicon-v1.1
2304,47776,998197,998058,2026-06-30 10:26:45,"에테리온은 이벤트 아이템이기 때문에 드랍영향을 10%만 받습니다.(드랍 20% 올려도 실제로는 2%만 오름) 드랍영향을 거의 받지 않기 때문에 제외하였습니다. 코어 젬스톤은 드랍률 자료를 갖고 있지 않고, 챌린저스 월드라도 가치가 빠르게 떨어지기에(현재 개당 30만) 제외하였습니다.",neutral,domain-lexicon-v1.1
2304,47786,998032,998032,2026-06-28 02:19:06,개추,neutral,domain-lexicon-v1.1
2304,47786,998033,998033,2026-06-28 03:17:10,저렇게 안나오는건줄도 모르고 에디 레전가서 신나가지고 있는돈 없는돈 다털어서 엠블에디 돌렸는데 ᅲᅲᅲ 잘배웠습니다,neutral,domain-lexicon-v1.1
2304,47786,998477,998477,2026-07-02 12:25:10,개추,neutral,domain-lexicon-v1.1
2304,47852,998752,998752,2026-07-05 19:14:32,1/10 가격으로 페이백 해주나 보네요 그럼 2500만 메소 이상 파는거 아니면 페이백이 이득이네요,neutral,domain-lexicon-v1.1
2304,47852,998756,998752,2026-07-05 20:01:55,네 그렇습니다. 간혹가다가 그냥 옥션에 몇만원대에 올려놓으시는분들이 많이보여서 안타까워 알려드려요 ᄒᄒ,neutral,domain-lexicon-v1.1
2304,47852,998798,998798,2026-07-06 10:56:11,와 d라벨 1억은 하던거아니었나 2500도 안하나보네,neutral,domain-lexicon-v1.1
2304,47852,998883,998883,2026-07-07 09:55:10,경매장에 파는데 이득임,neutral,domain-lexicon-v1.1
2304,47852,998916,998916,2026-07-07 15:28:51,D라벨 7월7일 현재 7천만원이 최소값이네요 메소마켓 억당 2500메포인 경우 1750메포이므로 경매장파는게 이득입니다. 글 본문에 페이백과 경매장 비교후 판매하심을 추가하시면 더 좋을 것 같습니다,neutral,domain-lexicon-v1.1
2304,47876,999026,999026,2026-07-09 02:04:23,응 어차피 자리 없어~,neutral,domain-lexicon-v1.1
2304,47876,999038,999038,2026-07-09 07:40:49,좋은 글이지만 저기들은 진짜로 자리가 없음....최상6에서 그나마 자리가 있고 제자리도 가능하니 참고,neutral,domain-lexicon-v1.1
2304,47876,999042,999042,2026-07-09 09:45:54,ᄉᄂᄐ,neutral,domain-lexicon-v1.1
2304,47876,999054,999054,2026-07-09 12:41:22,하이퍼스킬 마릿수로 변경하고 해도 좋음,neutral,domain-lexicon-v1.1
2304,47876,999071,999071,2026-07-09 16:38:49,ᄋᄃ,neutral,domain-lexicon-v1.1
2304,47876,999076,999076,2026-07-09 18:22:26,ᄋᄃ,neutral,domain-lexicon-v1.1
2304,47876,999078,999078,2026-07-09 18:30:47,ᄋᄃ,neutral,domain-lexicon-v1.1
2304,47876,999091,999091,2026-07-10 02:42:00,ᄋᄃ,neutral,domain-lexicon-v1.1
2304,47876,999119,999119,2026-07-10 12:52:08,ᄋᄃ,neutral,domain-lexicon-v1.1
2304,47876,999182,999182,2026-07-11 01:56:20,ᄋᄃ,neutral,domain-lexicon-v1.1
2304,47876,999287,999287,2026-07-13 03:35:17,ᄋᄃ,neutral,domain-lexicon-v1.1
2304,47876,999342,999342,2026-07-14 14:51:31,ᄋᄃ,neutral,domain-lexicon-v1.1
2304,47879,999068,999068,2026-07-09 15:58:10,1레벨만 줘도 1455 돼서 포뻥 됩니다~ 1320에서 10% 더 붙은 1452 이상이라,neutral,domain-lexicon-v1.1
2304,47879,999069,999068,2026-07-09 16:00:06,수정완! 떙큐!!!!!!!!!!,neutral,domain-lexicon-v1.1
2304,47879,999075,999075,2026-07-09 17:58:32,20렙 6개면 하이퍼에서 아케인포스 1개 주기 확인,neutral,domain-lexicon-v1.1
2304,47879,999079,999079,2026-07-09 19:04:31,버닝비욘드는 그냥 패시브에요,neutral,domain-lexicon-v1.1
2304,47879,999083,999083,2026-07-09 20:51:04,원래 길드까지 1350인데 비욘드 패시브로 100 더해진 거니까,neutral,domain-lexicon-v1.1
2304,47879,999085,999085,2026-07-09 22:57:46,바보...?,neutral,domain-lexicon-v1.1
2304,47879,999114,999114,2026-07-10 12:16:01,'ᄋᄃ,neutral,domain-lexicon-v1.1
2304,47879,999118,999118,2026-07-10 12:47:58,검마 배율 숫자가 이상한데..,neutral,domain-lexicon-v1.1
2304,47879,999220,999220,2026-07-11 14:49:45,de,neutral,domain-lexicon-v1.1
2304,47879,999383,999383,2026-07-15 12:16:50,어차피 하이퍼스탯 사냥/보스 하나씩쓰고 한칸남아서 거기에 아케인포스찍고 검마용으로 쓰면됨,neutral,domain-lexicon-v1.1
2304,47901,999312,999312,2026-07-13 20:08:22,카레잠 싸게 사야하는데 글 내리쇼,neutral,domain-lexicon-v1.1
2304,47901,999321,999321,2026-07-14 04:48:24,마법사 미트라가 꿀통임 수요도 많아서 그냥 노작 30억대 사서 카레잠바르면 60억이고 카레잠+카유에잠 바르면 85억ᄏᄏ 최저가로 올리면 바로바로 팔리고 카레잠+카유에잠 가포해서 20~30억대로 팔아준다? 팔아주는사람만 있으면 돈이 복사되는 창조경제라는거임,neutral,domain-lexicon-v1.1
2304,47901,999329,999321,2026-07-14 10:12:50,근데 궁금한게 이건 먹튀 없나요?,neutral,domain-lexicon-v1.1
2304,47901,999335,999321,2026-07-14 13:16:11,@대익 없을수가있노 ᄏᄏ,neutral,domain-lexicon-v1.1
2304,47901,999336,999321,2026-07-14 13:16:53,@재일교포4세 그쵸? 개무섭네요,neutral,domain-lexicon-v1.1
2304,47901,999567,999321,2026-07-17 14:32:52,@대익 먹튀가 어떻게 있음 본인이하는건디..,neutral,domain-lexicon-v1.1
2304,47901,999574,999321,2026-07-17 16:15:31,@안생못 비싼 노작 줬는데 그거 먹고 나르면 그게 먹튀지요,neutral,domain-lexicon-v1.1
2304,47901,999328,999328,2026-07-14 09:31:46,왜케올랏냐 크주주 30억에 던졌는데,neutral,domain-lexicon-v1.1
2304,47901,999512,999512,2026-07-16 20:11:27,글내려,neutral,domain-lexicon-v1.1
2296,184350,685281,685281,2026-07-16 17:25:19,이번에는 발칸중 사용만 말해야징,neutral,domain-lexicon-v1.1
2296,184350,685285,685281,2026-07-16 17:26:36,아델은 해줬던데 왜 우린 ᄉᄇ..,neutral,domain-lexicon-v1.1
2296,184350,685331,685281,2026-07-16 17:50:56,구조개선사항만 ᄌᄂ 보냈는데,neutral,domain-lexicon-v1.1
2296,184496,685503,685503,2026-07-16 20:05:30,재규어나 돌러줬으면,neutral,domain-lexicon-v1.1
2296,184496,685516,685516,2026-07-16 20:10:27,그럼 당연하게 생각하고 와헌버려야되나요. 원래그랬으니까. 재밋게 키우고잇는데 이게무슨소리지 ᄏᄏ,neutral,domain-lexicon-v1.1
2296,184496,685522,685516,2026-07-16 20:15:23,이번은 다르겠지하고 문의나 넣어야지뭐,neutral,domain-lexicon-v1.1
2296,184496,685527,685516,2026-07-16 20:17:04,@리와와 할수잇는게 그거밖에 없긴하죠..계속 건의 해볼려고요,neutral,domain-lexicon-v1.1
2296,184496,685752,685752,2026-07-17 12:11:35,응애,neutral,domain-lexicon-v1.1
2296,184533,685613,685613,2026-07-16 22:30:15,드로우백도 온오프 맘대로 안될거같은데,neutral,domain-lexicon-v1.1
2296,184533,685615,685615,2026-07-16 22:44:03,쓰던 필터키 끄고 테섭 필터키 켰을 때 드로우백 사용감은 생각보다 괜찮아서 문제가 없을 것 같았는데 리프는 확실히 아무리 짧게 눌러도 표식 생성에 텔포까지 한번에 사용되네요. 희한하군요...,negative,domain-lexicon-v1.1
2296,184533,685617,685617,2026-07-16 22:50:39,드로우백은 쓰는데 문제 없었어요! 보스 잠깐 쳐봤을땐 쟤만 그러네요.. 쟤만 따로 빼줄수도 없을거같고.. 흠..,negative,domain-lexicon-v1.1
2296,184442,685397,685397,2026-07-16 18:35:26,5초뚝 리레5렙이면 후오리진으로 딜사이클 바뀌어서 괜찮음,neutral,domain-lexicon-v1.1
2296,184442,685601,685601,2026-07-16 22:03:25,블룸 재사용시 무적10초는 필요하다고 생각 ᅮᅮ 극딜중무적이 좋아서 시작한건데 ᅮᅮ바인드패치를...,neutral,domain-lexicon-v1.1
2296,184549,685680,685680,2026-07-17 04:40:37,ᅨ,neutral,domain-lexicon-v1.1
2296,184426,685372,685372,2026-07-16 18:21:30,그만한 재화써서 강화하면 딜은 스인미인데 평딜 중지하면서 까지 써야하는게 '신규 6차 스킬' ᄏᄏ,neutral,domain-lexicon-v1.1
2296,184426,685460,685460,2026-07-16 19:25:23,"아무리 생각해도 리마스터 담당 팀이랑, 스킬 개발 팀이랑 교류가 전혀 없는듯... 스킬 개발자들은 ᄌᄂ 겜안분이라 각 직업이 뭘 필요로 하는지도 모르는거같고",neutral,domain-lexicon-v1.1
2296,184298,685236,685236,2026-07-16 17:06:58,절대 스프를 집어!!,neutral,domain-lexicon-v1.1
2296,184298,685279,685236,2026-07-16 17:24:21,스프 등 타수 많은 스킬을 집는게 중요하더라구요 ᄏᄏᄏ 진짜 중요,neutral,domain-lexicon-v1.1
2296,184298,685609,685609,2026-07-16 22:22:37,"배율 97.5까지 올리고 타수높은 스킬 많이 집고 , 어센틱 초기화 안나와서 깻습니다.. 조언 감사합니다",positive,domain-lexicon-v1.1
2296,184445,685484,685484,2026-07-16 19:50:27,근데 60초 아네모이 있는데 60초로 나온건 ᄌᄂ의외임 난 당연히 120초 나올줄알았음 극딜이 크리인 버프스킬인게좀 ᄏᄏᄏ,neutral,domain-lexicon-v1.1
2296,184463,685552,685552,2026-07-16 20:34:47,신규1렙 뚫는거 최종뎀 0.6%인가 올라가는거라 100억당 효율보면 환산 사이트 기준 헥사 여는거 한참 뒤라 헥환4.9에게는 안찍는게 맞음,neutral,domain-lexicon-v1.1
2296,184463,685576,685552,2026-07-16 21:12:23,후... 얼마나 심각하려나 봣는데 이정도일줄은 ᄏᄏ,negative,domain-lexicon-v1.1
2296,184548,685683,685683,2026-07-17 05:18:35,5초씀,neutral,domain-lexicon-v1.1
2296,184548,685782,685782,2026-07-17 14:15:54,거의 엔드급이지 ᄋᄋ,neutral,domain-lexicon-v1.1
2296,184345,685272,685272,2026-07-16 17:21:29,쿨뚝 파티갈때는 확실히 메리트 있긴함 ᄏᄏ,neutral,domain-lexicon-v1.1
2298,224608,766870,766870,2026-07-13 22:03:37,"아쉬운건 크게 없고, 굳이 따지자면 범위정도?",neutral,domain-lexicon-v1.1
2298,224608,766871,766871,2026-07-13 22:10:31,카퓨처럼 후속타 증발 문제정도? 듀블할때 맥뎀막힌다고 타수분할쳐해두고 텔하면 연격 다 증발했는데 불안하네요,negative,domain-lexicon-v1.1
2298,224608,766931,766871,2026-07-14 01:54:39,"긴 쿨이면 큰 문제긴 한데, 짧쿨이라 크게 쌔진 않을거 같아서 평딜하다 끊긴느낌으로 넘어갈것 같긴하네요.",negative,domain-lexicon-v1.1
2298,224608,766920,766920,2026-07-14 01:05:25,전 포톤보기도 바쁜데.. 레일까지 계산한다고 생각하니 너무 별로라고 생각이 들던데.. 무튼 2차테섭 때 좀 더 보완해서 잘 나왔으면 좋겠습니다..,neutral,domain-lexicon-v1.1
2298,224608,766930,766920,2026-07-14 01:51:58,제 관점은 포톤쪽을 손보는게 맞다고 보네요. 어찌보면 사출형 스킬인데 15발의 조준점이 채워질때까지 기다려야 하는 기형적인 구조라 보네요. 스킬은 점점 늘어나면서 캐릭터가 쌔지는 수직적 방향이면 새로운 스킬의 관점을 두고 퍼즐을 맞츤기 위해서는 구 스킬들의 구조를 고치는게 맞다고 봐요. 차라리 레일건이랑 똑같이 15초 쿨의 15발 즉발로 고치던가 아니면 포톤을 삭제하고 다른 스킬이 들어서는게 맞는거 같네요.,neutral,domain-lexicon-v1.1
2298,224608,766932,766932,2026-07-14 01:59:31,"저격 끊고 써야하는게 여간 불편한듯. 쿨마다 바로바로 돌려야하는데, 패턴이랑 겹칠때 쿨돌면 애매함",negative,domain-lexicon-v1.1
2298,224608,766938,766938,2026-07-14 02:38:45,주기가 짧아져서 족쇄 느낌,neutral,domain-lexicon-v1.1
2298,224628,766991,766991,2026-07-14 11:37:05,해방무기 윗잠 정옵 아랫잠 두줄 칠흑제외 악세 21 에테장갑 레에 크뎀 1줄 올올 있으면 도움되,neutral,domain-lexicon-v1.1
2298,224628,766992,766991,2026-07-14 11:38:04,참고 : 제논은 별이깡패임,neutral,domain-lexicon-v1.1
2298,224628,767089,766991,2026-07-14 19:34:02,@농냑 스타포스로 올라가는 합스탯 수치 효율이 좋아서 그런건가요?,neutral,domain-lexicon-v1.1
2298,224628,767090,766991,2026-07-14 19:34:58,@멀바팍시 네 맞습니다,neutral,domain-lexicon-v1.1
2298,224628,767095,766991,2026-07-14 19:37:17,@농냑 질문 하나해도 될까요 10만급 데티카링 급 천천히 보고있는데 그럼 22아케인+18에테 모상하가 18에테 풀셋보다 나을까요?,neutral,domain-lexicon-v1.1
2298,224628,767096,766991,2026-07-14 19:43:32,"@멀바팍시 네 제가 그리하고있는데요, 모상하견 에테로 가시고 샤타때 별좀 달아보시고 장신망 22 아케인 윗줄정옵 아래 레유 2줄, 칠흑 9,10셋 22,21섞고 290 심볼만렙정도면 10만언저리나오실거에요. 플라즈마 돈쓰지마시고 바로 18언컨 쌍레로가시는게 좋습니다.",neutral,domain-lexicon-v1.1
2298,224628,767097,766991,2026-07-14 19:45:04,@농냑 아 장신구는 가능하면 윗잠 996들구요세요,neutral,domain-lexicon-v1.1
2298,224628,767098,766991,2026-07-14 19:49:17,@농냑 감사합니다! 템 참고하고싶은데 혹시 쪽지로라도 닉 가능하실까요?,positive,domain-lexicon-v1.1
2298,224628,767099,766991,2026-07-14 19:54:05,@농냑 제논이 바로살 매물이없어서 매물있으면 사는게좋아요. 저는 없어서 그냥 윗잠들구와서 다만들었습니다. 아케인도 저살땐 무슨 22성정옵 아래 2줄이 570억 이래서 18성 쌍레매물가져와서 별 직접달았어요,positive,domain-lexicon-v1.1
2298,224628,767102,766991,2026-07-14 20:10:10,@멀바팍시 쪽지보내드렸습니다,neutral,domain-lexicon-v1.1
2298,224628,767103,766991,2026-07-14 20:10:31,@농냑 감사합니다 형님,positive,domain-lexicon-v1.1
2298,224742,767425,767425,2026-07-16 12:43:02,오파츠코드랑 레투다 커맨드 하셨는지 확인해보셔요..저도 해골물 마셨었어요ᄏᄏᄏᄏᄏ,neutral,domain-lexicon-v1.1
2298,224742,767723,767425,2026-07-16 21:27:17,앗.. 확인해보겠습니다 !,neutral,domain-lexicon-v1.1
2298,224742,767548,767548,2026-07-16 18:02:46,로켓시스템 온오프 확인 ᄀᄀ,neutral,domain-lexicon-v1.1
2298,224742,767724,767548,2026-07-16 21:27:41,맨날까먹고 뒤늦게 키는..,neutral,domain-lexicon-v1.1
2298,224742,767590,767590,2026-07-16 18:41:43,"1. 오파츠코드를 준극딜, 극딜 시퀀스에 넣어놨는지 2. 레투다 커맨드를 잘 사용중인지 3. 포톤레이를 최소 레투다에 1번이라도 집어넣는지 4. 역장 및 융합을 몹이 움직였을때 재설치 혹은 설치된곳에 유인을 잘 하는지 5. 로켓시스템 온오프가 켜져있는지 6. 보스 돌기전 주사위 5번고정을 했는지",neutral,domain-lexicon-v1.1
2298,224742,767725,767590,2026-07-16 21:27:59,감사합니다!,positive,domain-lexicon-v1.1
2298,224811,767612,767612,2026-07-16 18:59:15,이거 효율 좀 받으려면 트포메 레벨부터 올리는게 중요하겠죠??,neutral,domain-lexicon-v1.1
2298,224811,767623,767612,2026-07-16 19:05:31,밸류나 구조가 바뀐건 아니라 그냥 업뎃되는 환산 헥사코어 순서 따라가면 될듯여,neutral,domain-lexicon-v1.1
2298,224811,767650,767650,2026-07-16 19:26:50,오 후속타를 패치해주네요,neutral,domain-lexicon-v1.1
2298,224811,767662,767662,2026-07-16 19:32:36,저격이펙트는 투명도 적용 여전히 안되나요?,neutral,domain-lexicon-v1.1
2298,224811,767665,767662,2026-07-16 19:34:35,아쉽게도 그건 패싱됐네요,negative,domain-lexicon-v1.1
2298,224811,767722,767722,2026-07-16 21:24:01,오 에임이펙트 살았다,neutral,domain-lexicon-v1.1
2298,224811,767899,767899,2026-07-17 14:12:45,저격 조준 이펙트 투명도 좀 ᅲ,neutral,domain-lexicon-v1.1
2298,224735,767397,767397,2026-07-16 09:36:59,컴플,neutral,domain-lexicon-v1.1
2298,224735,767484,767484,2026-07-16 16:21:52,직작으로 뽑은게 있다는것도 신기하네요 ᄃᄃ 올3줄은 매물도 별로없던데,neutral,domain-lexicon-v1.1
2298,224735,767593,767593,2026-07-16 18:48:11,와 맛있다 ᄏᄏᄏᄏᄏ,neutral,domain-lexicon-v1.1
2298,224735,767604,767604,2026-07-16 18:54:55,잠재 맛도리,neutral,domain-lexicon-v1.1
2298,224735,767995,767995,2026-07-17 21:00:26,개추..,neutral,domain-lexicon-v1.1
2298,224847,767752,767752,2026-07-16 22:55:23,윗잠 2초1초 덱or힘이 다른직업 2초1초잡이라 싸게 올라와서 그런 거 줍는 것도 좋더라고요,neutral,domain-lexicon-v1.1
2298,224847,767754,767752,2026-07-16 22:56:05,그냥 윗잠 3초+에디에픽으로 타협이 맞을까,neutral,domain-lexicon-v1.1
2298,224849,767762,767762,2026-07-16 23:18:19,공공방 쓸 듯,neutral,domain-lexicon-v1.1
2298,224849,767778,767778,2026-07-16 23:42:15,8~10만 보는거면 어차피 방무 지워야함요,neutral,domain-lexicon-v1.1
2298,224849,767792,767792,2026-07-17 00:35:10,무조건 이탈,neutral,domain-lexicon-v1.1
2298,224849,767795,767795,2026-07-17 00:54:13,감사합니다 후자골랐어용,positive,domain-lexicon-v1.1
2298,224669,767116,767116,2026-07-14 21:13:09,스킬을 제발 읽어주셈...,neutral,domain-lexicon-v1.1
2298,224669,767117,767116,2026-07-14 21:14:08,"6차받고 아예설치기로 바뀐줄알았어요.. 딜차이 많이나죠,,?",neutral,domain-lexicon-v1.1
2298,224669,767121,767116,2026-07-14 21:44:58,@Ggugi 생각보다 크긴할듯?,neutral,domain-lexicon-v1.1
2298,224669,767135,767135,2026-07-14 22:35:56,총딜량으로 보면 3% 정도 손해아닐까여,neutral,domain-lexicon-v1.1
2298,224699,767258,767258,2026-07-15 14:02:30,메이플 공식 저점 완화 = 딜 너프.. 무섭긴하지,negative,domain-lexicon-v1.1
2298,224699,767285,767285,2026-07-15 17:02:35,1리레 2포톤이 안됨. 아란하다 넘어왔는데 1리레 2헌터즈 시절하다가 개화월영 때 그거 없애고 딜 박살내서 접었었움,neutral,domain-lexicon-v1.1
2298,224699,767286,767285,2026-07-15 17:03:28,"지금 1리레 2포톤을 뭐 포톤 즉발로 바꿔서 안되게 하면, 딜 보정이 있을까요? 그냥 데미지는 현상 유지 급일 가능성이 농후함 ᄏᄏ",neutral,domain-lexicon-v1.1
2298,224699,767369,767369,2026-07-16 02:50:44,포톤 사용감 개선을 명분으로 1레 2포 막으면 제논 체급과 동시에 쿨뚝도 다같이 죽는건가,neutral,domain-lexicon-v1.1
2294,457576,1753351,1753351,2026-07-16 18:18:31,도와드리고 싶은데 어디로 가면 될까요?,neutral,domain-lexicon-v1.1
2294,457576,1753354,1753351,2026-07-16 18:18:49,테섭 몇이세요?,neutral,domain-lexicon-v1.1
2294,457576,1753359,1753351,2026-07-16 18:19:59,"@목포해상딸배 1,2 둘다 있습니다! 편하신 서버 말씀해주세용",neutral,domain-lexicon-v1.1
2294,457576,1753369,1753351,2026-07-16 18:21:48,@개벌레정식 앗 넵 잠시만요,neutral,domain-lexicon-v1.1
2294,457576,1753370,1753351,2026-07-16 18:23:38,@목포해상딸배 넵 천천히 하셔요,neutral,domain-lexicon-v1.1
2294,457576,1753397,1753351,2026-07-16 18:30:08,@개벌레정식 태섭2 3채 대적자 앞에 있겠습니다!,neutral,domain-lexicon-v1.1
2294,457576,1753462,1753462,2026-07-16 18:52:12,결과 알려주세요,neutral,domain-lexicon-v1.1
2294,457576,1753464,1753462,2026-07-16 18:52:44,쉐레 크바 둘다 몸박가드 됩니다 이따 자게랑 직게에 올릴려고요,neutral,domain-lexicon-v1.1
2294,457684,1753531,1753531,2026-07-16 19:18:51,연타유저면 쏘쏘 꾹연계유저면 매우 체감 크죠,neutral,domain-lexicon-v1.1
2294,457684,1753545,1753531,2026-07-16 19:23:09,출시 유저라 지금까지 연타로 했는데 연타도 쏘쏘면 이번 공식지원기능,neutral,domain-lexicon-v1.1
2294,457684,1753546,1753531,2026-07-16 19:23:17,@루엔 써볼만 하겠네요,neutral,domain-lexicon-v1.1
2294,457684,1753552,1753531,2026-07-16 19:24:12,@루엔 저도 연타유저인데 필터키 쓰고 있었어요 꾹연계가 좋다는건 알아도 바꾸기가 쉽지않더라고요 조택캔슬이나 캔슬할때 뻑뻑한거 조금씩 나아져서 한번 써보는게 좋을듯,positive,domain-lexicon-v1.1
2294,457684,1753590,1753531,2026-07-16 19:37:20,@도깨비비 그럼 고점뽑기는 필터키 사용하는 꾹연계인건가요?,neutral,domain-lexicon-v1.1
2294,457684,1753592,1753531,2026-07-16 19:38:46,@루엔 그렇다기보단 꾹연계가 선입력타이밍잡기가 쉬운 걸로 알고 있고 손피로도가 적으니까요 아무래도 장인분들도 꾹연계 사용하는 사람이 많은 걸로 알긴해요,neutral,domain-lexicon-v1.1
2294,457684,1753625,1753531,2026-07-16 19:49:27,@도깨비비 말씀감사합니다 역시 직접 써보고 손에 맞는걸로 하는게 정답일거같군요,positive,domain-lexicon-v1.1
2294,457684,1753567,1753567,2026-07-16 19:29:11,원래 연타하다가 필터키 맛보자마자 꾹으로 넘어갔음,neutral,domain-lexicon-v1.1
2294,457684,1753577,1753567,2026-07-16 19:32:26,공식 필터키나오면 써봐야겠네요,neutral,domain-lexicon-v1.1
2294,457684,1754054,1754054,2026-07-17 06:48:14,궁금한게 연타하시는 분들은 알파 극딜때 윈윈스윈윈스윈윈스윈윈스 12번을 다 연타로 누르는 거에요?,neutral,domain-lexicon-v1.1
2294,457743,1753780,1753780,2026-07-16 21:03:45,ᄅᄋ 지가 뭔데 타직업 직게를 통제하려고 하지. 같은 직업끼리 그런말 해도 욕을 한바가지 먹을텐데,neutral,domain-lexicon-v1.1
2294,457743,1753810,1753780,2026-07-16 21:27:12,ᄅᄋ,neutral,domain-lexicon-v1.1
2294,457743,1753784,1753784,2026-07-16 21:05:39,뭔일?,neutral,domain-lexicon-v1.1
2294,457743,1753812,1753784,2026-07-16 21:27:20,진짜가 왔다갔서,neutral,domain-lexicon-v1.1
2294,457743,1753842,1753784,2026-07-16 21:54:56,제로 직게에서 신스킬 이펙트 여론 안 좋은거 걸고 넘어지면서 발작 일으키더라 별 것도 아닌걸로 징징거리지 말라면서... ᄏᄏ,neutral,domain-lexicon-v1.1
2294,457743,1753850,1753850,2026-07-16 22:06:49,분탕인줄 알았는데 그게 진심이였던겨??,neutral,domain-lexicon-v1.1
2294,457743,1753866,1753850,2026-07-16 22:32:12,답글 다는거보니까 똑똑한거같진않고 진심일 가능성이 높음,neutral,domain-lexicon-v1.1
2294,457743,1753944,1753944,2026-07-16 23:49:24,이펙트때문에 9000주차했는디ᄋᄋ,neutral,domain-lexicon-v1.1
2294,457778,1753845,1753845,2026-07-16 22:02:18,무릉에서 전분키고 어시스트 스킬횟수 보면서연습하시면 될듯요,neutral,domain-lexicon-v1.1
2294,457778,1753852,1753845,2026-07-16 22:08:44,어시스트 한 번 당 2회씩인가요?,neutral,domain-lexicon-v1.1
2294,457778,1753861,1753845,2026-07-16 22:29:07,@Laughnow 기억나는 거로는 알파로 베타어시뽑을때 기가크래시는 1회당 1번 점프는 1회당 2번 어스는 타수확인은 안되는걸로 알아요 베타로 알파어시는 웬만하면 다 나올거라서,neutral,domain-lexicon-v1.1
2294,457778,1753896,1753845,2026-07-16 23:00:00,@힘개미 답변 감사합니다!,positive,domain-lexicon-v1.1
2294,457778,1753860,1753860,2026-07-16 22:28:53,영상하나 올리면 여기 형님들이 잘 봐주심,neutral,domain-lexicon-v1.1
2294,457778,1753895,1753860,2026-07-16 22:59:36,메이린 잡을 때 한 번 녹화해봐야겠네요,neutral,domain-lexicon-v1.1
2294,457599,1753447,1753447,2026-07-16 18:47:01,저 0/70/1쓰는데 설정값 어느 정돈거 같나요,neutral,domain-lexicon-v1.1
2294,457599,1753455,1753455,2026-07-16 18:48:51,스칼쓸때만 적용인가요?? 반복수빨라져서 이제 마을에서 영약살때나 채팅이상하게 쳐지는거 안하려나요..?,neutral,domain-lexicon-v1.1
2294,457599,1753473,1753473,2026-07-16 18:54:46,스킬쓸땨만 적용이고 근데 필터키도 같이 쓰는게 좋을거같네요 계속 해보는데 0 100 1쓰는데 인게임만으로 하기엔 뭔가 씹히는 느낌이 강하네요,neutral,domain-lexicon-v1.1
2294,457599,1753589,1753473,2026-07-16 19:34:54,저도 뭔가 씹히는 느낌 있긴 한데 롤롤버에서만 가끔씩 들고 말아서 기분탓인가 아닌가 좀 헷갈림,neutral,domain-lexicon-v1.1
2294,457624,1753439,1753439,2026-07-16 18:44:21,같은 생각입니다,neutral,domain-lexicon-v1.1
2294,457624,1753457,1753457,2026-07-16 18:49:20,저도 같은생각입니다.. 신규 6차가 좋은 이펙트 다가립니다..,neutral,domain-lexicon-v1.1
2294,457772,1753836,1753836,2026-07-16 21:48:15,근데 진짜 진심으로 온오프 해줬으면 좋겠음,neutral,domain-lexicon-v1.1
2294,457772,1753877,1753877,2026-07-16 22:43:14,굴렁쇠 아예 삭제만 해도 될 듯,neutral,domain-lexicon-v1.1
2294,457772,1753958,1753958,2026-07-17 00:28:15,ᄅᄋ 이펙트하나로 제로하는데 이걸 통째로 조져버리네 멍청한것들 그냥 이펙트 삭제하라고 능력이안되면,neutral,domain-lexicon-v1.1
2294,457772,1754038,1754038,2026-07-17 04:05:14,ᄅᄋ 굴렁쇠 차라리 삭제 좀,neutral,domain-lexicon-v1.1
2294,457772,1754291,1754291,2026-07-17 14:36:33,차라리 굴렁쇠 없어도 괜찮은데 왜이럼,neutral,domain-lexicon-v1.1
2294,457556,1753355,1753355,2026-07-16 18:19:18,네 거기서 물약 살 때 100개사고 그러는거 없앤거죠,neutral,domain-lexicon-v1.1
2294,457659,1753849,1753849,2026-07-16 22:05:41,롤한번쓰고싶은데 롤2번나가는정도인가요?,neutral,domain-lexicon-v1.1
2294,457659,1753898,1753849,2026-07-16 23:01:48,넵 한번 누르면 롤롤이 나가집니다,neutral,domain-lexicon-v1.1
2294,457659,1753992,1753849,2026-07-17 01:26:09,@퀴진 오 감사합니다,positive,domain-lexicon-v1.1
