board_id,post_id,analysis_unit,title,published_at,source_url,selection_reason,views,recommendations,comment_count,analyzed_comment_count,comments_complete,body_sentiment,comment_reaction,intent,topic,confidence,evidence_terms,body_excerpt,model_version
2294,454525,adele,오랜만에 다시 하는데 많이 바꼈네요.. 이 방법맞나요?,2026-06-26 15:00:00+00:00,https://www.inven.co.kr/board/maple/2294/454525,comments,1791,0,16,16,True,neutral,positive,debate,밸런스·스킬,0.35,,1 ) 극딜 시퀀스 : 에픽 - 그여축 - 매직서킷 - 리스토어 - 인피 - 바오스 - 스톰 - 리레 - 엔버 준극 시퀀스 : 엔버 - 스톰 + @ 2 ) 오리진때 테리토리 깔고 시퀀스 쓴다음에 게블쓰고 루인 + 마커 쓰고 오리진 쓰고 평딜하다가 게블? 2분극딜때 테리토리 깔고 시퀀스 쓴다음에 게블쓰고 루인 + 마커 쓰고 반복 준극때 테리토리 깔고 시퀀스 쓴다음에 게블쓰고 루인 + 마커 쓰기 평딜땐 테리토리 깔면서 게블 쿨돌때마다 쓰기 뭔가 많이 바껴서 헷갈리네요... 제가 알던건 오더 죽거나 페이지 넘어가면 초기화되고 시퀀스에 원래 스톰이 들어갔었나..? 그리고 리스토어에서 이제 공짜로 2개도 주고 많이 바뀐거같네요..,domain-lexicon-v1.1
2294,455495,adele,익검 3페 67%영상,2026-07-06 15:00:00+00:00,https://www.inven.co.kr/board/maple/2294/455495,comments,1133,0,17,17,True,neutral,negative,information,밸런스·스킬,0.35,,https://youtu.be/tdhEOqXztuA?si=4cGooX-FPdSM7h6t 피드백할거있음 해주십셔 검마는 개초보일때 딜찍으로잡고 제대로빡세게연습한적이없기도한데 후딜이하도심해서 싸다구피하기힘드네요 파괴최대한먹여서 딜함,domain-lexicon-v1.1
2294,455560,adele,"아델 극딜,준극딜,평딜 정확히 이거 맞나여?",2026-07-06 15:00:00+00:00,https://www.inven.co.kr/board/maple/2294/455560,comments,1270,0,15,15,True,positive,positive,question,밸런스·스킬,0.6,감사,준극딜 시퀀스 : 스톰 / 엔버 / 부스터 헤카테 감응 : 스톰 극딜 : 시퀀스 - 강디바 - 루인 - 마커 - 게블 - 테리토리 - 오리진 - 강디바 - 게블 준극딜 : 시퀀스 - 루인 - 마커 - 게블 - 테리토리 평딜 : 그냥 디바이드 때리면서 쿨마다 게블 테리토리 이렇게만 하고 있는데 이게 맞죠? 그리고 궁금한 게 루시드 3페에서 그레이브 먹여야 하나요? 어차피 루시드 바로 앞에서 극딜하니까 게블 안 빗나가서 괜찮지 않나요 그레이브 스킬을 아직 잘 모르겠네요 ᅲᅲ 위 극딜 준극딜 평딜은 유튜브 보고 배워온 건데 혹시 제가 지금 뭘 잘못하고 있다면 알려주시면 감사하겠습니다 ᄒ ᄒ,domain-lexicon-v1.1
2294,456676,adele,키다운 받아들이고 지금은 키다운 시간 줄여달라 문의할 때,2026-07-09 15:00:00+00:00,https://www.inven.co.kr/board/maple/2294/456676,comments,1362,1,17,17,True,neutral,neutral,request,밸런스·스킬,0.35,,지금은 몇 번을 해봐도 무조건 1리레 2게더블 안돼요. 2번째 게더링 후 블로섬 직전에 꺼집니다. 쿨뚝 높아서 게더블-오리진-게더블 가능해도 신스킬 막타에 리레가 안묻을 가능성이 있습니다. 다른 직업들도 보니까 극딜 스킬 받은 직업들 죄다 키다운이라서 키다운이 취소될 확률 없어요. 키다운 없애라 할 게 아니라 키다운 시간을 줄여달라고 문의해야 할 듯합니다. 현재: 290% ~ 500%(레벨당+7%p)로 10번 '35회'(최대 3.5초 키다운) 개선: 355% ~ 625%(레발당+9%p)로 10번 '28회'(최대 2.8초 키다운) 저는 이렇게 계속 문의 남기겠습니다.,domain-lexicon-v1.1
2294,456883,adele,무슨 생각으로 키다운을 준건지 이해가 안감,2026-07-11 15:00:00+00:00,https://www.inven.co.kr/board/maple/2294/456883,comments,3264,0,86,92,True,neutral,negative,debate,보스·전투,0.35,,"선해방무적, 선바인드 강제되거나 후바인드 쓰면 다음 극딜에 바인드 저항 겹쳐있음 바인드 저항에 키다운 박고있어야 하는 아이러니한 구조 탄생 보스 텔타면 막타 그대로 날아감 감응박고 키다운해도 감응시간 안에 강디바 루인 마커 게블 키다운 다 안들어감 구조적인 하자를 포함한 키다운을 해야하는데 꼴랑 최종뎀 2.9% 주는게 맞나 키다운 빼고 그냥 단일 스킬로 2%정도 받는게 바인드도 안꼬이고 맵패턴, 보스패턴에 취약하지도 않고 더좋을듯 무슨 생각으로 키다운 넣어둔거지 아델이 극딜때 쓸 스킬이 적은것도 아닌데",domain-lexicon-v1.1
2294,456357,adele,그래도 키다운은 에바 같아요,2026-07-08 15:00:00+00:00,https://www.inven.co.kr/board/maple/2294/456357,recommendations,2512,12,5,5,True,positive,neutral,request,밸런스·스킬,0.6,감사,배부른 투정일 수 있지만 그래도 정녕 키다운 포기하기 힘드시다면 제로 조택처럼 막타에 딜 몰아주세요 감사합니다 그리고 이펙트는 볼만해진거 같은데 막타 차징했다가 발사하는 시늉을 하거든요 그런데 뒤로 갔다가 앞으로 가는 모션에서 관성이 하나도 안느껴져서 무슨 싸구려게임 통나무 발사모션 같습니다 수정좀 부탁드릴게요,domain-lexicon-v1.1
2294,456674,adele,연말 데티2차 예정인데 키다운 패치 필요하다고 생각해요,2026-07-09 15:00:00+00:00,https://www.inven.co.kr/board/maple/2294/456674,recommendations,883,6,10,10,True,negative,mixed,request,밸런스·스킬,0.75,문제 · 아쉽,"빌런 한분 때문에 아델 자체가 비호감 직업이 되어 정상적인 의견조차 묵살되는 분위기가 생긴것도, 3.5초 키다운에 최종뎀 2.97% 받은걸로 단두대 올라간것도 어이없네요 팡x님도 ""점유율 4% 나오니까 닥치고 있어라"" 하시는거 봤는데 개인적으로 발언이 참 아쉽다고 생각드네요 문제는 키다운이라는 구조적 리스크를 전혀 고려하지 않는다는 것 같고 그 발언 하나가 메벤 30추 올라가면서 아델 유저들이 의견 내는 것 자체를 묵살해버린 느낌입니다 신스킬이 추가타 형식이거나 버튼 한 번만 누르는 극딜 스킬이었다면 3% 정도 상승도 납득할 수 있겠는데, 아델은 극딜 중에도 눌러야 할 스킬이 많은 직업이고, 3.5초 동안 키다운을 하는 동안 디바이드 손실도 생깁니다. 강화 디바이드의 쿨타임을 조절할 수 없으니 그 3.5초 키다운에 강화 디바이드가 들어갈 수도 있는거구요. 헤카테 바인드 안에 시퀀스, 테리토리, 루인, 마커, 게블, 강디바, 키다운이 전부 들어가는 것도 아니고, 선오리진 후바인드로 바",domain-lexicon-v1.1
2294,456683,adele,체급은 돌고 돌지만 구조적 결함은 평생 갑니다,2026-07-09 15:00:00+00:00,https://www.inven.co.kr/board/maple/2294/456683,recommendations,986,4,0,0,True,positive,neutral,praise,밸런스·스킬,0.6,좋다,키다운 3.5초지만 딜이 괜찮게 나왔으니 좋다 - 라는 얘기가 있던데 공감하기 어렵습니다 체급은 돌고 돌지만 구조적 결함은 평생 갑니다,domain-lexicon-v1.1
2294,456764,adele,"(장문) 아델 신스킬 이펙트, '이렇게' 바꾸면 어떨까요?",2026-07-10 15:00:00+00:00,https://www.inven.co.kr/board/maple/2294/456764,recommendations,2123,13,12,12,True,mixed,neutral,request,밸런스·스킬,0.95,기대 · 감사 · 문제 · 부족 · 아쉽,"인벤 눈팅만 하다가 이번 신스킬의 성능과 무관하게, 오로지 이펙트에 대한 의견이 있어 다른 분들의 생각은 어떤지 궁금해 가입하게 되었습니다. 먼저 저는 아델 출시부터 메이플을 시작해 지금까지 아델을 본캐로 키우고 있습니다. 다만, 복귀와 휴식을 반복해 스펙 자체는 높지 않은(1억따리) 라이트 유저입니다. 여러분보다 아는 것이 분명 적을 테니, 반박 시에는 의견을 겸허히 수용하겠습니다. 제가 처음 아델을 시작한 건 사기적인 성능도 좋았지만, 이펙트가 너무 마음에 들었던 이유가 가장 컸습니다. 신 5차 스톰 출시 때도 많은 분이 이펙트에 의문을 가졌지만, 저는 연출의 문제일 뿐 컨셉 자체는 나쁘지 않다고 생각하여 개인적으로는 수용하며 넘어갔습니다. 그러나 이번 신스킬은 연출과 컨셉 모두 과연 괜찮은 것인지 의문이 듭니다. 현 아델의 대부분 스킬은 고유의 컨셉을 충실히 표현했다고 생각합니다. 하늘에서 장검을 내려꽂는 컨셉: 루인, 어센트 수많은 검이 일제히 적에게 꽂히는 컨셉: 인피니트,",domain-lexicon-v1.1
2294,455767,adele,3.5초동안 꾹 누르는 건 아닌듯?,2026-07-08 15:00:00+00:00,https://www.inven.co.kr/board/maple/2294/455767,views,3670,0,7,7,True,neutral,positive,information,커뮤니티,0.35,,최대 3.5초누를수 있다지 실제론 1초만 누르면 될듯? 최대 공격 다하면 알아서 꺼진대,domain-lexicon-v1.1
2294,455945,adele,아델 신규 스킬 패시브 능력이 있다는데?,2026-07-08 15:00:00+00:00,https://www.inven.co.kr/board/maple/2294/455945,views,3284,0,2,2,True,neutral,neutral,debate,밸런스·스킬,0.35,,맞나요?,domain-lexicon-v1.1
2294,455954,adele,신 스킬 최대 키다운은 2.8초로 예상됩니다,2026-07-08 15:00:00+00:00,https://www.inven.co.kr/board/maple/2294/455954,views,3356,4,9,9,True,neutral,neutral,information,밸런스·스킬,0.35,,최대 35회 공격인데 어택 딜레이가 80ms입니다,domain-lexicon-v1.1
2294,456142,adele,신규 스킬 5:35 전분 4.03%,2026-07-08 15:00:00+00:00,https://www.inven.co.kr/board/maple/2294/456142,views,3418,4,2,2,True,neutral,positive,debate,밸런스·스킬,0.35,,"최대 3.5초 키다운이지만 실제 타격 시 좀 더 일찍 끝남 인겜에서 전분 키고 써보면 2초 후반대 https://www.inven.co.kr/board/maple/2294/455954?category=%EC%95%84%EB%8D%B8 데이터 상으로 80ms*35회 = 2.8초 30렙 기준 키다운 + 막타 = 175,000 + 262,470 = 437,470% 40 : 60 비교 - 마커(풀강, 그레이브o) 482,064% 0.9마커 = 1뤼페 그럴일은 거의 없겠지만 너무 멀리서 쓰면 막타 일부 안들어감 (소형몹 기준) ================================================================== 극딜 3사이클 5:35 전분 5초뚝, 리6/컨5, 일필x 1오리진, 1스인미/크오솔, 3극/3준극 1극당 테리 4회, 게블 11회 사용",domain-lexicon-v1.1
2298,221628,angelic_buster,챌섭 엔버 어떤가용?,2026-06-05 15:00:00+00:00,https://www.inven.co.kr/board/maple/2298/221628,comments,2385,0,18,18,True,positive,positive,praise,밸런스·스킬,0.6,감사,"엔버 or 라라 고민중입니다... 일단 챌섭 찍먹용이긴 한데 맘에 들면 본캐까지 하고싶어가지고 고민이 좀 되네요.. 이전에 키웠던 직업은 히어로,캐슈,렌,메르 입니다. 엔버 장단점 한번씩 얘기해주시면 정말 감사하겠습니다..! 좋은하루되세용",domain-lexicon-v1.1
2298,222274,angelic_buster,엔젤릭 버스터 구조 개선 기원 잠시 중단할게요,2026-06-15 15:00:00+00:00,https://www.inven.co.kr/board/maple/2298/222274,comments,1880,6,16,16,True,neutral,positive,request,커뮤니티,0.35,,챌섭 유입분들이 들어오려다가 보고 도망칠 것 같아서 잠시 중단할게요... 다들 행복한 메생 되세요,domain-lexicon-v1.1
2298,222916,angelic_buster,환산 123660 데티림보 클리어(간단한 공략글 + 영상),2026-06-21 15:00:00+00:00,https://www.inven.co.kr/board/maple/2298/222916,comments,937,7,18,16,False,positive,positive,information,보스·전투,0.6,최고,"0.2퍼도 한번 봐주고 담판 바로 막준극 여유컷 했습니다. 어떻게든 12.3으로 깨보려고 이것저것 시도해봤는데, 3페 남은 체력 3퍼대가 최고점이라 결국 승복하고 불멸의 유산 적당한 거 사서 12.36으로 깼습니다. 1페 : 3극 + 1.5어센트 2-1 : 2극 + 0.5어센트 2-2 : 2극 (7극때 오리진안씀) 3페 : 4극(오리진 극딜 극딜 오리진) + 1어센트 조금 더 여유롭게 클리어 하고 싶으면 1-2 잠복 타이밍 맞을 때까지 무한리트 하시면 되겠습니다. 잠복 타이밍이 뭐냐면 첫 1-2 입장하고 림보가 쓰는 패턴이 잠복이 아닌 다른 패턴(보통 악몽 많이씀) -> 잠복 입니다. 이렇게 하면 5초뚝 기준으로 다음 잠복도 스틱스로 캔슬 가능해서(준극하고 아다리가 정확히 맞음) 잠복 딜로스를 전부 해결할 수 있습니다. 2-1은 그냥 무난히 하면 되고 2-2는 3페에서 침식수치 부담을 덜기 위해 살짝 평타 딜로스가 나더라도 최대한 침식을 세이브하는 방향으로 플레이 하는 것이 좋은 것",domain-lexicon-v1.1
2298,224230,angelic_buster,엔버 테섭 후기 (신규스킬+그여축패치),2026-07-08 15:00:00+00:00,https://www.inven.co.kr/board/maple/2298/224230,comments,3683,0,12,12,True,neutral,positive,information,밸런스·스킬,0.35,,"테섭 전분입니다. 1.신규스킬 미개방, 기존처럼 일반극딜때 그여축 재사용터지면 사용X 2.오리진 극딜때 컷신 끝나자마자 스킬가속받고 엔버링크만 누름 3. 스오솔X 4. 트리니티 599회에 시커 12200회면 튀지않는 정상적인 범주라서 1트만 했습니다. 5. 리5컨5 5초뚝 신규스킬 30렙후, 엔버링크 안끊기게 굴린전분 얘는 2트함 팝핑 하트인가 1.49%/1.51% 나왔고 트리 횟수도 590회 동일 소시엑차이가 300회정도 차이인데 오염된 자료는 아닌거 같아요 최종뎀 5%가량 상승했습니다 신규스킬 자체는 솔직히 별론데, 그여축 정상화가 더 쎄네요 테섭이라 엔버링크가 살짝 고평가돼서 5.15% 정도 나오는데 본섭와도 4%대 후반은 찍히지 않을까 싶네요 다음 패치도 쎄게 받으면 좋겠네요 3줄요약 1. 이번패치는 신규코어패치가아니라 그여축패치다 2. 엔버링크 잘누르자 3. 파이팅",domain-lexicon-v1.1
2298,224646,angelic_buster,근데 이번 신스킬 스택쌓고 재사용 하는거,2026-07-13 15:00:00+00:00,https://www.inven.co.kr/board/maple/2298/224646,comments,1186,7,23,21,False,neutral,negative,complaint,밸런스·스킬,0.35,,이번에 레테 신규 6차는 스택 다 털면 자동으로 나가고 렌 5차 망혼각성인가 그거 막타도 자동으로 나가는데 우리는 왜 수동으로 해야되는걸까요 ᅳᅳ..,domain-lexicon-v1.1
2298,224167,angelic_buster,진지하게 트퓨 그여축에 터져야함 형평성 너무 어긋남,2026-07-08 15:00:00+00:00,https://www.inven.co.kr/board/maple/2298/224167,recommendations,1582,14,2,2,True,neutral,neutral,information,밸런스·스킬,0.35,,그여축 55%이던게 패널티 없이 그냥 100% 로 들어오면 같은 노바직업군인 카데나 카이저는 매우 효용성이 좋아지는데 엔버는 그냥 쓰레기임 엔버가 재사용이 터졌을때 그나마 좋을만한 스킬이 트퓨 1개밖에 없어서 이거 터지게 해줘야함 그냥 5차라서 안되는건 (그란디스 여신의 축복 사용시 트리니티퓨전 재사용미적용 가능) 이 문구 넣고 적용받게 해야해 엔버 안그래도 전직업 44등 딜인데 이건 에바임,domain-lexicon-v1.1
2298,224484,angelic_buster,[문의용] 신규6차스킬 팝핑하트 개선안 및 그란디스 여신의 축복 건의사항,2026-07-10 15:00:00+00:00,https://www.inven.co.kr/board/maple/2298/224484,recommendations,1118,11,5,5,True,negative,negative,request,밸런스·스킬,0.6,문제,1. 건의 내용 [팝핑 하트] : 스킬에 커스텀 커맨드를 통해 팬들이 8명 모였을때 자동으로 적에게 돌진하는 기능을 추가해주세요. 20초 내 재사용을 통해 데미지를 입힌다는 경험은 매우 부정적 경험이며 이는 리마스터 전 비슷한이유로 수많은 유저들의 부정적 경험을 유발했던 리마스터 이전 '마스코트 패밀리어' 스킬의 구조와 매우 비슷합니다. 패치를 통해 플레이 개선이 경험되기는 커녕 부정적 경험이 유발된다는 것은 문제가 있다고 봅니다. 또한 데미지가 매우 약합니다. 상당한 재화가 투자되는 6차 스킬코어의 성능이 이정도라는것은 명백하게 잘못된 부분이라고 생각됩니다. [그란디스 여신의 축복] 엔젤릭버스터는 다른 노바직업과는 다르게 쿨타임 초기화를 6번 전부 가치있게 사용할 수 없습니다. 엔젤릭버스터의 링크스킬 '소울컨트랙트'를 재사용할 수 있다 하더라도 '소울컨트랙트'는 보통 버프지속시간을 적용받아 지속시간이 20초가 넘어가서 3번이상은 쿨타임 초기화를 가치있게 사용하지 못합니다. 그란디스,domain-lexicon-v1.1
2298,224713,angelic_buster,엔버 근데 노래는 왜 정상화 안해주는거?,2026-07-14 15:00:00+00:00,https://www.inven.co.kr/board/maple/2298/224713,recommendations,804,11,6,6,True,neutral,neutral,complaint,커뮤니티,0.35,,게임 소소하게하는사람이라 성능은 솔직히 알빠노인데 익절트 보컬 없앤거 왜 재녹음안해주지... 아쉬운데,domain-lexicon-v1.1
2298,224789,angelic_buster,(심각도 낮?음) 신스킬 자동 발동 시 응원풍선으로 안나가네요.,2026-07-16 08:52:00+00:00,https://www.inven.co.kr/board/maple/2298/224789,recommendations,1186,8,3,4,True,neutral,negative,information,밸런스·스킬,0.35,,이번 2차 테스트서버에서 팝핑 하트가 자동 발동으로 바뀌었는데 응원 풍선 버프가 걸리기 전에 팝핑 하트가 발동(48타)되어서 팝핑 하트로 유도되는 사출기가 응원 풍선 대신에 일반 소울 시커로 적용되네요. 이대로 들어오면 그냥 작게나마 딜 손해를 보거나 오리진 끝나고 팝핑 하트를 새로 써야 되는데 어느 쪽이 되든 별로 인 것 같네요.. 수정 해서 들어왔으면 좋겠네요.. (오리진 시전 시 팝핑 하트는 발동되었으나 응풍은 발동되지 않은 모습),domain-lexicon-v1.1
2298,221666,angelic_buster,챌섭에서 엔버 키우시려는 분들을 위해,2026-06-07 15:00:00+00:00,https://www.inven.co.kr/board/maple/2298/221666,views,3430,0,0,0,True,positive,neutral,praise,밸런스·스킬,0.6,좋다,"시즌2 챌섭 엔버 키웠고 현재 엔버 보돌로 쓰고 있습니다 난이도 쉽습니다. 유틸 120초쿨 10초 무적(에버)은 좋습니다. 그러나 이거 빼면 쓸만한 유틸이 하나도 없습니다. 결론적으로 에버라는 사기 유틸을 가지고 있음에도 유틸이 좋다고 평가하기 힘들 것 같습니다. 보스 딜량 챌 시즌2 기준 말도 안 되게 약한 수준이었는데 최근(스킬 가속, 공코 판테온)에는 좀 올라와서 세지긴 했습니다. 개노답이라 불리는 라인보단 세지만 그래도 여전히 하위권입니다. 챌섭에서 엔버 링크 쓸 수 있으니까 챌섭에선 세지 않냐?라는 분들 계신데 그거 써도 개같이 약합니다. 결론 추천할만한 직업은 아닙니다.",domain-lexicon-v1.1
2298,221809,angelic_buster,메생 완료,2026-06-12 15:00:00+00:00,https://www.inven.co.kr/board/maple/2298/221809,views,2530,5,8,8,True,neutral,neutral,information,커뮤니티,0.35,,"마지막 목표였던 익세하적하카 솔플을 완료했습니다 ..! 하적하카는 클리어한지 좀 되었는데 익세를 드디어 솔플했네요. 이 업적들을 마지막으로 엔버를 정리했습니다 .. ᄒᄒ 성능도 물론 불만이 많았지만 이 이유는 아니고 현생에 조금 더 집중해볼까 해서 맘 먹었을때 흔들리기 전에 정리해버렸어요. 6차 전직 업데이트때 처음 메이플, 그리고 엔버에 입문했을때는 언제 접을지 모르는 엄청 가벼운 마음으로 시작했는데 어느새 나름 고?스펙까지 찍먹해보니 꿈만같네요. 저는 먼저 떠나지만 언제나 엔버 떡상을 기원합니다! 그리고 남아있는 모든 엔버 유저분들의 메생이 잘 풀리길 기원합니다 ᄒᄒ",domain-lexicon-v1.1
2298,224106,angelic_buster,540 신스킬 점유율(+부속타수 추가),2026-07-08 15:00:00+00:00,https://www.inven.co.kr/board/maple/2298/224106,views,2745,1,12,12,True,neutral,positive,request,밸런스·스킬,0.35,,1.51% 아래 사진은 부속 퍼뎀 실험용 익절트 on 단일 사용 (여러번 측정해도 51%가 젤 많이나옴) 실상승은 3% 조금 아래 예상,domain-lexicon-v1.1
2298,224186,angelic_buster,엔버 신스킬 1렙퍼뎀 왜 이럼?,2026-07-08 15:00:00+00:00,https://www.inven.co.kr/board/maple/2298/224186,views,3461,1,12,12,True,neutral,negative,complaint,밸런스·스킬,0.35,,퍼뎀 계산 때려보니까 1렙이랑 30렙 차이가 27배네... 점유율도 낮은 스킬에 저렙효율을 이렇게 주면 어지간한 스펙아니면 열지도 말라는거 아님?,domain-lexicon-v1.1
2294,455080,aran,챌섭 아란 챌린저 달성,2026-07-01 15:00:00+00:00,https://www.inven.co.kr/board/maple/2294/455080,comments,2699,2,18,17,False,neutral,positive,information,밸런스·스킬,0.35,,챌린저 달성했습니다. 기믹수행을 완벽하게 하진 못했는데 극딜 때마다 나름 맛있는 카드들이 떠서 운이 좋은 판이였습니다. 찐모는 좀 더 올리고 편하게 잡아야 할 것 같네요. 챌섭 마지막 까지 편하게 즐기다 가겠습니다. 아란좋아!,domain-lexicon-v1.1
2294,455418,aran,세렌 비욘더 때리면서 숙이기,2026-07-05 15:00:00+00:00,https://www.inven.co.kr/board/maple/2294/455418,comments,1716,0,16,16,True,neutral,positive,question,밸런스·스킬,0.35,,하 후딜........ 아란형님들 어떻게 피하시나요...,domain-lexicon-v1.1
2294,456073,aran,대충 5분 40초 전분 상승량 및 점유율,2026-07-08 15:00:00+00:00,https://www.inven.co.kr/board/maple/2294/456073,comments,4852,5,16,16,True,negative,mixed,complaint,밸런스·스킬,0.6,버그,"코어 오픈 전 코어 만렙 후 백호 짤려있는데 강화스킬 점유율 3.64퍼정도 리5 컨4, 2초뚝, 아드시간 제외 브랜디쉬 쿨마다 사용, 어센트 사용 x , 일필 x 백호 강화코어 미적용 생각하면 4퍼 중반 이상도 나올만 할거같네요 수치조정 없이 버그수정만 들어오면 잘 받은듯?",domain-lexicon-v1.1
2294,456265,aran,사신수 거부감 줄일려는 노력이 보이긴 함,2026-07-08 15:00:00+00:00,https://www.inven.co.kr/board/maple/2294/456265,comments,5719,11,22,21,False,neutral,negative,information,밸런스·스킬,0.35,,​ ​ ​ ​ ​ ​ 이제야 스킬 설명대로 아란이 휘두르는 폴암의 그림을 표현했다는 느낌이 듬 ​ 처음부터 이런 식으로 리마스터 했으면 지금보다 좆신수 거부감 거의 없었을 듯 근데 저래봤자 아드 끝나면 다시 현무 떨어지는 좆신수 모드,domain-lexicon-v1.1
2294,456873,aran,사신수 자체가 별로였던건 나 뿐인가...,2026-07-10 15:00:00+00:00,https://www.inven.co.kr/board/maple/2294/456873,comments,1799,7,18,17,False,positive,positive,request,밸런스·스킬,0.6,만족,물론 휘두르는것처럼 안보여서 싫어 한 사람도 있겠고 사신수가 싫지만 안들어줄거 아니까 포기한 사람도 있을 수도 있지만 3년 동안 이펙트 바꿔달라던가 솔 헤카테 처럼 이펙트 변경권 출시 해달라던가 문의 보냈었는데 어떤것도 안들어주고 대신 사신수가 더 강조되는 스킬이 나와 버리고 대부분 만족하는거 같아서 혼자 두눈박이 마을에서 없눈박이가 되버린 기분인데 포기는 못하겠고 참...,domain-lexicon-v1.1
2294,456445,aran,테섭 아란 후기,2026-07-09 15:00:00+00:00,https://www.inven.co.kr/board/maple/2294/456445,recommendations,4844,11,6,6,True,mixed,positive,complaint,밸런스·스킬,0.75,만족 · 버그,테섭 맛 보면 본섭에서 아란하기 싫어짐. 그 정도로 이펙트랑 타격감이 맛있다 이제야 아드레날린이라는 스킬의 정체성을 되찾은 느낌임 본래 아란은 아드 때 강해지는 직업이였는데 리마 이후로 극딜 발사대로 바뀐게 참 마음이 아팠음. 이번 코어로 이제야 다시 되돌려 받는 느낌. 구조: 바뀐 거 없고 비욘더 꾹이면 원래랑 같음 = goat 이펙트: 이제야 사신수를 폴암으로 그려낸다는 느낌이 듦 = 좋음 딜량: 듣자하니 6차 코강 미적용 버그가 있다는 것 같은데 수정되면 무난하게 강해질 듯 = 쏘쏘 아란이란 직업은 항상 타격감과 이펙트로 키웠던 낭만의 직업이였다 이정도면 난 진짜 만족스러움. 진짜 유일하게 단점을 하나 꼽자면 거북이 씹련이 좀 거슬리긴 하는데 ᄏᄏ 암튼 만족,domain-lexicon-v1.1
2294,456528,aran,마하 언리시드 3타까지만 강화되는거 짜친다고 생각해요 ...,2026-07-09 15:00:00+00:00,https://www.inven.co.kr/board/maple/2294/456528,recommendations,1526,11,4,4,True,neutral,neutral,information,커뮤니티,0.35,,아드 키면 백호 강화도 계속 나와야 한다고 생각해요... 3타까지만 강화되는거 짜친다고 생각해요... 3타까지만 강화되는거 짜친다고 생각해요... 3타까지만 강화되는거 짜친다고 생각해요... 3타까지만 강화되는거 짜친다고 생각해요... 3타까지만 강화되는거 짜친다고 생각해요... 3타까지만 강화되는거 짜친다고 생각해요... 3타까지만 강화되는거 짜친다고 생각해요... 3타까지만 강화되는거 짜친다고 생각해요... 3타까지만 강화되는거 짜친다고 생각해요... 3타까지만 강화되는거 짜친다고 생각해요... 3타까지만 강화되는거 짜친다고 생각해요... 3타까지만 강화되는거 짜친다고 생각해요... 3타까지만 강화되는거 짜친다고 생각해요... 3타까지만 강화되는거 짜친다고 생각해요... 3타까지만 강화되는거 짜친다고 생각해요... 3타까지만 강화되는거 짜친다고 생각해요... 3타까지만 강화되는거 짜친다고 생각해요... 3타까지만 강화되는거 짜친다고 생각해요... 3타까지만 강화되는거 짜친다고 생,domain-lexicon-v1.1
2294,456975,aran,아 이거 아드 때 강화 백호 지속 무조건 해야 한다,2026-07-12 15:00:00+00:00,https://www.inven.co.kr/board/maple/2294/456975,recommendations,1687,7,6,6,True,neutral,neutral,information,보스·전투,0.35,,테섭 4일차동안 계속 보스 해보는데 점점 느껴지는게 앞에 3타까진 이펙트가 화려하고 자연스레 이어지는데 일반 백호 나올 때마다 상당히 ᄌ같음 짜치는 것도 그렇고 모션이 혼자 느리고 둔탁해서 앞에 이펙트와 상당히 어울리질 못 함. 근데 아드 때 강화 백호 지속이면 창섭 형이 의도한 바와 다르게 극딜이 너무 쌔지려나 싶기도 하고 흠,domain-lexicon-v1.1
2294,455746,aran,아란 신규스킬 마하 언리시드,2026-07-08 15:00:00+00:00,https://www.inven.co.kr/board/maple/2294/455746,views,6221,1,13,13,True,neutral,neutral,information,밸런스·스킬,0.35,,​,domain-lexicon-v1.1
2294,457412,aran,아란 6차 신스킬 바뀐 점,2026-07-16 07:57:00+00:00,https://www.inven.co.kr/board/maple/2294/457412,views,5772,1,10,10,True,neutral,neutral,information,밸런스·스킬,0.35,,마하 언리시드 변경 점,domain-lexicon-v1.1
2295,298333,arch_mage_fire_poison,웨이브를 시퀀스에 등록하면 오리진 때 손해 보는 거 아닌가요??,2026-07-08 15:00:00+00:00,https://www.inven.co.kr/board/maple/2295/298333,comments,2599,3,17,17,True,neutral,neutral,debate,커뮤니티,0.35,,아니요. 손해 보는 거 없습니다. 시퀀스에 넣고 오리진 바로 발동하고 계속 때리면 됩니다. <시퀀스 등록 - 오리진 발동 후 웨이브 발동 횟수> <시퀀스에 넣지 않고 따로 사용 - 오리진 후 웨이브 발동 횟수> 똑같이 공격횟수가 786회로 적용됩니다.,domain-lexicon-v1.1
2295,299199,arch_mage_fire_poison,불독 딜이 이상해요,2026-07-13 15:00:00+00:00,https://www.inven.co.kr/board/maple/2295/299199,comments,3047,0,26,26,True,neutral,positive,debate,밸런스·스킬,0.35,,첼섭 2 일리움으로 유입한 메린이입니다 하드메이린이 135퍼인데 무슨 2초남기고 깨는데 아무리봐도 진짜 진심으로 딜넣었다고 생각했는데 보마였으면 98퍼면 잡았을거같은데 .... 이거 불독 쌘거 맞나요,domain-lexicon-v1.1
2295,299386,arch_mage_fire_poison,불독 2차 테섭 인페르날 웨이브 변경점,2026-07-16 08:05:00+00:00,https://www.inven.co.kr/board/maple/2295/299386,comments,2881,4,25,22,False,neutral,positive,information,밸런스·스킬,0.35,,퍼뎀 조정은 없지만 이그나이트가 생성되게 변경. 그래...불 스킬이 이그나이트 발동 안시키는게 말이 안됐지...나이샤~!,domain-lexicon-v1.1
2295,299453,arch_mage_fire_poison,인페르날 웨이브 이펙트 변경 없음.,2026-07-16 09:06:00+00:00,https://www.inven.co.kr/board/maple/2295/299453,comments,1478,6,25,23,False,positive,negative,praise,커뮤니티,0.6,기대,여전히 럭키 포이즌 리전입니다...... 패치 노트에 없어도 은근 기대했었는데 전혀네요.....ᄏᄏᄏᄏᄏ...크흡....,domain-lexicon-v1.1
2295,299831,arch_mage_fire_poison,뉴비 하드세렌 피드백 가능할까요?,2026-07-17 15:00:00+00:00,https://www.inven.co.kr/board/maple/2295/299831,comments,522,0,20,20,True,neutral,positive,question,밸런스·스킬,0.35,,https://youtu.be/xlTP1oCQYLA 114퍼인데 어디서 크게 딜누수가 나는지 궁금합니다,domain-lexicon-v1.1
2295,297941,arch_mage_fire_poison,불독 전투효율분석 관련,2026-07-05 15:00:00+00:00,https://www.inven.co.kr/board/maple/2295/297941,recommendations,1939,13,4,3,False,mixed,neutral,request,밸런스·스킬,0.8999999999999999,감사 · 오류 · 버그,"[링크]아크메이지(불,독) 전투효율분석기 ver.1.2. 안녕하세요. 불독 전투효율분석기 제작자입니다. 최근 문의사항 및 관련 질문글에 관해 말씀드립니다. 1. 스윕(화염)과 스윕(폭발)의 차이에 대하여 분석결과에 표시된 플레임 스윕은 아래 사진과 같이 ‘화염’과 ‘폭발’로 구분됩니다. 화염 스윕은 스킬을 직접 시전한 경우로서, 게임 시스템상 아이콘은 와 같습니다. 반면에 폭발 스윕은 플레임 스윕VI 마스터리 코어 활성화 이후 매 3번째 공격마다 적에게 남긴 불씨(디버프)에 의해 미스트 이럽션 적중 시 발생하는 추가타로서, 게임 시스템상 아이콘은 와 같고 특별한 상황이 아니면 현출되지 않습니다. 스킬구조상 실질적으로 폭발 스윕의 데미지는 이럽션 딜량에 포함된다고 보아야 할 것이지만, 전투분석 측성 시 플레임 스윕 딜량에 합산되어 나타납니다. 이러한 까닭에 플레임 스윕을 화염과 폭발로 구분하는 것은 실제 ‘플레임 스윕을 직접 시전한 경우(화염)’를 정확히 알 수 있다는 점에서 실익이 ",domain-lexicon-v1.1
2295,298409,arch_mage_fire_poison,신규 6차든 뭐든 다 필요 없고 이그나,2026-07-08 15:00:00+00:00,https://www.inven.co.kr/board/maple/2295/298409,recommendations,2199,16,9,9,True,neutral,neutral,request,밸런스·스킬,0.35,,고쳐달라고 창섭아 도노체 이딴 거 쿨별 생각도 없어 걍 이그나이트나 부착으로 바꾸던가 아님 이그에 붙어 있는 말도 안 되는 기형적인 딜을 다른 스킬에 분배하던가 상식적으로 2차스킬이 무슨 점유율 1~2위를 다투는 게 정상이라고 생각하냐? 이상하자나 아무리 봐도 왜 자꾸 모른척 하냐고 신캐도 처 내면서 전부 저점 생각하는 거 다 보이는데 왜 가장 저점인 이 스킬은 자꾸 놔두냐고 제발 바꾸라고,domain-lexicon-v1.1
2295,298594,arch_mage_fire_poison,불독 신규 6차 스킬 인페르날 웨이브 분석,2026-07-08 15:00:00+00:00,https://www.inven.co.kr/board/maple/2295/298594,recommendations,4834,35,13,11,False,positive,positive,request,밸런스·스킬,0.6,좋다,"(2026. 7. 10. 21:20) 최종 데미지 효율에 관하여 수정된 내용이 새로운 글에 포함되었습니다. 새글: https://www.inven.co.kr/board/maple/2295/298875 2026. 7. 9. Tver.1.2.203 업데이트로 신규 스킬 인페르날 웨이브( )가 추가되었다. 스킬 데미지만 놓고 본다면 퍼번트 드레인 10스택 기준 도트 퍼니셔보다 약간 더 좋고, 5스택을 기준으로는 메기도 플레임 일반모드보다 약간 더 좋다. 최종 데미지 효율은 만렙 기준 2.7% 내외로 생각된다. 1. 기본구조 스킬 툴팁은 아래와 같다. 버프형 스킬로 스킬 시퀀스 등록이 가능하며, 사용 시 30초 동안 데미지가 8% 증가하고 퍼번트 드레인의 스택 개수에 따라 공격 효과(파도공격과 융합폭발)가 발동한다. 퍼번트 드레인 5스택 기준 사용횟수는 파도공격 6회, 융합폭발 15회로 총 21회이고, 10스택 기준 사용횟수는 파도공격 12회, 융합폭발 33회로 총 45회이다. 직접 공격하",domain-lexicon-v1.1
2295,298875,arch_mage_fire_poison,불독 신규 6차 스킬 인페르날 웨이브 분석(2),2026-07-09 15:00:00+00:00,https://www.inven.co.kr/board/maple/2295/298875,recommendations,2582,20,12,12,True,positive,positive,request,밸런스·스킬,0.6,기대,"이전 글에서 잘못된 내용이 있어 정정합니다. 이전 글: 불독 신규 6차 스킬 인페르날 웨이브 분석 <변경사항> 최종 데미지 효율 추정치 2.7% 내외 → 2.6% 내외. <변경이유> 오리진 1사이클 기준 누적 스킬 데미지에서 융합폭발 데미지가 1회 가중된 것을 금일 확인함. 이 글에서는 이전 글에서 다루지 않았던 스킬구조에 관한 내용과 스킬 레벨에 따른 효율, 개선의견 등을 다룹니다. 1. 스킬 구조 디테일 (1) 퍼번트 드레인 스택과의 관계 인페르날 웨이브(이하 “웨이브”) 스킬 시전 시 사용할 수 있는 파도공격의 횟수가 버프창 우측 하단에 표시된다. 해당 파도공격의 횟수는 웨이브를 시전할 당시의 퍼번트 드레인 스택 개수를 기준으로 한다. 따라서 웨이브에 의한 파도공격 및 융합폭발이 진행 중일 때 퍼번트 드레인 스택이 줄어들어도 전체 공격횟수에는 영향이 없다. 가령 인페르날 베놈에 의한 퍼번트 드레인 고정 증가 효과가 종료되어 스택이 10에서 5로 줄어들더라도, 현재 진행 중인 웨",domain-lexicon-v1.1
2295,299653,arch_mage_fire_poison,인페르날 웨이브(신규 6차 스킬)의 변경점에 관한 짧은 분석,2026-07-16 20:25:00+00:00,https://www.inven.co.kr/board/maple/2295/299653,recommendations,1226,16,4,5,True,mixed,positive,complaint,밸런스·스킬,0.95,기대 · 오류 · 버그 · 문제,"2026. 7. 16. Tver.1.2.204 패치(2차 테섭) 불독 신규 6차 스킬 변경점에 대한 분석입니다. 인페르날 웨이브의 파도 공격과 융합 폭발이 이그나이트(불의 벽)를 생성하도록 변경되었지만, 극딜 구간에서 불의 벽 생성 개수는 제한되므로 이번 조치의 효용은 크지 않아 보입니다. 1. 변경점 인페르날 웨이브(신규 스킬)의 경우 본래 메테오와 이그나이트를 모두 발동하지 않았으나, 이번 패치로 이그나이트를 발동하는 것으로 변경되었다. 다만, 여전히 ‘직접 공격하는 공격스킬’은 아니므로 메테오(P)를 발동하지 않는다. 스킬 툴팁의 설명상 파도공격은 독 속성과 화염 속성으로 구분되어있고, 이그나이트는 파이어 오라를 제외한 화염마법 적중 시에만 발동하지만, 이러한 속성과 무관하게 모든 파도공격 및 융합폭발에서 이그나이트가 발동하는 것으로 확인 된다. 이그나이트 측정 결과는 아래와 같았다(각각 퍼번트 드레인 5스택 및 10스택에서 웨이브 단독 사용). 퍼번트 드레인 5스택의 경우 웨",domain-lexicon-v1.1
2295,296041,arch_mage_fire_poison,불독 뉴비&유입을 위한 간략한 정리,2026-06-17 15:00:00+00:00,https://www.inven.co.kr/board/maple/2295/296041,views,9658,12,13,11,False,mixed,positive,complaint,밸런스·스킬,0.75,기대 · 버그,"챌린저스에서 불독을 키우고자 하는 뉴비, 유입을 위한 간략한 정리입니다. <특수스킬 반지> 리스트레인트 링 Lv.4 컨티뉴어스 링 Lv.3 *레벨 3~4 범위 안에서 선택 시 4렙은 리레, 3렙은 컨티를 추천(개인적인 견해) <쿨뚝> 쿨뚝 종류 2초 3초 5초 사용자 비율 1.8% 7.5% 73.0% *2초(도전자세트)는 임시로 사용, 이후 아이템 세팅 시 3초 이상 사용을 권장(다다익쿨, 3초보다 5초가 낫고, 5초보다 7초가 낫다) <어빌리티> 보스 몬스터 공격 시 데미지 증가 상태이상에 걸린 적 공격 시 데미지 증가 마력 증가 or 버프 스킬 지속시간 증가 <유틸> 텔레포트 이동기, 상하좌우 순간이동(공중에서 사용 불가. 단, 발판이 있는 경우 아랫텔 가능) 마나 웨이브 공중체공, 5초에 걸쳐 천천히 하강 엘리멘탈 어뎁팅 상태이상 방어, 10회 방어 후 쿨타임 240초 에테리얼 폼 3초간 무적, 쿨타임 60초 <딜 사이클> 구분 구성 시점 1 ( ) 보스 입장 시 혹은 오리진의",domain-lexicon-v1.1
2295,296147,arch_mage_fire_poison,챌섭 크확 수급 어떻게하나요?,2026-06-17 15:00:00+00:00,https://www.inven.co.kr/board/maple/2295/296147,views,4344,0,2,2,True,neutral,neutral,question,밸런스·스킬,0.35,,지금 기본 스킬에 피도미까지해서 76퍼인데 4퍼는 스탯 보약 10퍼 쓸샾 10퍼로 채우나요?,domain-lexicon-v1.1
2295,298141,arch_mage_fire_poison,진짜 예상대로네,2026-07-08 15:00:00+00:00,https://www.inven.co.kr/board/maple/2295/298141,views,4723,1,6,6,True,neutral,neutral,information,커뮤니티,0.35,,120초 나이스 ᄏᄏ,domain-lexicon-v1.1
2295,298223,arch_mage_fire_poison,테섭 신규스킬 전분,2026-07-08 15:00:00+00:00,https://www.inven.co.kr/board/maple/2295/298223,views,5024,4,12,12,True,neutral,neutral,information,밸런스·스킬,0.35,,기운 137개 조각 4065개 오픈까지 포함 헥사만렙 하고 쳐봤는데 처참하네요 퓨오이 17강 포체 13강인데 점유율 졌어요 무한 텔스윕 한거에요,domain-lexicon-v1.1
2295,298150,arch_mage_ice_lightning,썬콜 신스킬 - 서브제로퍼미네이션,2026-07-08 15:00:00+00:00,https://www.inven.co.kr/board/maple/2295/298150,comments,3769,0,19,19,True,positive,negative,question,밸런스·스킬,0.6,최고,"평딜 쉬지 않고 해야 최고효율 나오는 스킬로 보이는데, 좀 걱정이군요... 딜상승률이랑 쿨감효율도 어떻게 찍힐지 모르겠네요.",domain-lexicon-v1.1
2295,298254,arch_mage_ice_lightning,테섭 썬콜 신규 스킬... 영상,2026-07-08 15:00:00+00:00,https://www.inven.co.kr/board/maple/2295/298254,comments,2852,9,16,15,False,neutral,negative,information,밸런스·스킬,0.35,,40초에 평딜 열심히 쳐서 쿨감 시켜줘야하는 스킬이다 라기보다 그냥 15초쿨 스킬이라 생각하면 될 거 같아요 3오브 1퍼미 느낌으로 돌아가는데... 오브 5초 퍼미 15초 썬브 40초 블자 45초 좀 이상하긴 하네요... https://youtu.be/t449_L5JUeo,domain-lexicon-v1.1
2295,298282,arch_mage_ice_lightning,신규 6차 테섭 전분(수정완),2026-07-08 15:00:00+00:00,https://www.inven.co.kr/board/maple/2295/298282,comments,1976,0,17,17,True,neutral,neutral,information,밸런스·스킬,0.35,,일단 제일 걱정이신부분 40초인데 쿨감계속 쳐먹는거 걱정은 안해도된다 실제로 사용해보면 15초 쿨이다. 오브나 평타치면 그냥 쫘악쫘악 쿨감먹음 15초에서 안내려간다는데 11초로 내려간다 잘모르겟다... 훅훅 쿨 줄긴준다 거의 14~15초 쿨스킬이라고 보면됨 일단 실수로 어센트 1번 썻으니 참고하시도록,domain-lexicon-v1.1
2295,299006,arch_mage_ice_lightning,님들 챌섭 썬콜 배율대로 칠만하시나요?,2026-07-11 15:00:00+00:00,https://www.inven.co.kr/board/maple/2295/299006,comments,2006,1,16,16,True,negative,positive,question,밸런스·스킬,0.6,부족,"이번에 복귀하면서 챌섭 썬콜 이카링까지 깼는데, 검마120퍼 이칼 112퍼 이적자 108퍼 하세118퍼 카링123퍼 클... 원트로 깬 거 칼로스뿐이고 나머진 다 리트많이해서 몇초 남기고 겨우 깼어요 카링만 1분정도 남았고(얘도 딜부족으로 리트 겁나했는데 배율1퍼정도 올려가니까 극딜 딱컷나서 남은거) 본섭 비슷한 환산으로 잡은 검마는 막 오리진도 안쓰고 널널하게 잡았거든요 렙뻥 못받는 엔버로.. 제가 뭘 놓치고 있는건지, 아님 챌섭과 본섭 환산이 괴리가 있는건지 다들 배율대로 치시나 궁금해요 혹시 온오프 헤카테포함 5개말고 더 있나요..?",domain-lexicon-v1.1
2295,298472,arch_mage_ice_lightning,제가 생각하는 썬콜 개선사항,2026-07-08 15:00:00+00:00,https://www.inven.co.kr/board/maple/2295/298472,recommendations,2638,13,9,9,True,mixed,negative,request,밸런스·스킬,0.8999999999999999,기대 · 불편 · 문제,"1. 건의 내용 1) 난잡한 스킬 쿨 주기를 통합해주세요 기존에도 40 /60/120으로 나뉜 쿨타임은 계속해서 개선 요청이 있었습니다. 그럼에도 신규 스킬 추가와 함께 15 / 40 /60/120 으로 더욱 불편함이 누적되고 있습니다. 특히 썬더 브레이크는 오리진 스킬 가속에 해당되지 않아서, 딜 순서에 불편함이 있습니다. 2) 주피터 썬더의 번개 최종 데미지 증가를 삭제해주세요 단일 대상에게 적용되어 다수에게 딜을 넣어야 하는 상황에서 불리하게 작용합니다. (향후에 검마 1페이즈 같은 형태가 출시된다면 드러날 문제) 스킬 순서를 강제 하는 단점이 있어서 이후에 어떤 스킬들이 출시되더라도, 무조건 그보다 먼저 써야 하는 강제성이 있어 유연함이 떨어집니다. 2. 개선 내용 1-1) 서브제로 퍼미네이션 쿨 15->30, 썬더브레이크 40->60 으로 조정 30/60/120 주기 로 통합하여 스킬을 편하게 돌릴 수 있도록 개선 요청합니다. 특히 썬더 브레이크를 헤카테 바인드와 함께 사용",domain-lexicon-v1.1
2295,298838,arch_mage_ice_lightning,신규 6차 스킬의 자동 사출기화 요구합니다,2026-07-09 15:00:00+00:00,https://www.inven.co.kr/board/maple/2295/298838,recommendations,1309,4,3,3,True,neutral,neutral,request,밸런스·스킬,0.35,,액티브형 스킬은 지금 키세팅 추가 하기도 뭐같고 평딜할때 오브날리고 체라쏘고 텔포로 패턴 피하고 하면 이미 정신없는데 자동으로 사출되는 패시브 스킬로 변경되기를 원합니다.,domain-lexicon-v1.1
2295,298956,arch_mage_ice_lightning,오리진 때도 썬바를 쓸 수 있게 해달라,2026-07-10 15:00:00+00:00,https://www.inven.co.kr/board/maple/2295/298956,recommendations,1459,4,3,3,True,mixed,mixed,request,밸런스·스킬,0.8999999999999999,기대 · 불편 · 문제,"1. 건의 내용 1) 난잡한 스킬 쿨 주기 통합 기존에도 40 /60/120으로 나뉜 쿨타임은 계속해서 개선 요청이 있었습니다. 그럼에도 신규 스킬 추가와 함께 15 / 40 /60/120 으로 더욱 불편함이 누적되고 있습니다. 특히 썬더 브레이크는 오리진 스킬 가속에 해당되지 않아서, 딜 순서에 불편함이 있습니다. 2) 주피터 썬더의 번개 최종 데미지 증가 삭제 단일 대상에게 적용되어 다수에게 딜을 넣어야 하는 상황에서 불리하게 작용합니다. (향후에 검마 1페이즈 같은 형태가 출시된다면 드러날 문제) 스킬 순서를 강제 하는 단점이 있어서 이후에 어떤 스킬들이 출시되더라도, 무조건 그보다 먼저 써야 하는 강제성이 있어 유연함이 떨어집니다. 3) 오리진과 일반 바인드 간의 고충 여러 직업이 오리진 컷신 이후에도 일정 시간동안 지속딜이 들어가는 형태를 취하고 있습니다. 이런 경우, 극딜 때 최대한 빨리 오리진을 써야 이득을 보게 됩니다. 그러나 오리진 가속에 해당되지 않는 짧쿨기를 지닌",domain-lexicon-v1.1
2295,299173,arch_mage_ice_lightning,2차 테섭 D-2 개선사항 문의 넣기!,2026-07-13 15:00:00+00:00,https://www.inven.co.kr/board/maple/2295/299173,recommendations,578,4,1,1,True,mixed,neutral,request,밸런스·스킬,0.8999999999999999,기대 · 불편 · 문제,"1. 건의 내용 1) 난잡한 스킬 쿨 주기 통합 기존에도 40 /60/120으로 나뉜 쿨타임은 계속해서 개선 요청이 있었습니다. 그럼에도 신규 스킬 추가와 함께 15 / 40 /60/120 으로 더욱 불편함이 누적되고 있습니다. 특히 썬더 브레이크는 오리진 스킬 가속에 해당되지 않아서, 딜 순서에 불편함이 있습니다. 2) 주피터 썬더의 번개 최종 데미지 증가 삭제 단일 대상에게 적용되어 다수에게 딜을 넣어야 하는 상황에서 불리하게 작용합니다. (향후에 검마 1페이즈 같은 형태가 출시된다면 드러날 문제) 스킬 순서를 강제 하는 단점이 있어서 이후에 어떤 스킬들이 출시되더라도, 무조건 그보다 먼저 써야 하는 강제성이 있어 유연함이 떨어집니다. 3) 오리진과 일반 바인드 간의 고충 여러 직업이 오리진 컷신 이후에도 일정 시간동안 지속딜이 들어가는 형태를 취하고 있습니다. 이런 경우, 극딜 때 최대한 빨리 오리진을 써야 이득을 보게 됩니다. 그러나 오리진 가속에 해당되지 않는 짧쿨기를 지닌",domain-lexicon-v1.1
2295,295970,arch_mage_ice_lightning,썬콜 이놈 후반가면 좋은거맞음?,2026-06-16 15:00:00+00:00,https://www.inven.co.kr/board/maple/2295/295970,views,3979,0,8,8,True,neutral,neutral,information,커뮤니티,0.35,,"6월 10일에 올라온 11만 연무장 dpi 보면 최댓값은 17등 중간값은 무슨 35등인데? 아델 칼리 썬콜 고민중에 썬콜 컨셉이 제일 맘에들어서 썬콜본캐 정하고 2~4만 구간 약하다는 챌섭 하자가 있더라도 6만부터 좋아지면서 8만, 11만에서 포텐터진다던데 연무장 dpi는 왤캐 낮음? 심지어 고점 낮고 중간값 안정적이면 몰라 중간값이 35등인건 좀 그런데",domain-lexicon-v1.1
2295,296734,arch_mage_ice_lightning,형님들 키세팅이나 시퀀스나 극딜 순서 뭐 따라하면 됩니까,2026-06-20 15:00:00+00:00,https://www.inven.co.kr/board/maple/2295/296734,views,5013,0,1,1,True,neutral,neutral,information,밸런스·스킬,0.35,,2개 정도 찾아본거 있는데 https://www.youtube.com/watch?v=fj9KFg6QGVk&t=700s 한 5일전에 올리신 이분꺼랑 https://www.inven.co.kr/board/maple/2295/274639 25년 8월쯤에 올리신 인벤 이분꺼 중에 뭐 따라하는게 낫겠습니까?,domain-lexicon-v1.1
2295,297044,arch_mage_ice_lightning,메이린 18분 17초컷(배율 130%),2026-06-23 15:00:00+00:00,https://www.inven.co.kr/board/maple/2295/297044,views,3681,1,0,0,True,neutral,neutral,information,버그·사용성,0.35,,"https://youtu.be/dPXtnOjj1uI?si=eMhnE6I7TX8_syxo 배율입니다. 인벤에 글 열심히 썼더니 창섭이형이 선물을 줬어요!! 챌섭에서 칠흑이라니~~~ 황금알을 낳은 메이린아 고생했다~~~~ 오고곡... 챌섭칠흑은 처음이야... 쌀도핑했더니 칠흑을 주시네요... 영상은 찍는 걸 깜빡해서 좀 나중에 4분30초쯤 남았을때부터찍었습니다,,,ᅮ",domain-lexicon-v1.1
2295,297152,arch_mage_ice_lightning,썬콜 도원경 겨울2 사냥터 괜찮네요,2026-06-25 15:00:00+00:00,https://www.inven.co.kr/board/maple/2295/297152,views,4114,0,0,0,True,positive,neutral,praise,성장·보상,0.6,감사,https://youtu.be/GNKbeSdoUH0?si=2O6AYc6sck6zSoOA 겨울이 경험치가 젤높은데 포탈이용해서 3누스장점 살릴만한 곳이 2밖에 없더라구요 겨울5를 잘 깎아보면 괜찮을 것 같긴한데 그래도 겨울2가 편해보여서 여기로 했습니다. 다른 꿀 사냥터 공유해주시면 매우매우 감사할 것 같습니다..!!,domain-lexicon-v1.1
2296,181270,archer_other,본캐 - 보마 vs 와헌 vs 메르,2026-05-19 15:00:00+00:00,https://www.inven.co.kr/board/maple/2296/181270,comments,1396,0,2,2,True,neutral,neutral,information,커뮤니티,0.35,,본캐로 키운다면 어떤게 좋을까요 목표는 일단은 헥환 9.6 정도 생각하고 있습니다 보마랑 와헌이 쉬운 난이도에 비해 체급이 높은 것 같아서 고민 중입니다,domain-lexicon-v1.1
2296,181487,archer_other,챌섭 직업,2026-06-01 15:00:00+00:00,https://www.inven.co.kr/board/maple/2296/181487,comments,954,0,3,3,True,negative,positive,information,밸런스·스킬,0.6,너프,"와헌,보마 고민중입니다 본섭 유챔 sss까지 할 생각입니다 보마는 편하고 쉽다고 하던데 딜 구조가 좋지 않다고 해서 너프 걱정이 됩니다 그래도 보마가 와헌보다 압도적으로 쉽고 쌘가요?",domain-lexicon-v1.1
2296,182145,archer_other,윈브랑 보마랑 어떤차이가 있는지 알려주실수있나요?,2026-06-16 15:00:00+00:00,https://www.inven.co.kr/board/maple/2296/182145,comments,581,0,2,2,True,neutral,neutral,complaint,커뮤니티,0.35,,제가 보기에는 다 비슷해보이고 윈브가 더미도 있고 보조도 싼데 왜 보마가 더 선호되는지 모르겠어요,domain-lexicon-v1.1
2296,182699,archer_other,특코스위칭 의미있는게 윈브뿐인가여,2026-06-24 15:00:00+00:00,https://www.inven.co.kr/board/maple/2296/182699,comments,462,0,4,4,True,neutral,neutral,information,커뮤니티,0.35,,타 궁수들은 쓰나요?,domain-lexicon-v1.1
2296,184726,archer_other,챌섭 복귀 화석템 질문합니다,2026-07-17 15:00:00+00:00,https://www.inven.co.kr/board/maple/2296/184726,comments,156,0,1,1,True,neutral,neutral,question,커뮤니티,0.35,,올린템 가횟 1인데 비슷한 가횟8 유니크 18퍼 에디공20을 40억에 팔더라구요 첨부한 템 30억쯤에는 팔릴까요?,domain-lexicon-v1.1
2296,183364,archer_other,이와중에 치격스위칭 막은거지,2026-07-08 15:00:00+00:00,https://www.inven.co.kr/board/maple/2296/183364,recommendations,127,0,0,0,True,neutral,neutral,information,커뮤니티,0.35,,장착시 120초 쿨 집어넣은거,domain-lexicon-v1.1
2296,183742,archer_other,고근 덱 에디 886 판매합니다.,2026-07-09 15:00:00+00:00,https://www.inven.co.kr/board/maple/2296/183742,recommendations,248,0,0,0,True,neutral,neutral,information,커뮤니티,0.35,,"사실분,,,",domain-lexicon-v1.1
2296,184758,archer_other,스킬반복입력향상,2026-07-20 05:21:00+00:00,https://www.inven.co.kr/board/maple/2296/184758,recommendations,268,0,0,0,True,neutral,neutral,request,밸런스·스킬,0.35,,"■ 게임 설정의 실험실 탭에 ‘스킬 반복 입력 향상’ 옵션이 추가됩니다. - 체크박스를 통해 옵션을 활성화할 수 있으며, 활성화 시 PC 환경과 무관하게 공격/점프/스킬 키 반복 입력의 대기시간 및 속도가 가장 빠른 수치로 작동됩니다. - 문자 입력 또는 UI 오픈 시에는 해당 옵션이 작동되지 않습니다. 이거 생기던데 이거 키면 블디 후딜 많이 없어지는건가여? 패파유저들 보니 필터키까지 쓰시던데",domain-lexicon-v1.1
2296,181442,archer_other,여름 챌섭 직업 추천받아요!!!!,2026-05-30 15:00:00+00:00,https://www.inven.co.kr/board/maple/2296/181442,views,924,0,0,0,True,positive,neutral,praise,밸런스·스킬,0.6,감사,목표는 285 노칼유챔까지 보마 / 윈브 / 와헌 중 택1할 예정입니다 제가 중요시 여기는 직업 선택 요소는 1. 야누스 1렙 기준 사냥 피로도 2. 스킬 이펙트 및 타격음 3. 오리진 및 어센트 일러스트 정도가 있겠네요 최근 패치로 느끼는 플레이경험이나 딜적인 측면도 반영해서 투표해주시면 좋을 것 같아요!! 이유도 간단히 댓글로 남겨주시면 다른 분들도 직업 선택할 때 참고하실 수 있을 것 같으니까 작성해주시면 감사하겠습니다! (_ _),domain-lexicon-v1.1
2296,181524,archer_other,챌섭 직업 고민중입니다. 도와주세요..!,2026-06-04 15:00:00+00:00,https://www.inven.co.kr/board/maple/2296/181524,views,763,0,0,0,True,neutral,neutral,debate,밸런스·스킬,0.35,,"본캐 282, 투력 1억따리 밖에 안됩니다... 다들 이번 버닝은 285를 예상하고 있더라구요 버닝을 열심히 챙기면 아마 본캐보다 렙이 높아져서 본캐가 바뀌려나? 싶습니다. 지금 고민중인 직업이 윈브 or 와헌 > 카인 or 제논인데 본캐 히어로가 비교적 딸깍이라서 좀 누르는게 어느정도 있어도 될거 같긴 합니다. 윈브랑 와헌은 좀 둘이 비슷한 느낌이 강해서(속사주력 + 짧쿨기 돌리기라는 점에서) 취향은 좀 더 윈브에 가깝고 카인도 스킬 이펙트나 이런 부분이 마음에 드나, 요새 본캐로 노말세렌을 연습하다보니 속사기 주력기가 진짜 개사기구나..싶어서 이런 피아노 캐릭을 할 수 있을지 고민입니다. 컨이 좋진 않아서.. 제논은 좀 낭만이 있지만 저스펙 제논은 파멸적으로 구린 체급이라고 그래서.. 1억 정도가 본캐인 저로써 손대도 될지 좀 고민이고요.. 어떤 직업이 제일 괜찮을 것 같나요?",domain-lexicon-v1.1
2296,181819,archer_other,선생님들 이번 챌섭 와헌vs보마면 뭐가 좋을까요?,2026-06-12 15:00:00+00:00,https://www.inven.co.kr/board/maple/2296/181819,views,757,0,0,0,True,neutral,neutral,information,커뮤니티,0.35,,"우선 목표는 대략 투력 2억+@ 익스우 적당히 괜찮은 2인격~노흉2인격정도 보고있습니다 보마,와헌 중 고민되는데 뭐가 좋을까요?",domain-lexicon-v1.1
2298,221747,ark,역시 시너지는 없애는게 맞는듯,2026-06-10 15:00:00+00:00,https://www.inven.co.kr/board/maple/2298/221747,comments,3297,0,28,28,True,neutral,negative,information,밸런스·스킬,0.35,,시너지 직업이 채급 높다고 개까이네 시너지는 걍 삭제가 맞음ᄏᄏ,domain-lexicon-v1.1
2298,222610,ark,패턴 피하기 힘들다는 뉴비분들( 질문 다 받음 ),2026-06-18 15:00:00+00:00,https://www.inven.co.kr/board/maple/2298/222610,comments,2097,0,59,59,True,neutral,positive,question,밸런스·스킬,0.35,,레프폼으로 패턴을 피한다는건 오만한 생각입니다 레프 상태에서 노후딜로 급하게 피할려면 변신 굶주림 쓰세여 그러고 혼돈 상처 평타 치고 변신 푸세요 연계기를 이동기로 자유롭게 쓰는게 중요함 그리고 변신상태 체공 뚝떨컨 연습하세요,domain-lexicon-v1.1
2298,222896,ark,뉴비 질문 다 받아요,2026-06-20 15:00:00+00:00,https://www.inven.co.kr/board/maple/2298/222896,comments,1528,0,47,47,True,neutral,positive,question,커뮤니티,0.35,,기분이 매우 좋습니다,domain-lexicon-v1.1
2298,222906,ark,아크 입문인데요,2026-06-20 15:00:00+00:00,https://www.inven.co.kr/board/maple/2298/222906,comments,1049,0,21,21,True,neutral,positive,information,커뮤니티,0.35,,얘 진힐라 개빡세네요 진짜 몇트 박은지 모르겠음 ᅲᅲ,domain-lexicon-v1.1
2298,223002,ark,안녕하세요 아크 고수입니다,2026-06-21 15:00:00+00:00,https://www.inven.co.kr/board/maple/2298/223002,comments,1721,0,18,18,True,neutral,positive,question,커뮤니티,0.35,,스펙터 게이지는 2분동안 몇 번 안봅니다. 한 서너번 정도만 보는거같은대.. 암튼 저는 그냥 감으로하고 있습니다. 아크 메린이들 질문 받음미다,domain-lexicon-v1.1
2298,221724,ark,챌섭대비 아크가이드,2026-06-09 15:00:00+00:00,https://www.inven.co.kr/board/maple/2298/221724,recommendations,11128,18,17,17,True,negative,positive,request,밸런스·스킬,0.6,부족,"0. 들어가며 챌섭시즌이 다가오면서 아크를 키워볼까 고민중이신 분들과 이미 본서버에 아크를 육성중인 분들께 참고하실만한 가이드가 있으면 좋겠다고 생각하여 글을 작성하게 되었습니다. 1. 챌린저스서버 아크 장단점 - 장점 1 그여축의 공격력버프로 인하여 초반구간에서 매우강함 2 소모조각대비 높은 헥사강화완성률 3 딜사이클 초반40초 구간의 높은 점유율로 인한 시즌보스에서 매우강함 연계자체가 매우 직관적이고 쉬운구조로 입문난이도가 매우 낮으며, 초반구간 매우 강력한 구조로 챌린저스 서버에서 즐기기 좋은 캐릭터라고 생각됩니다. - 단점 1 높은 비율의 STR 스탯 직업 2 야누스 및 이벤트스킬 공백 시 사냥피로도 2. 어빌리티 * 20250918 패치로 연계스킬의 데미지가 증가하여 첫줄 재사용 어빌리티 채용이 고정되었습니다 3. 하이퍼스킬 * 추가 고려사항 4번의 스펙터 잠식-엑스트라 힐링 및 5번의 스펙터 잠식-인헨스 대신 아래의 하이퍼스킬 채용을 고려할 수도 있습니다. 1) 황홀한 구",domain-lexicon-v1.1
2298,222402,ark,NEW 아크학개론,2026-06-16 15:00:00+00:00,https://www.inven.co.kr/board/maple/2298/222402,recommendations,2581,13,3,3,True,neutral,positive,information,커뮤니티,0.35,,https://youtu.be/0kHS0RMwX_c,domain-lexicon-v1.1
2298,224151,ark,아크 신규스킬 원초의격류 후기,2026-07-08 15:00:00+00:00,https://www.inven.co.kr/board/maple/2298/224151,recommendations,5630,22,16,16,True,negative,negative,request,밸런스·스킬,0.6,문제,"헥사풀강 어센트미사용 540사이클 전투분석입니다. 원초의격류는 공격스킬 적중시 10초마다 1낙인 생성, 3번째 낙인때 '심연의 가시'라는 공격이 추가로 발생합니다. 스킬 데미지는 헥사코어 풀강화기준 1.5%~2%로 예상됩니다. 타스킬대비 체감데미지와 점유율은 위와 같습니다. 해당 스킬 메커니즘과 관련하여 느낀 문제점은 다음과 같습니다. 1 보스 입장극딜에 '심연의 가시'를 바로 발동시키지 못함 2 보스에게 스택을 귀속시키는 방식으로 페이즈 전환마다 0스택으로 초기화가 됨. -> 페이즈 전환마다 최소 20초의 자체쿨타임을 발생 3 림보 1페이즈 및 3페이즈에서 스펙터 전환, 세렌의 시간흐름에 따른 몬스터 변경, 유피테르-연성체의 맵 이동 등 다른 몬스터로 간주되는 경우에 기존에 쌓아둔 1~2스택이 사라지고 0스택부터 다시 쌓아야 함 몬스터에게 스택을 귀속시키는 방식은 현 메이플스토리 보스전투에서 선호되지 않는 데미지 메커니즘이라고 생각됩니다. 스택을 캐릭터 귀속으로 3번째 격류마다 심",domain-lexicon-v1.1
2298,224268,ark,ㅈ같은 스택 이 악물고 계속 내려하네 아오 ㅡㅡ,2026-07-08 15:00:00+00:00,https://www.inven.co.kr/board/maple/2298/224268,recommendations,1183,9,0,0,True,neutral,neutral,request,밸런스·스킬,0.35,,"지금 아크들이 가만히 있는게 구조가 좋아서 가만히 있는게 아니라 체급이 너무 쎄져서 어쩔 수 없이 가만히 있는거지 지금 체급 쎄진 이유가 놀랍게도, 꽤 오랜시간 숍밑딜이었는데 ᄌ같은 구조는 안바꿔주면서, 족쇄만 계속 채우는거임 그거로 기싸움 오지게 하다가 이거나 먹고 떨어져라 하고 쎄진거임 당시 아크유저들은 알거임 ᄏᄏ 잠잠하니까 또 족쇄 달아놓으려 하네 ᄏ 스택 꺼지라고 아오 ᅳᅳ 그냥 새악형태로 내면 되잖아 딜은 쓰자마자 끊어야하는 원기보다 약하네 ᄏᄏᄏᄏᄏᄏᄏᄏ 심지어 맞지도 않는 경우가 있어? ᄏᄏᄏᄏᄏᄏᄏ 레테 같은 캐릭터도 내놓는 마당에 이 딴걸 지금 스킬이라고 쳐 내는게 말이나 되나 어이가 없어서",domain-lexicon-v1.1
2298,224375,ark,신규 6차 [원초의격류] 이펙트 개선점,2026-07-09 15:00:00+00:00,https://www.inven.co.kr/board/maple/2298/224375,recommendations,1523,11,6,6,True,negative,neutral,request,밸런스·스킬,0.6,아쉽,이펙트 퀄리티 자체가 아쉽네요 개인적으론 데몬 신스킬과 비슷하게 나왔으면 하는 바람입니다 컨셉도 밀리지 않잖아요 어센트처럼 화면을 가르는 입체적인 느낌도 덜하고요 다른 직업 신 6차 스킬들과 비교했을때 많이 조촐한 느낌입니다,domain-lexicon-v1.1
2298,222212,ark,아크는 필터키 체감 오지네요,2026-06-15 15:00:00+00:00,https://www.inven.co.kr/board/maple/2298/222212,views,5237,0,7,7,True,neutral,neutral,information,밸런스·스킬,0.35,,불독을 마지막으로 솔직히 개발만 하고 잘 안쓰다가 이번 챌섭 아크해보려고 연계 연습 중인데 타이밍을 몰라서 그런가.. 안키면 제자리 연계가 너무 안되네요 섀도어 이후로 이렇게 체감되는 직업 처음인 듯..,domain-lexicon-v1.1
2298,223191,ark,3누스 받아도 도원경은 힘드네요,2026-06-23 15:00:00+00:00,https://www.inven.co.kr/board/maple/2298/223191,views,6462,0,4,4,True,neutral,neutral,information,보스·전투,0.35,,​ 가을4 가면 된다지만 홍머병 기질이라 비주류 사냥터 찾는거 좋아하는데 4층 발판도 너무 높고 ​몹 크기도 좀 작고 아래층 몹에 새흉새악도 안맞고 3 4층에 어비스도 안닿고.. 진지하게 황혼 점디사냥 고민중,domain-lexicon-v1.1
2298,224033,ark,아크 신규 6차,2026-07-08 15:00:00+00:00,https://www.inven.co.kr/board/maple/2298/224033,views,5559,3,16,16,True,neutral,negative,request,커뮤니티,0.35,,10초쿨에 추가타 형식인거 같음,domain-lexicon-v1.1
2295,297221,battle_mage,안녕하세요 배메 스킬 좀 봐주실 분 계실까요..!,2026-06-25 15:00:00+00:00,https://www.inven.co.kr/board/maple/2295/297221,comments,1209,0,22,22,True,neutral,positive,information,밸런스·스킬,0.35,,뭔가 너무 약한거같아서 제가 스킬을 뭔가 안쓰고 있나 해서 작성해봅니당! 쿨 돌때마다 배틀킹바 다크제네시스 써주고있어용,domain-lexicon-v1.1
2295,297866,battle_mage,배메하는분들 부캐뭐키워요?,2026-07-04 15:00:00+00:00,https://www.inven.co.kr/board/maple/2295/297866,comments,886,0,13,13,True,neutral,negative,information,커뮤니티,0.35,,이 기동력에 심취해서 다른거 맛보면 못할거같은데 고수님들 뭐키우시나요,domain-lexicon-v1.1
2295,298622,battle_mage,배메 신규스킬 최고 장점,2026-07-09 15:00:00+00:00,https://www.inven.co.kr/board/maple/2295/298622,comments,7012,29,19,19,True,neutral,positive,praise,밸런스·스킬,0.35,,​ 모션이 역동적이라 개같은코디하면 기존 유니온오라 모션보다 더 웃김ᄏᄏ​ᄏᄏᄏ,domain-lexicon-v1.1
2295,299146,battle_mage,제 배메는 세상이 무너진 건가요?,2026-07-13 15:00:00+00:00,https://www.inven.co.kr/board/maple/2295/299146,comments,1786,0,17,17,True,neutral,negative,information,커뮤니티,0.35,,저저 진짜 배메하고싶어서 이번 제네패스 열릴 때까지 기다렸는데 너무 마음에 들고 간지나고 멋지고 그런데 이번 신규 6차로 세상이 무너진 건가요?,domain-lexicon-v1.1
2295,299785,battle_mage,체급 이외 전투경험 개선 해줬으면 하는것들,2026-07-19 01:50:00+00:00,https://www.inven.co.kr/board/maple/2295/299785,comments,777,7,20,20,True,neutral,negative,request,밸런스·스킬,0.35,,"1. 알터 : 60초지속 + 공중사용 가능 60초는 진짜 40초에 대한 철학을 모르겠으니 해주세요 그냥 불쾌함 1에 불과함 공중사용은 인팬트리도 가능한 마당에 시원하게 주시죠 2. 리퍼 : 마오데 시전중 지속시간 50% + 마오데 시전중 공격간격 25% 어비셜만 압축할게 아님 120초 극딜 경험개선을 위해 압축해주세요 3. 자잘한 것들 데스 : 데스 UI 토글 추가, 솔찍히 이거 엄청난 무쓸모 UI입니다. on/off 토글 추가점요 쉘터 : 지름 두배로 증가, 최소한 시전 후 좌우로 텔포했을 때 안에 있을 정도는 되야 실전성 있음 옐로우오라 : 어비셜라이트닝 일몹뎀 여기로 이관 해주세요 유니온오라 : 옐로우오라 텔길이 잠금 여기로 이관 해주세요 오라 공통사항 : 전투지역이 아닌경우 MP 지속소모 X 스인미/크오솔 : 시퀸스 등록가능, 전 직업이 원합니다 해줘요 배메 정상화 많이 되었다 이제 진짜 별거 없다 이것만 고쳐주시죠",domain-lexicon-v1.1
2295,296344,battle_mage,저도 해방했는데....,2026-06-18 15:00:00+00:00,https://www.inven.co.kr/board/maple/2295/296344,recommendations,2139,14,6,5,False,neutral,neutral,information,커뮤니티,0.35,,295까지 해야 10추갈수있나요?,domain-lexicon-v1.1
2295,297921,battle_mage,환산 110876 배틀메이지 익세 109.1% (20분 패치.ver),2026-07-05 15:00:00+00:00,https://www.inven.co.kr/board/maple/2295/297921,recommendations,904,10,2,2,True,positive,neutral,request,보스·전투,0.75,최고 · 감사,"https://youtu.be/Kj7hCFXDri0 안녕하세요! 쩝법사21세입니다! 이번에는 익스트림 세렌을 제 손으로는 몇%에 가능한지 해보았습니다! 105.8%로도 시도해보았는데 피가 너무 많이 남기도 하고 최소컷 빌드를 따라갈 수가 없더군요 그래서 조금 더 센 스펙으로 만들어서 109.1%로 트라이하였습니다 5~6트 정도 했고, 매번 2~4% 체력이 남다보니 스트레스가 장난 아니더군요 배메 특성상 세렌 벽유도에 실패하면 거리에 따라 알터와 리퍼를 옮겨야해서 상당히 상성이 나쁜 보스입니다 칼로스 기록 영상 남길 때하고는 정말 차원이 다릅니다 알터가 개선되었다곤 하지만 여전히 스트레스 요소인 것은 어쩔 수 없네요 5초뚝이다보니 스탯뚝과 쿨관리적인 측면에서 차이가 좀 있을 수 있습니다 빌드는 환산 20분컷 빌드입니다 더 잘깎으실 수 있는 분들은 아마 이것보다 낮아도 될 겁니다 제 손으로는 보통 이것이 한계로 보이며, 배메 익숙하신 분들도 100% 초반으로 깨기는 쉽지 않을 것으로 보",domain-lexicon-v1.1
2295,298188,battle_mage,일단 누워볼까?,2026-07-08 15:00:00+00:00,https://www.inven.co.kr/board/maple/2295/298188,recommendations,1394,13,7,6,False,mixed,negative,praise,커뮤니티,0.75,만족 · 너프,만족 소리 나오는순간 개같이 너프쳐맞고 들어오는 게 유구한 전통인 거 알제?,domain-lexicon-v1.1
2295,298836,battle_mage,어비셜 증발 버그가 생겼습니다,2026-07-09 15:00:00+00:00,https://www.inven.co.kr/board/maple/2295/298836,recommendations,1113,8,6,5,False,mixed,neutral,praise,보스·전투,0.8999999999999999,최고 · 감사 · 버그,안녕하세요! 쩝법사21세입니다 항상 어비셜이 패치되면 버그가 없는지부터 찾아야 하는 배틀메이지입니다 이번에도 이변없이 버그가 발견되었습니다 어비셜 번개 발동 횟수가 어비셜 번개가 떨어지지 않아도 소모되는 버그입니다 카오스 엣지 최대 사거리에서 사용하거나 보스와의 거리가 먼 상태에서 알터 적중 시 발생할 수 있으며 요즘 극딜할 때 그렇게 멀리 떨어질 일은 거의 없겠지만 특수한 경우는 발생 가능성을 아예 배제할 수 없으니 고쳐야하지 않을까 하는 부분입니다 아니면 어비셜 번개 범위를 더 늘리면 이런 걱정을 하지 않아도 되겠네요 영상은 댓글에 달아두도록 하겠습니다! 개선을 잘 받아서 훨씬 더 좋은 배틀메이지가 되길 바라며! 글 읽어주셔서 감사합니다! 배메 좋아~ 배틀메이지 최고! 항상 건강하고 즐겁고 행복한 나날 보내세요~!,domain-lexicon-v1.1
2295,295952,battle_mage,이번이 마지막 탈출기회인가요?,2026-06-16 15:00:00+00:00,https://www.inven.co.kr/board/maple/2295/295952,views,1859,0,4,4,True,neutral,positive,question,커뮤니티,0.35,,하림흉3인 주차하고 본캐바꾸기 어때요? 점점 체급때매 현타옴...,domain-lexicon-v1.1
2295,298459,battle_mage,배메 신스킬 이펙트 모음집,2026-07-08 15:00:00+00:00,https://www.inven.co.kr/board/maple/2295/298459,views,2197,1,8,8,True,neutral,negative,information,밸런스·스킬,0.35,,​​​​쇼테섭 ​​​테섭 타격 이펙트 테섭 비타격 이펙트 ​ 테섭 막타 이펙트 ​ 막타 비타격 이펙트 쇼케 때랑 막타 이펙트가 살짝 달라진거 같네요 약간 좀 더 공간을 찢는 듯한 이펙트로 바뀌고 먼가 보라보라해짐 그리고 타격 이펙트가 굉장히 특이함​ 이펙트충으로써 이번 이펙트 아주 좋소,domain-lexicon-v1.1
2295,296784,bishop,뉴비는 비숍 안좋아요?,2026-06-21 15:00:00+00:00,https://www.inven.co.kr/board/maple/2295/296784,comments,1506,0,31,31,True,neutral,positive,praise,커뮤니티,0.35,,이미 패스 다샀는데 솔플 별로라고 죄다 하지말라고 하는데ᅮ 친구랑 같이 할꺼예요..,domain-lexicon-v1.1
2295,296813,bishop,신직업하니 현타오네,2026-06-21 15:00:00+00:00,https://www.inven.co.kr/board/maple/2295/296813,comments,2518,1,28,28,True,neutral,negative,information,밸런스·스킬,0.35,,비숍은 엔레 똥꼬쇼 존나 해서 98~99% <<< 깨면 손가락 안에 드는 장인인데 신규 직업은 아예 뉴비가 재사용 뽀록만 터지면 80퍼대도 봄 이게 일반인??심지어 재사용 별로 안터져도 90퍼 초중반대 나옴..,domain-lexicon-v1.1
2295,298206,bishop,신스킬 풀강 딜점유율,2026-07-08 15:00:00+00:00,https://www.inven.co.kr/board/maple/2295/298206,comments,5233,0,24,24,True,neutral,positive,information,밸런스·스킬,0.35,,3.03퍼 어센트 1회사용 오리진 1사이클 기준,domain-lexicon-v1.1
2295,299169,bishop,이번 사태에 숍들이 유독 소리를 못내고 잠잠한 이유,2026-07-13 15:00:00+00:00,https://www.inven.co.kr/board/maple/2295/299169,comments,2810,0,59,63,False,neutral,positive,request,밸런스·스킬,0.35,,나만 그런건지 모르겠는데 이번에 레테를 키워보니까 본캐를 레테로 바꿔줘야겠다는 마음이 들면서 약간 심드렁해진 감이 없지 않아 있음 물론 애정이 아예 없어진건 아닌데 나 같은 경우에는 프레이 10초 깡삭제 패치 들어올 때 하루에 3번씩 제목이랑 내용 바꿔가면서 건의했는데 그대로 들어오기도 했고 리레 컨티 단일화 패치 들어올 때 삭제된 프레이 10초 돌려달라고 했더니 AI 매크로 답변 쳐돌렸는지 프레이를 10초로 만들어주겠다는 답변 받고나서부터 다 부질없구나 깨달음 ᄏᄏ 그리고 데티 무기로 업글하기 전에 자동 재설정으로 마력 21퍼 ? 딱 한번만 봐야지! 운 좋으면 혹시 나도? 했다가 1000억 그대로 빨리고 정말 딱 한번 본게 마지막 결정타였음 ᅮᅮ... 지금 생각해보면 에마삼이나 에마33~36 내 스펙숍이어도 그냥 에디 없거나 대충 있는 레테한테 솔플딜 따잇 당하고도 남을거 같은데 정말 미련한 짓 했다 싶음... 결론 : 이젠 목소리 내는것도 너무 지쳤고 마음은 레테한테 가있다는거.,domain-lexicon-v1.1
2295,299347,bishop,헥환 11.5 숍 후기.,2026-07-16 04:09:00+00:00,https://www.inven.co.kr/board/maple/2295/299347,comments,1586,0,27,28,True,neutral,positive,information,밸런스·스킬,0.35,,"솔플이 너무 힘들다 ... 다른거 키울걸 다른 사람들 왈 파티 구직 좋자나요. 환산 11.5면 모든직업이 구직이 쉬움... 이 직업은 7,8만 스탑하고 버리는게 맞음",domain-lexicon-v1.1
2295,296399,bishop,"20분 패치 후 비숍 데티카링 HEXA 103,897 ( HEXA 109,712 역산 )",2026-06-18 15:00:00+00:00,https://www.inven.co.kr/board/maple/2295/296399,recommendations,1472,7,7,6,False,neutral,positive,complaint,밸런스·스킬,0.35,,https://www.youtube.com/watch?v=Ro5n69Q-Ppc 어센트 왜곡 신경 써서 템이랑 도핑 밸런스 있게 뺐습니다. 최소컷은 아니고 대략적인 빌드만 짜 봤는데 확실히 패치 이후 컷이 살짝 내려간 거 같네요,domain-lexicon-v1.1
2295,298470,bishop,하.. 너무 예민한건가,2026-07-08 15:00:00+00:00,https://www.inven.co.kr/board/maple/2295/298470,recommendations,1645,6,3,3,True,positive,neutral,praise,밸런스·스킬,0.75,기대 · 만족,"이번 신규 스킬 기대했어서 조금 실망하긴 했지만... 스킬이 예뻐서 뭐... 나름 만족하긴 했는데, ""비숍 약한 거 알지 않았어?? 그러니까 적당히 캐시나 쓰면서 즐기면 되잖아. 나는 만족하는데 징징대는 게 이해가 안 된다."" 스펙이 어느 정도고 보스는 어디까지 다니는지는 모르겠지만, 자신의 플레이가 정답인 것처럼 말하면서 다른 사람들은 이해할 수 없다는 듯이 말하는 게 왜 이렇게 꼴 보기 싫은지 모르겠네. 하..",domain-lexicon-v1.1
2295,298695,bishop,신규6차스킬 이렇게 고치면 좋겠음,2026-07-09 15:00:00+00:00,https://www.inven.co.kr/board/maple/2295/298695,recommendations,1043,9,6,6,True,neutral,neutral,request,밸런스·스킬,0.35,,새로 나온 스킬 보면 비숍 매커니즘을 하나도 고려하지않은 사람이 만든것같아 뭔가 안타깝습니다 신규 6차 엔젤스 플레지 60초 주기 버프 스킬로 변경 순결의 군세가 성화를 밝혀 만물을 정화하기위한 서약을 한다 지속 시간동안 충만해진 영적의 힘이 천사와 감응하게 하여 엔젤레이 VI 심판의천사를 강화한다 [액티브 ] 지속시간 10초간 천사의 심판 발동에 필요한 성검스택 -6회 재사용 대기시간 : 60초 [패시브] 엔젤레이 VI 천사의 심판 강화 (기존) 822% x10타 -> (1렙기준) 415% X 10타 X2회공격 (30렙 기준) 655% x 10타 X 2회 공격 신규 6차가 위력과 성능을 떠나서 이대로 들어오면 근본 구조적으로 너무 기괴 해지니 테스트서버 기간동안 충분히 검토 해주시고 수치 딸깍이 아닌 개선을 부탁드려요,domain-lexicon-v1.1
2295,298855,bishop,신스킬? 어차피 기대안했다 프레이 뺏어간10초 다시돌려내라,2026-07-09 15:00:00+00:00,https://www.inven.co.kr/board/maple/2295/298855,recommendations,1380,12,14,14,True,neutral,negative,praise,밸런스·스킬,0.35,,니들이 시드링 연속해서쓰는거 싫어서 유도한거아니라서 가져간거라매 이제 시드링 연속해서 쓸일도없게 니들이 만들어놧으니까 뺏어간 10초라도 다시내놔라 제발 프레이 인트비례 최종뎀으로해주라 몸숍좀 정리되게 제발좀창섭아 진짜 창섭섭하다,domain-lexicon-v1.1
2295,299399,bishop,2차테섭 신스킬 딜 점유율,2026-07-16 08:17:00+00:00,https://www.inven.co.kr/board/maple/2295/299399,recommendations,2444,7,8,8,True,neutral,negative,information,밸런스·스킬,0.35,,2.81% 1차 테섭은 3.03%였습니다,domain-lexicon-v1.1
2295,298140,bishop,떳어용,2026-07-08 15:00:00+00:00,https://www.inven.co.kr/board/maple/2295/298140,views,3542,0,12,12,True,neutral,neutral,information,커뮤니티,0.35,,쿨 60초네요,domain-lexicon-v1.1
2295,298215,bishop,컨못하는 사람이 처본 신스킬 점유율,2026-07-08 15:00:00+00:00,https://www.inven.co.kr/board/maple/2295/298215,views,3501,0,8,8,True,positive,neutral,praise,밸런스·스킬,0.6,기대,익세 3.14 카칼 3.02... 이펙트보고 기대했는데 실망이네요,domain-lexicon-v1.1
2295,298315,bishop,바닥권에 누워계셨던 비숍분들,2026-07-08 15:00:00+00:00,https://www.inven.co.kr/board/maple/2295/298315,views,3119,0,3,2,False,neutral,neutral,information,커뮤니티,0.35,,마저 편히 누워계시면 되겠습니다,domain-lexicon-v1.1
2295,298402,bishop,제네시스보다 약한 신큐스킬?,2026-07-08 15:00:00+00:00,https://www.inven.co.kr/board/maple/2295/298402,views,3376,0,6,6,True,neutral,neutral,information,밸런스·스킬,0.35,,아니 근데 나 이떄까지 보스할떄 제네시스 안썻는데? 써야해????????????????,domain-lexicon-v1.1
2294,455083,blaster,챌섭 뉴비 블래스터 카오스 더스크,2026-07-01 15:00:00+00:00,https://www.inven.co.kr/board/maple/2294/455083,comments,926,0,16,16,True,positive,positive,praise,커뮤니티,0.6,감사,안녕하세요 이번에 메생 처음으로 카오스 더스크를 클리어 했습니다. 환산 사이트 기준 배율 160% 정도 나와서 쉽게 클리어 가능할 줄 알았지만 예상외로 간당간당하게 클리어 하였습니다. 영상 보시고 피드백 해주시면 감사드리겠습니다. https://youtu.be/76APh9RZqlo,domain-lexicon-v1.1
2294,455546,blaster,캔슬을 했는데 딜이 더 줄어요,2026-07-06 15:00:00+00:00,https://www.inven.co.kr/board/maple/2294/455546,comments,1142,0,16,16,True,neutral,negative,information,밸런스·스킬,0.35,,화면 녹화 중 2026 07 07 165159 10초기준 그냥 매그팡만 꾹누르면 8000억이 나오는데 더킹차지 - 매그팡 - 더킹차지떼고 - 점프 이렇게 캔슬하니까 4000억 나오네요 미숙해서 느린거 감안해도 딜이 너무 안나오네요,domain-lexicon-v1.1
2294,456182,blaster,신스킬 평딜 중 시전시 기존 딜사이클보다 약한듯,2026-07-08 15:00:00+00:00,https://www.inven.co.kr/board/maple/2294/456182,comments,1020,0,21,20,False,neutral,positive,information,밸런스·스킬,0.35,,30강 기준 30초 평딜 재보니 신스킬 꽂을 시간에 매그팡 더 쓰는게 딜량 더 많이 나옴...,domain-lexicon-v1.1
2294,456198,blaster,신스킬 릴파벙 공캔활용,2026-07-08 15:00:00+00:00,https://www.inven.co.kr/board/maple/2294/456198,comments,1133,0,12,12,True,neutral,positive,information,밸런스·스킬,0.35,,"릴파벙 + 신스킬 매크로로 묶고 -> 이렇게하면 극딜시 릴+해매팡 연계가 안되서 해매팡 다 따로쓴다는 가정하에 릴파벙을 또 따로 배치해야해서 매크로로 묶지말고 기존 키 그대로 두면서 신스킬을 새로 배치하는게 나은 듯 릴파벙 전진 공중판정때 더킹공캔 넣고 신스킬 바로쓰면 해매팡연계만큼 빠르게 사용가능 단, 릴파벙 전진 공캔 삑나면 헛점프 or 더킹튀어나감 발생가능",domain-lexicon-v1.1
2294,456866,blaster,매그팡 캔슬을 하는 이유가 뭔가요?,2026-07-10 15:00:00+00:00,https://www.inven.co.kr/board/maple/2294/456866,comments,1078,0,18,18,True,neutral,negative,information,밸런스·스킬,0.35,,화면 녹화 중 2026 07 11 225425 속도가 빨라지지도 않고 딜이 오르는것도 아니던데요,domain-lexicon-v1.1
2294,454174,blaster,"딜사이클, 매크로, 키보드 관련 FAQ, 팁",2026-06-22 15:00:00+00:00,https://www.inven.co.kr/board/maple/2294/454174,recommendations,1730,6,3,3,True,mixed,neutral,complaint,보스·전투,0.8999999999999999,기대 · 버그 · 답답,"1. 릴해매팡해매팡 사이클이 굼떠요 . 패턴을 못피하겠어요 정상입니다 . 그 사이클을 덮어놓고 쓰면 보고 피할 수 있는 패턴 몇개 없습니다 . 극딜 때 해방무적 사용이 반필수로 , 바인드 + 해방무적 + 오리진바인드 ( 파티격시남이써주는 ) 때 최대한 털어냅니다 . 그 이후는 보스 짬으로 위험한 , 중요한 패턴 때는 사용하지 않는 등 눈치껏 끼워 넣습니다 . 바인드때도 맵패턴이 지랄나는 보스들도 있으니 사실 해방무적 빼고는 어느정도 짬이 필요합니다 . “ 짬으로 눈치껏 써라 ” 가 좀 모호하여 덧붙이자면 우선 해방 무적 + 바인드 이외에는 덮어놓고 아래 끊어 쓰는 딜 사이클을 굴리세요 . 실제로 최소컷 근방 영상조차 이렇게 굴리는 영상이 많습니다 . 그 후 보스 계속 잡으면서 패턴이 눈에 익으면 조금씩 늘려가시면 됩니다 . 2. 그럼 못써먹겠다 싶을때는 무슨 딜사이클을 사용하나요 ? 보통 릴해매팡해매팡을 더킹 / 스웨이로 잘라서 사용합니다 . - 릴해 / 매팡 / 해매팡 , 릴해 /",domain-lexicon-v1.1
2294,454333,blaster,슈챌 따왔습니다,2026-06-24 15:00:00+00:00,https://www.inven.co.kr/board/maple/2294/454333,recommendations,1366,7,6,4,False,negative,neutral,information,커뮤니티,0.6,부족,이번에 블래 첨하는거라 숙련도가 부족해서 슈챌 못따는줄 알고 진짜 멘탈 나갈뻔했네요,domain-lexicon-v1.1
2294,454348,blaster,"103,871 데스티니 카링 잡아왔습니다",2026-06-24 15:00:00+00:00,https://www.inven.co.kr/board/maple/2294/454348,recommendations,790,6,0,0,True,negative,neutral,information,보스·전투,0.6,부족,"모른님 영상 빌드 참고해서 깼습니다 1페 도올 1극+시퀀스켜고 해매팡 1페 궁기 넘어가서 인팬깔고 버브 미리장전, 소환모션 끝나면 버브 터트리고 발칸+1극 1페 혼돈 넘어가서 잔여해매팡 입장 59초후 스틱스, 노바 + 1극(오리진 미루기), 극딜중 2번째 혼돈 폭주 1초전 스틱스+노바 바인드 안에 끝내기 2페 1오리진1극딜, 도올게이지 채우고 궁기게이지 뺌 3페 혼돈평딜+3어센트해서 게이지 채우고 궁기 극딜 궁기 혼돈 사이 쭉 평딜하면서 궁기 게이지 채우기 궁기 오리진극 하면서 궁기 게이지 터트림 혼돈 잔여해매팡 하면서 도올 게이지 터트림, 혼돈게이지 너무 많으면 혼돈 왼쪽에서 평딜하면서 궁기 게이지 맞기 혼돈 게이지 차면 극딜로 깔만큼 피 남기고 도올평딜(혼돈 게이지 870~900이하) 혼돈극딜로 혼돈컷 마지막까지 카링과 함께 도올에서 딜, 스틱스와 바인드 최대한 활용 게이지 부족해서 해방은 오늘 퇴근후에 하겠네요",domain-lexicon-v1.1
2294,454896,blaster,챌섭뉴비 검마 격파 성공 ~~,2026-06-29 15:00:00+00:00,https://www.inven.co.kr/board/maple/2294/454896,recommendations,1330,6,2,2,True,neutral,neutral,information,커뮤니티,0.35,,배율 150에 10초 남기고 겨우 깻넹,domain-lexicon-v1.1
2294,456997,blaster,자동사출 되면 안 되는 이유가 뭔데?,2026-07-12 15:00:00+00:00,https://www.inven.co.kr/board/maple/2294/456997,recommendations,743,5,5,5,True,neutral,positive,complaint,밸런스·스킬,0.35,,왜 극딜때만 자동사출이어야함? 평딜때도 자동사출하면 되는거 아님? 가뜩이나 누를거많은데 왜 굳이 하나 더 누르면서 족쇄차야되는건데 심지어 따로 누르면 매그팡대신 치는 기회비용이 있는데 딜 차이가 유의미하게 높은 것도 아니라 더더욱 따로 누를 이유를 모르겠음 그냥 평딜 때도 자동사출하자,domain-lexicon-v1.1
2294,454858,blaster,아 ㅈㄴ 폐사마렵네 진짜,2026-06-29 15:00:00+00:00,https://www.inven.co.kr/board/maple/2294/454858,views,1375,0,3,3,True,negative,negative,complaint,밸런스·스킬,0.75,문제 · 싫다,"그냥 평범한 캐릭터 할 껄 ᄏᄏᄏᄏᄏᄏᄏᄏᄏ 와 진짜 제자리 딜링을 못하니까 세상 하기가 싫다 ᄏᄏᄏᄏᄏᄏᄏ 더킹은 잘만되는데, 스웨이 캔슬이 아예 안되니까, 세상 ᄌ같다... 당연히 내가 못하니까 안되는건데, 뭐가 문제인지를 모르니까 진짜 학원마냥 잘 아는 사람한테 보면서 교정받고 싶네 ᄅᄋ",domain-lexicon-v1.1
2294,455510,blaster,신규6차 걱정되는 점,2026-07-06 15:00:00+00:00,https://www.inven.co.kr/board/maple/2294/455510,views,4001,0,6,6,True,negative,negative,request,밸런스·스킬,0.75,문제 · 부족,이번 블래 신규6차 영상을 다시보는데 걱정되는 점이 생겼습니다. 일단 저는 신규 6차가 릴파벙 쓴 이후에 실린더 쿨다운을 시켜주는 스킬일 거라고 생각합니다. 여기에서 생기는 문제점에 대해 얘기해보려고 합니다. 1. 안그래도 키셋팅 자리가 부족하고 눌러야하는 키가 타직업 대비 압도적으로 많은 블래스터에게 추가로 액티브 스킬을 준거 같아서 걱정(액티브 스킬이 아닐경우 걱정해결) 2. 이 글을 쓴 계기. 이건 플레이 경험과 직접적으로 연결되는 걱정인데 신규6차를 쓸때 차징을 활용한 캔슬이 되는지 혹은 차징이라도 유지가 가능한지. 영상을 보면 신규6차를 쓸 때 차징이 되고있다는 이펙트가 보이지 않습니다.. 혹시라도 차징이 풀려버린다던가 하는 매커니즘으로 나온다면 제2의 허리케인믹서가 될 것 같네요. 허믹도 마스터리코어 받은 직후 차징이 풀려버리는 문제가 있어서 그냥 아예 마코하나 덜 받았다는 생각으로 안쓰는 스킬이 됐죠(원래도 안썼지만 마스터리코어까지 받은김에 써야하나 고민했었음) 이번 신,domain-lexicon-v1.1
2294,455823,blaster,테섭 블래 3차 스킬코어,2026-07-08 15:00:00+00:00,https://www.inven.co.kr/board/maple/2294/455823,views,1533,1,8,8,True,neutral,mixed,information,밸런스·스킬,0.35,,1레벨만 뚫었습니다 신규 스킬이 매크로에 들어가긴하는데 안넣고 키세팅에 넣어서 눌렀습니다 어차피 극딜 때에는 자동 발동이라 괜찮은거 같습니다 보스에서는 아직 안써봐서 후딜이 길다 짧다 아무래도 개인 체감의 영역일 거 같아서 잘 모르겠습니다,domain-lexicon-v1.1
2294,456166,blaster,대충 신스킬 딜량,2026-07-08 15:00:00+00:00,https://www.inven.co.kr/board/maple/2294/456166,views,1902,5,4,4,True,neutral,neutral,information,밸런스·스킬,0.35,,어센트 제외 전부 풀강상태입니다. 1. 퍼뎀 30렙 극딜중 : 1144*2*3 = 6864% 직접사용 : 1821*6*3 = 32778% 1렙 극딜중 : 593*2*3 = 3558% 직접사용 : 980*6*3 = 17640% 1렙 > 30렙 증가량 극딜중 : 1.92배 직접사용 : 1.85배 2. 딜 지분 총 딜량 : 599.76조 신스킬 딜량 : 17.49조 (딜 지분 2.91%) 0 > 30 증가량 : 약 3% 0 > 1 증가량 : 약 1.59% 추정 (30랩 역산 약 0.53배로 계산함) 3. 5:40 영상 중간에 좀 절었습니다.. 3번 매크로 end에 넣어서 사용했습니다. 4번 매크로로 평딜하다가 릴파 > (캔슬) > 3번 > 4번 4. 후기 딜레이 자체는 짧아서 릴파 > 해매팡이랑 비슷한 느낌이라 적응하는데 크게 어려움은 없었는데 좀 거슬리는 느낌이 있긴 하네요. 릴해랑 사용방식 비슷하게 하려던거 같은데 그럴거면 차라리 해머랑 동 사양으로 연계를 넣던 캔슬을 넣던 해주는게 ,domain-lexicon-v1.1
2296,181071,bowmaster,너프 걱정 있을까요..?,2026-05-10 15:00:00+00:00,https://www.inven.co.kr/board/maple/2296/181071,comments,5675,0,21,20,False,mixed,negative,praise,커뮤니티,0.75,좋다 · 너프,"난이도가 쉽고 편하면 체급은 하위권으로 밸패한다. <= 이게 정배라 생각해서 지난 챌섭때 보마대신 일리움 키웠었는데 지난 밸패, 이번 알티챌 보니 꼭 그렇지만은 아닌 것 같아서요. 챌섭 끝나고 9~10월 밸패 나올 것 같은데 애지중지 키워놨더니 덜컥 너프당하면 많이 꺾일 것 같아요. 보마 너프 가능성 높다 생각하시나요..? 만약 3~4% 크게 너프먹어도 여전히 좋다 생각하시나요? 8만까지 키울 찐 부캐 고르는거라 신중합니다 ᅮᅲ..",domain-lexicon-v1.1
2296,181677,bowmaster,보마 하세유챔 왜 저는 딜이 덜박힐까요,2026-06-10 15:00:00+00:00,https://www.inven.co.kr/board/maple/2296/181677,comments,3632,0,25,25,True,neutral,negative,complaint,밸런스·스킬,0.35,,보마고여 하세 유챔중인데 환산은 4.74 나오고 배율은 113퍼나옵니다 근데 제가 딜박으면 19분 56.4 18분 45.2 17분 11.4 다른 저랑 환산이랑 배율이 거의 똑같은분은 19분 54.5 18분 40.6 17분 3.8 이렇게 점점 차이가 벌어지는데 1페를 그래서 어센트 3개를 다 털어야 간신히 2페에서 3극을 쓰는데 왜이렇게 차이가날까요 https://www.youtube.com/watch?v=_uIZNiHNx2Y 이건 제가 친 영상입니다.,domain-lexicon-v1.1
2296,183605,bowmaster,보마 신 6차 스킬 개선 요청 (최종),2026-07-08 15:00:00+00:00,https://www.inven.co.kr/board/maple/2296/183605,comments,3438,27,18,17,False,positive,mixed,request,밸런스·스킬,0.6,감사,"1. 이펙트 개선 요청 예전에 오징어 발사라고 수많은 유저의 원성을 샀던 폭풍의 오징어시 .. 이후 이펙트 개선을 받았고 그렇게 오징어는 잊혀지는듯 했으나... 하... 도대체 왜 아직도 오징어에 미련을 못버리시나요? 이게 왜 또........ 예전엔 '오징어를 발사하는' 이펙트... 이번엔 '오징어를 터뜨리는' 이펙트... 이펙트 꼭 개선해주세요. 보마는 ' 오징어 레이저빔 ' 이 아니라 ' 화살 ' 을 쏘고 싶습니다 . 부탁드립니다. 2. 자동 사출기 형태로 개선 요청 보마의 정체성 은 쉽고 단순한 구조 에 있습니다. 윈드오브프레이 1개를 제외한 모든 스킬은 시퀀스 한번으로 자동 사출되는 구조 이며, 굳이 손맛을 느끼며 조금이라도 고점을 보고싶은 유저는 직접 누르는 것도 가능하게 일부 스킬에서 수동모드를 선택할 수도 있습니다. 따라서 신규 6차 스킬도 반복적으로 눌러야하는 스킬이 아닌 수동, 자동 선택이 가능한 '사출기 형태'로 개선 됐으면 합니다. (이펙트만 봤을땐 이번 신궁 ",domain-lexicon-v1.1
2296,184252,bowmaster,보마 고점 찍는 난이도 어떻게 체감하시나요,2026-07-14 15:00:00+00:00,https://www.inven.co.kr/board/maple/2296/184252,comments,1652,0,19,19,True,positive,positive,debate,보스·전투,0.6,만족,만인의 유챔 보마지만 개인적으로 조작 난이도가 쉬운거지 고점을 다 뽑아내는 난이도는 어렵다고 생각하거든요 보마는 평딜 직업이 아니라 극딜이 긴 직업이다 라고들 하는데 극딜 시간이 긴 만큼 극딜 압축이 잘되어 바인드 시간 안에 딜 다박아 넣고 여유롭게 패턴 피하면서 하는거랑 평딜 처럼 보이지만 점프 한번 할 때마다 보스 텔 한번 탈 때마다 극딜이 딜로스 나는 거랑은 체감하는 고점 뽑는 난이도가 다를 것이라고 생각합니다 거기에 설치기인 플래터도 있어서 계속 잘 맞도록 유도컨도 해야하구요 그럼에도 보마의 체급자체가 원래 높기 때문에 그만큼 딜로스가 나더라도 체감하는 성능의 만족도가 높은 캐릭인 것 같습니다 실제로 보마를 키우며 배율 100%미만 최소컷을 깎는 분들은 이에 대해 어떻게 생각하시나요?,domain-lexicon-v1.1
2296,184783,bowmaster,선생님들 저희 ‘폭시사용중가능’ 이건 꼭 받아내야합니다,2026-07-19 22:41:00+00:00,https://www.inven.co.kr/board/maple/2296/184783,comments,888,0,19,22,True,neutral,negative,request,운영·소통,0.35,,이거 못받으면 진짜 구조 ᄌ 박는거라서 막판 문의러시좀 부탁드릴게요,domain-lexicon-v1.1
2296,183267,bowmaster,내가 사랑하는 보우마스터의 구조를 박살내려고 하는 담당자 진짜 아오,2026-07-08 15:00:00+00:00,https://www.inven.co.kr/board/maple/2296/183267,recommendations,4625,13,13,13,True,negative,neutral,information,밸런스·스킬,0.6,너프,담당자 뭔 생각으로 이딴 스킬을 내놓은 거지? 보우마스터를 제일 사랑하는 유저로써 딜 너프는 상관 없지만 구조만큼은 제발 안 건드렸음 싶었는데 보우마스터를 고장내려는 스킬이 들어왔네.............................아 진짜 담당자 너무 밉다ᅮᅮᅮᅮ,domain-lexicon-v1.1
2296,183358,bowmaster,평양냉면집 와서 파스타 찾는 분들이 꽤 있으시네,2026-07-08 15:00:00+00:00,https://www.inven.co.kr/board/maple/2296/183358,recommendations,1967,13,3,3,True,neutral,positive,information,밸런스·스킬,0.35,,보마는 심심한 직업이 정체성임 그래도 너무 폭시꾹이니 30초 짧쿨기 주는거 까진 뭐 이해범주 안일수도 있는데 무슨 쿨뚝 메리트를 위해 15초화니 쿨뚝화 얘기 나오는 거 보면 가게를 잘못찾아 오신 손님들 같은데..,domain-lexicon-v1.1
2296,183453,bowmaster,※구조 씹창스킬 개선해라※,2026-07-08 15:00:00+00:00,https://www.inven.co.kr/board/maple/2296/183453,recommendations,4671,19,4,4,True,neutral,neutral,request,밸런스·스킬,0.35,,"사용감 개박살내놨으면 딜이라도 납득가능한 수준으로 내던가 보마에 더쌘스킬 쥐어주기 싫으면 자동시전, 폭시중 사용으로 바꿔서 사용감이라도 챙기던가 직접공격스킬 컨셉 잡고 만들었으면 납득이 가능하게 스킬을 만들어라 생긴것도 ᄉᄇ 럭키 언카블처럼 생겨가지고는",domain-lexicon-v1.1
2296,183697,bowmaster,다들 개소리하지말고 폭시 꾹중에 스킬 쓸수있게되게 시위나 하십쇼,2026-07-08 15:00:00+00:00,https://www.inven.co.kr/board/maple/2296/183697,recommendations,3417,24,14,14,True,neutral,negative,information,밸런스·스킬,0.35,,짧쿨기 하나 생긴걸로 뭐 구조박살이니 뭐니 오버하고있네 앞으로 남은 스킬코어 4개중에 짧쿨기가 하나도 안들어올줄암? 걍 딴건 모르겠고 폭시 꾹중에 사용가능 <<< 이거는 무조건 받아내야함,domain-lexicon-v1.1
2296,181055,bowmaster,보마 보조 원래 이렇게 비싼가요??,2026-05-09 15:00:00+00:00,https://www.inven.co.kr/board/maple/2296/181055,views,6965,0,10,10,True,neutral,positive,question,경제·옥션,0.35,,"노칼유챔용 보조 싸게 올라오는거 있나 보고 있는데.. 타 직업이랑 가격 차이가 너무 많이 나서 제대로 된 시세 측정이 너무 어렵네요 본캐가 섀도어인데 섀도어 노방무 쌍레 5줄 보조보다 보마 방무 낀 쌍레 5줄 보조가 더 비싸요ᅲᅲ 역체감이 엄청 심합니다 요즘 유입이 많아서 시세가 거품이 좀 많이 껴 있는 상태인건지, 아니면 평소에도 이 가격이었던건지 궁금합니다",domain-lexicon-v1.1
2296,181983,bowmaster,"챌섭 시드링, 딥다크링",2026-06-14 15:00:00+00:00,https://www.inven.co.kr/board/maple/2296/181983,views,6992,0,6,4,False,neutral,neutral,information,커뮤니티,0.35,,보마 행님들 챌섭에서 시드링 선택권 컨4/리3 리4/컨3 둘중 뭐가 더 좋나요 환산에서는 본섭 하세돌이 보마(친구계정)에 적용해보니 리4가 더 쎄더라고요.. 그리고 1티어 반지는 딥다크 아직도 쓰나요? 이번에 반지 큐브수가 많지 않아서 고민입니다.,domain-lexicon-v1.1
2296,182191,bowmaster,보마 아이템버닝 쿨뚝 vs 스텟뚝,2026-06-17 15:00:00+00:00,https://www.inven.co.kr/board/maple/2296/182191,views,10323,0,3,3,True,neutral,neutral,information,커뮤니티,0.35,,아마 거의다 솔플하긴 할텐데 제네플러스에서 카링은 그래도 파티로 할 것 같아서 쿨뚝으로 받아야할려나요?,domain-lexicon-v1.1
2296,183226,bowmaster,보마 30초짜리 딜링기,2026-07-08 15:00:00+00:00,https://www.inven.co.kr/board/maple/2296/183226,views,9081,0,17,17,True,neutral,negative,information,밸런스·스킬,0.35,,음.. 30초짜리 딜링기.. 어떤가 싶네요,domain-lexicon-v1.1
2296,183279,bowmaster,오히려 개좋은데,2026-07-08 15:00:00+00:00,https://www.inven.co.kr/board/maple/2296/183279,views,6223,2,12,12,True,neutral,neutral,information,커뮤니티,0.35,,크리인안에 2번하려면 2초뚝효율좋을거같고 덜심심하고 개좋은디?,domain-lexicon-v1.1
2298,223941,buccaneer,바이퍼가 그렇게 족구린가,2026-07-06 15:00:00+00:00,https://www.inven.co.kr/board/maple/2298/223941,comments,1865,0,20,20,True,neutral,negative,information,밸런스·스킬,0.35,,다른 직업 보조 정옵 5줄 250억 하는거 보다가 바이퍼 보보공(35%지만) 정옵5줄 100억 언저리하는거보니까 뭔가뭔가네 ᄏᄏ,domain-lexicon-v1.1
2298,224120,buccaneer,2026.07.09 신규스킬코어 전분비교,2026-07-08 15:00:00+00:00,https://www.inven.co.kr/board/maple/2298/224120,comments,3350,10,19,18,False,neutral,positive,debate,밸런스·스킬,0.35,,스킬찍기전 (0레벨) 스킬찍은후 (30레벨) https://www.youtube.com/watch?v=BOWqqT3ukg4 망겜 ᄉᄀ,domain-lexicon-v1.1
2298,224155,buccaneer,신스킬 이펙트 보고가세요,2026-07-08 15:00:00+00:00,https://www.inven.co.kr/board/maple/2298/224155,comments,5145,10,16,16,True,neutral,neutral,information,밸런스·스킬,0.35,,장어승천에서 많이 좋아졌네요;,domain-lexicon-v1.1
2298,224302,buccaneer,이거 직업이 왜 이래요?,2026-07-09 15:00:00+00:00,https://www.inven.co.kr/board/maple/2298/224302,comments,2054,1,15,15,True,neutral,negative,complaint,밸런스·스킬,0.35,,본캐 일리움 이번챌섭 레테인데 10년쯤 본캐로 키웠던 바이퍼 똥블렘 이벤링 등등 내실 좀 있어서 유챔 지정함 아케인 18성 5줄 클로도 문신으로 7억에 사서 천천히 해방하고 하세까지 해볼까 했는데 진짜 joat of joat 직업이네 팔이 이리 짧은데 무적기도 없고 딜레이는 왜케 심함 그리고 전반적으로 너무 약함...일리움이나 레테 동급스펙일때랑 너무 비교됨,domain-lexicon-v1.1
2298,224498,buccaneer,바이퍼 데티카링 빌드있으신분..,2026-07-11 15:00:00+00:00,https://www.inven.co.kr/board/maple/2298/224498,comments,773,1,12,12,True,neutral,neutral,information,커뮤니티,0.35,,20분 이후 정보가 없어서 보고 따라할게없습니다.. 도와주십쇼ᅮ,domain-lexicon-v1.1
2298,222782,buccaneer,바이퍼,2026-06-19 15:00:00+00:00,https://www.inven.co.kr/board/maple/2298/222782,recommendations,1687,10,2,2,True,neutral,neutral,information,커뮤니티,0.35,,그렸습니다,domain-lexicon-v1.1
2298,224160,buccaneer,개선 필요한것들,2026-07-08 15:00:00+00:00,https://www.inven.co.kr/board/maple/2298/224160,recommendations,2006,14,7,7,True,negative,negative,request,밸런스·스킬,0.6,버그,"1. 팔은 개짧은데 무적기없음 - 따로 설명이 필요없을듯 이건 좀 줘라 시발 2. 하울링 리레탈출 - 바이퍼로 극딜 한번만 넣어봐도 불쾌한거 알텐데 안해줌 최근에 하울링 딜레이 삭제 버그터졌을때 겁나 쾌적하더라 3. 어썰트 인레이지, 깨물기 딜누수 - 깨물기가 유도도 아니라 은근 누수가 있음 인레이지 누수 심한건 말할것도 없고.. 4. 서펜트 마크 묻히기 - 고칠 능력 없어서 롤백된 병신스킬 그때 한번 롤백시키더니 걍 못본체 하고있는듯",domain-lexicon-v1.1
2298,224823,buccaneer,5차강화 적용안되면 30강해도 손해임.,2026-07-16 10:31:00+00:00,https://www.inven.co.kr/board/maple/2298/224823,recommendations,1710,14,9,9,True,neutral,negative,complaint,밸런스·스킬,0.35,,"기존 - 씨 서펜트 인레이지 : ( 970 + 340 ) x 8 x 2.2 = 23,056 % - 서펜트 어썰트 인레이지 : 853 x 6 x 10 x 2.2 = 112,596 % 신규 스킬 -씨 넵투누스 : 1050 x 12 = 12,600 % -넵투누스 어썰트 : 1061 x 13 x 8 = 110,344 % 씨 넵투누스가 8번발동이니 넵투누스 어썰트가 2회 발동이니 그런건 의미가 없음 왜냐면 신규 스킬 자체가 ""기존 스킬을 강화하는"" 방식이기 때문에 딜이 쌔지기 위해선 당연히 기존 스킬 퍼뎀보다 높아야 하는데 퍼뎀을 보셈. 저게 30레벨 기준인데 30레벨조차 기존 스킬 퍼뎀보다 낮음. 그런데도 5차 강화코어 적용 안되는게 의도된 사항이다? 아무리 20초간 데미지10% 증가가 있다 해도 스킬 자체딜이 저렇게 약해지는게 맞는거임? 점유율이 몇퍼네 마네 그건 전혀 의미가 없음. 기존스킬 강화방식이기 때문에 그만큼 씨 서펜트 인레이지랑 서펜트 어썰트 인레이지가 낮아지는거라 저 퍼뎀이 ",domain-lexicon-v1.1
2298,221859,buccaneer,바이퍼 신규스킬 이펙트,2026-06-12 15:00:00+00:00,https://www.inven.co.kr/board/maple/2298/221859,views,3862,0,9,9,True,neutral,neutral,information,밸런스·스킬,0.35,,멋지네요!,domain-lexicon-v1.1
2298,222071,buccaneer,바이퍼 신규스킬 자세히보니까,2026-06-14 15:00:00+00:00,https://www.inven.co.kr/board/maple/2298/222071,views,2383,0,6,6,True,neutral,positive,information,밸런스·스킬,0.35,,기존 시써펜트가 바뀌는 스킬인거같은데 영상보면 2초주기로 용가리튀어나오고 입벌리는 용가리도 되게 짧게 나오면서 슈퍼피인레로 바뀌고 이거만약 상시라면 시써펜트 딜누수 완화되는걸까.. 이제 해주는것이냐..,domain-lexicon-v1.1
2298,224206,buccaneer,신스킬 써보니까,2026-07-08 15:00:00+00:00,https://www.inven.co.kr/board/maple/2298/224206,views,2616,0,7,7,True,negative,neutral,information,밸런스·스킬,0.6,부족,총8번 재발동대기시간2초 마다 한대씩 나가는건데 극딜시퀀스에 넣고 쓰면 오리진하울링라폼 끝나고나서부터 평타치는건데 20초 짜리 스킬이라 너무 시간이 부족한데 중간중간 평타를 섞어야하는건가요?,domain-lexicon-v1.1
2297,327784,cadena,챌섭 카데나 찍먹해보고 느낀점,2026-06-19 15:00:00+00:00,https://www.inven.co.kr/board/maple/2297/327784,comments,1473,1,15,15,True,neutral,negative,debate,밸런스·스킬,0.35,,"메일, 오디넌스 << 이거 더 완화되어야 한다 생각함 얘가 무슨 딸깍 직업도 아니고 누를 거 제일 많은 직업인데 15초 or 보스 이동마다 갱신해줘야 하는 설치기 + 짧쿨 설치기 하나 더인데 기존 카데나 유저분들은 어떻게 생각하시는지 모르겠지만 캡틴 최근에 소환수 패치된거처럼 완화 해줘야하는거 아닌가 싶음 이번 챌섭 유입하면서 2일동안 많은 시간을 세렌 진듄과 함께 놀았는데 설치기가 그 어떤 점보다 진입장벽이라 생각함..",domain-lexicon-v1.1
2297,328738,cadena,본캐 할건데 보조 5줄 매물 찾는게 맞지요?,2026-06-26 15:00:00+00:00,https://www.inven.co.kr/board/maple/2297/328738,comments,870,0,14,14,True,neutral,positive,information,커뮤니티,0.35,,방무 1줄까진 괜찮나요 요즘 보조 비쌌어서 일단 블랙보조 레전 2.3줄로 버티다가 넘어가려는데 걍 천천히 봐도 되려나,domain-lexicon-v1.1
2297,329511,cadena,챌섭뉴비 따끔한 피드백 말아주시면 감사하겠습니다,2026-07-05 15:00:00+00:00,https://www.inven.co.kr/board/maple/2297/329511,comments,776,0,14,14,True,positive,positive,praise,밸런스·스킬,0.6,감사,"하드세렌 111퍼 트라이 중인데 1페를 3번째 극딜 돌기전(16분전)에는 넘겨야겠더라구요 10판 하면 1판 넘기는 수준인데 제 나름대로는 계속 팬다고 팹니다만.. 어떤 부분을 더 깎아야할지 봐주시면 감사하겠습니다 제 생각에는 팔각 레이저, 장판 등 피격 타이밍 을 더 숙지해야 할 것 같고 그 외적으로도 봐주시면 감사하겠습니다 그리고 오드넌스를 인서트에 놓고 텐키 0번으로 누르고 있는데 계속 씹히는 것 같아요 메일,오드넌스 부드럽게 설치하는 꿀팁 같은 게 있는지도 여쭙습니다",domain-lexicon-v1.1
2297,329602,cadena,카데나 노말세렌 피드백 가능할까요?,2026-07-06 15:00:00+00:00,https://www.inven.co.kr/board/maple/2297/329602,comments,625,0,16,16,True,neutral,positive,debate,버그·사용성,0.35,,https://youtu.be/aftGd7NcvW0?si=GxAn-fhVUqCaHFHh 컴이 안좋아서 영상찍을때 렉때문에 콤보가 이상하게 나간게 많네요.. 개인적으론 메일스트롬 때문에 힘든거같아요 세렌에서 다들 어떻게 하시나요 그리고 오드넌스 쿨이 좀 짧은거같은데 극준극마다 2번씩 돌리는게 맞나요? 아님 그냥 쿨돌때마다 깔아서 가동률을 높이는게맞나요?,domain-lexicon-v1.1
2297,330973,cadena,데티카링 해방컷 몇정도면 박을만할까요?,2026-07-14 15:00:00+00:00,https://www.inven.co.kr/board/maple/2297/330973,comments,504,0,18,18,True,positive,positive,question,커뮤니티,0.6,감사,지금 이상태라 엄두가 안나는데 헥환 몇정도 되야 박아볼만할까요? 어센트도 15렙이라 지금부터 꾸준히 30렙까지 달릴예정입니다. 빌드는 혼도궁으로 짬날때마다 공부하는중인데 2페 꿀팁도 좀 알려주시면 감사하겠습니다..,domain-lexicon-v1.1
2297,328464,cadena,카데나 최초 데스티니무기 2차 해방,2026-06-24 15:00:00+00:00,https://www.inven.co.kr/board/maple/2297/328464,recommendations,664,7,1,1,True,neutral,neutral,information,커뮤니티,0.35,,고생한만큼 보람있네요 ᄒᄒ,domain-lexicon-v1.1
2297,330120,cadena,구조도 ㅈ같은데 딜까지 약하니까 뭘 도대체 점검해보고 낸건지 모르겠네,2026-07-08 15:00:00+00:00,https://www.inven.co.kr/board/maple/2297/330120,recommendations,1810,8,2,2,True,neutral,neutral,complaint,밸런스·스킬,0.35,,"스킬 이펙트가 정상인가? -> 시퀀스로 쓰면 토렌트 보이지도 않음 사운드가 정상인가? -> 공사하는 소리 ᄌᄂ커서 사운드 꺼버리고 싶음 구조가 정상인가? -> 애초에 오드 및 토렌트를 모두 레투다안에 넣을 수 없으며, 극딜할때 오드 쿨에 따라 어떤식으로 사용해야 하는지도 사용자의 오드 강화 정도에 따라 명확하지 않음. 그냥 신규 스킬 자체가 오드와 공존할 수 없는 구조를 가지고 있음. 심지어 최종뎀 버프는 왜 30초인지 모르겠음 프페가 20초인데 수치가 정상인가? -> 1렙 찍으면 메일보다도 약한데 기존 메일 및 오드까지 대체하기 때문에 무조건 약해짐. 돈내고 헥사뚫는데 어떻게 약해질수가?? 애초에 시퀀스로 올리면 안보인다는걸 눈치를 못챈 시점부터 운영진은 허수아비 조차도 한번도 직접 쳐본적이 없다는걸 스스로 증명한 꼴임 ᄏᄏ..",domain-lexicon-v1.1
2297,330160,cadena,토렌트 스킬 보고 느낀점,2026-07-08 15:00:00+00:00,https://www.inven.co.kr/board/maple/2297/330160,recommendations,2396,8,4,4,True,positive,negative,information,밸런스·스킬,0.6,재미,1. 토렌트 사용 후 메일스트롬 혹은 오드넌스 키를 눌러야 발동됨. 극딜이 더 복잡해짐. 허수아비 크러쉬 -> 논체인아무거나 -> 웨버 스택 재입장컨 -> 논체인 아무거나 -> 일필 기다리기 ->입장 -> 스인미 크오솔 -> 나이프 -> 시퀀스 -> 테이크다운 -> 토렌트 발동 -> 점프 윙배트 방향키배트(전투의흐름 유지) -> 윙대거 터트리기 ->↑체이스 -> 판테온 -> 오리진 ↑ 이 극딜준비 재밌으신 분? 시퀀스오리진 딸깍직업 하고오니까 역체감이 너무 심하게 드네요. 번거롭고 실수하기 쉽고 재미도 없네요. 너무 숨막힘 2. 토렌트 사용 시 현재 설치된 오드넌스/메일스트롬을 제거함. 오드넌스는 25초 쿨타임 스킬이기 때문에 극딜 전에 오드가 돌거나 시퀀스 이후 오드를 쓰기도 함. 오드넌스가 몇초 남아있던간에 토렌트 딜은 똑같기때문에 오드넌스 눈빠지게 쳐다보다 응집 끝나자마자 토렌트 쓰던가 레투다 손해볼것같다 싶으면 오드 최대한 써먹고 막타가 레투다에 들어가게 토렌트를 써야함. 퍼,domain-lexicon-v1.1
2297,331169,cadena,●▅▇█▇▆▅▄▇ 족쇄추가 무조건 막아야합니다,2026-07-16 08:43:00+00:00,https://www.inven.co.kr/board/maple/2297/331169,recommendations,519,7,2,3,True,neutral,neutral,request,밸런스·스킬,0.35,,오드넌스 끝나는거 보고 써야하는 구조는 말도안되는 족쇄입니다 오드넌스랑 분리해서 극딜시작과 동시에 딸깍 누르면 되는 스킬로 개선받아야해요,domain-lexicon-v1.1
2297,331382,cadena,바쁜 와중에 카데나콘,2026-07-17 01:18:00+00:00,https://www.inven.co.kr/board/maple/2297/331382,recommendations,445,6,11,5,False,neutral,positive,information,커뮤니티,0.35,,​ ​ 이거 만들었삼 ​,domain-lexicon-v1.1
2297,329104,cadena,카데나 280~284 사냥터 정리,2026-06-30 15:00:00+00:00,https://www.inven.co.kr/board/maple/2297/329104,views,6740,6,5,5,True,neutral,positive,question,보스·전투,0.35,,"281렙부터 아르테리아 우주선 효율이 좋아져서 285렙까지 쓸 사냥터 대충 구상해놓은 곳들 끄적여봄 280레벨 서쪽 외곽지역 / 효율 98.7% https://www.inven.co.kr/board/maple/2297/328637?category=%EC%B9%B4%EB%8D%B0%EB%82%98&name=nicname&keyword=%EA%B9%80%ED%83%9C%EC%9D%B4 서쪽 외곽지역은 위에 글에 설명 한거 있어서 링크 ᄀᄀ 281레벨 최하층 통로 2 / 효율 100% 이거도 카데나 글 보다가 발견한건데 생각보다 쓸만함 효율도 100%고 윗점,돌진기,샷브릭으로만 설치 회수 전부 다 할 수 있어서 282도 되게 쉽게 갈거같은 사냥터임 단점은 맵 왼쪽 오른쪽 완전 끝 부분에 한마리가 자꾸 이탈한다는건데 사냥터 효율이랑 편함 생각하면 크게 신경쓰일 정도의 단점은 아닌거 같음 영상에 설치랑 회수 어떻게 하는지 다 나와있음 참고 ᄀᄀ https://youtu.be/pFlRdwyOb",domain-lexicon-v1.1
2297,329730,cadena,그여축 뭐야이거,2026-07-08 15:00:00+00:00,https://www.inven.co.kr/board/maple/2297/329730,views,2438,0,11,11,True,neutral,positive,information,커뮤니티,0.35,,이제 확정이네용,domain-lexicon-v1.1
2297,329890,cadena,신규 코어 1렙만 개방해도 버프에 있는 최종뎀 4퍼일까요?,2026-07-08 15:00:00+00:00,https://www.inven.co.kr/board/maple/2297/329890,views,2244,0,5,5,True,neutral,neutral,information,밸런스·스킬,0.35,,스킬 퍼뎀만 오르는지.. 아님 레벨별로 버프 최종뎀도 오르는 걸까요,domain-lexicon-v1.1
2297,329994,cadena,극딜이 윙빠였어요..?,2026-07-08 15:00:00+00:00,https://www.inven.co.kr/board/maple/2297/329994,views,2630,0,11,10,False,neutral,positive,information,밸런스·스킬,0.35,,재사용 터지면 그냥 쓰는건줄 알아서 지금까지 깡으로 빠따만 갈겼는데 원래라면 평윙평빠윙빠빠 <- 어거 반복하는게 맞는건가요?,domain-lexicon-v1.1
2298,221519,cannon_shooter,해적 주보돌이캐릭터 추천해주세요,2026-05-31 15:00:00+00:00,https://www.inven.co.kr/board/maple/2298/221519,comments,2277,0,16,16,True,neutral,positive,request,커뮤니티,0.35,,260바이퍼 깡통 캐릭터 흙에테 흙케인 맞춰놨는데 하스데돌이 아니면 좀 올려봐야 검밑솔돌릴거같은데 바이퍼 캐슈 캡틴 뭐가 더 괜찮나요? 자전돌릴건데 유틸이 빵빵해서 뇌빼기 되거나 클탐이 그냥빨랐으면 좋겠어요,domain-lexicon-v1.1
2298,222843,cannon_shooter,26.06.21 캐논슈터 최신 가이드,2026-06-20 15:00:00+00:00,https://www.inven.co.kr/board/maple/2298/222843,comments,4013,14,33,32,False,mixed,positive,question,보스·전투,0.8999999999999999,좋다 · 감사 · 심각,"한번씩 캐논슈터 게시판 눈팅 하는데 최신 가이드 글이 없길래 도움을 드리고자 작성합니다. 장단점 먼저 소개하고 가는게 좋겠죠? 뭐 몽키가 귀엽다느니, 스킬 이펙트나 타격감이 좋다느니 이런점들은 배제했습니다. 아무래도 성능쪽이 제일 중요하니까요. 장점 1. 주력기 사거리 상위권 2. 이동유틸 상위권 기간틱 백스텝을 통한 디테일한 컨트롤 및 3단 윗점이 가능한 캐논점프 보유 3. 메이플 슬로우 스킬 중 슬로우 성능 최상위권 상위보스로 올라갈수록 슬로우면역 보스들밖에 없긴하지만 아직도 유효한 현역 보스들이 있습니다 대표적으로 검마, 세렌, 칼로스 또한 슬로우를 가진 직업이 그렇게 많지 않은데 카데나, 카이저, 불독, 썬콜, 키네, 아란, 나로, 캐슈 ( 더있으면 알려주세요 ) ( 제보받고 추가 +보마도 있네요 ) 이 중에서 슬로우 성능이 가장 좋다고 생각 4. 무적기 성능 상위권 개인적으로 캐슈보다 더 좋은 직업들 몇몇개 있긴하지만 머리채 잡는것처럼 보일까봐 적진 않겠습니다 그럼에도 불구",domain-lexicon-v1.1
2298,222998,cannon_shooter,다시 2초로 돌아왔어요,2026-06-21 15:00:00+00:00,https://www.inven.co.kr/board/maple/2298/222998,comments,1294,1,19,19,True,neutral,positive,question,밸런스·스킬,0.35,,2초 5초 7초..참 정신없네 쿨감직업된 이후로 1년간 카룻5초(이땐 에테가기전이었음) ->에테2초 ->에테5초 ->카룻7초 ->에테2초 많이도 바꿨네요 쿨감 이리저리 궁금한거 있으시면 답변드릴게요,domain-lexicon-v1.1
2298,223230,cannon_shooter,코코볼 다때리고도 남아있는거 저만 불편한거죠?,2026-06-24 15:00:00+00:00,https://www.inven.co.kr/board/maple/2298/223230,comments,1236,0,15,15,True,neutral,positive,request,버그·사용성,0.35,,괜히 덜 때린거 아니야? 하면서 코코볼 지나가는 쪽으로 유도하게되네요 다때리면 막타에 터지면서 추가타 들어가고 사라지게 해주면 좋겠는데,domain-lexicon-v1.1
2298,224528,cannon_shooter,근데 키다운은 왜 싫어하는거임,2026-07-11 15:00:00+00:00,https://www.inven.co.kr/board/maple/2298/224528,comments,1684,1,34,34,True,mixed,negative,complaint,밸런스·스킬,0.75,감사 · 문제,하버로 키우는 중인데 걍 평소처럼 극딜하고 버스터 키다운할때 신규6차 키다운하는걸로 바뀐거 아닌가? 60초 준극도 아니고 120초 스킬인데 오히려 삑나서 반대로 날리면 ᄌ되는 설치기보다는 키다운이 낫지 않나 싶어서 시전 중 버스터 사용 불가로 인한 딜로스는 걍 신규 6차 딜을 올리면 되는 문제고... 캐슈 뉴비라 놓친 부분이 있는거면 알려주면 감사할듯,domain-lexicon-v1.1
2298,224325,cannon_shooter,신규 스킬이 설치기로 나왔으면 솔직히 만족했음,2026-07-09 15:00:00+00:00,https://www.inven.co.kr/board/maple/2298/224325,recommendations,809,8,1,1,True,neutral,neutral,praise,밸런스·스킬,0.35,,"거대한 다연장 캐논을 실체화 하면 설치해서 쓰지 누가 직접 등에 메고 쏨? 설치기로 주고 자유 행동 가능 했으면 괜찮네 하고 썼다; 그리고 명색이 ""6차""스킬인데 무슨 4, 5차 강화받은 거보다 약하냐...ᄏᄏᄏᄏᄏᄏᄏᄏᄏᄏᄏ 그리고 잘 보면 이거 원숭이가 조종하는 거고 캐릭터는 걍 이거 2.8초 동안 짊어지고 있는 발사대 지지대임? ᄏᄏᄏᄏᄏᄏᄏᄏᄏᄏᄏᄏᄏ",domain-lexicon-v1.1
2298,224386,cannon_shooter,생각이 있으면 설치기나 시퀀스에 넣어 쓰는 스킬로 내야지 키다운 ㅋㅋ,2026-07-09 15:00:00+00:00,https://www.inven.co.kr/board/maple/2298/224386,recommendations,444,6,0,0,True,neutral,neutral,information,밸런스·스킬,0.35,,명색에 6차스킬인데 딜은 존나 약하고 조각은 존나 처먹는데 스킬 몆개 안찍으면 키다운 2.8초라 평딜 손해라 막타만 터트리고 평딜 하라던데 이게 맞음?ᄏ ᄏᄏᄏ 좋은말 할때 키다운 꺼지고 설치기나 시퀀스에 들어가게 가져와라,domain-lexicon-v1.1
2298,224442,cannon_shooter,"키다운스킬에 파택,추가사출기없는 직업있음?",2026-07-10 15:00:00+00:00,https://www.inven.co.kr/board/maple/2298/224442,recommendations,843,4,5,5,True,negative,neutral,request,밸런스·스킬,0.75,불편 · 문제,미니캐논볼은 파택이나 직접공격시 추가로 사출되는 스킬은 아니지않냐...? 오히려 직접 공격시 4초마다 자동발동되는 스택형스킬이 맞잖아 그럼 스택 털기가 힘드냐? 아니? 3초면 버스터로 충분히 다털림 캐슈는 구조상 키다운해서 부수적으로 얻는 이득이 전혀 없음 하다못해 혐숭이 새끼가 옆에서 폭탄이라도 던저야하는거아니냐? 다른직업중에 파택이나 추가 사출기 안나오는 키다운 스킬 가진 직업있음? 그리고 나는 이거 보자마자 이게 2분짜리 극딜기에 걸맞는 딜이냐? 라는 근본적인 생각이 먼저 들음 뎀지가 약한건 1차패치니 조정될수 있다 생각하는 사람도 있는거같은데 지금 패치 기조가 그냥 남들이랑 똑같은 스킬내주는 느낌이 문제임 그리고 위에서 말했듯이 캐슈는 키다운을 해서 얻는 이점이 없음 현재 퍼뎀이 추가타가 없는 딜량인거고 하다못해 추가 사출기 및 추가타 파택같은거 없는걸 고려하지않은 딜량이라 느껴짐 이번에 키다운받은 데벤도 체력비례 추가 사출기 고려해서 스킬 내줌 시간나면 타직업 툴팁 좀 읽어,domain-lexicon-v1.1
2298,224766,cannon_shooter,키다운이 손해니까 키다운딜을 올리고 막타딜을 내렸습니다~ 짜잔~,2026-07-16 08:10:00+00:00,https://www.inven.co.kr/board/maple/2298/224766,recommendations,981,5,2,2,True,neutral,neutral,information,밸런스·스킬,0.35,,버스터 마코30기준 신규코어는 저레벨구간에서 키다운을 하는게 손해라서 키다운을 강제하고 막타딜을 내렸네요. 대단하다 개 창 섭 캐논슈터 - 메가 캐논 봄바드 · 지속 포격의 데미지가 마스터 레벨 기준 839%에서 1259%로 증가됩니다. · 폭발의 데미지가 마스터 레벨 기준 3693%에서 2462%로 감소됩니다.,domain-lexicon-v1.1
2298,221483,cannon_shooter,캐슈 사냥 어떤 편인가요?,2026-05-29 15:00:00+00:00,https://www.inven.co.kr/board/maple/2298/221483,views,2424,0,1,1,True,neutral,neutral,debate,밸런스·스킬,0.35,,여름 챌섭에서 캐슈 키워볼까 고민중인데 캐슈 사냥이 어떤편인가요? 그 풀메이커? 그걸로 사냥하는게 유명한걸로 아는데 대신 풀메 강화를 많이해야해서 조건이 까다롭고 패치가 되서 자동?으로 사냥하는게 이제 힘들다는거 같은데 맞나요? 풀메 사냥말고 일반적인 사냥 야누스10렙정도 사냥은 다른 직업 대비해서 어떤편인가요?,domain-lexicon-v1.1
2298,221573,cannon_shooter,본캐급으로 키워보려고함다,2026-06-02 15:00:00+00:00,https://www.inven.co.kr/board/maple/2298/221573,views,2788,0,8,7,False,neutral,neutral,information,커뮤니티,0.35,,안녕하세요 작년 어셈블때 렌으로 시작해서 이제 슬슬 본캐 갈아타보려고 합니다 렌은 익스우까지 키웠는데 이번에 키우는 본캐는 한번 하림 파티까지 가보려고 하는데 본캐급으로 하기에 좋은가요?,domain-lexicon-v1.1
2298,221916,cannon_shooter,이 새끼가 진짜 소환술사 아님?,2026-06-12 15:00:00+00:00,https://www.inven.co.kr/board/maple/2298/221916,views,2551,0,3,3,True,neutral,neutral,information,커뮤니티,0.35,,마그네틱이랑 풀메 상자 소환하는거라고 치면 소환기만 다섯개인데?,domain-lexicon-v1.1
2298,224087,cannon_shooter,진캐가 약식으로 친거봤는데,2026-07-08 15:00:00+00:00,https://www.inven.co.kr/board/maple/2298/224087,views,3065,0,5,5,True,neutral,neutral,information,밸런스·스킬,0.35,,신스킬 3퍼나온다함 7초뚝인거 감안해야하고 실제 3퍼상승이라해도 키다운동안 버스터 못치니 실 딜상승률은 더 낮을것같음 공코도 개쳐망했는데 이거 맞아요?,domain-lexicon-v1.1
2298,222412,corsair,(공유) 캡틴 사용 스킬 정리_260617,2026-06-16 15:00:00+00:00,https://www.inven.co.kr/board/maple/2298/222412,comments,10708,24,44,43,False,neutral,positive,information,밸런스·스킬,0.35,,캡틴 전직 차수별 사용 스킬 정리 입니다. [다른 정리 글 모아보기(클릭)] 1. 캡틴 사용 스킬 정리 2. 캡틴 시퀀스 추천 3. 캡틴 버프 즐겨찾기 추천 4. 캡틴 헤카테 관리(팩텀) 추천 5. 캡틴 딜 사이클 정리 ------------------------------------------------------------------------------- [사용 스킬] [0차] [특수 획득 스킬] - 영웅의 메아리 : 200찍고 오르비스탑 8층 석상 에서 습득 - 연합의 의지 : 왼쪽 전구 아이콘(퀘스트)에서 헬레나의 부름 완료 - 정령의 형상 : 챌섭에서 제로 생성만 해도 받음 - 창조의 아이온 : 제네시스 해방 완료 후 습득 [1차] [2차] [3차] [4차] [하이퍼] [5차] [6차] [키셋팅 공유] ※ 개인의 취향에 맞추어 재배치 바랍니다. - [1] 자리에는 6차 3rd 신규스킬 에어리얼 봄바드먼트 가 들어갈 예정입니다. - [X] 백스텝 샷 : 반드시 매크로에 지정,domain-lexicon-v1.1
2298,222545,corsair,(공유) 캡틴 딜 사이클 정리_260618,2026-06-17 15:00:00+00:00,https://www.inven.co.kr/board/maple/2298/222545,comments,16163,23,73,73,True,neutral,positive,complaint,밸런스·스킬,0.35,,"캡틴 딜 사이클 정리 [다른 정리 글 모아보기(클릭)] 1. 캡틴 사용 스킬 정리 2. 캡틴 시퀀스 추천 3. 캡틴 버프 즐겨찾기 추천 4. 캡틴 헤카테 관리(팩텀) 추천 5. 캡틴 딜 사이클 정리 ------------------------------------------------------------------------------- 0. 보스 시작 전 셋팅 0-1) 온오프 봄바드 템페스트 ON ※ 설치형 소환수 못쓰게 됨, = 0-2) 온오프 헤카테 ON 0-3) 온오프 로디드 다이스를 누른다음 숫자 5 를 입력하면 당신의 주사위 눈이 반드시 5(데미지20% 증가) 가 한개 이상 나옵니다. 0-4) 래피드 파이어를 보면 '클립' 이라는 스택이 있는데 래피드 파이어 적중시 난사모드로 변경되며 2배 강해집니다. 마찬가지로 헤드샷도 2회 적중 이후 데스 헤일로 강화(1.5배)되므로 입장 전 허수아비를 통해 클립과 데스 헤일을 장전해 가면 좋습니다. 0-5) 상시 버프 3종 플래그 ",domain-lexicon-v1.1
2298,223760,corsair,챌섭 캡틴한거 후회중,2026-07-03 15:00:00+00:00,https://www.inven.co.kr/board/maple/2298/223760,comments,4184,0,43,42,False,neutral,negative,complaint,보스·전투,0.35,,"캡틴 체급 낮아도 기동성 좋고 많이 편해졌다했는데 일단 플래그 30초 마다 눌러야하는데 등록 안되는거, 헤드샷 5초마다 누르기, 극딜하고 패턴 좀 피하다가 데스트리거 못누르면 그대로 딜손실이라 기분 더럽고 준극 조금이라도 밀리면 또 딜손실에 피 관리는 왜케 힘듦? 지금 유챔 4번째인데 풀피에서 루시드 칼날 맞고 뒤지는 직업은 첨봄;; 30초 무적기 있음 모하노 극딜할 때 다 써버리는데 맘같아선 유기하고싶은데 시발 지금까지 키우고 투자한게 아까워서 못하는중 보스잡으면서 손이 바쁠순있는데 바쁜만큼 어드밴티지가 있어야하는데 기동성 말곤 솔직히 어드밴티지를 잘 모르겠음 검마 160% 나오는데 피 10퍼 남겨놓고 실패 뜨니까 존나 허무 하드라 속사기면 모하노? 체급 존나 낮아서 딜 들어가봤자 따끔거리는정돈데 본캐 제로라 어느정도 컨은 어느정도한다 생각했는데 캡틴은 내 숙련도가 낮은걸 감안하더라도 적어도 나한텐 유챔으로 키울만한 직업은 아닌듯",domain-lexicon-v1.1
2298,224584,corsair,신6차 이펙트 문제는 좀 다르게 봐야될거같습니다,2026-07-12 15:00:00+00:00,https://www.inven.co.kr/board/maple/2298/224584,comments,1850,1,43,43,True,negative,negative,complaint,밸런스·스킬,0.6,문제,"갑자기 옛컨셉인 갈매기를 가져와서 뭔가 지금과는 안맞는 문제 , 우스꽝스러운 문제 저도 공감합니다 그런데 생각해봐야합니다 이 이펙트를 바꾼다고 해봐야 바꾼 이펙트가 지금보다 무조건 더 좋게 나올까? 그건 아니라 생각합니다 다른 배같은걸 나오게해서 폭격하는 컨셉은 이미 다른 스킬들하고 겹칩니다 예로는 노틸러스 어썰트 , 전함 노틸러스 , 6차스킬인 드레드노트 이미 이런 스킬들하고 이펙트가 겹치게되는 문제가있어요 그리고 무엇보다 갈매시스 이펙트 전 나쁘지않게 보고있습니다 전함으로 포격하는 이펙트는 이미 있으니 거기에 좀 색다르게 갈매기가 나오는것도 나쁘지않게 생각합니다 저는 그보다 더 시급한건 체급이라 생각합니다 캡틴의 체급은 이미 다들 알다시피 꼴찌입니다 꼴찌인 메카닉 미하일 형제와 아주 미세하게 캡틴의딜이 조금더 쌔다 이정도에요 그리고 제가 지금까지 겪어본 경험으로는 2가지를 동시에 주지는 않습니다 이펙트를 어거지로 바꾼다고 해봐야 지금 갈매시스 보다 좋을지도 의문에 거기에 딜까지 ",domain-lexicon-v1.1
2298,224958,corsair,캡틴 유저들 속을 모르겠다..,2026-07-19 09:12:00+00:00,https://www.inven.co.kr/board/maple/2298/224958,comments,1141,0,37,41,True,neutral,mixed,information,밸런스·스킬,0.35,,캡틴 리마 처음 나왔을때는 통통 배에서 철제 배로 바꼇다고 욕을 바가지로 하더니.. 이젠 제트기까지 생각하고 있네?.. 차라리 군대 컨셉 직업을 만들어 돌라카지?,domain-lexicon-v1.1
2298,223890,corsair,영자는 이번에 2주 내에 밸패할꺼면 캡틴 딜 구조좀 다시 기획해라,2026-07-05 15:00:00+00:00,https://www.inven.co.kr/board/maple/2298/223890,recommendations,2596,20,29,28,False,positive,mixed,request,밸런스·스킬,0.6,좋다,"챌섭에서 진.짜 재사용,소환수 직업을 키우니까 알겠다 캡틴은 걍 버려진 직업이라고 걍 캡틴은 컨셉 재사용,소환수 직업이라는걸 꺠달아버렸다 이캐릭 스킬창 한번이라도 읽어본 친구는 알겠지만 걍 판테온 강화Q쓰는 캐릭인데 지금은 Q 재사용 운빨에 맡기는 딜구조가 고점이고 옛날엔 거기에 설치기(배틀십) 컨트롤이라는 기괴한 구조도 있어서 난이도만 높혀놓고 딜은 설치기가 자동으로 떄리니 약하게 ??????? <이 ᄇ@ᄉ같은 구조를 그냥 추가타로 바꿔놨는데 2초마다 안때리면 딜로스 아니 2초마다 타격 갱신이요?레테는 8초나 주시면서? 아니그냥 자동타격을 하세여 ᄊ@ᄇ 5초주력딜링기에 30초 60초 딜링기로 쿨뚝메타에 1도 안어울리는 0초 최적직업인데 림보이상보스에서 막극11극 하려면 2초는 껴야해서 모자에서도 손해 안그래도 5차 이전 기본스펙으로 크뎀도 높아서 크뎀효율도 낮은편 결국엔 투자효율도 전직업중 낮은편이 속하고 마지막으로 개쓰래기 하이퍼 스킬 1개를 차지해서 5~6차에서 머가 좋다고 딜",domain-lexicon-v1.1
2298,224275,corsair,[1.2.203] 캡틴 6차 3rd - 에어리얼 봄바드먼트VI_260709,2026-07-08 15:00:00+00:00,https://www.inven.co.kr/board/maple/2298/224275,recommendations,3909,26,4,4,True,neutral,positive,information,밸런스·스킬,0.35,,"[1.2.203] 테스트 서버(1차) 캡틴 신규 6차 3rd - 에어리얼 봄바드먼트 연구소 -------------------------------------------------------------------------------------------------- [기본 툴팁] 1. 데미지 분석 1) 에어 스트라이크(작은 갈매기) ​ ​ - 딜 비중 : 40% [ 300%p+(18%p*스킬레벨)] X 5타 X 30회 * 1렙 : 47,700%p * 30렙 : 126,000%p (1렙 대비 2.64배) +@ (캡틴 디그니티 30타) 2) 알파 스트라이크(큰 갈매기) ​ ​ - 딜 비중 : 60% [1186 %p+(73%p*스킬레벨)] X 8타 X 7회 * 1렙 : 70,504%p * 30렙 : 189,056%p (1렙 대비 2.68배) +@ (캡틴 디그니티 7타) ● 총합 1렙 : 118,204%p 30렙 : 315,056%p +@ (캡틴 디그니티 37타) *[참고-비교] 같은 2",domain-lexicon-v1.1
2298,224852,corsair,캡틴 개선안_260717,2026-07-17 15:00:00+00:00,https://www.inven.co.kr/board/maple/2298/224852,recommendations,1844,30,26,25,False,negative,positive,request,밸런스·스킬,0.8999999999999999,오류 · 버그 · 부족,"9월 전투 경험 개선 작업 예정에 대비해서 개선안 작성 하였습니다. 목표일까지 선장님들 의견 꾸준히 반영하면서 수정, 재업로드 하겠습니다. [본문] ----------------------------------------------------------------------------------------------------------- 1. 에어리얼 봄바드먼트 1-1) 사용 편의성 개선(시퀀스) - 캡틴은 극딜 시 사용해야 하는 스킬의 수가 많아 키 셋팅 및 사용의 번거로움이 존재함 - 해당 스킬은 이미 스택형의 버프 스킬의 성격을 띠고 있음 ▶ 버프 시퀀스 시스템에 등록 가능하도록 변경 1-2) 범위 증가 - 에어 스트라이크의 무작위 등장에 따라 폭발 범위 기준이 달라져 타격이 불안정함 ▶ 에어 스트라이크 폭발의 위치를 대상의 중앙으로 고정하고, 폭발 범위를 대폭 증가 1-3) 디자인 변경 - 갈매기 폭격에 대한 공격 타입과 컨셉은 표출되는 불호의 입장이 더 많으나 선호 하는 ",domain-lexicon-v1.1
2298,221689,corsair,이거 티어표 진짜에요?,2026-06-08 15:00:00+00:00,https://www.inven.co.kr/board/maple/2298/221689,views,8123,0,10,10,True,neutral,positive,information,커뮤니티,0.35,,이번에 첼섭에서 캡틴 본캐급 7~8만으로 키워볼라했는데 갑자기 고민이 되네요 ᅲ,domain-lexicon-v1.1
2298,222413,corsair,(공유) 캡틴 시퀀스 추천_260617,2026-06-16 15:00:00+00:00,https://www.inven.co.kr/board/maple/2298/222413,views,10561,13,15,15,True,neutral,positive,information,밸런스·스킬,0.35,,캡틴 시퀀스 정리 및 실전 활용 팁 입니다. [다른 정리 글 모아보기(클릭)] 1. 캡틴 사용 스킬 정리 2. 캡틴 시퀀스 추천 3. 캡틴 버프 즐겨찾기 추천 4. 캡틴 헤카테 관리(팩텀) 추천 5. 캡틴 딜 사이클 정리 ------------------------------------------------------------------------------- [한눈에 보기] ※ 시퀀스 예시에 포함된 엔버링크 스킬은 챌섭에서 획득 할 수 없는 스킬 입니다. 챌섭 유저는 해당 스킬 제외하고 셋팅 참고 바랍니다. ※ 시퀀스 예시에 포함된 파이렛 플래그 는 지속시간이 30초 이며 6차 공용 코어 마스터리 강화시 으로 스킬 아이콘으로 바뀌며 지속시간이 60초 로 증가합니다. 1. 극딜용 1-1) 극딜(120s) ※ 오리진(360s) 극딜이랑 동일 합니다. 1-2) 준극딜(60s) [설명] 시퀀스는 아무리 발동이 빠르더라도 등록된 스킬 하나당 약 100ms(0.1초)의 딜레이 가 발생합니다,domain-lexicon-v1.1
2298,222432,corsair,(공유) 캡틴 헤카테 관리(팩텀) 추천_260617,2026-06-16 15:00:00+00:00,https://www.inven.co.kr/board/maple/2298/222432,views,8920,8,5,5,True,neutral,negative,request,보스·전투,0.35,,"캡틴 헤카테 감응 스킬 관리 가이드 입니다 [다른 정리 글 모아보기(클릭)] 1. 캡틴 사용 스킬 정리 2. 캡틴 시퀀스 추천 3. 캡틴 버프 즐겨찾기 추천 4. 캡틴 헤카테 관리(팩텀) 추천 5. 캡틴 딜 사이클 정리 ------------------------------------------------------------------------------- [팩텀] - 솔 헤카테의 특수 스킬 스틱스 / 카론 / 플레게톤 에 관련된 스킬을 설정 할 수 있습니다. ※ ' 감응' 이란? 등록한 특정 스킬 사용시 특수 스킬(스틱스, 플레게톤)이 발동 = 스킬 겹처쓰기 [스틱스] - (조건) 솔 헤카테를 1렙 열기만해도 습득 가능 - 60초 쿨타임 4초 추가 바인드 [감응 스킬 추천] 1. 안전형(초보 강추) 1-1) 버프 스킬 : 넥타 오버 드라이브 엔버링크(챌섭X) - 특징 : 세스킬 모두 쿨타임이 1분으로 스틱스의 쿨타임과 동일함 - 장점 : 버프를 쓸때 스틱스(바인드)가 걸리므로 ",domain-lexicon-v1.1
2294,454814,dark_knight,유챔중인데 딜이 너무 안나옵니다 도와주세요,2026-06-28 15:00:00+00:00,https://www.inven.co.kr/board/maple/2294/454814,comments,1416,0,23,23,True,negative,positive,request,밸런스·스킬,0.6,문제,"193퍼로 도전했는데 1분 남기고 깨서 뭐지해서 무기 대충 사고 검마 도전해봤는데 ᄉᄇ ᄏᄏᄏᄏ 이거 분명 뭐가 제가 다크나이트 잘못하고 있는거같은데 도와주십쇼 시퀀스 펫자동버프 온오프 비홀더, 리인카(쿼터), 솔헤카테(팩텀은엔버링크) 극딜순서 시퀀스(극딜) - 닼신숔 - 비홀더임팩트 - 피어스 사이클론 (끝날때까지 꾹) - 다크니스 오라 - 오리진 - 나머지 쿨들어오면 닼신숔 하고 평타 몇대치면 리레 끝남 평딜 궁니르는 안쉬고 계속 누르고 닼신숔 쿨마다 비홀더도 쿨마다 60초마다 준극딜 시퀀스로 딜뻥 노쿨뚝이고 어센트 안배웠습니다 추가로 사이클론 저거 중간에 끊어버리면 딜로스 많이 심한가요? 뭐가 문제인지 도와주세요 미치겠음 ᅲ",domain-lexicon-v1.1
2294,455802,dark_knight,생각보다 스킬은 이쁜듯요,2026-07-08 15:00:00+00:00,https://www.inven.co.kr/board/maple/2294/455802,comments,2850,1,17,16,False,neutral,negative,information,밸런스·스킬,0.35,,30초 동안 눈냐 소환 그나마 다행,domain-lexicon-v1.1
2294,456592,dark_knight,리인카 풀 쓰는사람 있나요?,2026-07-09 15:00:00+00:00,https://www.inven.co.kr/board/maple/2294/456592,comments,1199,0,23,23,True,neutral,neutral,information,커뮤니티,0.35,,저는 리인카 쿼터말곤 전혀 안쓰는데 풀 삭제해도 무방하지 않나 싶음..정말 쓸일이 없어요,domain-lexicon-v1.1
2294,458016,dark_knight,흉성 배율 130퍼인데,2026-07-17 17:04:00+00:00,https://www.inven.co.kr/board/maple/2294/458016,comments,531,0,24,26,True,neutral,positive,question,밸런스·스킬,0.35,,일필 거의 다맞추고 궁그닐 꾹으로 딜 누수 거의 없다시피 쳤는데 17퍼 정도 남았는데. 닼스 헥사 딜비중이 큰가요? 진짜 개빡빡하게 쳐도 다른보스도 120퍼 밑으로 클이 안나와서 궁금해서 여쭤봅니다,domain-lexicon-v1.1
2294,458117,dark_knight,다크나이트 키우고 있는데 장점이 뭐죠?,2026-07-18 14:12:00+00:00,https://www.inven.co.kr/board/maple/2294/458117,comments,695,0,17,20,True,neutral,mixed,information,커뮤니티,0.35,,그나마 장점이 뭔가요?,domain-lexicon-v1.1
2294,456809,dark_knight,닼나는 걍 싹 다 바꿔야 함 안되면 접어야 하고 ㅇㅇ,2026-07-10 15:00:00+00:00,https://www.inven.co.kr/board/maple/2294/456809,recommendations,1082,11,2,2,True,neutral,neutral,request,보스·전투,0.35,,"애초에 김창섭이 주도하는 보스 메타랑 아예 맞지를 않음 그냥 탈선 수준인데 얘가 탈선한 것도 아니고 선로를 김창섭이 전혀 갈 수 없는 곳에 깔아대니까 혼자 버려진 거 ᄋᄋ 닼나가 그동안 극평딜러로 플레이가 가능했던 이유는, 붙어서 오래 때리되 피흡, 깜빡하고 죽어도 살려주는 리인카 이런 것들로 위험을 무릅쓰고 플레이 하는 거였는데 지금 메타가 뭐냐? 일반적인 상황에서는 최대한 맞는 걸 배제하고 최종뎀 버프 쌓다가 2분 극딜 타이밍 때 모든 딜을 20초 내로 몰아 넣고 다시 피하기 반복임 맞으면 안되는 메타를 가져왔는데 닼나는 여기에 전혀 들어맞지가 않음 왜? 맞으면서 딜 하는게 캐릭터 컨셉이니까 그렇다고 남들 피할 때 억지로 때린다고 딜을 따라가냐? 그것도 아님. 남들보다 개빡세게 해도 존나 약함. 심지어 보스 20분으로 줄이면서 더 빡빡하게 딜 넣어야 하고 헤카테 20렙 스킬로 리인카도 걍 공용 스킬로 만들어서 솔직히 닼나는 걍 피흡밖에 안 남은거임 걍 얘는 메이플 전투기획자의 머",domain-lexicon-v1.1
2294,456934,dark_knight,개발자님 우리애가 칼로스가 안잡힌다고 울면서 집에옵니다,2026-07-11 15:00:00+00:00,https://www.inven.co.kr/board/maple/2294/456934,recommendations,1938,15,5,5,True,neutral,neutral,information,커뮤니티,0.35,,친구들이랑 겜방에 갔다가 다른친구들은 다 잡는데 자기혼자 칼로스가 안잡힌다고 울면서집에옵니다 이게 말이 됩니까 우리애 자존감 떨어뜨리는짓 하지마십시오 우리애아빠가 지금 화가 많이 났습니다,domain-lexicon-v1.1
2294,457815,dark_knight,시발 그리고 이놈의 데버스테이션 120초쿨은 왜있는거임???,2026-07-16 15:21:00+00:00,https://www.inven.co.kr/board/maple/2294/457815,recommendations,735,12,8,9,True,neutral,neutral,complaint,밸런스·스킬,0.35,,애지간하면 바로바로 쓸텐데 혹시나라도 밀리면 그 다음극딜부터는 앞에서 밀린 만큼 그대로 밀려서 데버스테이션 써야됨 혹시나 오해할까봐 말하는건데 다크니스 오브 그레이스랑 별도로 데버스테이션 전용 120초 쿨타임이 따로 붙어있는거임 페이즈 이동이나 기타 이유로 데버스테이션 한번 밀리면 그 이후로는 데버스테이션 쿨이 다른 버프들이랑 별도로 계속 밀리는거임 데버스테이션 쿨타임을 별도로 확인 할 수 있는 방법? 없음 유일한 확인 방법은 다크니스 오브 그레이스 시전 후 데버스테이션 사용 가능 상태가 되었을때 딱 한 경우 뿐임 굳이 이런식으로 했어야 하나 싶음 진심으로 걍 내부쿨 60초 박았어도 어차피 극딜마다 한번밖에 못쓰는 스킬이 됐을텐데,domain-lexicon-v1.1
2294,457825,dark_knight,2차테섭 신규 6차 문제점들,2026-07-16 16:38:00+00:00,https://www.inven.co.kr/board/maple/2294/457825,recommendations,1225,19,9,9,True,negative,negative,request,커뮤니티,0.75,너프 · 하향,"1. 비홀더 쇼크 추가타격에 코강방무 누락 쇼크와 쇼크 추가타간의 방무수치 차이나는거 확인 2. 비홀더 데버스테이션 코강방무 누락 임팩트와 데버의 방무수치 차이나는거 확인(사실 이건 툴팁만 봐도 안한거 바로 보이긴 했음) 3. 그레이스 퍼니시먼트가 1차 테섭땐 리벤지 2회마다 발동이었는데 2차테섭엔 리벤지 3회마다 발동으로 너프 (1차 테섭당시와 툴팁비교 / 출처 : 섣버의 메이플월드) 퍼니시먼트 발생에 필요한 복수의 낙인 개수 1로 감소(=리벤지 2회 낙인 1회 찍히고, 낙인 1회되면 즉시 퍼니시먼트) >> 낙인이 새겨지기 위한 리벤지 요구 적중량 1회로 감소(=1회의 리벤지로 낙인이 1회 찍히지만, 낙인이 3회 되어야 퍼니시먼트. 즉 3리벤지 1퍼니시) 4. 쇼크 추가타, 그레이스 퍼니시먼트 5차코강 미적용하며 퍼뎀 조정 하향조정 1차테섭당시 쇼크 추가타 288% 비홀더 코강 2.8배 고려시 약 806% 2차테섭 쇼크 추가타 789% 1차테섭대비 약 98%위력 1차테섭당시 퍼니시",domain-lexicon-v1.1
2294,457826,dark_knight,애들아 신규 6차 재미있는거 알려줘?,2026-07-16 16:38:00+00:00,https://www.inven.co.kr/board/maple/2294/457826,recommendations,1056,14,5,5,True,neutral,neutral,question,밸런스·스킬,0.35,,비홀더 강화기 120초 쿨타임은 따로 돌아서 만약 쇼크 재사용 터졌다고 이거 미뤄서 쓰는 순간 스노우볼 굴러가면서 30초 강화 버프 켜지는 동안 120초 강화기 한번이라도 놓치는 순간 게속 밀리고 밀려서 결국 임펙트 강화기 30초 동안 못쓸지도 모름ᄏᄏᄏᄏᄏ 진짜 최소컷 갈수록 딜구조 박살난 상태니까 알아둬야함ᄋᄋ;;; 재사용 터졌으면 쓰지말고 바로 임펙트 꼬박 꼬박 써줘야 하는 대참사로 변했다는거임ᄏᄏᄏᄏᄏᄏᄏᄏᄏ,domain-lexicon-v1.1
2294,455744,dark_knight,KMST v1.2.203 다크나이트 변경점,2026-07-08 15:00:00+00:00,https://www.inven.co.kr/board/maple/2294/455744,views,2182,1,8,8,True,neutral,neutral,information,커뮤니티,0.35,,ᄌᄀᄂ,domain-lexicon-v1.1
2294,456301,dark_knight,종뎀 2퍼급 스킬이네요.,2026-07-08 15:00:00+00:00,https://www.inven.co.kr/board/maple/2294/456301,views,1778,0,5,4,False,neutral,neutral,information,밸런스·스킬,0.35,,신규 코어 점유율만 보고 괜찮다고 생각했는데 스킬의 구조가 기존에 있던 스킬들의 점유율을 빨아가는거라 동일 스펙 신규코어 X -> 신규코어 O 전분을 재보니 대략 종뎀 2퍼 정도 스킬로 보이네요. (어센트 미포함이라 더 낮을수도) 하 ᄏᄏ 구조도 좀 개판 인거같고 스킬 딜레이도 생겼고 뭐 어쩌자는건지 모르겠네요,domain-lexicon-v1.1
2294,456983,dark_knight,인식이 무섭긴하네,2026-07-12 15:00:00+00:00,https://www.inven.co.kr/board/maple/2294/456983,views,1931,2,10,10,True,neutral,neutral,information,밸런스·스킬,0.35,,딜구조 단순한거하고 딜 넣기 쉬운거하고 다른 개념인걸 모르는 사람들이 아직도 많네,domain-lexicon-v1.1
2294,454228,demon_avenger,다들 데벤져 왜 하는거예여?,2026-06-23 15:00:00+00:00,https://www.inven.co.kr/board/maple/2294/454228,comments,1773,0,20,20,True,neutral,positive,complaint,커뮤니티,0.35,,뭐 때문에 다들 안 접으시는건가요 데몬 스토리에 끌려서 키웠는데 난이도며 구조며 힘들어서 다른 캐릭에 눈 돌릴까 싶다가도 마음이 시키는건지 애정이 뭐라고 계속 끌고 가게 돼요... 다른 분들도 다 똑같으신가 싶어서요,domain-lexicon-v1.1
2294,455950,demon_avenger,신스킬 풀이펙트 타격X (실체추가),2026-07-08 15:00:00+00:00,https://www.inven.co.kr/board/maple/2294/455950,comments,3876,7,26,26,True,neutral,positive,request,밸런스·스킬,0.35,,아 릴리즈 오버로드 못 치웠네 불-편 ​ ​ ​+추가 실체 같이쓰는거 ​칼이 나오는 줄 알았는데 던지는거였네요,domain-lexicon-v1.1
2294,457080,demon_avenger,데벤 데스티니 칼로스 혹시 팁 같은 거 있나요...?,2026-07-12 15:00:00+00:00,https://www.inven.co.kr/board/maple/2294/457080,comments,733,0,20,20,True,negative,positive,information,보스·전투,0.6,부족,맨날 노말 딜찍으로만 다녀서 그런가 원래 이렇게 ᄌ같고 어려운 보스인가 싶네요 1페는 쉬울 줄 알았는데 본체 패턴 하나 맞으면 바로 헤도 까이고 ᄒᄒ; 특히 드론이나 구체 간섭작 때문에 잠깐 프렌지로 못 비비면 맵패턴(구체)에 바로 죽고 블피 그냥 쿨마다 쓰면서 체력 60% 유지해보자니 이 놈이 텔포를 자주 해서 그런가 맵패턴이 빠르고 아파서 그런가 60%대는 몇 초 유지도 못하고 블피는 그냥 눈깔빔에다가 쓰는 게 나은가 싶고 그냥 30프로 쭉 밀면 분명 딜부족일 거 같아서 머리 아프네요 암만 생각해도 맵패턴(구체)가 너무 빠르고 아픈데... 혹시 플레잉 팁이라던가 그런 거 얻을 수 있을까요,domain-lexicon-v1.1
2294,457443,demon_avenger,데벤 2차 테섭 변경점,2026-07-16 08:06:00+00:00,https://www.inven.co.kr/board/maple/2294/457443,comments,1805,7,16,16,True,neutral,positive,request,밸런스·스킬,0.35,,■ 데몬 어벤져 - 래비드 카니지 · 스킬 사용 중 스킬의 HP 회복 효과로 인한 HP 회복이 적용되지 않는 기능이 추가됩니다. · 키다운 종료 시 HP 회복이 적용되지 않는 시간이 증가됩니다. 얘네 이거 내가 스킬 실험글 안썼으면 몇 개를 패싱했을지 감도 안옴,domain-lexicon-v1.1
2294,457979,demon_avenger,님들은 딸피 컨셉 삭제됐으면 좋겠음?,2026-07-17 12:02:00+00:00,https://www.inven.co.kr/board/maple/2294/457979,comments,733,0,25,38,False,neutral,negative,request,밸런스·스킬,0.35,,전 리마스터 한다고 하면 솔직히 이거 사라지는거 별로 안좋을꺼 같음 하이리스크 하이리턴 컨셉 좋아해서 본캐로 한거라 리턴만 충분히 온다면 꽤 재밌는 직업이라고 생각하거든요 이펙트 개선해주고 리턴값만 좀 주면 좋겠음 괜히 리마해서 딸피컨셉 없애고 바꾸면 플레이 방식 완전히 달라지니까 그냥 다른 직업 느낌 날꺼 같아서 불안한데 그래서 리마 했으면 좋겠다 안했으면 좋겠다 생각이 반반임 이 놈 대체 어떻게 고쳐야 하는거임..?,domain-lexicon-v1.1
2294,456978,demon_avenger,신규 스킬 '래비드 카니지'에 대한 9가지 TMI,2026-07-12 15:00:00+00:00,https://www.inven.co.kr/board/maple/2294/456978,recommendations,1664,10,8,8,True,neutral,negative,request,밸런스·스킬,0.35,,"대충 있을 법한 것들 1시간동안 실험해봤습니다 1. 신규 스킬 '래비드 카니지'의 체력 사용량은 굉장히, 놀랍게도 툴팁 그대로이다. 최대 체력의 9.9%까지 소비한다 라는 것은 말 그대로 현재 체력이 9.9%가 될 때 까지 소비한다는 뜻이다. 때문에 어느 체력에서 사용하든 '래비드 카니지'를 사용하는 순간 체력이 49500이 된다. 굳이 9.9%인 이유는 '오버맥시마이징 익시드'와의 시너지로 추정되지만, 아란 유니온과 디아볼릭 리커버리 때문에 의미가 전혀 없다... 2. '래비드 카니지'는 현재 체력이 49500 이하여도 정상적으로 시전 가능하며, 체력 소모 없이 스킬이 시전된다. 또한 체력을 적게 또는 사용하지 않음으로서 발생하는 패널티/디메리트/효과 감소 등의 상황은 발생하지 않는다. 당연하지만 '서패스 리미트'를 사용한 상태로 '래비드 카니지'를 사용하면 체력 소모는 발생하지 않는다. 3. '래비드 카니지'를 단독으로 사용할 경우 전투분석 상으로는 21회의 공격 판정이 발생하는",domain-lexicon-v1.1
2294,457067,demon_avenger,하림솔 성공,2026-07-12 15:00:00+00:00,https://www.inven.co.kr/board/maple/2294/457067,recommendations,463,6,0,0,True,neutral,neutral,information,커뮤니티,0.35,,https://youtu.be/85Yb8D8od9s?si=OqOtH0TPTJMpnztM 생각보다 여유가 너무 없네요 어려운듯,domain-lexicon-v1.1
2294,457123,demon_avenger,데린이 챌섭 근황,2026-07-13 15:00:00+00:00,https://www.inven.co.kr/board/maple/2294/457123,recommendations,1391,6,13,13,True,neutral,negative,information,커뮤니티,0.35,,자랑스럽게 검마솔격 성공했습니다 ᄒᄒ 이제 데린이 탈출인가여...? 노말세렌에서 막혀서 아직 데린이인감...,domain-lexicon-v1.1
2294,455740,demon_avenger,데벤 신규스킬,2026-07-08 15:00:00+00:00,https://www.inven.co.kr/board/maple/2294/455740,views,2949,3,4,4,True,neutral,neutral,information,밸런스·스킬,0.35,,클뜯,domain-lexicon-v1.1
2294,455973,demon_avenger,이펙트 좆병신같네,2026-07-08 15:00:00+00:00,https://www.inven.co.kr/board/maple/2294/455973,views,3284,6,10,8,False,neutral,neutral,information,커뮤니티,0.35,,닼나 피어스 사이클론 모티브로 해서 렌 섬무 입힌 거지 이게 ᄏᄏ 그리고 시발아 데스페라도 휘두르는 새끼가 무슨 창 꽂듯이 내리꽂아,domain-lexicon-v1.1
2294,456019,demon_avenger,점유율 대충 이정도 나옴,2026-07-08 15:00:00+00:00,https://www.inven.co.kr/board/maple/2294/456019,views,2808,1,15,15,True,neutral,positive,request,커뮤니티,0.35,,대충 이정도 나옴 쿨뚝마다 점유율차는 있을듯 패시브 추가타 쿨뚝 먹어서 그리고 디멘션 커맨드 킨 기준임 래비드 쓴 상태에서 디멘션 2타 못돌림 그레서 커맨드 켜서 걍 바로 돌려야됨 수정) 까먹고 어센트 안썼는데 이거 쓴다고 큰차이는 안날듯,domain-lexicon-v1.1
2294,456310,demon_avenger,신규스킬 최종뎀 약 5% 상승,2026-07-08 15:00:00+00:00,https://www.inven.co.kr/board/maple/2294/456310,views,2619,3,0,0,True,neutral,neutral,information,밸런스·스킬,0.35,,0렙 vs 30렙 6분 전분 헥사만렙 어센트X 디멘션커맨드,domain-lexicon-v1.1
2294,455866,demon_slayer,신스킬 풀이펙트 타격X,2026-07-08 15:00:00+00:00,https://www.inven.co.kr/board/maple/2294/455866,comments,8461,17,18,17,False,neutral,positive,information,밸런스·스킬,0.35,,​ ​,domain-lexicon-v1.1
2294,456420,demon_slayer,"장문) 어웨이크닝 압축, 정말 필요하다 생각하시나요?",2026-07-09 15:00:00+00:00,https://www.inven.co.kr/board/maple/2294/456420,comments,3092,17,76,76,False,mixed,mixed,information,밸런스·스킬,0.8999999999999999,감사 · 최악 · 아쉽,"안녕하세요. 메벤 눈팅만 몇 년 이상 하다가 처음으로 글 써봅니다. 매 번 밸패 or 신규 스킬 출시 때마다 어웨이크닝 압축 해달라는 소리가 꽤 나오는 것 같은데요, 여러분들은 정말 어웨이크닝을 15초 내로 다 쓰고 약 95~100초동안 데몬 임팩트를 치길 원하시나요? 유챔 캐릭이 아닌, 본캐 혹은 진심부캐를 결정할 때 여러분들은 무엇을 보고 결정하시나요? 성능도 물론 있겠지만 특히 본캐라면 그저 '마음에 들어서', '끌려서' 선택하시는 분들이 많을 것 같습니다. 그 이유는 각자 다르겠지만요. 저는 오리진은 물론 데몬 베인조차 출시되지 않았을 때부터 데몬 어웨이크닝 하나만 보고 데슬을 시작했습니다. 어웨이크닝의 시원시원한 이펙트와 타격감, 그리고 스킬 사용시 펼쳐지는 큰 날개가 마음에 들어서 캐시 망토를 끼면 기본 날개는 물론 어웨이크닝의 큰 날개도 가려지기에, 투명 망토조차 끼지 않고 외형이 잘 보이지 않는 망토로 모루를 해서 끼고 다녔습니다. 개인적으로는 어웨이크닝 지속 시간이 ",domain-lexicon-v1.1
2294,456496,demon_slayer,스택인 이상 압축이 제일 효율적이에요,2026-07-09 15:00:00+00:00,https://www.inven.co.kr/board/maple/2294/456496,comments,1427,0,28,28,True,neutral,negative,request,밸런스·스킬,0.35,,어웨치시는거 좋아하시는분들 타격감 저도 무척 좋아합니다! 근데 그건 예전 1분동안 어웨 욱여넣기였을때 해당하는것이고 스택인 이상 리레안에 다 욱여넣는게 제일 베스트에요.. 스택 다 털고 임팩트만 치는게 좋나? 라고 생각하신다면 딜적으로 최소컷이나 빠르게 잡으려면 리레안에 최대한 박는게 좋습니다.. 리컨 통합때문에 더 그렇구요 임팩트를 없애고 어웨 상시화 평타가 젤 바람직해보입니다.. 리마가 필요하긴 해요 근데 스택인 이상 압축이 맞습니다 리레가 크거든요,domain-lexicon-v1.1
2294,456951,demon_slayer,메이플 데슬 뉴빈데 그 뱀이랑 어웨이크닝이 안켜질때가 있어요,2026-07-11 15:00:00+00:00,https://www.inven.co.kr/board/maple/2294/456951,comments,1378,0,13,13,True,neutral,negative,debate,밸런스·스킬,0.35,,제목 그대로인데 제가 이미지대로 극딜은 키는데 어웨이크닝이랑 그 지렁이가 안나올땨가 있어요 첫번째로 인피니티포스가 켜져 았으면 포스 적어도 다 켜져야 하는거 아닌가요..? 메이플 이번에 처음으로 빡세게해서 궁금해서 여쭤봅니답,domain-lexicon-v1.1
2294,457282,demon_slayer,레쓰오브세이튼 신스킬 시퀀스 적용 시켜라,2026-07-14 15:00:00+00:00,https://www.inven.co.kr/board/maple/2294/457282,comments,1858,1,26,27,True,negative,negative,complaint,밸런스·스킬,0.6,답답,"다른직업들은 당장 신스킬 효율이나 딜량, 편의성 권유중인데 밸패중도아닌데 왜자꾸 어웨나 오리진, 체급얘기만 하고있는지 답답하네요 당장 예시로 윈브도 비슷한 60초 준극받았는데 다들 시퀀스 적용 얘기만하는데 여기는 구조개선;; 얘기뿐 밸패아닙니다 지금... 운영진은 시퀀스에 레쓰 오브 세이튼 적용시켜주세요",domain-lexicon-v1.1
2294,455138,demon_slayer,글라이딩하는 데슬,2026-07-02 15:00:00+00:00,https://www.inven.co.kr/board/maple/2294/455138,recommendations,1882,12,7,6,False,neutral,neutral,information,커뮤니티,0.35,,재획이 편해져서 재획하다 그렸던 거 올려봅니다 ​ ​ 와리가리,domain-lexicon-v1.1
2294,455168,demon_slayer,메청년의 데슬 체험기 장단점,2026-07-02 15:00:00+00:00,https://www.inven.co.kr/board/maple/2294/455168,recommendations,2278,8,9,9,True,mixed,neutral,complaint,밸런스·스킬,0.95,재미 · 최고 · 문제 · 답답 · 부족,"이번 챌섭에서 야무지게 키워본 데슬 후기 장단점 요약 장점: 1. 오리진 뽕맛 2. 쾌적한 딜레이(데몬 슬래시) 3. 이펙트 4. 난이도(저점보장) 단점: 5. 오리진 구조 6. 스킬 사운드(데몬 어웨이크닝, 타테리안 서버러스) 7. 피격뎀 GOAT이자 JOAT: 글라이딩&더블점프 장점 1. 오리진 뽕맛 이거 보고 데슬 시작했다. 이정도 한방딜과 타격감을 내는 오리진은 몇몇 있겠지만, 컷신중이 아닌, 게임 플레이 화면 상에서 개지리는 철퇴가 날아와 후려치는 광경은 그 뽕맛을 두배로 만든다. 2. 쾌적한 딜레이 왜 이 이야기가 없는지 잘 모르겠는 부분. 오히려 딜레이에 불만을 가진 경우들은 봤지만, 그건 아마 데몬 임팩트에 대한 의견으로 보임. 데몬 슬래시는 개인적으로 딜레이 GOAT라고 느껴진다. 캔슬기로 딜레이를 초기화시키는 직업들을 제외하곤 이렇게 딜레이가 짧은 주력기는 본적이 없음. 거기에 데슬 특유의 스무스한 돌진기 조합으로, 데몬 어웨이크닝 동안엔 상당히 편한 회피기동이 가",domain-lexicon-v1.1
2294,456227,demon_slayer,[테섭] 신규스킬 딜지분 및 최종뎀 상승량,2026-07-08 15:00:00+00:00,https://www.inven.co.kr/board/maple/2294/456227,recommendations,3771,11,7,6,False,neutral,positive,information,밸런스·스킬,0.35,,"신규스킬 3줄 요약 1. 딜레이: 510ms 2. 신규스킬 딜지분: 약 3.5% 3. 최종뎀 증가량: 약 2.8% 내외 --- 참고자료 0. 측정스펙 (2뚝, 리레6, 컨티5) 1. 신규스킬 포함 전분 (2260.00조) 2. 신규스킬 미포함 전분 (슬래시 1회 실수로 눌러서, 해당 실수 임팩트로 치환 시 총합데미지 약 2198.32조 )",domain-lexicon-v1.1
2294,454564,demon_slayer,역시 대형스트리머가 해줘야해,2026-06-26 15:00:00+00:00,https://www.inven.co.kr/board/maple/2294/454564,views,2401,0,2,2,True,negative,neutral,complaint,밸런스·스킬,0.75,문제 · 부족,바로 포스부족이슈로 어웨안눌려서 최종뎀 날라가는 문제랑 극딜시퀀스 이상한거 바로 영상으로 피드백해주잖슴. 목소리를 내는 사람이 있어야한다,domain-lexicon-v1.1
2294,456158,demon_slayer,데슬 신규스킬 + 전분,2026-07-08 15:00:00+00:00,https://www.inven.co.kr/board/maple/2294/456158,views,3019,6,2,2,True,neutral,neutral,debate,밸런스·스킬,0.35,,"좌측부터 순서대로 1렙 / 9렙 / 19렙 / 30렙 / 데몬베인(6차강화 30렙) 입니다. 베인 6차강화 1렙과 비교해보고 싶으신 경우 베인딜은 13조 8,285억이 되겠습니다. 5초뚝 전분입니다. 일필x 어센트x 스인미 크오솔 2회씩 사용 , 다음 오리진 쿨 돌때 종료 이건 윗잠을 1초 띄워서 2초로 만든 전분 중에 신스킬만 떼왔습니다. ​",domain-lexicon-v1.1
2297,327959,dual_blade,"듀블 최초 챌 달성, 잘 알려주신 분들 감사합니다!",2026-06-20 15:00:00+00:00,https://www.inven.co.kr/board/maple/2297/327959,comments,2027,2,29,28,False,positive,positive,question,성장·보상,0.75,만족 · 감사,"챌4 듀블최초 챌 달성 고생끝에 어찌어찌 끝냈습니다.. 자기만족으로 시즌마다 도전중인데 너무 재밌었습니다. 스샷찍는건 잘 안해서 몇개없네요. 듀블 직게에서 질문좀 했었는데, 알려주신 분들 감사드리고 응원해주신분들도 다들 감사합니다~ 아이템, 레벨업 또는 듀블에대해 궁금한 점 있으시면 질문 환영합니다. 다들 행복한 주말되세요!",domain-lexicon-v1.1
2297,329535,dual_blade,챌섭하면서 느낀 결과 듀블은 폐급쓰레기직업이 맞습니다,2026-07-06 15:00:00+00:00,https://www.inven.co.kr/board/maple/2297/329535,comments,3859,18,40,40,True,mixed,negative,praise,밸런스·스킬,0.75,좋다 · 부족,"이적자 113%, 이지카링 120%로 미션 깨보고 느낀점 1. 분명 난이도 쉬운 극딜직업이랬는데? 실제로는 준극이랑 평딜을 손실없이 넣어야 보통 성능의 타 직업 딜량을 따라감 즉, 일반적인 배율대로 치려고 할 경우 디테일적으로 난이도가 급상승해버림. 절대 쉬운 직업 아님 2. 딜구조를 까보면 이곳저곳이 죄다 족쇄 팬블은 평딜 중요도 1순위지만 패치 전 디바이드랑 맞먹는 후딜때문에 즉각적인 대응이 어려움 후딜을 해결하려면 끊어서 쳐야하는데 손가락 피로도 장난아님 블토 풀히트때문에 얘는 무조건 보스랑 딱 붙는 뽀뽀딜 포지션을 잡고있어야 함. 이게 나로랑 다른게 뭔지 모르겠음 준극은 아수라때문에 무조건 블스에 감응을 넣어야 함 따라서 텔포 자주타는 보스에서 눈치싸움 실패할경우 리스크가 엄청 커짐 그렇다고 리턴이 좋은것도 아님, 이짓거리해도 아수라 풀히트 못넣음 3. 족쇄가 덕지덕지 달렸는데 성장효율도 쓰레기 쌀피엠 구려서 저스펙에선 약한 캐릭이에요~ 아하 그러면 헥사를 올릴수록 쎄지겠네요",domain-lexicon-v1.1
2297,329609,dual_blade,듀블로 챌 달성,2026-07-07 15:00:00+00:00,https://www.inven.co.kr/board/maple/2297/329609,comments,1931,0,27,27,True,neutral,positive,information,커뮤니티,0.35,,메이린 111.1%로 4초 남고 깼어요.... 메이플 하면서 그 어떤 최소컷보다 힘들었어요,domain-lexicon-v1.1
2297,330631,dual_blade,듀블 개선안...,2026-07-10 15:00:00+00:00,https://www.inven.co.kr/board/maple/2297/330631,comments,3772,88,39,39,True,mixed,positive,request,보스·전투,0.95,좋아요 · 감사 · 버그 · 문제 · 답답,"지금까지 잘해주겠거니 그러려니 하고 살다가 제가 죽을 때까지 듀블이란 직업이 광명을 못 볼 것 같아서 개선안 작성하러 왔습니다. 신직업 신스킬 다 좋은데 기존 직업 문제점들 AS는 안하나요? 문제점 위에 신스킬 줘봤자 온몸비틀기, 땜빵밖에 안되는데 왜 방치하는지 모르겠습니다. 풀히트 안되는 준극, 저열한 5차극딜, 보스 텔포/돌진시 누수되는 카퓨/헌엣, 쓸모없는 더미이펙트... 매주마다 같은 불쾌함을 겪고 있습니다. 많이 개선된 거? 좋습니다 예전 블스 10초 시절 블스쓰다 블토카퓨 쿨돌면 블스 끊던 시절보단 낫죠 그런데 나아졌다고 해서 불쾌함이 사라졌냐는 아니잖아요. 이정도는 감수할 수 있다로 덮어지지 않는 정도의 불쾌함은 여전히 남아있습니다. 각설하고 개선안 끄적여봅니다. 1. 암영난참 120초화 또는 60초화 - 극딜약하면 극딜, 평딜 약하면 평딜스킬로 보완해준다는 말 아니었습니까? 제가 잘못 들었나요? 뭔생각으로 30초쿨을 한지 모르겠습니다. 열심히 연무장 쳐놨더니 어? 극딜",domain-lexicon-v1.1
2297,331069,dual_blade,신스킬도 그렇고 헌엣도 액티브 스킬로 바꿔주면 안되나,2026-07-16 07:04:00+00:00,https://www.inven.co.kr/board/maple/2297/331069,comments,1007,0,19,19,True,neutral,negative,request,밸런스·스킬,0.35,,왜 다 자동으로 주는거지 내가 원할때 쓰는게 훨씬 나은데,domain-lexicon-v1.1
2297,329508,dual_blade,듀블 유입 이해 안가는점,2026-07-05 15:00:00+00:00,https://www.inven.co.kr/board/maple/2297/329508,recommendations,2503,15,18,18,True,neutral,negative,complaint,밸런스·스킬,0.35,,1. 마나 모자라는 일이 종종 발생 법사도 아닌데 왜 이래야하는지 모르겠음 보스전때 마나때매 물약먹는거 첨임.. 2. 준극 블스 아수라 구조 두개 다 쓸데없이 길어서 풀히트 못하는 경우 생김 근데 난이도 대비 리턴이 딱히 있지도않음.. 이거 헤카테 없을땐 대체 어떻게했어요? 3. 보조 해방 불합리함 이건 어케 본섭에 이렇게 들어왔는지 모를정도로 타직업 대비 말이안나오는 형평성.. 딱히 보조 해방생각해볼만한 스펙까지 키우지도 않았지만 보조 해방퀘받고나니 그냥 놀리는건가..? 싶음 할 의욕도 안생김 4. 생자필멸(?) 무슨 60스택 보스입장전에 안터지게 거리조절해서 스택채우고 재입장 반복하는 이런 구조가 지금 메이플에 아직까지 왜있나요? .. 이거 보니까 예전에 루타비스 임프 사냥터가서 헛짓거리 하던거 생각나던데.. 5. 이럴거면 그냥 렌을... 세렌에서 확 와닿음.. 속사 못하니까 리듬맞춰서 반박자 미리 숙여야하는게 진짜 너무 불쾌했음 렌이랑 비교해서 무슨장점이 있는걸까 바로 빨간약먹,domain-lexicon-v1.1
2297,330578,dual_blade,●▅▇█▇(듀블 개ㅆ.. 선안)▆▅▄▇,2026-07-10 15:00:00+00:00,https://www.inven.co.kr/board/maple/2297/330578,recommendations,1634,16,4,4,True,negative,neutral,request,밸런스·스킬,0.6,문제,"1. 섀도우 이베이젼. 보스에서 발동시키려면, 성능 사실상 삭제된 수준의 더미이펙트를 억지로 쳐 깔아야하는 ^ 섀도우 이베이젼 ^ > 기믹 삭제하고 크확15%, 공격력15 패시브로 변경 2. 스킬마다 주다 뺏다 조금 주다 마는 방어력 무시% 스킬마다 이건30% 저건20% 그건 71퍼 근데 요거랑 저거는 100%, 근데 자체 패시브는 0%임 물론 신스킬은 3연속 노방무 알빠노 ᄉᄀ > 쳐 다른 스킬 자체 방무 싹 다 삭제하고 "" 패시브 방무 60% "" 3. 8~10초 마다 굴리는 블토 카퓨 MP 소비수치가 뒤지게 높음 MP는 빅뱅 전 광역기 사냥 시절 꺼 수준 그대로 쳐 박아둔 꼬라지 > 마나통에 비해 소비 수준 개박살난 특정 스킬들 MP소비수치 1/5로 정상화 4. 준극 특화라 해도 말이 안되는 60초 극딜기 2개 (딸깍 아님) 준극 특화여도 지속시간 긴 액티브 두개는 허구언날 텔포에 기믹에 돌진 쳐갈기는 보스들 상대로 정상화가 필요하다 > 아수라 or 블레이드 스톰 120초, 딜2",domain-lexicon-v1.1
2297,331190,dual_blade,닼나나 바이퍼는 방무 추가 줬네ㅋㅋ,2026-07-16 09:04:00+00:00,https://www.inven.co.kr/board/maple/2297/331190,recommendations,1791,18,8,8,True,neutral,neutral,request,커뮤니티,0.35,,듀블 방무 스킵은 무능이 아니라 그냥 의도된 사항이네요ᄏᄏ 도대체 왜?,domain-lexicon-v1.1
2297,328219,dual_blade,체급 실감나네요...,2026-06-22 15:00:00+00:00,https://www.inven.co.kr/board/maple/2297/328219,views,3010,1,16,17,False,neutral,neutral,request,보스·전투,0.35,,"지금 1990인데...옆에 레테1660보다 극딜 약한거보니... 깍이는것도 극딜 오리진 다박고, 바인드 추가로 걸고 좀더 때려야지 그나마 비슷해지는..ᅲ보조무기 스타포스 달아야지 비슷해질려나..ᅲ",domain-lexicon-v1.1
2297,329899,dual_blade,신6차 허수아비 5분40초 전분,2026-07-08 15:00:00+00:00,https://www.inven.co.kr/board/maple/2297/329899,views,3154,10,9,8,False,neutral,neutral,information,커뮤니티,0.35,,"2.78퍼따리 운용을 제대로 하진않아서 더 오를 가능성있음 풀도핑 , 5초뚝 , 리5 컨5 , 헥사풀강 (신6차 30렙)",domain-lexicon-v1.1
2297,330843,dual_blade,사기꾼들에게 당한 듀블후기,2026-07-12 15:00:00+00:00,https://www.inven.co.kr/board/maple/2297/330843,views,3331,13,17,17,True,neutral,neutral,information,밸런스·스킬,0.35,,저번에 사기꾼들때문에 한탄하는 글쓰고 이번에 노칼까지 잡고와서 후기 한번써봄 이 사기꾼집단 캐릭은 걍 마음편하게 극최소컷105퍼정도다 생각하고 그냥 그런캐릭이다 마음먹으니 속편해졌다 노칼106.6퍼로 20초남기고 깨고왔고 내가 지금까지 키운캐릭 리스트가 엔버 렌 섀도 보마 4개인데 어찌보면 이새끼는 엔버랑 같은구조인데 그나마 엔버보다는 쌘거같아서 다행인거같은데 걍 본섭오면 템싹다 쳐팔고 18보장여명 둘둘하고 하세이칼적카 보스돌이로 내리고 스펙업은 쳐다도 안보기로 결정함 딜구조가 엔버하다와서 그지같은건 크게 못느끼겟는데 걍 체급이 똥꾸렁내남 얘 스펙올리느리 섀도로 손아파도 고점보는게 천배는 나아보임 듀블 본캐유저들 힘내라 이새끼는 엔버처럼 캐릭딸이라도 칠 명분도 없는 구제불능인데 듀블가지고 쌔다고 하는새끼들있으면 같이 쉴드쳐준다,domain-lexicon-v1.1
2295,298592,evan,에반 유저들은 참 참을성이 좋네요 ㅋㅋ,2026-07-08 15:00:00+00:00,https://www.inven.co.kr/board/maple/2295/298592,comments,2397,6,24,24,True,neutral,positive,request,밸런스·스킬,0.35,,뭐 신스킬 버프화만이라도 해주세요 ᅲᅲᅲ이러고있네 다른 직업이었으면 엘블 스택삭제 극딜답게 조디악 최종뎀증가 신스킬 버프화 체급 상승 이런거 개선안 싹 다 모아서 넣을텐데 신스킬 버프화만요ᅮᅮ 이러는게 신기하네요 에반을 하면 참을성이 좋아지는건지 게임에서 피아노 치다가 손가락 힘 다빠져서 개선안을 길게 못쓰는건지,domain-lexicon-v1.1
2295,299103,evan,차라리 딸깍캐로 개선하는건 어때요..?,2026-07-12 15:00:00+00:00,https://www.inven.co.kr/board/maple/2295/299103,comments,1333,4,26,26,True,neutral,mixed,request,밸런스·스킬,0.35,,이미 돌캔이랑 옛날시스템이 너무 겹쳐서 딸깍화 아니면 딜만 우수수 주기인데 딜만 주면 또 불만생길거같고 차라리 난이도 완화는 어때요..? 내가 유입이여도 용 간지보고 시작했는데 롤에서하던 평캔을 하라고하면 그대로 딸깍인 다른캐 갈꺼같은데,domain-lexicon-v1.1
2295,299110,evan,이 씹 그냥 양심없이 다 해달라고 해야겠다,2026-07-12 15:00:00+00:00,https://www.inven.co.kr/board/maple/2295/299110,comments,2076,12,25,25,True,negative,negative,complaint,밸런스·스킬,0.6,버그,"1. 소어 자동x 1회 강화 버프로 변경 및 시퀀스 등록가능 2. 스파이럴 오브마나 보스 유도 3. 서먼 오닉스 드래곤 상태내성 패시브화 4. 마법최종뎀 시너지 삭제후 최종데미지 20%상승으로 변경 5. 드래곤 마스터 사용시 돌아와 자동적용 (근데 이러면 돌아와 버그 생길것같아서 그냥 즉발 무적이 나을듯) 6. 미르 자동으로 드래곤스킬 및 융합스킬 사용 레테도 하는데 미르도 자동으로 합시다. 7. 브레이크, 소어 융합시 남은 데미지 융합스킬에 합산 8. 조디악레이 즉발 설치 및 캐릭터 사망해도 사라지지않음 9. 엘블 최종뎀 시전즉시 최대로 적용 Make Evan Great Again MEGA",domain-lexicon-v1.1
2295,299215,evan,에반분들께 답변을 부탁드립니다.,2026-07-13 15:00:00+00:00,https://www.inven.co.kr/board/maple/2295/299215,comments,1812,33,34,35,False,mixed,negative,request,밸런스·스킬,0.75,감사 · 너프,"안녕하세요, 거의 9년가까이 에반을 하고있는 루나서버 루이바오 라는 유저입니다 에반을 긴 시간 해본분들이라면 다 아시겠지만 저희가 탑체급이였던 시절도 존재합니다. 하지만 그간 들어온 밸패(리컨패치, 딜레이패치, 마코)등 누적되며 많이 하위라인으로 전락한게 지금의 현실입니다. 그런데 오늘 카데나로 불타고 있는 걸 보며 생각난게 있습니다.. 그래서 저 아닌 다른 에반 분들께 여쭤 보고싶습니다. 10월 밸런스 패치 최대 수혜자 에반! 이라는 썸네일의 영상입니다. 제가 저때당시에도 하드대적자 솔플을 하던 시절이였는데 10월 패치가 들어오고 민생최종뎀 3% 가 빠져서 그런거겠지만 기존 하드 대적자솔플이 50초~1분남던게 패치 후 11초남고 솔플이되는 진땀승을 했었습니다. 제가 궁금한건 저희가 왜 ""신""이 된건지 혹시 아시는 에반분 계실까요..? 지금 저희 체급 상황이야 이미 밀릴대로 밀려서 울며 겨자먹기로 기다리거나 접는 수 밖에 없지만 저때당시에 저희가 왜 최대 수혜자이며 왜 신이된건지 혹",domain-lexicon-v1.1
2295,299902,evan,에반 난이도 비례 딜쌔다는데 맞음?,2026-07-19 13:33:00+00:00,https://www.inven.co.kr/board/maple/2295/299902,comments,1236,0,23,25,True,neutral,mixed,information,밸런스·스킬,0.35,,직업 블래고 블래게시판 보다가 카데나 에반 제로가 난이도어려운대신 딜쌔다는데 댓글에 에반은 건들면 안될거같다는데 님들 지금 어떤 상태임? 내가 에반을 안해서 잘몰라서 그럼 분탕이런거 아니고 블래도 씹창나서 그럼,domain-lexicon-v1.1
2295,298615,evan,에반 신규 3차스킬 0렙 vs 30렙 전분 딜상승량 및 후기,2026-07-09 15:00:00+00:00,https://www.inven.co.kr/board/maple/2295/298615,recommendations,2560,27,9,9,True,negative,negative,request,밸런스·스킬,0.95,최악 · 문제 · 하향 · 아쉽 · 심각,"0. 서론 0레벨 대비 30레벨 강화 시 최종 데미지는 약 2.2% 상승 했습니다. 드브/임브 점유율이 감소하고 소어/버티컬 퍼니셔가 이를 대체하는 구조라 점유율 변동은 고려하지 않았습니다. 1차 테섭임을 감안해도, 현재의 딜 상승 폭은 2차 테섭 및 본섭 적용 과정에서 반드시 조정되어야 합니다. 다만, 단순 딜 수치보다 더 심각한 문제는 ‘구조적 결함’입니다. 1. 드래곤 브레이크(15초 쿨)와 드래곤 소어(120초 쿨)의 강제 연계 가장 우려했던 최악의 설계가 현실화되었습니다. 이 구조대로라면 대적자에서 준극딜로 시작할 수 없으며, 드브가 없는 평딜로 딜사이클을 시작해야 하는 치명적인 상황이 발생합니다. 또한, 극딜 타이밍이 애매해 임브로 넘겨야 할 때 드브를 사용하면 강제로 드래곤 소어가 발동되어 버리는 탓에 드브 없는 깡엘블로만 딜을 해야 하는 비효율적인 상황이 강요됩니다. 2. 조디악 시퀀스와의 쿨타임 불협화음 조디악 시퀀스 사용 3초 후 드브(소어)를 사용하고, 다음 극딜",domain-lexicon-v1.1
2295,298809,evan,언제까지 이렇게 처박을건가요~~~~~저희 딸깍아닙니다~~,2026-07-09 15:00:00+00:00,https://www.inven.co.kr/board/maple/2295/298809,recommendations,1481,23,5,5,True,negative,negative,request,밸런스·스킬,0.75,문제 · 너프,"1. 딜레이패치 이득본거 단 하나없는 명품직업 이미 1년이 지난시점이지만 이것도 사실 너무 화났었습니다 **대부분직업 최소 최종뎀 3%~최대8%까지 받았던 패치입니다** (혹시 에반이 작년 딜레이패치 이게 이득이였다! 하는게 있으면 댓글로 남겨주세요, 제 기준엔 없었습니다) 딜레이 패치 후 그 다음달 들어온 스페셜 너프(딜레이패치 그 후 다음달들어온 내용) 이건 지금 중요한 내용은 아니지만 이런식의 너프를 지속받으며 이번에 추가족쇄까지 달리는게 너무 화나서 찾아서 복붙해봤습니다 (정말 에반이 작년에 저정도 너프를 당할정도로 강했는가 라고 묻는다면.. 절대 아닙니다.....) ■ 에반 - 돌아와! · 서클 오브 마나 1타 도중 사용할 수 없도록 변경됩니다. · 연속 사용 시 딜레이가 추가됩니다. - 크리티컬 매직 · 크리티컬 데미지 증가량이 마스터 레벨 기준 20%에서 17%로 감소됩니다. - 서클 오브 마나 IV · 서클 오브 마나 2타에 대한 돌아와! 스킬로 연계 가능한 시점이 약",domain-lexicon-v1.1
2295,298872,evan,에반 개선안 들어주세요 운영진님들... 제발 이렇게 빌게요ㅜㅜ,2026-07-09 15:00:00+00:00,https://www.inven.co.kr/board/maple/2295/298872,recommendations,1133,20,6,6,True,mixed,neutral,request,밸런스·스킬,0.95,감사 · 불편 · 문제 · 부족 · 심각,1. 가장 큰 문제점인 드래곤소어 120초 자동 발동 삭제 후 드래곤 소어 버프화 조디악 발동시 소어가 감응형으로 즉시 사용할 수 있게해주세요.. 혹은 소어강화를 버프스킬형식으로 만들어주세요 2. 엘리멘탈 블래스트 4스택 삭제해주세요 엘블 4타를 몇초동안 맞춰야 딜을 넣을 수 있는게 너무 불쾌해요 지금 체급도 중하위권으로 엄청 약한데 4타 다 맞춰야 그 딜을 낼 수 있다는게 말이 안되는 불쾌함입니다 3. 돌아와 내부쿨 삭제 원래도 있던거 개선으로 삭제해주신건데 다시 부활시켜서 안그래도 연계캔슬 힘든데 더 불편해졌고 힘들어졌습니다... 키씹히는 현상도 심해요...!! 4. MP 부족현상 해결 예전에 플레임위자드도 극딜사용시 마나가 몇초만에 사라져서 개선해주신걸로 알고 있는데 에반도 마찬가지로 개선해주세요... 서클오브마나 쓰고있을때 다른 서클류 스킬사용시 모션 스킵하고 MP 3배 들어가는데 오버로드 마나 MP 사용량 증가때문에 시너지로 마나가 심각하게 부족합니다... 5. 드래곤마스터,domain-lexicon-v1.1
2295,299263,evan,안녕하세요. 평범한 개발자입니다.,2026-07-14 15:00:00+00:00,https://www.inven.co.kr/board/maple/2295/299263,recommendations,2237,21,18,18,True,positive,mixed,praise,밸런스·스킬,0.6,감사,"안녕하세요. 개인적으로 개발을 하고 있는 에반 유저입니다. 현재 만들고 있는 게 있는데 공유드리고자 찾아왔습니다. 에반 게시판에 자주 올라오는 글 중에서 평딜 피드백 해달라는 요청이 자주 보였는데, 요즘 AI가 좋잖아요? 그래서 연무장 API 나온 시점부터 개발 시작했고, 대충 윤곽이 나오는 것 같아서 공유드리고자 찾아왔습니다. 프로젝트 명은 안 정했는데, 일단 movie cycle - '에반 딜사이클 분석 시퀀스' 로 임시로 정해두었습니다. 1. 스킬 아이콘, 캐릭터 위치, 버프 즐겨찾기 위치를 찾는다 (엔버 링크 + 스오마 + 교감 등등 집어넣는 중입니다.) 2. 융합 스킬 사용은 스킬 아이콘이 깜빡거리는 걸 감지한다. 3. 서클 오브 ~~는 사용 이펙트로 감지한다. 4. 짜잔 이제 다음은 돌아와 캔슬이 제대로 됐는지, 마나 캔슬이 제대로 됐는지를 판단하는 로직을 만들고 있습니다. 해당 영상은 무릉도장 안개 숲 수련장에서 이펙트 40%로 찍은 영상을 기준으로 검증한 데이터셋입니다",domain-lexicon-v1.1
2295,295913,evan,이번 챌섭 에반 하실분들 필독,2026-06-16 15:00:00+00:00,https://www.inven.co.kr/board/maple/2295/295913,views,2289,0,5,5,True,neutral,neutral,information,보스·전투,0.35,,이번 아버에 카이있던데 에반은 배율 180%가 최소컷이에요 저번 챌섭에서 에반했는데 160%는 장인/대리도 타임아웃함 그래서 그 구간 사다리 끊겨있다고 봐야합니다. 다행히 노말카이는 엄청 강한 보스가 아니닌데다 이번 챌섭은 템으로 스킵이 가능하니까 그래도 저번 챌섭보다는 낫습니다. 땡뉴비인데 돈으로 카이 스킵 못한다? 절대 하지마십쇼. 재앙입니다.,domain-lexicon-v1.1
2295,298145,evan,에반 신규 6차 3번째 : 극딜,2026-07-08 15:00:00+00:00,https://www.inven.co.kr/board/maple/2295/298145,views,2323,0,5,6,False,neutral,neutral,information,밸런스·스킬,0.35,,오,domain-lexicon-v1.1
2295,298205,evan,이시발아,2026-07-08 15:00:00+00:00,https://www.inven.co.kr/board/maple/2295/298205,views,2847,11,5,5,True,neutral,neutral,information,밸런스·스킬,0.35,,쿨타임제인건 좋은데 내가 쓰고 싶을때 쓰고싶다고 임브 쏘고 싶을 때 임브쏘고 버티컬 쏘고 싶을 때 버티컬쏘고 조디악이나 메용2에 트리거 하나 달아주는게 그렇게 힘드냐? 120초쿨 드브자동강화는 씨발놈이,domain-lexicon-v1.1
2295,295892,flame_wizard,26년 여름 플레임위자드 올인원 [26.06.17],2026-06-16 15:00:00+00:00,https://www.inven.co.kr/board/maple/2295/295892,comments,19368,23,88,75,False,mixed,positive,request,밸런스·스킬,0.95,좋아요 · 최고 · 버그 · 아쉽,"목차 ( 키워드 검색 Ctrl+F ) 0. 플위의 현 위치 1. 기본 스킬 이해 (1~6차스킬, 코강) 2. 기본 세팅 (어빌, 시드링, 버프 즐겨찾기, 시퀀스) 3. 쿨뚝 4. 딜사이클 5. 수로빌드 6. 보스 상성 7. 사냥터 0. 플위의 현 위치 25년 패치로 속사기화 + 오비탈 시전중 블비탈 사용가능 + 이런 저런 유틸, 편의성 패치로 조작감이 많이 개선되었고 5초뚝 기준으로 환산 배율 대로 클탐이 나오는 정도의 딜량 ( 3000 / 환산 배율 = 클탐(분) ) 플위 좋나요? 라고 물어보면 좋아요라고 대답 가능 쿨뚝 딜 의존도가 크지만 보스를 위해 가성비로 2초+@를 쓰거나 없어도 사냥하는데에는 지장 없음 사냥 성능이 매우 좋은 편이기 때문에 육성 난이도가 낮음 ★ 유챔구간 상성,체급이 좋아서 유챔 직업으로 추천 ★ 1. 기본 스킬 이해 1차 스킬 오비탈 플레임 : 키세팅에 넣으려면 이거 가져와야함 파이어 워크 : 플위 고유 더블 점프는 X축과 Y축이 미세하게 더 길다 2차 ",domain-lexicon-v1.1
2295,297515,flame_wizard,챌섭 플위들을 위한 그란디스 보스 100% 배율 클리어 영상모음,2026-06-29 15:00:00+00:00,https://www.inven.co.kr/board/maple/2295/297515,comments,2449,13,22,22,True,neutral,positive,information,보스·전투,0.35,,https://youtu.be/UaevHXZYhp8 https://youtu.be/1cI_9bKyfuw https://youtu.be/I1Sj22BTlIc https://youtu.be/hgJIb_pNrGg 챌섭 플위분들 많은 시즌에 노해방 그란디스 보스들 치는 영상이 많이 없더라구요. 그래서 비록 챌섭은 아니지만 환산 100% 배율로 각각 검마 칼로스 대적자 세렌을 본섭플위로 쳐와봤어요. 환경이 완벽하게 같지는 않지만 2초뚝 어센트 1렙 리4컨3 노해방같이 챌섭이랑 비슷하게 맞춰 봤습니다. 컨이나 빌드 등이 도움이 됐으면 좋겠네요. 챌플위 분들 모두 화이팅입니다. 이친구는 노해방플위는 진짜 어우;,domain-lexicon-v1.1
2295,297710,flame_wizard,혹시 피닉스드라이브 점유율 꽤 있나요,2026-07-02 15:00:00+00:00,https://www.inven.co.kr/board/maple/2295/297710,comments,1245,0,13,10,False,neutral,negative,information,밸런스·스킬,0.35,,아무리 2주동안 이 스킬을 빼먹고 안쓰고 있었다지만 물론 그사이에 스펙업도 하긴 했는데 지난 주말대비 확 빨라져서 조금 당황스러운,domain-lexicon-v1.1
2295,298388,flame_wizard,플위 신스킬 점유율,2026-07-08 15:00:00+00:00,https://www.inven.co.kr/board/maple/2295/298388,comments,3906,16,16,15,False,neutral,positive,information,밸런스·스킬,0.35,,단 1.8% 오익플과 좋은 승부 가능,domain-lexicon-v1.1
2295,299029,flame_wizard,검마 3페 극딜 대체 우예 합니까...?,2026-07-11 15:00:00+00:00,https://www.inven.co.kr/board/maple/2295/299029,comments,1272,0,12,12,True,neutral,neutral,information,밸런스·스킬,0.35,,극딜때 마다 인플서 돌리다 재수없으면 순식간에 3데카씩 갈리는대 진짜 정신 나가겠네요. 보통 불독할땐 감자 사선같이 떨어질때 의지 썼었는대 5초 키다운이다보니 이때만 의지써도 쿨이 남아나질 않아요,domain-lexicon-v1.1
2295,298719,flame_wizard,1차 테섭 기준 플위 극딜방법,2026-07-09 15:00:00+00:00,https://www.inven.co.kr/board/maple/2295/298719,recommendations,1617,6,11,11,True,negative,negative,complaint,밸런스·스킬,0.75,문제 · 아쉽,"https://youtu.be/I7BUFOICPJE 제가 봐도 좀 뭐가 많긴 하네요... 영상은 느리게 순서대로 쓰는 버전이랑 빠르게 쓰는 버전 둘 다 있습니다. 디차와 익팅의 선딜동안 시퀀스를 올리고 첫극 한정 신스킬+팔랑크스를 일필 안에 집어넣고 짧쿨기를 오리진 전에 쓰는 방식이에요. 환산측 전분 제보엔 신스킬 점유율은 1.8% 나왔고, 1.7~1.8% 사이로 나오는 듯 합니다. 일단은 시퀀스에 안 들어가는 점은 많이 아쉽긴 하네요. 외에 구조적인 문제는 없는 게 정말 다행이라고 생각합니다.",domain-lexicon-v1.1
2295,299868,flame_wizard,환산 신스킬 오픈순서 레전드긴 하네요,2026-07-20 05:20:00+00:00,https://www.inven.co.kr/board/maple/2295/299868,recommendations,1398,10,10,10,True,negative,neutral,information,밸런스·스킬,0.6,너프,얼마나 처 약하길래 강화순서가 너프처먹은 어센트랑 비비고 있는지; 어짜피 이대로 넘어올거 같은데 시퀀스라도 넣어줫으면 좋겟네 참 진짜호감이다창섭씨,domain-lexicon-v1.1
2295,296375,flame_wizard,몬스터파크 핸즈 이거 뭐임??,2026-06-18 15:00:00+00:00,https://www.inven.co.kr/board/maple/2295/296375,views,3318,0,0,0,True,neutral,neutral,information,커뮤니티,0.35,,몬스터파크 핸즈 기본값이 점디인 것 같던데 얘도 오비탈 띡띡 던지면서 뛰어다녀서 몹 정리 안되던데 이거 고쳐주겠죠?,domain-lexicon-v1.1
2295,297232,flame_wizard,플위 아르테리아 3누스 사냥터 공유,2026-06-26 15:00:00+00:00,https://www.inven.co.kr/board/maple/2295/297232,views,3034,2,2,2,True,neutral,positive,information,보스·전투,0.35,,남쪽 외곽지역 (36마리) 최하층 통로6 (40마리) 최상층 통로2 (40마리) 남쪽 마릿수는 적은데 버닝 10단계라 쓰고있습니다,domain-lexicon-v1.1
2295,298147,flame_wizard,이게 플위 스킬인듯,2026-07-08 15:00:00+00:00,https://www.inven.co.kr/board/maple/2295/298147,views,2713,0,2,2,True,neutral,positive,information,밸런스·스킬,0.35,,https://m.blog.naver.com/PostView.naver?blogId=seotbeo&logNo=224341556041&navType=by,domain-lexicon-v1.1
5974,6769863,free,메이린·레테 인장 받아가세요! 2026 메이플 인벤 여름 이벤트,2026-06-23 15:00:00+00:00,https://www.inven.co.kr/board/maple/5974/6769863,comments,23619,26,91,79,False,mixed,mixed,request,커뮤니티,0.8999999999999999,재미 · 감사 · 불편,"안녕하세요, 인벤팀입니다. 메이플스토리 2026년 여름 이벤트 '오버드라이브' , 재미있게 즐기고 계신가요? 저도 레테로 메이린을 잡고, 빠르게 티어도 올리고 있습니다. 여러 개선 사항이 더해진 만큼, 성장 속도도 역대급으로 느껴지네요. 뜨거운 여름을 맞아, 메이플스토리 인벤에서도 커뮤니티 이벤트와 인장 업데이트를 준비했습니다. 딸깍 몇 번으로 이벤트에 참여하고, 귀여운 메이린 인장 과 레테 인장 을 모두 받아가세요. 이외에도 레테 아크릴 스탠드 를 드리는 이벤트도 준비되어 있으니 많은 관심 부탁드립니다. 메이플스토리 인벤 여름 이벤트 페이지 바로가기 이벤트 한눈에 보기 아래 항목을 선택하면 해당 이벤트 안내로 이동합니다. EVENT.1 게임 프로필 갱신 이벤트 - 프로필을 갱신하고 메이린 인장 받기 EVENT.2 레테 인장 출시 및 전직업 인장 복각 - 원하는 직업 인장 선택 EVENT.3 팁과 노하우 게시판 이벤트 - 신규·복귀 유저를 위한 팁 작성 EVENT.4 질문과 답변 게",domain-lexicon-v1.1
5974,6889698,free,(추가2) 테섭 신규이벤트&라이브&캐시 요약 : 사과 보상/부티크 등,2026-07-16 09:11:00+00:00,https://www.inven.co.kr/board/maple/5974/6889698,comments,68622,152,54,52,False,mixed,positive,information,밸런스·스킬,0.95,기대 · 감사 · 불편 · 오류 · 버그,[수정/추가 사항] 1. 프리미엄 헤어/성형 쿠폰 목록 추가 2. 일부 오타들 수정 3. 모멘텀 패스 구성품 : 교환 불가 ----------------- 안녕하세요 이 글은 오늘 진행된 테섭과 라이브의 핵심이 되는 내용들을 간략히 보실 수 있게 정리한 것입니다 이후 여력 되는 대로 보충하겠습니다 잘못 적힌 또는 누락된 부분은 말씀해 주시면 감사히 수정합니다 -------------------- ▶ 이 글의 내용들(라이브&테섭에서 공개된 것들)은 본섭 적용 시 변동/변경될 수 있으며 본섭에 7/23(목) 업데이트 적용 예정입니다. 잘못 적힌 또는 누락된 부분 있을 수 있으며 이 경우 수정 시 글 맨 위에서 말씀 드립니다 ---------------------- [메이플 옥션 관련 관련 사항 / 오류 사과 보상] 1. 아무리 도전적인 콘텐츠였다고 해도 저조차도 이해 못 할 너무나도 잦은 오류들에 대해 진심으로 사과의 말씀 드린다. 이번에 개선하긴 했는데 많이 부족하다. 문의 해주신 부,domain-lexicon-v1.1
5974,6891871,free,[1.2.204] (스압) 부티크 기프트 코디 패키지,2026-07-16 13:53:00+00:00,https://www.inven.co.kr/board/maple/5974/6891871,comments,15325,33,54,60,False,neutral,positive,information,이벤트·캐시,0.35,,"​ ​ 다른 코디 부위 제외하고 패키지 종류만 정리했습니다! - 은하 별무리 세트 ( 180개, 전투복 능력치 없음 ) ​ ​​​ ​ ​ ​​ ​ ​이펙트 4종 중 하나를 선택 후 수령 가능 이펙트는 다른 이펙트와 중복 X ( 내바스, 글로리 하트 등 ) ​ ​​​ ​ ​ ​ ​ - ​아이스 버블 바니 세트 ( 30개 ) ​ ​​​ ​ ​ ​​​ ​ - ​콩콩 수달 세트 교환권 ( 15개, 재출시 ) ​ ​ - 알쏭달쏭 코디 상자 ( 5개, 랜덤으로 코디 아이템이나 패키지 획득 ) 코디 상자에서 해당 패키지 상자를 일정한 확률로 획득 가능 - 땡땡이 디스트로이드 세트(남) / (여) ​​ ​ ​ ​- 체크 포인트 세트(남) / (여) ​​ ​ ​ ​- 힙합 무드 세트(공용) ​ ​ ​- 스포티 무드 세트(공용) ​ ​",domain-lexicon-v1.1
5974,6891978,free,흠...난 신규 스킬 데미지 적절하다고 보는데?,2026-07-16 14:15:00+00:00,https://www.inven.co.kr/board/maple/5974/6891978,comments,13912,68,49,53,False,neutral,mixed,complaint,밸런스·스킬,0.35,,"대부분 신규 스킬이 크오솔, 스인미랑 비빈다고 하는데 크오솔은 미트라의 힘 으로 태양의 열기를 방출한 후 불꽃의 분노를 현실에 구현하는 스킬 스인미는 윌의 에르다로 공간을 붕괴시켜 거울 세계와 현실을 연결한 후 거울 속의 거미를 일정 시간 현실에 구현하는 스킬 여기서 잠깐!! 미트라가 누구냐? 이분임 초월자가 존재하기도 전 그러니까 원시 메이플 시대. 그때 활동했던 초고대 고대 티라노랑 친구 먹었던 고대의 신 중 하나고 한때 엄높산에서 천족들을 이끌며 지금은 살아있는 태양신 으로 숭배 받고 계심 이런 분의 힘을 빌려서 사용하는 스킬이 바로 크오솔인데 검마도 1대1이 아니라 대륙 영웅이랑 군대랑 있는 거 없는 거 죄다 연합해서 겨우 때려잡은 메붕이 캐릭터들의 신규 스킬 데미지랑 비빈다는 것 자체가 기적이며 또한 이분에게 모욕임 왜? 이분의 전성기 시절에는 검마는 모습조차 보이지 않았고 제른 다리미는 세상에 나타나지도 않았음 검마가 벌벌 떨고 제른 다리미가 꽁꽁 숨을 정도로 무섭고 강력",domain-lexicon-v1.1
5974,6891994,free,창섭아 씨발 일로와봐라,2026-07-16 14:19:00+00:00,https://www.inven.co.kr/board/maple/5974/6891994,comments,9633,59,41,57,False,neutral,negative,complaint,밸런스·스킬,0.35,,라이브 이제봤는데 그냥 화가 머리 끝까지 나네? 지금 역대급 흥행인데 뭐? 2.5%가 의도? 이렇게 얼음물 컨테이너째로 쳐부을래? 그게 아니더라도 ^유일한6차순수딜링기^가 2.5%가 말이나 되니? 그리고 뭐 9월에 코어 밸런스 조정? 일하면서 휴먼애러 뒤지게 많이 내는 놈들이 왜 휴먼필링을 모르실까? 밸런스 조정해서 신스킬 지분 올라가면 그게 좋겠냐? 딴스킬들이 내려가는데?? 만약 이걸 의도하고 말한게 아니라면 그놈의 9월 계획이 뭔지 조금이라도 말해봐라 어차피 초기화권 준다며. 나참씨발이해가안되는놈들이네,domain-lexicon-v1.1
5974,6892029,free,창섭이는 미래를 팔았네,2026-07-16 14:25:00+00:00,https://www.inven.co.kr/board/maple/5974/6892029,comments,12257,63,39,82,True,positive,positive,praise,밸런스·스킬,0.6,기대,쇼케이스에서 신스킬이 꽤 큰 지분을 차지할텐데 이따위로 나오면 남은 스킬은 기대도 안하지 쇼케이스에서 가장 기대하는 것 중 하나를 박살낸거임 앞으로 나올 스킬들은 얼마나 올릴가치가 있는지 매번 증명해야할거고,domain-lexicon-v1.1
5974,6892036,free,일리움콘 업데이트 되었다,2026-07-16 14:26:00+00:00,https://www.inven.co.kr/board/maple/5974/6892036,comments,1914,14,49,31,False,neutral,negative,information,커뮤니티,0.35,,,domain-lexicon-v1.1
5974,6892038,free,비틱은 정신병임,2026-07-16 14:26:00+00:00,https://www.inven.co.kr/board/maple/5974/6892038,comments,4887,16,31,42,False,neutral,negative,information,커뮤니티,0.35,,내 오랜 생각임,domain-lexicon-v1.1
5974,6892309,free,직업 밸런스가 아니고 코어 밸런스인거 나만 쎄한가,2026-07-16 15:23:00+00:00,https://www.inven.co.kr/board/maple/5974/6892309,comments,18131,52,34,35,False,neutral,negative,information,밸런스·스킬,0.35,,제대로 된 밸패가 아니고 그냥 구조만 개박살나는거 아님? 스읍,domain-lexicon-v1.1
5974,6892342,free,메이플 코디 사이트 쪄왔어요. 맛 좀 봐주세요 ><,2026-07-16 15:30:00+00:00,https://www.inven.co.kr/board/maple/5974/6892342,comments,12698,68,61,71,False,positive,mixed,information,이벤트·캐시,0.6,감사,"[ https://pinkbean-customize.com ] << 핑크빈 커마샵 바로가기 다른 집들은 되돌리기가 없거나, 헤어 전체 샷이 안 보여서 쪄봤슴다. AI 코디 검색 기능도 있어요. 아직 네이버나 구글에서 검색이 안 되니까 링크로 접속해 주심 감사드리겠습니다. 아래로는 대충 사이트 사진이랑 기능들 보여드릴게요. 1-1. 헤어 - 헤어 전체 샷 보시면서 껴볼 수 있어요. 1-2. 썸네일, 내 모델 - 아이템 썸네일로 보시거나, 아니면 지금 코디 기준으로 장착 샷 보실 수 있습니다. 1-3. 염색 표, 염색 - 아이템에 마우스 올리면 [염색] 버튼이 나와요. 2-1. AI 코디 검색 - ""여자 단발 헤어"", ""동물 귀"" 같은 거 검색하면 관련 아이템이 떠요. 아직 성능이 좀 구려서, 계속 업그레이드 하고 있습니다~ 3-1. 코디 정보 & 염색 - 보이는 것과 같습니다. 4-1. 프리셋 - 이름으로 가져오거나, 공유 코드로 코디를 가져올 수도 있는 프리셋 기능이에요. 잘못 가져",domain-lexicon-v1.1
5974,6892350,free,와 이런게 680억이나 한다고?ㅅㅂㅋㅋㅋㅋ,2026-07-16 15:33:00+00:00,https://www.inven.co.kr/board/maple/5974/6892350,comments,2433,0,32,32,True,neutral,positive,information,커뮤니티,0.35,,개꿀아님?,domain-lexicon-v1.1
5974,6892358,free,넥슨온으로 사냥하면 거탐 안떠야되는거 아님..?,2026-07-16 15:35:00+00:00,https://www.inven.co.kr/board/maple/5974/6892358,comments,14446,34,42,61,False,neutral,negative,information,보스·전투,0.35,,내가 알뜰폰요금제라 그런건진 몰라도 데이터로 원격하면 진짜 엄청 뚝뚝 끊김.. 그냥딱 제자리사냥 가능한 정도인데 도형거탐이나 비올레타가 뜨면 진짜 반응을 하기가 힘든수준임.. 한번 실패했다고 계속 꾸준히 하루에 한번은 뜨고있는데 진짜 미치겠음 폰으로 뭐 매크로를 돌릴수있다는건지 ᄉᄇ;,domain-lexicon-v1.1
5974,6892360,free,에테리얼 이거 15% 아니잖아,2026-07-16 15:36:00+00:00,https://www.inven.co.kr/board/maple/5974/6892360,comments,13418,14,32,41,False,neutral,positive,complaint,밸런스·스킬,0.35,,몇 번 실패했는지 기억도 안 남 심지어 다른 코어도 잘 붙은 게 아니고 몇십 번 박았어 내가 실시간으로 누군가 스트레이트로 붙여주는 거 아니면 확률이 말이 안 된다고ᅲᅲᅲ 천장이라도 만들어주지 경쟁형 시스템도 아닌데 왜 이렇게 불쾌감을 주는 거야...,domain-lexicon-v1.1
5974,6892436,free,걍 20분화 괜히했다 생각중일듯,2026-07-16 15:55:00+00:00,https://www.inven.co.kr/board/maple/5974/6892436,comments,1342,0,29,24,False,neutral,negative,information,커뮤니티,0.35,,난 노말 검밑솔하던 캐릭 노세이칼이적 돌리고 있엉,domain-lexicon-v1.1
5974,6892516,free,루시드 재등장 빌드업 떴다,2026-07-16 16:15:00+00:00,https://www.inven.co.kr/board/maple/5974/6892516,comments,20419,39,33,38,False,neutral,negative,information,커뮤니티,0.35,,"자, 적에게 꿈술사가 있다 그럼 이제 ""우리"" 꿈술사도 있어야겠지? 루시드 코인 탑승의 기회 서둘러라! 그.녀.가.온.다!!!!",domain-lexicon-v1.1
5974,6892547,free,너네 생각이상으로 20분패치 파장 ㅈㄴ크다,2026-07-16 16:22:00+00:00,https://www.inven.co.kr/board/maple/5974/6892547,comments,14962,48,107,7,False,mixed,negative,praise,보스·전투,0.8999999999999999,기대 · 부족 · 너프,20분패치 그리고 이번에 들어오는 바인드시 맵패턴증발 그 어느 게임을 해도 항상 똑같은건 '일반적인 유저의 게임실력 평균은 상상이상으로 매우 낮다'는 거고 메이플도 마찬가지인데 20분패치와 이번 바인드패치로 기존에 안되던보스 되는경우가 얼마나 늘어날지 그냥 짐작도 안감 이미 유챔4~5개이상 매주 보스돌리던 메창들이야 어 20분되서 개편하네~<-이게 끝임 얘내한테는 그냥 똑같이 잡던거 좀 빨리 잡는거임 고작해야 내다버린 4천플마단으로 검마잡기정도? 하지만 메창 아닌 사람들한테는 20분화와 이번 바인드패치가 안 되던 보스 안 가던 보스 컷은 넘치는데 내 실력이 부족해서 늘 초널널컷으로 2인 가던 보스 매주 잡게되는 진짜 어마어마하게 큰 수치변화가 100%있을거임 돈은 썼는데 보스는 잘 안돌던 사람들 스펙은 되는데 잘 안가던 사람들 그 모든 계정이 이제 매주 보스를 돌게된다는뜻임 ᄋᄋ 내가 게임사아니라 정확한 수치는 못보지만 20분화랑 맵바인드패치는 진짜 어마어마어마어마하게 크다고 장담한,domain-lexicon-v1.1
5974,6892627,free,자랑) 판교로 맨날 절한다 ㄹㅇ,2026-07-16 16:44:00+00:00,https://www.inven.co.kr/board/maple/5974/6892627,comments,7352,35,50,46,False,neutral,positive,information,커뮤니티,0.35,,블라인드 된 글입니다. [내용보기] 메생 폈다 ᄅᄋ,domain-lexicon-v1.1
5974,6893038,free,메이플 매주 돈 종나 빨리는 게임이네,2026-07-16 20:26:00+00:00,https://www.inven.co.kr/board/maple/5974/6893038,comments,862,0,32,34,False,neutral,neutral,information,커뮤니티,0.35,,"몬파 14판 6000 x 7 = 42000 하이마운틴 1단계 = 7500 앵글러컴퍼니 1단계 + 퀵패스 15000 악몽선경 1단계 = 12500 메카베리 2장 = 20000 블루베리 2장 = 14000 토탈 111,000메포 ᄉᄇ 이게 맞냐",domain-lexicon-v1.1
5974,6892056,free,메린이 자랑 한 번만,2026-07-16 14:31:00+00:00,https://www.inven.co.kr/board/maple/5974/6892056,recommendations,3215,19,26,32,False,neutral,positive,information,커뮤니티,0.35,,세렌 잡음,domain-lexicon-v1.1
5974,6892179,free,비틱하려구 가입한 뉴비인데,2026-07-16 15:00:00+00:00,https://www.inven.co.kr/board/maple/5974/6892179,recommendations,14535,32,23,20,False,neutral,neutral,information,커뮤니티,0.35,,공짜블큐로 뜬건데 좋은거에요???,domain-lexicon-v1.1
5974,6892387,free,메이플 공지 개웃기네 ㅋㅋㅋㅋㅋㅋㅋ,2026-07-16 15:43:00+00:00,https://www.inven.co.kr/board/maple/5974/6892387,recommendations,28053,50,20,14,False,neutral,neutral,information,경제·옥션,0.35,,뭔 수정을 10번이나 ᄏᄏᄏᄏ 경매장 임신하겠네,domain-lexicon-v1.1
5974,6892469,free,[1.2.204] 콧구멍,2026-07-16 16:05:00+00:00,https://www.inven.co.kr/board/maple/5974/6892469,recommendations,17209,16,17,17,False,neutral,neutral,information,커뮤니티,0.35,,일직선으로 배치 했을떄 내렸을떄,domain-lexicon-v1.1
5974,6892929,free,창섭아 뒤질래 진짜,2026-07-16 18:49:00+00:00,https://www.inven.co.kr/board/maple/5974/6892929,recommendations,10073,67,22,36,False,neutral,neutral,information,밸런스·스킬,0.35,,아프지말라고 했잖아 걱정된다고 라방 뭔 말하는지 하나도 안들린다 푹 쉬고 8월달에 감기 낫고와라 아 잠깐 푹 쉬지말고 스킬 조정 제대로해라,domain-lexicon-v1.1
2294,455033,hero,도끼 검 뎀5퍼차이 따지는애들 팩트),2026-07-01 15:00:00+00:00,https://www.inven.co.kr/board/maple/2294/455033,comments,3468,0,30,30,True,neutral,negative,information,커뮤니티,0.35,,그거 따질정도의 스펙대 가기전에 여름끝나고 메이플 접거나 히어로말고 다른거 키우러감,domain-lexicon-v1.1
2294,456253,hero,추가타는 다 터짐,2026-07-08 15:00:00+00:00,https://www.inven.co.kr/board/maple/2294/456253,comments,3025,0,20,20,True,neutral,neutral,request,밸런스·스킬,0.35,,스킬 깡딜 자체는 30렙기준 레블5.5~6배수준인듯 좀 약한느낌 퍼뎀 상향필요할듯 생각보다 딜 들어가는 시간도 짧고 사용감도 나쁘진않은데 오리진극딜때는 시퀀스 > 일루전 > 레익 > 오리진 해야할듯 1분때는 일루전(엔버) > 레업라+오블 > 레익 하고 일루전 1분해주면서 지속시간도 2배해주면 딱인데 지금 참.. + 신규스킬에 검술 안적혀있긴한데 발할라도 발동 됨 스킬 설명 빼먹은듯,domain-lexicon-v1.1
2294,457147,hero,오랜만에 써보는 히어로 개선안,2026-07-13 15:00:00+00:00,https://www.inven.co.kr/board/maple/2294/457147,comments,6548,20,16,17,False,negative,positive,request,밸런스·스킬,0.8999999999999999,불편 · 문제 · 부족,"히어로 구조 개선 및 레이지 익스플로젼 개선안 신규 스킬이 추가되는 시기인 만큼, 현재 히어로가 여전히 불편하게 사용되는 부분과 개선이 필요하다고 생각되는 내용을 GPT로 정리해 봄 ------------------------- 1. 히어로의 전체적인 문제점 히어로는 별도의 파티 시너지가 거의 없는 순수 딜러임 하지만 현재는 여러 구조적 불편함을 감수할 만큼 확실한 실전 딜 우위를 보여주지 못하고 있음 2025년 패치를 통해 플래시 슬래시 2회 사용과 일부 스킬의 액션 딜레이 감소 등 기본적인 조작감은 개선됐지만, 오래된 스킬을 각각 직접 사용해야 하는 구조와 극딜 과정의 불편함은 여전히 남아 있음 1-1. 소드 일루전에 지나치게 의존하는 극딜 구조 히어로의 극딜은 소드 일루전의 짧은 최종 데미지 증가 시간 안에 주요 스킬을 최대한 몰아넣어야 하는 구조임 특히 스피릿 칼리버의 긴 연출 중에도 소드 일루전의 지속시간이 감소하기 때문에 실제로 버프를 활용할 수 있는 시간이 지나치게 짧음",domain-lexicon-v1.1
2294,458047,hero,데폴 그냥,2026-07-18 02:40:00+00:00,https://www.inven.co.kr/board/maple/2294/458047,comments,631,0,31,33,False,neutral,negative,information,밸런스·스킬,0.35,,코어 찍게 해줘 vs 안 돼 <ᅳᅳ관심 없음 쿨 돌았는데 사용 안 하는 만큼 딜 증가되면 안 됨? 쿨 한 번 더 돌 시간 지나면 2배딜인 정비례 증가 및 어센트처럼 버프 미적용. 극딜 때 안 써도 되잖음. 무적기라 딜을 올리면 쿨마다 써야 하는 스트레스 생길 염려도 없고 딜처럼 쓰고 싶은 니즈도 해결하니까 딜증가 상한치 2분쯤 넣고 해줘 그리고 딜레이동안 레블 넣는 것보다는 센 기본수치로 해주고 극딜 돌기 10~15초 전 쯤에 화면 반갈죽하면서 페이즈 확 넘기는 스킬 생기면 <ᅳᅳ 이거 어케 참음,domain-lexicon-v1.1
2294,458071,hero,데폴을 어떻게 바꿔줘야할지는 답이 정해진 문제임,2026-07-18 05:53:00+00:00,https://www.inven.co.kr/board/maple/2294/458071,comments,842,0,20,21,True,neutral,negative,request,밸런스·스킬,0.35,,딜증가? 무조건 족쇄임 강화의 의미가 생기게 해주려면 1. 시전 시 모든 공격모션 캔슬 혹은 2. 쿨감소 이 두개말고는 안됨.,domain-lexicon-v1.1
2294,454498,hero,모순 덩어리 직업,2026-06-25 15:00:00+00:00,https://www.inven.co.kr/board/maple/2294/454498,recommendations,2951,8,6,6,True,neutral,neutral,complaint,밸런스·스킬,0.35,,'내가 곧 검이다' - 히어로 스킬 대사 히어로를 인터넷에 검색하면 나오는 이미지 - [검]을 들고 있음 디어 마이 히어로 - 대적자 직업 중 가장 긴 출연 시간을 가진 '히어로'는 [검]을 들고 전장에서 활약했다. 대중적인 인식 = [검]을 사용 하는 직업 세상 모두 히어로를 [검]사로 알고 있지만 이 빌어먹을 스킬 때문에 인게임 내에서는 왜 도끼를 사용해야 함? 왜 히어로 담당 팀은 이 모순된 패시브 스킬을 아직도 방치하는지? 진짜 이해 안감. (하지만 본인은 낭만과 간지를 위해 [검]을 채용함),domain-lexicon-v1.1
2294,456089,hero,스킬 중위권정도로만 줘라 좀,2026-07-08 15:00:00+00:00,https://www.inven.co.kr/board/maple/2294/456089,recommendations,717,10,0,0,True,neutral,neutral,information,밸런스·스킬,0.35,,시발 저번 공코때 스인미크오솔 남들 다오르는데 우리는 그대로에 공코 꼴찌급이라 개쓰레기처럼 받았는데 이번에도 개씨발쓰레기네 개창섭,domain-lexicon-v1.1
2294,456429,hero,인사이징 지속시간이랑 신규스킬 쿨 같은데 이제 진짜 인사이징 패시브로 이관 안되나,2026-07-09 15:00:00+00:00,https://www.inven.co.kr/board/maple/2294/456429,recommendations,830,10,0,0,True,neutral,neutral,information,밸런스·스킬,0.35,,명분이 있다 아입니까 명분이,domain-lexicon-v1.1
2294,456600,hero,이번 패치에 받아야 할 것,2026-07-09 15:00:00+00:00,https://www.inven.co.kr/board/maple/2294/456600,recommendations,1445,11,4,4,True,neutral,neutral,request,밸런스·스킬,0.35,,1. 일루전 1분쿨 16초 지속으로 변경 > 극딜 시 섭렉 로또딜 최소화 2. 인사이징 디버프 패시브화 or 신규스킬에 효과 추가 > 파티시너지 달려서 패시브화 안해준다는건 말이 안됨 타직업 끌고오는거 같아서 좀 그렇긴한데 엔버 피니투라 페투치아 보면 엔버뎀증은 패시브로 바뀌고 파티뎀증은 남아있음 아니면 일필이라도 안터지게 해주던가 어차피 신규스킬1분마다 쓰는건데 여기에 옮겨주던가 좀 해줘라 기싸움좀 그만하고 3. 신규스킬 퍼뎀 증가 최소2배 > 깡 퍼뎀만 봐도 너무 약함 소드일루전에 밀리는 수준,domain-lexicon-v1.1
2294,454528,hero,히어로의 대호재가 떴네ㅋㅋㅋㅋ,2026-06-26 15:00:00+00:00,https://www.inven.co.kr/board/maple/2294/454528,views,3956,1,10,10,True,neutral,neutral,information,밸런스·스킬,0.35,,"https://youtu.be/P1Ozt_lJRGc?si=96uCJ7kFQnswCvNS (13:26부터) '히어로는 어쨌든, 히어로는, 이 대적자의 좀, 대표격 인물이기 때문에' 라는 식으로 김창섭이 발언을 함 대놓고 대적자의 대표격인 인물이 히어로라고 오피셜을 박은 것임 역시 아무리 모험가가 리마스터가 됐어도, 운영진은 히어로를 버리지 않았었어ᄏᄏ 아주 강하게 대적자 히어로설을 지지해왔던 본인으로써는 매우 뿌듯하네 솔직히 본인의 직업이 저러한 주인공적인 오피셜을 받으면 힘이 나지 않음? 아니면 이제는 그러한 감성이 많이 사라졌나? 요즈음 메이플의 추세를 몰라서...",domain-lexicon-v1.1
2294,455898,hero,아니 이거 딜이 말안대게 약한데,2026-07-08 15:00:00+00:00,https://www.inven.co.kr/board/maple/2294/455898,views,3179,0,7,7,True,neutral,neutral,information,밸런스·스킬,0.35,,거진 1.3배 소드일루전급임,domain-lexicon-v1.1
2294,456705,hero,히어로 10년 차 접고 도망,2026-07-09 15:00:00+00:00,https://www.inven.co.kr/board/maple/2294/456705,views,3244,0,5,5,True,neutral,neutral,information,밸런스·스킬,0.35,,낭만으로 칼 받고 좋아지겠지 하면서 어느덧 10년차 신규5차로 데폴 받을때 정말 좋아했는데 군대에서 신규 스킬 인팅 보고 참 좋았는데 와헌타락 해버림 나름 히어로 숙련도 높다고 생각했는데 헥환차이 많이나도 실전딜차이가 넘사로 나버리네 패턴을 보고피한다 << 이게 된다라... 즐거웠다 히어로,domain-lexicon-v1.1
2297,328194,hoyoung,안녕하세요 챌섭 호영 유입입니다,2026-06-21 15:00:00+00:00,https://www.inven.co.kr/board/maple/2297/328194,comments,1285,0,16,16,True,negative,positive,complaint,밸런스·스킬,0.75,문제 · 부족,다름이 아니라 오늘 챌섭 보스 미션 쫙 밀어두려고 검밑 보스 쭉 돌고난 뒤에 이지 칼로스도 배율이 106퍼 정도 나오길래 트라이 해보려고 들어왔습니다 그런데 아무리 해봐도 체력이 14~16퍼가 계속 남더라고요 암만 생각해도 호영 가이드 영상처럼 토금 토금 파금 열심히 욱여넣은거 같은데도 부족하길래 제 호영 딜 사이클에 분명한 문제가 있는거 같아서 여쭤보러 왔습니다... 호영 고수님들 살려주세요 호영 이펙트나 근두운이 너무 맘에 들어서 계속 하고 싶은데 이거하다가 머리털 다 빠질거같아요 https://youtu.be/G6-eTyWeMhY?si=QTpQ6aPTdC2QOoBZ,domain-lexicon-v1.1
2297,328766,hoyoung,도사란 무엇인가... 호영정리,2026-06-26 15:00:00+00:00,https://www.inven.co.kr/board/maple/2297/328766,comments,3844,15,38,38,True,negative,positive,question,밸런스·스킬,0.6,부족,"다들 챌섭 호영 잘 즐기고 계신가요? 슬슬 레벨과 스펙이 안정권에 들어오면서 보스트라이를 많이 하고 계실거라 생각합니다. 그러면서 생기는 궁금점들도 많을거구요. 그 궁금점들과 호영에 대해서 전반적인 설명을 해드리려고 합니다. 일단 들어가기에 앞서, 다 알고 계실 호영의 장단점부터 이야기해볼게요. 장점 1. 화려한 파스텔톤 동양풍 이펙트 솔직히 호영의 이펙트로 시비를 걸기는 어렵다고 생각될만큼, 이펙트만큼은 완성도 높고 끌리는 직업이라고 생각해요. 2. 시원시원한 극딜과 타격감+BGM 극딜시의 BGM과 분신들의 타수, 그리고 짧쿨기 금고봉이 결합한 시원함이 강점이라고 생각되네요. 3. 근두운을 포함한 다채로운 유틸. 자유자재로 이동할 수 있는 근두운. 천근석의 뚝떨, 축지부의 고정텔포, 몽유도원의 짧은 무적, 와류의 미세파티힐 4. 도철이 멋있고 도철이 멋있을 예정임...암튼그럼........... 개인적인 생각으론 호영의 체급은 그냥저냥 중간이상만 하는 애매한 아이라고 생각됩니다. ",domain-lexicon-v1.1
2297,330311,hoyoung,챌섭에서 호영 키우는데 피드백 한번 부탁드려도 될까요,2026-07-09 15:00:00+00:00,https://www.inven.co.kr/board/maple/2297/330311,comments,1330,0,22,21,False,mixed,positive,request,커뮤니티,0.75,감사 · 부족,https://youtu.be/Iuj8eWePlOc?si=goXyIB0rDqIOFVIZ 하드세렌 157% 15분컷나오고 이지카링 143% 20분 꽉 쳐서 겨우 깼습니다 이전에 했던게 렌이랑 일리움이었는데 얘네로는 이지카링 130%대로 클리어가 됐는데 호영으로 하니 잘 안되고 어려워가지고 명백히 숙련도 부족이라 생각해서 혹시 가능하시다면 한번 이지카링 깬거 보시고 피드백 해주시면 감사하겠습니다... 키세팅이랑 시퀀스는 이렇게 쓰고있습니다,domain-lexicon-v1.1
2297,330985,hoyoung,금고봉 난사 해달라고 할 때는 언제고,2026-07-14 15:00:00+00:00,https://www.inven.co.kr/board/maple/2297/330985,comments,1925,0,15,11,True,neutral,negative,complaint,커뮤니티,0.35,,5초 무한 금고봉 난사 주니까 왜 이젠 강제 5초 키다운이니 뭐니 지랄하는 거임?,domain-lexicon-v1.1
2297,331222,hoyoung,나름 메이플 열심히 했다 생각하는데,2026-07-16 09:32:00+00:00,https://www.inven.co.kr/board/maple/2297/331222,comments,1553,3,54,55,False,negative,negative,complaint,보스·전투,0.6,문제,호영 마코 솔직히 그정도로 문제있는 내용인지 진지하게 이해가 안가요 그냥 5초 극딜기 생겼다고 생각해도 될거같은데 딜도 잘 받았잖아요 이번에 키다운 애들 생각해서 맵패턴 안나오는 것도 해줬잖아요 토긍파긍이 문제 있는것도 충분히 알겠는데 딜량 10등이면서 극딜 준극딜때 묶일때만 쓰는 딜사이클이 그정도면 솔직히 그렇게 나쁘지 않다고 생각해요,domain-lexicon-v1.1
2297,330197,hoyoung,260709 테섭 기준 호영 개선안,2026-07-08 15:00:00+00:00,https://www.inven.co.kr/board/maple/2297/330197,recommendations,1570,6,10,10,True,negative,negative,request,밸런스·스킬,0.6,불편,"1) 본섭 문의 하는 법 넥슨 아이디 로그인 후 https://cs.nexon.com/HelpBoard/Nexon?gamecode=18 링크 접속 들어가신후 1:1 문의 작성 클릭 -> 게임문의 클릭 -> 건의사항 2) 테섭 문의 하는법 넥슨 아이디 로그인 후 https://maplestory.nexon.com/Testworld/N23BugReport/Create 링크 접속 구분을 건의사항으로 바꾸신 뒤 내용 작성(아래내용 복붙도 가능) ------------------------------------------------------------------------------------------------------------------ 중요도 순서대로 나열했습니다. 0. 6차 신스킬 / 천지인 환영 효과로 초기화된 금고봉 횟수를 스택 증가 형식으로 변경 이게 필요한 이유는, 이제 신스킬로 인해 호영은 준극딜 마다 5초동안 가만히 서서 금고봉을 때려야하는 직업(슈스탠, 상태이상 무",domain-lexicon-v1.1
2297,330444,hoyoung,호영 신규 6차 스킬 및 기타 개선안,2026-07-09 15:00:00+00:00,https://www.inven.co.kr/board/maple/2297/330444,recommendations,1930,14,3,3,True,negative,neutral,request,밸런스·스킬,0.6,불편,"1. 선기 : 사흉 해방 도철 쇼케이스에서 설명하였듯이 메커니즘을 개선하는 스킬인 만큼 도철 + 금금금금 이후 금고봉 연사까지는 아니더라도 ""강제 점프"" 를 하지 않아도 되도록(파초풍 스킬을 사용을 하지 않아도 되도록) 도철 공격이 끝난 후 15초 동안 천 속성 자동 연계 스킬(ex.낙뢰) 추가 낙뢰 스킬 이펙트의 경우 기존 천지인 환영 천 스킬에 도철 색감(노랑 근두운or빨강 구름) 리소스 짜집기로 단 기간 내에 구현 가능 2. 그란디스 여신의 축복 개선 선기 : 영약 태을 선단 개선 이후 의미가 크게 없어진 충전량을 대신해 그란디스 여신의 축복이 직업에 알맞은 축복을 내린다는 특성에 맞게 호영의 스킬인 두루마리 도력 스킬 시스템을 활용 속성 도술 사용시 이전에 사용한 속성과 다를때 증가하는 최종 데미지 증가량을 활용한 개선 하지만 이렇게 될 경우 선기 : 사흉 해방 도철과 시너지가 날 것으로 예상, 또한 상승량이 과도할경우 40초간 속성연계 강요 느낌을 받을 수 있어 상승량에 있",domain-lexicon-v1.1
2297,331616,hoyoung,호영 챌린저 후기,2026-07-19 18:24:00+00:00,https://www.inven.co.kr/board/maple/2297/331616,recommendations,779,6,3,4,True,neutral,neutral,request,보스·전투,0.35,,시퀀스 금고봉 토파류 점프해서 초기화하고 금고봉 토파류 점프해서 초기화하고 금고봉 토파류 금고봉 점프해서 초기화하고 금고봉 토파류 토파류 점프해서 초기화 하고 토파류 금고봉 금고봉 금고봉 토파류 점프해서 초기화하고 금고봉 토파류 점프해서 초기화하고 금고봉 점프해서 초기화하고 금고봉 토파류 점푸해서 초기화하고 금고봉 토파류 금고봉 토파류 점프해서 초기화하고 토파류 금고봉 금고봉 점프해서 초기화하다 패턴맞고 날라가고 흡성와류 스킬 지속은 왜 45초 유지하기 좆같은데 보스가 돌진하면 흡성화류 재설치 뒤지면 사라져서 흡성와류 재설치 빙~빙 돌?려주마~ 흡성??와!류 빙~빙 돌?려주마~ 흡성??와!류 빙~빙 돌?려주마~ 흡성??와!류 빙~빙 돌?려주마~ 흡성??와!류 빙~빙 돌?려주마~ 흡성??와!류 빙~빙 돌?려주마~ 흡성??와!류 빙~빙 돌?려주마~ 흡성??와!류 빙~빙 돌?려주마~ 흡성??와!류 개선좀,domain-lexicon-v1.1
2297,329061,hoyoung,호영 칼로스 쉽게 하는 방법 이지 칼로스 104퍼 3.06 뉴비용 노무적 호영,2026-06-29 15:00:00+00:00,https://www.inven.co.kr/board/maple/2297/329061,views,3672,0,10,9,False,mixed,neutral,complaint,밸런스·스킬,0.75,감사 · 문제,"https://youtu.be/74eiEWUWswI 호영 뉴비들이 칼로스를 어떻게 하면 편하게 할 수 있을까 해서 한번 칼로스를 뉴비가 따라하기 편한 방법으로 만들어 봤습니다. 한판 하고 바로 올린거라 날라가는 딜이 많은건 그러려니 해주시면 감사합니당. 그리고 고인물들 기준으로는 아예 참고 안하셔도 됩니다. 딜효율이 떨어지는 빌드라서 딜이 많이 약한 빌드입니다. 뉴비분들이 보시라고 만든 영상이고 뉴비 분들은 이 배율로 깨라는 것이 아닌 플레이를 이런 식으로 하면 편하게 할 수 있겠다로 봐주시고 참고 하시면 도움이 되실 것 같습니다. 플레이는 전반적으로 설명 드리면 1페는 저 위치를 고정값으로 잡고 왼비는 바로 위로 쏴주기 오비는 영상처럼 자동 발사로 맞춰주기 구체는 내 아래로 왔을때 맞춰서 제거해주기 , 드론은 내 머리 위를 지나가는 경우에 제거 해주시면 됩니다. 1페에서는 칼로스의 밀치기 패턴만 신경 쓰시면서 플레이 해주시면 됩니다. 2페는 간섭작을 아예 신경을 안써도 되는 1층에",domain-lexicon-v1.1
2297,329719,hoyoung,신규 6차,2026-07-08 15:00:00+00:00,https://www.inven.co.kr/board/maple/2297/329719,views,4358,0,13,14,False,neutral,neutral,information,커뮤니티,0.35,,https://m.blog.naver.com/seotbeo/224341556041,domain-lexicon-v1.1
2297,330041,hoyoung,호영 신규 스킬 효율,2026-07-08 15:00:00+00:00,https://www.inven.co.kr/board/maple/2297/330041,views,2911,0,9,8,False,neutral,positive,request,밸런스·스킬,0.35,,"개방 전 40초 딜 개방 후 40초 딜 개방 전 5분 40초 딜 개방 후 5분 40초 딜 30렙 5분 40초 딜 (실수 제외하면 1540조라고 보시면 됩니다.) 호랑이 21, 화중군자 29 나머지 30 기준 40초 딜 기준 1렙 : 점유율 1.35% 효율 5분 40초 딜 기준 1렙 : 점유율 1.75% 효율 (최종뎀 1.781% 증가) 5분 40초 딜 기준 30렙 : 점유율 2.89% (최종뎀 2.976% 증가) 1번만 쳐본 거고, 어센트 3회로 20분 풀탐의 경우 차이가 있습니다. 5분 40초 딜의 경우 +-0.1% 정도 차이난다고 생각하면 편할 것 같습니다 스킬 자체 점유율만 보면 1레벨 0.07%, 30레벨 1.19% 나왔고 대충 나머지 1.68%는 추가되는 금고봉 배율이라고 보면 될 거 같습니다 실전딜로 가면 당연히 더 떨어지구요",domain-lexicon-v1.1
2297,331077,hoyoung,호영 테섭 변경사항,2026-07-16 07:58:00+00:00,https://www.inven.co.kr/board/maple/2297/331077,views,3637,0,7,6,False,neutral,neutral,information,커뮤니티,0.35,,.,domain-lexicon-v1.1
2295,296186,illium,20분 데티카링 클리어,2026-06-17 15:00:00+00:00,https://www.inven.co.kr/board/maple/2295/296186,comments,967,3,11,11,True,neutral,positive,information,커뮤니티,0.35,,빌드 4 2 5 궁혼도 20분되니까 쉬운듯 예상환산:10.4,domain-lexicon-v1.1
2295,297428,illium,일리움 후기,2026-06-28 15:00:00+00:00,https://www.inven.co.kr/board/maple/2295/297428,comments,1655,1,22,22,True,negative,negative,complaint,밸런스·스킬,0.6,문제,1. 크리스탈 게이트 <- 너무불쾌함 - 2개 설치해야 작동하는거부터 매우 역함. 은근 스타트 많이 늦추는 원흉인듯. - 크리스탈컨트롤 몸으로 땡겨올라고 윗키+크컨 누르다가 텔포타져서 이상한데가지는 경우가 한두번이아님. -> 텔포기능이 초반 사냥엔 쏠쏠해서 없애라곤 못하겠는데 기능 분리좀 해줬으면 좋겠음. 텔포 온오프해주던가; 2. 그람홀더 - 시퀀스 왜안넣어줬는지 진짜 이해안감. 3. 날슝좍 - 너무빨라서 미세컨이 거의 안됨. 공간을 굉장히 크게 잡고 딜을 넣어야해서 최소컷같은거 하기 매우 힘듦. 4. 패차 - 딜구조 쓰레기같이 만든 주범인듯함. 어느 정신병자가 쿨을 121초로 만들어놔서 6차 쿨감을 못받아먹음 ᄏᄏ 타직업 챌섭에서 5% 2초로 6차사이클 340초마다 굴릴꺼 얘는 패차땜시 야금야금 밀림 보스별 평가 세렌 - 날슝좍 아침컨 너무빡쎔. 그리고 날슝좍모드 세팅 안하면 눕질 못해서 위로가야하다보니까 은근히 불리함. 최소컷 도전 못해먹겠음. 그렇다고 날슝좍모드 끄기엔 아까움,domain-lexicon-v1.1
2295,297485,illium,일리움 솔 헤카테 이거 질문있습니다.,2026-06-28 15:00:00+00:00,https://www.inven.co.kr/board/maple/2295/297485,comments,773,0,11,11,True,positive,neutral,question,보스·전투,0.6,감사,방금 솔 헤카테 배웠는데 솔 헤카테 소환수 >> 그냥 소환수임 소환하면 끝 스틱스 >> 수동으로도 쓸수있지만 밑의 감응으로도 자동 가능 4초바인드 딜링기 스틱스 감응> 자동 유발 트리거 요거 맞을까요? 아 그리고 챌섭은 엔버링크가 없고.. 그리고 리레나 요런것도 선택할수가 없는데 어디에다 묶어야 하나요..? 아직 기본 극딜도 못해서 수동은 안될거같아서 일단은 자동으로 해보려고 하는데 아 혹시 그리고 쿨이 1분인데 그냥 2분마다 한번씩만 써도 되나요 ᅲᅲ 제대로 못쓰고 밀리면 2분때에도 제대로 못쓸거같아요 ᅲ 2분때라도 제대로 맞추도록.. 손이 구려서 힘드네요 일리움 쉬운줄 알았는데 어려우뮤 도와주시면 감사하겠습니다..,domain-lexicon-v1.1
2295,298945,illium,일리움이 초반에 키네보다 체급이 구린가요?,2026-07-10 15:00:00+00:00,https://www.inven.co.kr/board/maple/2295/298945,comments,1557,0,16,16,True,neutral,neutral,information,밸런스·스킬,0.35,,"일리움이 초반 고트라고해서 키워봤는데 키네시스로 190%에서 데미안을 무난하게 클리어했는데, 일리움은 퍼뎀 213%인데도 훨씬 힘겹게 깨더라구영 일리움도 딜사이클이랑 극딜 타이밍은 최대한 제대로 굴렸다고 생각하는데 체감 차이가 너무 크네요. 아니면 직업 체급 차이가 있는 건가요?",domain-lexicon-v1.1
2295,299318,illium,140~150% 이지카링실패했는데 확인좀 ㅠ.ㅠ,2026-07-16 21:17:00+00:00,https://www.inven.co.kr/board/maple/2295/299318,comments,540,0,17,17,True,neutral,positive,question,보스·전투,0.35,,극딜 시퀸스 키고 롱기 평 오리진 합체로보트 리레 윙비트 탈모빔 평타 롱기 변신풀고 패차 윙비트 평타 롱기 준극 시퀀스 날개 윙비트 평타 롱기 이렇게하는데 그... 제가 빽먹은 버프가 있는거같아서 ᅲ.ᅲ..... 150퍼인데 이지카링이 안잡혀요;; 도올 오리진극 준극 1준극 혼돈 극 준극 극 궁기 극 준극 극 2페 오리진극 준극 극 3패에서 준극부터 도궁혼 골고루 패면서 했는데 1분에 세개 다 패지네용 방법이 틀렸다 or 버프를 빼묵었다 렌도 일리움도 썬콜도 다 배율대로 단하나도 안되는거 보면 제가 무슨 세팅을 삑낸거같은데 뭔지... 도저히... 아니.. 그래도 이제 패턴은 다 아는데... 진짜 뭐지...? 혹시나 이걸로 진단안되면 영상을.... ᅲ.ᅲ... 혹시 보고 이거 빼먹었따 이거다 싶은거 있으시면 좀 알려주실래유..? 멘붕 세개와서..,domain-lexicon-v1.1
2295,296079,illium,직업결정 5초전 보는 일리움 심화편,2026-06-17 15:00:00+00:00,https://www.inven.co.kr/board/maple/2295/296079,recommendations,2260,4,3,3,True,neutral,neutral,question,밸런스·스킬,0.35,,안녕하세요 일리움 뉴비 여러분 반갑습니다 이번에 챌린저스 서버에서 일리움을 키우려는분들이 많은거 같아 출시때부터 해왔던 일리움에 대해서 심화내용을 알려드리려고 합니다 1.간단한 직업 소개 2017년 8월 10일에 출시된 법사직업이며 텔레포트와 체공스킬 그리고 시그니쳐인 글로리윙 상태때문에 대부분의 보스패턴을 날로 먹는 직업입니다 그 외에도 자체 무적기인 롱기누스 존 마법사 직업군 공용 무적기인 에테리얼 폼 파티 단체 무적기인 프라이멀 프로텍션 등 전직업중 탑급 유틸리티를 보유중입니다 2.이질적인 최적 딜링 구조 하지만 현재 최적화된 딜링 구조가 매우 이질적입니다 오리진 스킬가속이 들어오면서 기존에 하던 극딜시퀀스에 시드링을 넣어서 패스트차지를 쓰게되면(스킬가속을 패스트차지가 못받음) 그다음 극딜에서 패스트차지를 살짝 기다렸다가 써야하고 그렇게되면 전체적인 극딜사이클이 밀리게됩니다 (2초쿨뚝 기준) 3~4초정도 이를 방지하려면 첫 오리진 극딜때 버프는 다올려서 글로리윙을 킨다음 9초에,domain-lexicon-v1.1
2295,297551,illium,리액션 : 스펙트럼 미적용 현상,2026-06-29 15:00:00+00:00,https://www.inven.co.kr/board/maple/2295/297551,recommendations,2802,21,9,9,True,negative,mixed,complaint,밸런스·스킬,0.75,버그 · 문제,"안녕하세요 요번 챌린저스 시즌4에서 일리움을 육성하게된 무적기능식품입니다. 자기소개보다는 해당 현상에 대해서 설명드려야 되는 것이 급선무이기에 설명드립니다. 발견 경위 : 사냥터에서 심심해서 땅에서 크리스탈 이그니션(흔히들 땅그니션)을 사용하였는데, 크리스탈에 땅그니션이 적중하면 리액션 : 스펙트럼(이하 스펙트럼)이라는 3줄기의 빛을 발사하는 스킬이 발생합니다. 이 과정에서 땅그니션에 적중하지 않았으나 스펙트럼만 적중한 몬스터는 죽지 않는다는 사실을 발견하였습니다. ​​ 실제로 사냥중에 발생해 목격한 현상 해당 현상을 재현한 영상 ​ ​ 해당 현상을 목격한 저는 먼저 달려간 곳은 연무장입니다. 영상의 첫 무공 석상(시작부터 17초까지)는 정상적으로 5000억의 최대 체력을 지닌 몬스터라는 점을 보이며 2번째 부분(18초부터 28초까지) 땅그니션을 크리스탈에만 적중시켜 스펙트럼만 몬스터에게 공격하는 것을 의도하여 스펙트럼이 몬스터에게 정상적으로 피해를 입히지 못하고 겉으로만 데미지가 ",domain-lexicon-v1.1
2295,298283,illium,신스킬 자동발동,2026-07-08 15:00:00+00:00,https://www.inven.co.kr/board/maple/2295/298283,recommendations,2186,4,2,2,True,negative,neutral,complaint,밸런스·스킬,0.6,문제,문제 많은거같은데 준극부터 하면 계속 준극에 터질거고 리레 늦게 올리면 리레없을때 써야되고 수동모드 주세요 제발..,domain-lexicon-v1.1
2295,298722,illium,신규스킬로 인한 문제점,2026-07-09 15:00:00+00:00,https://www.inven.co.kr/board/maple/2295/298722,recommendations,1632,4,1,1,True,neutral,neutral,complaint,밸런스·스킬,0.35,,"1. 선준극의 불가능-- 글로리윙 쓰면 자동 발사라 선준극 발드, 대적자 다 막힘 2. 허수 기준 쿨 밀림 이슈 생김--오리진때는 고점 빌드(선비행)가 전분이 더 쌔게 나옴 근데 5차극딜시에는 극딜버프 같이 쓰는게 전분이 더 쌔게 나옴 퍼뎀이 어떻게 들어올지 모르겠지만 고점 막으면 사실상 고점빌드 쓰는분은 신규코어로 인한 딜상승률이 정말 미미할거라고 예상됨 3. 땅그의 실전성 감소-- 고점 빌드시 선비행하고 5초뒤 스틱스+바인드로 그람, 이그니션을 확정적으로 다 박을 수 있었음 근데 5차때 같이 쓰는게 정배가 되버리면 바인드 끝난상태일때 땅그를 쓰는중 이므로 보스가 텔포 쓰는경우(칼로스, 림보 숨어버리기)or 보스가 움직이는경우(세렌 대쉬) 상당히 딜로스가 날거라고 예상됨.. 요약-선준극 막히고, 고점빌드 딜 상승률 정말 미미한 수준, 땅그 실전성 감소",domain-lexicon-v1.1
2295,295856,illium,챌섭 시드링 리레부터 받으면 되나요?,2026-06-16 15:00:00+00:00,https://www.inven.co.kr/board/maple/2295/295856,views,2896,0,2,2,True,neutral,positive,question,커뮤니티,0.35,,일리움 하려고 하는데 챌섭 5000점이 3렙시드링 10000점에서 4렙 시드링 주더라구요. 일리움은 컨티 끼는거로 아는데 컨티없이 리레 3렙으로 10000점까지 할만한가요?,domain-lexicon-v1.1
2295,297400,illium,일리움 검마 최소컷 스펙공유,2026-06-27 15:00:00+00:00,https://www.inven.co.kr/board/maple/2295/297400,views,5847,0,5,5,True,neutral,neutral,information,성장·보상,0.35,,안녕하세요 에반 키우다가 챌섭 일리움 키우게된 일린이 입니다 방금 클리어 한 검마 최소컷 공유드립니다. 레벨 276 핵사스텟 2까지 오픈 나머지는 스샷대로 입니다. 1~4페 전부 랜딩모드로 했구요 1리레 안에 무조건 2 윙비트에 했었고 롱기는 잘맞으면 2롱기(3번에 1번꼴 ᅲᅲ) 사용 했습니다. 3페때 이그니션 키다운 1번 1초정도 눌러서 삑사리 난 것 말고는 전부 프로텍션 후 써서 풀히팅 박았구요 컨트롤 이슈로 검마 딱 1초 남기고 클리어 했습니다. 검마보상으로 나온 상급챌섭코인으로 화에큐 사서 보조무기 마마까지 띄어서 지금은 스펙업이 조금은 됬는데 꺴을 당시 스펙은 투력 약 4500만 정도 였습니다.,domain-lexicon-v1.1
2295,298139,illium,일리움 신스킬,2026-07-08 15:00:00+00:00,https://www.inven.co.kr/board/maple/2295/298139,views,3544,0,10,10,True,neutral,neutral,information,밸런스·스킬,0.35,,.,domain-lexicon-v1.1
2295,298329,illium,"신스킬 6분, 40초 점유율",2026-07-08 15:00:00+00:00,https://www.inven.co.kr/board/maple/2295/298329,views,2910,0,5,5,True,neutral,neutral,information,밸런스·스킬,0.35,,흠..,domain-lexicon-v1.1
2296,182082,kain,초보자를 위한 카인 설명 [기본 구조 설명편],2026-06-15 15:00:00+00:00,https://www.inven.co.kr/board/maple/2296/182082,comments,4310,2,24,24,True,neutral,positive,request,보스·전투,0.35,,"이번 여름 야누스 30레벨을 꽁으로 주는 이 시점 사냥이 안좋아 카인을 꺼리셨던분들은 과감하게 카인을 선택하셔도 될것 같습니다. dpm 또한 매우 상위권에 위치하는 좋은 직업 입니다. 기초 설명편에서는 카인의 기본적인 구조와 매커니즘에 대해 설명해 드리겠습니다. 1. 카인의 스킬 종류 카인은 일반 노쿨기, 카트리지 스킬, 발현스킬 , 처형스킬 을 보유하고 있습니다. 일반 노쿨기는 스트라이크 애로우이며, 이번 3번째 6차스킬의 주인공입니다. 카트리지 스킬은 충전형 스킬이며, 스캐터링샷, 샤프트 브레이크, 폴링 더스트. 총 3개의 카트리지 스킬을 보유하고 있습니다. 발현스킬 은 카트리지 스킬의 강화버전이며, 일회용 단발 스킬입니다. 발현 스트라이크 애로우, 발현 스캐터링샷, 발현 샤프트브레이크, 발현 폴링더스트. 총 3개의 스킬을 보유하고 있습니다. 처형스킬 은 팬텀블레이드, 테어링나이프, 체인시클, 포이즌니들. 총 3개의 스킬을 보유하고 있습니다. 이중 팬텀블레이드 또한 3번째 6차스",domain-lexicon-v1.1
2296,182587,kain,카인 20분 극딜 사이클 변화 (챌섭용),2026-06-22 15:00:00+00:00,https://www.inven.co.kr/board/maple/2296/182587,comments,3249,3,29,29,True,neutral,positive,question,밸런스·스킬,0.35,,"안녕하세요 오르카잉입니다. 오늘은 챌섭에서 보스플레이시 딜사이클에 대해 질문이 많으신거같아 챌섭을 한정으로 딜사이클에 대해 알아보겠습니다. 카인의 챌섭 플레이는 2초뚝을 디폴트로 가져가도록 하겠습니다. 오리진 쿨 5분 40초 오리진 컷신 시간 3.8초 2분극딜 1분 52초 60초 준극 55초 2초뚝으로 밀리지 않고 누른다는 가정하에 60초는 2분에 비해 2초의 시간이 여유가 있고. 2분극딜은 오리진 시간에 비해 4초가 여유가 있습니다. 이 데이터들을 바탕으로 극딜사이클을 어떻게 가져가야하는지 알아보겠습니다. 1. 선오리진 시퀀스 현재 극딜 사이클중에 챌섭 기준으로 가장 고점이 높은 딜사이클이라고 할수 있습니다. 단, 조건이 있습니다. 카인의 발현스킬 구조상 몇초뚝을 채용하든 고정적인 쿨타임이 존재합니다. 발현폴링 14초 발현 샤프트 10초 발현 스케터링 6초 특히 발현 폴링의 경우,마코를 뚫었을 경우, 발현 스텍을 2스텍을 올려주는 핵심 스킬입니다. 그래서 선오리진 시퀀스의 의의는 ",domain-lexicon-v1.1
2296,182878,kain,선오리진 선드버 관련 코멘트.,2026-06-28 15:00:00+00:00,https://www.inven.co.kr/board/maple/2296/182878,comments,1545,0,15,15,True,negative,negative,complaint,보스·전투,0.6,문제,"제 유튜브 보고 선드버 하시는 분들도 많은 것 같고, 각종 커뮤니티에서 선오리진 하라는 얘기 보고 선오리진 하시는 분들도 많은 것 같습니다. 짧게 한가지만 정리해드리려고 글 작성합니다. 극딜 방식에 크게 3가지가 있습니다. 1.시퀀스-드버-오리진 (통칭 선드버) 2.오리진-시퀀스-드버 (통칭 선오리진) 3.일정 발현 스택 쌓은 이후 오리진 - 시퀀스 - 데블 털고 드버 (발현 선오리진으로 표현할게요 마땅한게 없네요) 발현 선오리진 같은 경우에는 저도 여러군데서 사용하는 테크닉이고, 가장 강력한건 맞지만 여러가지 조건을 타서 따로 언급하지 않겠습니다. 그래서 선드버, 선오리진만 비교할텐데 1. 고점 선드버 = 선오리진 고점은 비슷합니다. 2.저점 선드버 > 선오리진 저점은 선오리진이 보통 크리인 꺼지기 전에 오리진이 섭렉 못타고 꺼져버리는 경우가 자주 발생하는데, 이때 저점이 아주아주아주 파멸적으로 낮습니다. 그래서 선드버가 최소한의 저점보장이 됩니다. 3.안정성 선드버 < 선오리진 ",domain-lexicon-v1.1
2296,183009,kain,챌섭 카인 고르신분들 카인 고른거 후회하시나요??,2026-07-02 15:00:00+00:00,https://www.inven.co.kr/board/maple/2296/183009,comments,2389,0,21,21,True,neutral,positive,information,커뮤니티,0.35,,저는 살짝..,domain-lexicon-v1.1
2296,183840,kain,신규 6차 이후 각 오리진 딜사이클 전분 비교,2026-07-09 15:00:00+00:00,https://www.inven.co.kr/board/maple/2296/183840,comments,1554,0,14,14,True,neutral,positive,debate,밸런스·스킬,0.35,,오리진-시퀀스-판테온-드버-페이탈-강화스애/강화팬블-타나막타-스니키-엔버재사용-니들 다털기-잔여딜 오리진-시퀀스-판테온-드버-페이탈-스니키- 강화스애/강화팬블- 니들 다털기-타나막타-엔버재사용-잔여딜 후자가 더 세서 딜사이클이 크게 바뀌진 않을것같네요 여유가 된다면 강화스애-강화팬블 이후 리메인 재발현 대기시간 무시하고 발현스킬 3종을 다 털고 니들을 다털어준다면 좋을것같습니다 전자 딜사이클의 장점은 강화스애 강화팬블을 빨리굴리다보니 40초딜 2초뚝 기준 마지막에 강화스애 강화팬블을 한번 더 쓸수있어서 이번 6차가 퍼뎀 버프받으면 전자가 더 셀수도 있겠습니다 5초 이상의 경우는 상관없이 후자가 더 셀것같네요,domain-lexicon-v1.1
2296,182062,kain,챌섭에서 카인 키우는 분들을 위한 TMI,2026-06-15 15:00:00+00:00,https://www.inven.co.kr/board/maple/2296/182062,recommendations,4957,7,8,7,False,mixed,positive,request,밸런스·스킬,0.8999999999999999,좋다 · 재미 · 부족,"반갑습니다 저는 오르카잉이라고 합니다. 본 글은 생각없이 의식의 흐름대로 끄적이는 글이라 가독성이 박살날 수 있다는 점 미리 양해구하면서 시작하겠습니다. 일단 시작전에 본인이 카인을 하고싶은데 이것저것 알아보긴 귀찮다. 나쁜예시 : 아 그래도 보는게 좋긴한데 (중략...) 네...뭐 게임이니까 하고싶은대로 하셔야죠 ᄒᄒ (무수히 많은 토론 필요 , 논리에서 질 가능성 매우 높음, 매우 피곤해짐) 좋은예시 : 그럼 카인 하지마 (토론 필요x, 논리에서 질 가능성 제로, 매우 단순함) 일단 카인의 구조를 쉽게 생각하는 방법을 알려주도록 하겠습니다. https://www.inven.co.kr/board/maple/2296/168472 위 글을 읽는다면 카인이 어떤 구조로 메커니즘이 흘러가는지 이해하는데 도움이 될꺼라고 판단합니다. 그럼에도 우선 카인의 스킬을 크게 총 4가지로 분류를 하자면, 1. 카트리지+스트라이크 애로우 2. 발현 스킬 3. 설치기및 사출기 4. 처형스킬 + 유틸스킬 ",domain-lexicon-v1.1
2296,183020,kain,챌섭 94퍼로 노칼 깨왔어요!!,2026-07-03 15:00:00+00:00,https://www.inven.co.kr/board/maple/2296/183020,recommendations,1116,5,2,2,True,neutral,neutral,information,밸런스·스킬,0.35,,2-4에서 2낙인극딜 자꾸실패해서 피 1퍼 2퍼 이렇게 남기니까 꺾일뻔했는데 빌드 완벽하게 수행해서 해냈어요!!,domain-lexicon-v1.1
2296,183141,kain,데티기준 10.03 카인 카링 솔플,2026-07-07 15:00:00+00:00,https://www.inven.co.kr/board/maple/2296/183141,recommendations,984,5,2,1,False,neutral,neutral,information,밸런스·스킬,0.35,,https://youtu.be/BgRHyyLVBH8?si=p6970FE9B-u8lwXd 신스킬 전 마지막 불꽃,domain-lexicon-v1.1
2296,183899,kain,신규 마코 극딜사이클 예시,2026-07-09 15:00:00+00:00,https://www.inven.co.kr/board/maple/2296/183899,recommendations,1423,6,4,4,True,neutral,neutral,information,밸런스·스킬,0.35,,"https://youtu.be/bsArTecaND4?si=4a82E58KnqIAEJsv 강화스애 , 팬블이 쿨감을 먹다보니 크리인 30초안에 두번을 굴리는게 가능합니다 고쿨감의 경우 드버 이후에 사용해도 좀 널널하게 사용가능하지만 2초기준으로 2회를 버프안에 굴린다고 가정하면 극딜 아예 시작부분에 사용하시는게 좋습니다",domain-lexicon-v1.1
2296,184657,kain,[테섭] 129183 하드발드 솔플,2026-07-16 15:00:00+00:00,https://www.inven.co.kr/board/maple/2296/184657,recommendations,552,8,0,0,True,neutral,neutral,information,커뮤니티,0.35,,https://youtu.be/p98hbG335G8?si=2ECGQC9QmxPTGXoG 12만대로 되네용,domain-lexicon-v1.1
2296,180761,kain,카인 구림?,2026-04-21 15:00:00+00:00,https://www.inven.co.kr/board/maple/2296/180761,views,4392,0,5,5,True,mixed,neutral,complaint,버그·사용성,0.75,감사 · 불편,렌으로 시작했다가 너무 물려서 현재 섀도어를 본캐로 하고 있습니다 여름 챌섭때 유챔 + 재밌으면 진심부캐로 하려고 하는데 본캐 스펙이 많이 낮아서 진심부캐로 만드는데까진 오래 걸리지 않을까 싶어요 카인 vs 보마 중에 고민인데 일단 유챔딱이라고 생각했을때 카인이 괜찮을까요? 생각보다 좋은 평이 많진 않은 느낌이여서요 유챔방치한다고 생각했을때는 보마가 정배려나요 카인 보스 난이도나 불편한 이유정도 알려주시면 감사하겠습니다! 카조쿠 형님들한테 설득당하면 해버릴 것 같아요 이성은 보마 감성은 카인 같은 느낌이랄까... 솔직히 간지 뒤지시잖아...,domain-lexicon-v1.1
2296,180893,kain,"특수코어 비교 (일필,치격,한놈만 스위칭)",2026-05-01 15:00:00+00:00,https://www.inven.co.kr/board/maple/2296/180893,views,7837,2,6,6,True,positive,positive,request,밸런스·스킬,0.6,기대,"특수코어 패치 및 공용코어 추가 이후 일필, 치격, 한놈만을 간단하게 비교해봤습니다. 1. 일격필살 무한히 굴린다면 일필의 보공 상승치는 100 * (4/30) = 13.33%에 수렴합니다. 실전에서는 첫 극딜 한정으로 발동 시점을 조절할 수 있기 때문에 효율이 아주 약간 올라갑니다. 9만대 캐릭터 기준 최종뎀 약 1.3% 일필 사용 타이밍 일필 사용 12~13초 후 입장합니다. 개인별 입장극딜 루틴에 따라 조금씩 다를 수 있으니 드버 끝물에 발동되게 적당히 조절하시고 일필에 판테온,페이탈 넣으시면 됩니다. 2. 치격, 한놈만 크리인 구간 크뎀284 기준 치격, 한놈만의 최종 데미지 증가율은 (419+50) / 419 = 약 12% 치격타임 점유율이 30%라면 최종뎀 3.6%급, 40%라면 4.8%급의 효율이 나옵니다. 공용코어 출시 이전 카인의 15초/20초 구간 딜점유율은 약 36%/40% 정도이며, 신규 스킬의 점유율이 4%가량이니 지금은 약 40%/44% 근처로 추정됩니다. ",domain-lexicon-v1.1
2296,180941,kain,연무장을 통해 본인 평딜 수준 알아보기 + 리메인의 비밀,2026-05-04 15:00:00+00:00,https://www.inven.co.kr/board/maple/2296/180941,views,3523,5,5,5,True,neutral,neutral,debate,밸런스·스킬,0.35,,5분 40초라는 통제된 환경에서 카인의 평딜 사이클을 비교가 좀 쉬워져서 대충 기준점을 잡고 본인 평딜을 피드백 돌리는게 좋을거같아 대충 글 적습니다 1. 어나일 데스블레싱 40 + @ 40초딜을 얼마나 잘 하고 있는지를 판단하기 가장 빠르고 쉬운 방법으로 오리진 데스블레싱의 횟수가 40회 이상인것이 좋습니다. 오리진 사이이나 그냥 일반 2분극딜이라 할지라도 평딜 사이에 처형만 사용하는것이 아닌 발현스킬도 무조건 섞어 줘야하기 때문에 오리진 구간에서 발현스킬을 잘 굴려주지 않는다면 횟수가 낮게 찍힙니다. 서버렉에 대한 편차가 좀 있지만 최소 38~39는 무조건 찍히게끔 연습하시는게 더 좋습니다. 2. 데스블레싱 540 기준 19 0 + @ 본인이 발현이랑 처형스킬을 얼마나 잘 굴리고 있는지를 확인 가능합니다. 어나일을 제외한 시간동안의 데스블레싱 횟수로 제 기준으로는 190회 + @ 는 확정으로 찍힙니다. 멜리스를 남김없이 다 사용하냐를 보여주는 기준으로 보면 좋습니다. 3. 리메인,domain-lexicon-v1.1
2294,456206,kaiser,현재 개좆된 이유 (장문),2026-07-08 15:00:00+00:00,https://www.inven.co.kr/board/maple/2294/456206,comments,15250,33,28,26,False,mixed,positive,complaint,밸런스·스킬,0.8999999999999999,기대 · 감사 · 문제,"+2026.07.14 수정 https://www.inven.co.kr/board/maple/2294/457200?category=%EC%B9%B4%EC%9D%B4%EC%A0%80 딜상승량 보다 더 정확하게 측정하여 수정하였으니 참고해주시면 감사하겠습니다 ---------------------------------------------------------------- 안녕하세요 이번에 카이저분들 다들 좋아하시는 와중에 빨간약 한번 끼얹어 드리러 왔습니다. https://youtu.be/FbOw3ckwc5s 이번에 새로 출시된 [드라코닉 익스팅션] 입니다. 사진 잘 보시면 아시겠지만, 점유율은 4.3% 수준이며 3회 전투분석 평균 총 딜량은 996조 입니다. 극딜 사이클 순서는 시퀀스 -> 인퍼널7+@ -> 오리진 -> 인퍼널(재사용안터질때까지) -> 익팅 이런 순서로 굴렸고, 리레5렙 기준입니다. 그여축 100% 까지 들어와서 다들 좋아보이시는데 여기서부터 빨간약 들어갑니다. 제가 ",domain-lexicon-v1.1
2294,456237,kaiser,익팅 쓰면서 윌오소/인퍼널 쓸수있게되면 안돼요,2026-07-08 15:00:00+00:00,https://www.inven.co.kr/board/maple/2294/456237,comments,884,1,22,22,True,neutral,positive,request,밸런스·스킬,0.35,,진짜 보통일 아닙니다 안그래도 누를거 꽤 많은데 키다운하면서 윌오소인퍼널까지 써야되면 진짜 존나힘들어집니다; 안그래도 지금 평딜때 기가+윌오소 힘들어하시는분들 많고 기가딜레이/인퍼널딜레이 활용하기 어려워서 배율대로 뽑기 힘든직업인데 여기서 족쇄를 더 추가하려 그러십니까 그냥 퍼뎀증가밖에 답없습니다 진짜로,domain-lexicon-v1.1
2294,457200,kaiser,신규 6차 딜 상승량 수정본 (+0.6% 아님),2026-07-13 15:00:00+00:00,https://www.inven.co.kr/board/maple/2294/457200,comments,2367,6,35,35,True,mixed,positive,praise,밸런스·스킬,0.8999999999999999,최고 · 감사 · 오류,"https://www.inven.co.kr/board/maple/2294/456206?my=post 지난번 테섭오픈날 테스트한 자료에 좀 오류, 중복전분업로드 등의 이슈 및 변수제거가 미흡했다는 지적이 있어 다시 재측정한 결과 공유드립니다. 테섭 테스트용 캐릭터 사전 조건입니다. 이 부분은 각 표본별 동일합니다. 영상 초반부 전투력/펫버프/5차스킬/링크스킬 확인 가능합니다. 1. 5초뚝/메르6% 2. 벞지 143% 3. 모도,모법,일리움,아크,카인, 링크 제외 / 일필 제외 / 리게인스트렝스 제외 4. 표본 별 가능한 최고수준의 딜을 뽑기위해 유동적 사이클 아래부터 정리본 올려봅니다 익팅 사용 ---------------------------------------------------------------- 1차 신규스킬 사용 - 1029조 / 드라코 222 , 기가 428 , 인퍼널 107 , 윌오소 456, 드블 433 https://youtu.be/O7vseBtdarI 2차 신",domain-lexicon-v1.1
2294,457508,kaiser,챌섭 카인키워보니까 카이저 누를꺼많다고 징징대면안됨,2026-07-16 08:23:00+00:00,https://www.inven.co.kr/board/maple/2294/457508,comments,1393,0,21,21,True,neutral,neutral,information,커뮤니티,0.35,,렌 보마되길 바라는거임?,domain-lexicon-v1.1
2294,457939,kaiser,그여축을 윌오소로 턴다는 얘기가 대체 왜 나오는거임?,2026-07-17 08:06:00+00:00,https://www.inven.co.kr/board/maple/2294/457939,comments,493,0,16,16,True,negative,negative,complaint,밸런스·스킬,0.8999999999999999,나쁘다 · 오류 · 문제,"시퀀스+판테온 하자마자 인퍼널 윌오소 되는대로 동시에 누르면서 후다닥 그여축 7회 + 추가로 초기화된 인퍼널 다 터뜨리고 (이제부터 인퍼널은 무조건 쿨 돌아가는중) 직후에 신스킬 하면서 윌오소 박는게 맞지않음? (인퍼널은 쿨 도는 중이라 사용불가여도 쿨 손해 안봄, 윌오소는 키다운 중 쿨타임이 돌아오든 초기화돼도 사용 가능이라 마오카 손해 진짜 단 1도없음) 인퍼널 윌오소 동시에 써도 이번 추가패치로 드래곤블로우 손해안봄 신스킬 중 윌오소 사용해도 이번 추가패치로 드래곤블로우 손해안봄 심지어 신스킬 중 윌오소스도 사용 가능해서 진짜 아~~~~~~~~무런 스킬 쿨 손해가 없음 왜 자꾸 시퀀스 올리자마자 신스킬 사용중에 윌오소를 7번씩 쓰는 방향으로 얘기가 나오는거임 내가 겜안분인가 아무리봐도 이게 훨센거아님? 마오카 3초가량을 윌오소 으어으어하면서 버리는게 개손해아님? 마오카를 빼서 신스킬 끝나고 따로쓴다는건가? 나만 이 토론 자체가 이해가 안되는겨? 무슨 부분에서 화가 나는건데? 윌",domain-lexicon-v1.1
2294,457112,kaiser,카이저 그여축에대한 차별패치 요청,2026-07-13 15:00:00+00:00,https://www.inven.co.kr/board/maple/2294/457112,recommendations,1393,12,6,6,True,negative,negative,request,밸런스·스킬,0.6,너프,"변신때문에 고벞지+마제스티오브카이저로 엔버의경우 원래도 딜사이클중 80초간 지속가능이었기에 엔버링크 확정쿨초에대한 메리트가 0입니다. 애초에 재사용을 엔버에 쓰면 손해였습니다. 그리고 원래도 재사용27.5%를 채용하는 특성, 그리고 마제스티 오브 카이저로 3초쿨, 7초쿨 스킬을 계속 쓰기에 리스트레인트 20초 안에 재사용6회를 다 못터트리는 경우가 진짜 50번중 한번 나올까말까한 상황이었기에 사실상 그여축 패치는 카이저에겐 아~무런 효용이 없습니다 (개억까상황 제외) 지금 체급상으로만 봐도 엔버는 그렇다쳐도 저희는 이대로 받으면 또 상대적 너프밖에 안되는건데 카이저에 대한 보상패치/차별패치가 필요합니다 개발자님들 연무장 봐주십쇼 리레 20초안에 그여축6회 재사용을 다 못터는 경우가 한번이라도 있는지, 엔버링크가 80초동안 지속 안되는게 한번이라도 있는지 제발 카이저한테 관심을 주세요",domain-lexicon-v1.1
2294,457367,kaiser,윌오소 10초< 이게 만악의 근원임,2026-07-17 01:13:00+00:00,https://www.inven.co.kr/board/maple/2294/457367,recommendations,967,7,4,4,True,negative,negative,request,밸런스·스킬,0.75,문제 · 부족,"윌오소 10초로 인해 발생하는 문제,불쾌감을 나열해보겠습니다. 메르6%+5초뚝 기준으로 7.05초임 메르6%+0초뚝 기준으론 9.4초임 5초뚝으로 2.35초 쿨 이득 을 봄 (효율토막) 근데 [마제스티 오브 카이저] 이거 켜져있는동안은? 5초 -> 3.5초 0초 -> 4.7초 0->5초뚝 가면 윌오소쿨 1.2 초 짧아짐 쿨감효율 1/4토막 되어버림 인퍼널브레스의 경우 19초인데 메르6%+5초뚝 기준으로 12.86초 메르6%+0초뚝 기준으론 17.86초 마오카 킨 상태에서 5초 -> 6.43초 0초 -> 8.93초 여기서도 마오카때문에 쿨감효율 1/2토막 되지만 이정도는 크게 기분도 안나쁨 지금 존재하는문제도 그렇고, 향후 키다운으로나오게되면 또 문제가 윌오소 쿨누수 < 이게 좀 큼 지금도 오리진 쓸 때 인퍼널 다 쓰고, 오리진을 누르는데 오리진끝나면 인퍼널이 딱 돌아옴 윌오소는 컷신도중에 무조건 쿨돌아와있음 3초따리라 신규스킬 키다운으로나오게되면 이것도 마찬가지로 윌오소 쿨누수 발생",domain-lexicon-v1.1
2294,457720,kaiser,히히 브래스 발싸~,2026-07-16 10:58:00+00:00,https://www.inven.co.kr/board/maple/2294/457720,recommendations,1395,11,6,6,True,neutral,neutral,information,커뮤니티,0.35,,​ ​,domain-lexicon-v1.1
2294,457861,kaiser,윌오브소드:차지 테섭 건의사항,2026-07-17 00:45:00+00:00,https://www.inven.co.kr/board/maple/2294/457861,recommendations,480,7,3,3,True,neutral,positive,request,밸런스·스킬,0.35,,"< 아래의 양식에 따라 자세한 내용을 전달해주시면 향후 업데이트 시 참고하겠습니다. > 1. 건의 내용 - 카이저의 스킬 ""윌오브소드:차지"" 의 쿨타임을 20초로 늘려주세요 2. 개선 내용 - 현재 카이저는 드래고닉 익스팅션이라는 키다운 극딜기를 이번 6차 스킬코어로 받았습니다 이번 운영진의 2차 테스트 업데이트 내역에서 드래고닉 익스팅션 스킬 사용 중 윌오브소드:차지 스킬이 사용 가능한데 해당 스킬은 재사용 대시시간이 10초입니다 카이저의 극딜 구조 상 20초 쿨타임의 인퍼널 브레스를 그란디스여신축복(그여축)의 쿨타임미적용 횟수 동안 많이 사용하는 것이 중요한데 이번 패치에서 드래고닉 익스팅션 중 윌오브소드:차지 스킬만 사용이 가능하므로 그여축의 쿨타임미적용 스택을 강제적으로 윌오브소드:차지에 사용해야합니다 그러면 자연스럽게 인퍼널브레스의 사용횟수가 적어지므로 극딜총량의 감소로 이어집니다 그리고 현재 카이저의 특성 상 재사용을 빈번히 이용하는 직업인데 인퍼널브레스와 윌오브소드:차지",domain-lexicon-v1.1
2294,455862,kaiser,신규 스킬 동영상 쪄옴,2026-07-08 15:00:00+00:00,https://www.inven.co.kr/board/maple/2294/455862,views,2017,2,16,15,False,neutral,neutral,information,밸런스·스킬,0.35,,대사는 총 3가지에요 이 검과 불꽃으로 멸한다 타오르는 긍지를 받아라 수호의 의지를 계승하리,domain-lexicon-v1.1
2294,456381,kaiser,미안한데 이거 내가 병신인건가?,2026-07-08 15:00:00+00:00,https://www.inven.co.kr/board/maple/2294/456381,views,2488,0,4,4,True,negative,neutral,complaint,밸런스·스킬,0.6,문제,ᄉᄇ 지금 이거 스킬 퍼뎀만 문제가 아니라 키다운 스킬을 다 맞춰야 막타 터진다는거 맞지? 중간에 끊으면 막타 브레스 안 들어간다는거 아니야 진짜 지랄하지마,domain-lexicon-v1.1
2294,456523,kaiser,변해도 너무 변해버린 카이저,2026-07-09 15:00:00+00:00,https://www.inven.co.kr/board/maple/2294/456523,views,2137,7,6,6,True,neutral,neutral,information,밸런스·스킬,0.35,,"날이 갈수록 카이저는 손이 계속 바빠지는구나 처음엔 기가슬래셔+윌오브소드만 잘 써도 제성능 나오는 캐릭터였다가 3,4 마스터리 코어가 나오더니 윙비트,페트리,인퍼널도 쉼없이 써줘야 되는 캐릭터가 되었고 재사용이 메인으로 자리잡아 스킬창을 눈빠지듯 쳐다볼 수 밖에 없는데다 전직업 660ms 딜레이 패치로 스킬을 더 빠르게 위 4개스킬을 딜레이 누수 없이 잘써야되는 캐릭터가 되었고 마제스티오브카이저 변경으로 해당 재사용스킬들을 두배로 더 자주 누르게 되더니 이젠 키다운까지 주고있네 갈수록 캐릭터가 진짜 버거워진다 재사용도 없이 그냥 단순히 기가슬래셔만 써도 준수했던 예전카이저가 그립네",domain-lexicon-v1.1
2297,328324,khali,"이번 챌섭 유입인데, 캔슬 이런식으로 해도 되는건지...",2026-06-22 15:00:00+00:00,https://www.inven.co.kr/board/maple/2297/328324,comments,1327,0,20,20,True,neutral,positive,debate,커뮤니티,0.35,,"진힐라 질문 주신분 글보니, 제가 맞게 굴리는지도 몰라서 https://youtu.be/ZhRcnduGy9Q 영상 이렇게 올리는게 맞나",domain-lexicon-v1.1
2297,328371,khali,챌섭유입 레조 2900타 영상,2026-06-23 15:00:00+00:00,https://www.inven.co.kr/board/maple/2297/328371,comments,1364,0,17,16,False,negative,positive,request,커뮤니티,0.6,아쉽,아직 6일차라 중간에 버벅거리기도 하고 깔끔하지가 않네요.. 칼리 고수님들 훈수 부탁드립니다 https://youtu.be/dLibm6UpMqg 버스트 끝나고 퓨리 블리츠 후에 스윕러쉬 실수만 안 했으면 진짜 높게 나왔을 거 같은데 아쉽네요,domain-lexicon-v1.1
2297,329973,khali,칼리 스킬코어 왜 안 좋다는거임?,2026-07-08 15:00:00+00:00,https://www.inven.co.kr/board/maple/2297/329973,comments,2505,0,15,15,True,negative,negative,complaint,밸런스·스킬,0.6,문제,이제 집 와서 정보 찾아보는 중인데 정확히 무슨 문제가 있는거? 자동 발현 자체는 적당히 좋은거 아님? 어차피 1분마다 굴릴거고 30초면 블로썸 레조 생성이랑 시너지도 맞아보이긴 하는데 물론 뉴비라 알못 발언일 수 도 있음 양해 좀 +아니 근데 방향성 자체는 괜찮은거 같은데 디테일한 부분에서 하자가 ᄌᄂ 많아보이긴 하네,domain-lexicon-v1.1
2297,330212,khali,도저히 정확한 콤보를 모르겟어요 뉴비 죽을거같아요,2026-07-09 15:00:00+00:00,https://www.inven.co.kr/board/maple/2297/330212,comments,1470,0,18,18,True,negative,positive,request,밸런스·스킬,0.6,부족,"헥스중 퓨리나 스플릿중 먼저쓰는거 차이는 취향차이같은데 누구는 헥스 > 블리츠 > 크레센텀 > 헥스 > 블리츠 이런식으로 털라하고 누구는 헥스 > 블리츠 > 헥스 > 러쉬 > 크레센텀 > 블리츠 > 헥스 > 러쉬 이런식으로 털라고하는데 가장 헷갈리는게 헥스 > 블리츠 > 헥스 > 러쉬 > 크레센텀 > 블리츠 > 헥스 > 러쉬 이건 왜이렇게 하는거에요?? 블리츠 러쉬다써서 크레센텀 써줫으면 헥스를 쓰고 블리츠를 써야지 캔슬을 유용하게 하는거같은데 왜 크레센텀을 쓰고 캔슬기인 블리츠를 먼저쓰고 헥스는 러쉬로 캔슬하라고 할까요? 그리고 청묘님 2분극딜은 진짜이해가안가요 헥스(스플릿)을 크레센텀으로도 캔슬이되는건가요? 크레센텀을 쓰고나서 왜 크레센텀 > 블리츠 > 퓨리 > 버스트 이런식으로 하라는거죠? 크레센텀을 썻으면 퓨리를 쓰고 블리츠를써야 캔슬이되면서 버스트가 써지는데 크레센텀 > 블리츠 > 퓨리 > 버스트하니까 퓨리 후딜끝나고사야 버스트가 들어가는데 진짜 미치겟습니다,,, 캔슬도 어",domain-lexicon-v1.1
2297,331167,khali,그래 시발 걍 안열게,2026-07-16 08:41:00+00:00,https://www.inven.co.kr/board/maple/2297/331167,comments,1638,3,18,18,True,neutral,negative,information,커뮤니티,0.35,,ᄏᄏᄏᄏᄏᄏ 저딴걸 다조주고 열라고? 코젬이면 열어준다 내가,domain-lexicon-v1.1
2297,327966,khali,칼리뉴비 도움을 요청합니다...,2026-06-20 15:00:00+00:00,https://www.inven.co.kr/board/maple/2297/327966,recommendations,867,6,4,4,True,positive,neutral,question,밸런스·스킬,0.6,감사,"가독성을 올리려고 아이콘까지 함께 첨부해서 게시했는데요. 글로도 묻자면 1. 정확한 칼리의 딜싸이클이 어떤건지 궁금합니다. 헥스 - 블리츠 / 헥스 - 러쉬 / (크레센텀) - 블리츠 - 헥스 의 구조인지. 헥스 - 블리츠 / (크레센텀) - 헥스 - 블리츠, 의 구조인지. 지금 두 개의 공략글 영상을 뚫어져라봤는데 너무 구조가 다른겁니다. 그래서 뭐가 맞는지 정답인지 여쭙고싶었습니다. (4일차된 뉴비의 입장에선, ""2번 사이클""이 좀 더 편한 것 같긴 합니다.) 2. 재사용 대기시간 초기화가 된다면 어떻게 운용을 하는건가요? 헥스스킬 초기화가 되면 블리츠 연계 /혹은 러쉬캔슬 연계를 해서 레조네이트 뽑기를 하는 게 맞는지. 아니면 다른 방법이 있는지 궁금합니다. 3. 정녕 맞는가... 노말진힐라는 160퍼로 6분남기고 깨서 자신감이 꽉차있었는데 139퍼 카더스크 상대로는 첫번째 뚜껑 따이고 오리진극딜을 박아도 7퍼밖에 못깎는거 보고 뭔가 잘못됐다고 생각이 들었습니다. 원래이런걸까요",domain-lexicon-v1.1
2297,329961,khali,신규스킬쓴 개발자보다 신규스킬안쓴 본인이 레조타수 높을자신 있는 칼리는 개추,2026-07-08 15:00:00+00:00,https://www.inven.co.kr/board/maple/2297/329961,recommendations,1015,9,2,2,True,neutral,neutral,information,밸런스·스킬,0.35,,일단 나부터,domain-lexicon-v1.1
2297,330027,khali,EBS 버스트 20분 측정 (5초뚝),2026-07-08 15:00:00+00:00,https://www.inven.co.kr/board/maple/2297/330027,recommendations,1749,10,5,3,False,mixed,neutral,request,밸런스·스킬,0.75,감사 · 문제,"점유율 증가량에 비중을 두고 측정한지라 편의를 위해 어센트는 사용않았습니다. EBS 버스트 사용 X ------------------------------------------------------------------- EBS 버스트 사용 O ------------------------------------------------------------------- 대충 앞서 측정들 하신 0.3~0.4퍼가 맞는 것 같습니다. 근데 상식적으로 생각해보자고요 이거 누구를 위한 스킬이죠? 저점도 고점도 1도 영향을 안주고 정작 중요한 차크리 생성해주는 블로섬 구조적인 문제는 방치해두고 이번엔 몇 년 뒤에 블로섬 재설치마냥 개선해주시려고요? 극단적이긴하나 대표적인 문제가 발생하는 카링 영상입니다. https://youtu.be/-R3KDNnMe_4 제가 칼리 첨 시작할 때부터 무슨 어떤 패치를 하든 별 생각 없이 ""그럴 수 있지~ 그냥 받아들이면 되지"" 마인드였는데 그 결과가 한 번 구조 개",domain-lexicon-v1.1
2297,330140,khali,건의 넣고왔습니다.,2026-07-08 15:00:00+00:00,https://www.inven.co.kr/board/maple/2297/330140,recommendations,898,6,1,0,False,negative,neutral,request,밸런스·스킬,0.6,문제,"테섭 로그 없으면 건의가 제대로 접수되지 않을 수도 있을 것 같아서, 테섭 무릉에서 30분 정도 직접 쳐본 뒤 건의 넣고 왔습니다. 개인적으로는 이번 스킬이 단순히 딜량 수치만의 문제보다, 실질적으로 수혜자가 거의 없어 보이는 이유 모를 부가 효과가 더 큰 문제라고 생각했습니다. 그래서 그 부분을 중심으로, 제가 생각하는 더 나은 개선 방향을 적고 왔습니다. 이 게임은 체급도 중요하지만, 한 번 망가진 구조는 몇 년이 지나도 고쳐진다는 보장이 없습니다. 그래서 잘못된 스킬 컨셉은 가능하면 초기에 바로잡아야 한다고 생각합니다. 원래는 패치가 들어오면 주는 대로 그냥 받아들이는 편인데, 예전 2분 주기 패치 때 극딜 압축이 롤백돼서 들어온 게 아직도 아쉬워서 이번에는 조금이라도 개선되길 바라는 마음으로 적고 왔습니다.",domain-lexicon-v1.1
2297,329671,khali,"칼리 하드 메이린 헥환 45,630 (99.2%) - 0.7퍼 남기고 못 깸",2026-07-08 15:00:00+00:00,https://www.inven.co.kr/board/maple/2297/329671,views,1878,0,2,2,True,negative,neutral,complaint,보스·전투,0.6,아쉽,"마지막에 시간 보고 당황해서 죽었는데, 당황하지만 않았다면 깼을 것 같은데 너무 아쉽네요. 바인드 2번, 최종뎀 2번, 어센트 1번, 6차 1번 나왔어요. 계속 최소컷 도전하면서 느끼는 건데 5차랑 6차 초기화는 계륵인 것 같아요. 2초뚝 기준으로 5차는 11극이 가능한데, 5차 초기화는 리레 끝나고 바로 쓴다고 가정하면 1번 초기화 하더라도 똑같이 11극이고 준극 한 번 더 가능하구요. 2번 초기화 되야 15초 정도 극딜 넣을 수 있겠더라구요. 2번 초기화 되면 좋긴 한데 한 번만 나오는 경우에는 크게 의미 없는 것 같아요. 6차 초기화도 마찬가진데, 2초 뚝 기준으로 4번 쓸 수 있는데, 2번 초기화 되야 5번 쓸 수 있어서 이것도 별로.... 칼리 6차 극딜은 생각보다 약한 것 같았어요. 그리고 생각 외로 바인드가 딜이 잘 나오더라구요. 그래서 같은 증강이 1번씩만 나왔을 때는 "" 바인드 > 5차 > 최종뎀 > 어센트 > 6차"" 순인 것 같구요. 2번씩 나왔을 때는 ""5차 > ",domain-lexicon-v1.1
2297,329722,khali,신스킬 60초쿨이네,2026-07-08 15:00:00+00:00,https://www.inven.co.kr/board/maple/2297/329722,views,2488,1,5,4,False,neutral,neutral,information,밸런스·스킬,0.35,,준극다운 준극이 생기는건가,domain-lexicon-v1.1
2297,329774,khali,자자 여러분 누우시면 됩니다●▅▇█▇▆▅▄▇,2026-07-08 15:00:00+00:00,https://www.inven.co.kr/board/maple/2297/329774,views,2836,0,10,10,True,neutral,neutral,request,밸런스·스킬,0.35,,"만렙기준 퍼뎀 44258%는 유저기만하는게 아니면 말이 안되는 수치입니다 참고로 퓨리 퍼뎀이 43,050%고 5차강화받으면 94710%입니다 추가사출도 2.5초마다 한번이면 사실상 헥스로 커버 가능한 수준에 조금더 사출되는정도일거라 딜적으로는 그냥 쓰레기중 쓰레기 전직업중 최하위일것으로 예상됩니다",domain-lexicon-v1.1
2297,330037,khali,전직업 최악의스킬 확정아닌가,2026-07-08 15:00:00+00:00,https://www.inven.co.kr/board/maple/2297/330037,views,2243,0,3,3,True,neutral,neutral,complaint,밸런스·스킬,0.35,,독보적인듯,domain-lexicon-v1.1
2295,295907,kinesis,키네가 챌섭에서 많이 좋나요...??,2026-06-16 15:00:00+00:00,https://www.inven.co.kr/board/maple/2295/295907,comments,2635,0,16,16,True,neutral,mixed,information,커뮤니티,0.35,,"쌀피엠은 높다고 들은거같은데 쌀피엠이 높다고 무조건 초반에 쌘건 아닌거같길래 혹시 챌섭키워보시거나 최근에 키워보신분들 어떤가요? 검밑솔 ~ 하세, 노칼",domain-lexicon-v1.1
2295,296480,kinesis,헥사스텟2를 지금 상태에서 뚫어두는건 별론가요?,2026-06-19 15:00:00+00:00,https://www.inven.co.kr/board/maple/2295/296480,comments,1421,0,12,12,True,positive,positive,praise,밸런스·스킬,0.6,좋다,어센트 1렙 / 헤카테 1렙 / 마스터리 코어 4개 1렙 / 헥사스텟 1 상태에서 솔에르다 10개 / 조각 680개 있길래 다른거보다 먼저 헥사스텟 2 뚫어두는건 효율 안나오나요..? 쌀피엠 좋다길래 어찌하면좋을지,domain-lexicon-v1.1
2295,298143,kinesis,신스킬,2026-07-08 15:00:00+00:00,https://www.inven.co.kr/board/maple/2295/298143,comments,3225,1,11,11,True,neutral,neutral,information,밸런스·스킬,0.35,,자동사출 ᄉᄉ https://m.blog.naver.com/seotbeo/224341556041 + 일필 등등 특수코어들도 120초 쿨타임 생겼네요,domain-lexicon-v1.1
2295,298487,kinesis,키네 6차 범위 개처망한 거 체감되는 영상,2026-07-08 15:00:00+00:00,https://www.inven.co.kr/board/maple/2295/298487,comments,2494,1,10,10,True,neutral,neutral,information,커뮤니티,0.35,,​ ​ ​ ​,domain-lexicon-v1.1
2295,299035,kinesis,키네 보조 원래 비싼편인가요?,2026-07-11 15:00:00+00:00,https://www.inven.co.kr/board/maple/2295/299035,comments,1726,0,16,16,True,neutral,negative,question,밸런스·스킬,0.35,,방무 없는 5줄 정옵 레유 130 쌍레 210 이정도 되는거 같은데 원래 이정도 하나요 아니면 거품 많이 낀 건가요 리마 이후 기준으로요 챌섭 때문에 매물이 털린건지 이 직업이 원래 이정도 하는건지 가늠이 안되네요 직업마다 보조가격이 천차만별이라,domain-lexicon-v1.1
2295,298512,kinesis,이펙트 재탕해도 되니까 걍 신규6차 메테리얼로 바꿔라,2026-07-08 15:00:00+00:00,https://www.inven.co.kr/board/maple/2295/298512,recommendations,1429,9,4,4,True,neutral,neutral,request,커뮤니티,0.35,,구체 3개보다 훨씬 나음 10초마다 메테 떨어지는 거로 ᄀᄀ,domain-lexicon-v1.1
2295,298526,kinesis,6차 인식 범위 텔키급으로 요구해야 하는 이유가,2026-07-08 15:00:00+00:00,https://www.inven.co.kr/board/maple/2295/298526,recommendations,1196,7,1,1,True,neutral,neutral,request,밸런스·스킬,0.35,,"그래비티 오브젝트는 1번 튕기는 스킬 임. 오브젝트가 보스를 한번 때리고 왼쪽으로 튕긴 상황에서 보스가 오른쪽으로 돌진하거나 텔포해버리면 갑자기 인식 범위 밖이 돼서 공회전하다가 증발함. 그래서 단순히 인식 범위가 싸이킥 스매싱 사거리 정도면 될 거라고 생각하면 안 됨 텔키처럼 불릿 사거리에서도 적 인식이 돼야 돌진, 텔포에도 대응이 됨",domain-lexicon-v1.1
2295,298603,kinesis,신규 6차 간헐적 버그있습니다. 문의 넣어주세요.,2026-07-08 15:00:00+00:00,https://www.inven.co.kr/board/maple/2295/298603,recommendations,1099,11,7,7,True,negative,neutral,complaint,버그·사용성,0.75,오류 · 버그,"다른 분들과 전분 비교를 해보는데 저는 다른분과 상승량이 다르게 나오는겁니다. 다른분들과 세팅값 아무리 찾아봐도 이상한걸 못찾았는데 말이죠 하나씩 돌려보다가 이상한점을 발견했습니다. 지금 쿨이 10초마다 나가게 되어있고, 영상속에서 저는 5초뚝을 끼고있어서 약 7초마다 이 친구가 나가야합니다. 이 친구가 최소 뒤로 좀씩 초 먹방을 하고 있고, 심할때는 10초이상씩 나가지 않아요 (이건 수정, 다른분들 제보 영상 돌려보니 표기상은 안돌고(표기오류는 분명히 있음) 이펙트상은 나감. 물론, 진짜 나간건지 이펙트만인지도 모르겠지만은) 이러니 이전까지 테섭 제보 전부 모으면 하나방향으로 통일감이있었는데 각자가 전분 찍은게 하나도 안맞죠 1 정상인경우 (정상이라 2배속함) 2. 예시 이거보고 뒷목 잡았습니다.. 와 이건 좀 심한데 싶은 판은 공허 뺀 전분이랑 똑같이 나왔습니다. (데이터 체크판은 언리시서버렉 적용안받게 얼티횟수 정해서 사용) 다들 고객센터랑 테섭 버그리포트로 표기오류 포함, 정",domain-lexicon-v1.1
2295,298810,kinesis,"이펙트를 나이트, 룩, 비숍으로 바꾸면 됨",2026-07-09 15:00:00+00:00,https://www.inven.co.kr/board/maple/2295/298810,recommendations,1535,14,5,5,True,neutral,neutral,complaint,밸런스·스킬,0.35,,"​ ​ ​ ​ 리마 이전 싸이킥 그랩에 쓰인 체스말 이펙트 좋잖아 구체 말고 나이트, 룩, 비숍 같은 체스말 날리면 딱이잖아 체크메이트로 날라다니는 기물은 킹, 퀸 뿐이라 나이트, 룩, 비숍이 스킬에 안 쓰였다고 심지어 싸이킥 그랩은 노쿨 스킬이었잖아 ​왜 10초쿨 스킬코어 이펙트가 노쿨 주력기 디자인보다도 못하냐고 ​ ​",domain-lexicon-v1.1
2295,299118,kinesis,얘 잔상때부터 이펙트 계속 대충만드는 기분이네,2026-07-12 15:00:00+00:00,https://www.inven.co.kr/board/maple/2295/299118,recommendations,1095,4,2,2,True,neutral,neutral,information,밸런스·스킬,0.35,,저게 어딜봐서 6차 스킬처럼 보이지? 3차 사출기로 밖에 안 보임. 이펙트 하나 보고 하는 캐릭인데 왤케 성의없이 대충 검정 흰색 구체만들고 끝이여?,domain-lexicon-v1.1
2295,296163,kinesis,아이템 버닝 쿨뚝 2초 받는게 좋은가요??,2026-06-17 15:00:00+00:00,https://www.inven.co.kr/board/maple/2295/296163,views,2406,0,3,3,True,neutral,neutral,information,커뮤니티,0.35,,제곧내,domain-lexicon-v1.1
2295,298241,kinesis,풀강 기준 2분딜량,2026-07-08 15:00:00+00:00,https://www.inven.co.kr/board/maple/2295/298241,views,2730,1,10,10,True,neutral,negative,complaint,밸런스·스킬,0.35,,6분쳐야 뭐 확실하게 알거같긴한데 음... 일단은 슴슴하네요 테섭에서 스매싱 왜 꾹으로 안나가는지 손아프다 창섭아,domain-lexicon-v1.1
2295,296701,lara,라라 원래 딜이 애매한가요?,2026-06-20 15:00:00+00:00,https://www.inven.co.kr/board/maple/2295/296701,comments,1782,0,17,17,True,neutral,positive,information,밸런스·스킬,0.35,,제생각으로는 할거 다 하고 분출이랑 스킬2개 쿨 안끊기게 굴리고있고 1분극딜 2분극딜 오리진 안놓치는거 같은데 노말 메이렌 20퍼 남기고 안깨져요 투력은 3700만 정도 됩니다,domain-lexicon-v1.1
2295,298445,lara,점유율 15%는 오계산입니다,2026-07-08 15:00:00+00:00,https://www.inven.co.kr/board/maple/2295/298445,comments,2813,2,11,11,True,neutral,mixed,complaint,커뮤니티,0.35,,"나도 라라 키워서 사진 퍼가서 분탕 치지 말라고 스샷에 분출 꺼진다고 대문짝만하게 써놓고 뭔가 이상해서 다시 측정하고 계산하려고 노력하고 조건 미리 말하고 결과 올린 것도 아니고 댓글 의견 보면서 수정하는데 어떻게 측정해야 제대로 나올지 논의하는 것도 아니고 ""이럴 거면 하지 마"" , ""니가 못하는건데 왜 조건을 검?"" , ""스펙도 안되는데 왜 잼?"" 단순 리뷰 글 제외하고 지울테니까 그만 괴롭혀주세요 ᄌ같이 못하는데 감히 계산해보려고 해서 죄송합니다 창섭이형이 데이터 보고 패치해주시겠죠",domain-lexicon-v1.1
2295,299185,lara,제가 라라 연무장 데이터를 오염시킨것 같습니다..,2026-07-13 15:00:00+00:00,https://www.inven.co.kr/board/maple/2295/299185,comments,1586,4,11,11,True,negative,mixed,complaint,보스·전투,0.75,문제 · 부족,저는 스카니아에서 라라 키우는 박세린 입니다. 보스마다 차이는 있지만 라라로는 110퍼컷 정도가 최선입니다. 심지어 극딜버프가 있을때 어센트를 쓰면 딜 손해라는 사실도 최근에야 알게될 정도로 딜 관련 이해도가 부족합니다... 그렇기에 일전에 한 고수분이 라라 직게에 올려주신 연무장 후기글에는 당연히도 저는 실력대로 꼴등이었습니다. 그런데 제가 환산주스텟에 연무장 랭킹 1위로 되어있습니다. 의도적인건 아니지만...제 실수나 겜 문제로 데이터가 오염되서 라라를 강코 하게되지는 않았나 죄송합니다.,domain-lexicon-v1.1
2295,299371,lara,라라너프..?,2026-07-16 07:56:00+00:00,https://www.inven.co.kr/board/maple/2295/299371,comments,3726,10,20,18,False,neutral,neutral,information,커뮤니티,0.35,,,domain-lexicon-v1.1
2295,299855,lara,근데 나만 무서워?,2026-07-20 02:49:00+00:00,https://www.inven.co.kr/board/maple/2295/299855,comments,869,0,14,14,True,positive,negative,praise,커뮤니티,0.6,만족,"지금 연무장 기록 보면 중위권인데.. 라라 역사에 있어 정말 오랜만에 만족하는 위치에 있기에 그냥 유지 만 했으면, 제발 렌이랑 손 짝짝꿍 하기 싫단 말이야",domain-lexicon-v1.1
2295,298419,lara,왜 밸패시즌마다 그러는거에요 ?,2026-07-08 15:00:00+00:00,https://www.inven.co.kr/board/maple/2295/298419,recommendations,2904,19,8,8,True,neutral,neutral,debate,보스·전투,0.35,,"지금 개선 받은게 가장 후순위인 아름드리나무 전맵화 받은거 하나뿐이고..(14초 바인드 이후에도 뽀뽀딜 하는 유저들은 큰 체감까지는 못할것 같아요) 신규마코 기존 분출 점유율 빠지는것 감안하면 약 7%선 아닌가요 ?? 터무니없는 수치로 어그로 끄시는분들 데티 2차해방은 진행하고 있으신지 모르겠어요. 라라 데티카링 컷만봐도 하위권구석에 박혀있고, 또 이번 패치에서도 레테처럼 재설치 기능 안넣어 준거 보면, 기존처럼 3분출 운용하라는것 같은데 텔포도없이 보스 주차하는 평딜직업이 이정도 딜이 맞나 싶어요 솔직히ᅲᅲ 그부분 감안해서 극딜기 준거같구요. 아직 본섭 넘어오지도 않았고 , 터무니없는 측정방법으로 어그로 끌어주지 말았으면 좋겠어요.... 모두 라라 직업 애정하는 마음을 한아름 아울러 보아요...ᄒ",domain-lexicon-v1.1
2295,298543,lara,신규 스킬 코어 0렙 vs 30렙 비교,2026-07-08 15:00:00+00:00,https://www.inven.co.kr/board/maple/2295/298543,recommendations,3364,11,6,6,True,neutral,negative,request,밸런스·스킬,0.35,,"스킬 코어 0렙 스킬 코어 30렙 ** 리6 5초뚝 기준 ** 리6으로 리5보다 좀 더 상승량이 높을 수 있고 5초뚝보다 저쿨뚝이면 좋은 스킬이기에 ( 본섭 기준 쿨뚝으로 이득보는 잠깨, 용솟의 점유율이 내려감 ) 2~3초뚝 상승량이 좀 더 높을 수 있습니다 연무장에서는 어센트를 3번 사용하기 때문에 1사이클 1어센트를 쓴다고 가정하고 각각 어센트 2회분의 데미지를 빼주면 1990.75조 / 1793.12조 대략 11% 정도 상승량을 가집니다 수치 조정이 몇몇 직업들처럼 어려운 스킬이 아니라 저는 분분분 패치 이후 유도컨으로 인한 난이도 상승에 대한 보정이라고 생각하고 있어요 ( 리컨 패치로 탑급으로 많이 손해본 직업이기도 하고.. ) 수치적인 부분은 어차피 조정될 수도 있는 부분이니 사용 시 기존과 상관없이 분출 생성 + 산의 씨앗 생성정도 추가로 개선해주면 좋을 것 같아요 이외에 분분분 막으면서 분출 생성 시 2초 딜로스로 플레이 경험이 너무 불쾌해졌는데, 스킬 코어 데미지를 조",domain-lexicon-v1.1
2295,299516,lara,그놈의 분분분정 때문에 되도않는 2초딜로스 너프쳐먹고,2026-07-16 09:58:00+00:00,https://www.inven.co.kr/board/maple/2295/299516,recommendations,885,13,6,6,True,negative,neutral,complaint,밸런스·스킬,0.6,답답,딜은 계속 하위권에 처박히는데 움직이는보스상대로 딜로스 말도안되게 심하고 걍 개병신만드네 계속 ᄏᄏᄏ 패치 때마다 라라유저도아니면서 분탕치러오는 새끼들은 수두룩하고 존나 걍 답답하네,domain-lexicon-v1.1
2295,299523,lara,딴건 모르겠고 분출 선딜은 조정해주지..,2026-07-16 10:04:00+00:00,https://www.inven.co.kr/board/maple/2295/299523,recommendations,545,10,2,2,True,neutral,neutral,complaint,밸런스·스킬,0.35,,"신규 코어 산의 씨앗, 분출 생성은 다 들어줬고 솔직히 타직업에 비해서 짜치는 이펙트 빼고 구조적으로는 괜찮다고 봐요 지금 거의 라라 플레이 경험에서 불쾌함의 99%는 분분분 막으면서 생긴 분출 선딜인데 바인드 패치하면서 더더욱 의미 없어진 아름드리 패치만 하고 분출은 왜 계속 유기하는지 모르겠네요 롤백하고 속성별 쿨 약간만 달면 분분분 막으면서 생긴 갱신로스는 없앨 수 있을텐데",domain-lexicon-v1.1
2295,299635,lara,20분 전분,2026-07-16 16:17:00+00:00,https://www.inven.co.kr/board/maple/2295/299635,recommendations,1223,11,7,7,False,neutral,positive,request,밸런스·스킬,0.35,,"한아름 아우른 숨결 미사용 한아름 아우른 숨결 30레벨 한아름 아우른 숨결 및 용맥 분출 VI를 제외하면 유의미한 차이가 없어, 다른 스킬은 두 측정의 평균을 사용합니다. [조건] 연마의 전당 입장 후 오른쪽으로 산 물결을 사용한 다음 천공의 수호상 소환 소환 후 오른쪽으로 용맥의 자취를 사용한 다음 왼쪽으로 산 물결 사용 세이람의 영약, 콜렉터의 영약은 전투분석 시작 직전에 소비 아이템으로 사용 발현 : 햇살 가득 안은 터는 전투 시작 1분 전에 사용, 그 외 전투 시작 전 행동 금지 일격필살을 신경 쓰지 않고 최대한 빠르게 극딜 쿨 돌리기. 후오리진 사용 안다미로는 콜렉터의 영약 지속 중 1회, 세이람의 영약 지속 중 1회, 세이람의 영약 만료 후 1회 사용. 그란디스 여신의 축복과 너울가지가 없는 상태에서, 흡수 스킬, 화중군자 VI, 잠 깨우기 VI, 용솟음치는 정기 VI의 남은 재사용 대기시간이 모두 3초 이상일 때 사용 하이퍼 스킬 : 분출 3종, 잠 깨우기, 산의 씨앗 ",domain-lexicon-v1.1
2295,295933,lara,챌섭 라라가이드,2026-06-16 15:00:00+00:00,https://www.inven.co.kr/board/maple/2295/295933,views,3453,1,7,7,True,neutral,neutral,request,밸런스·스킬,0.35,,이번에 챌섭에서 라라를 시작하고싶은 사람들이 참고했으면 해서 적는 글임. 필자는 환산 8만대 스펙이며 내가 말하는게 틀린점이 있을수도 있음. 1.라라의 직업 특성 장점 1.평딜이 다른직업처럼 보스패턴떄 쉬는게 아니라 분출딜이 대부분이라 평딜넣기가 엄청쉽다고 생각함 그래서 저점이 엄청높음 2.극딜 딜압축이 엄청 잘되있어서 극딜 딸깍 몇번하면 끝 3. 쿨뚝을 굳이 사용하지 않아도 됨 ( 챌섭에서 쿨뚝을 주긴하지만 본섭으로 넘어가거나 아버가 끝나면 템을 맞춰야하기 때문에 장점이라고 생각함 ) 4. 사냥 젠컷이 엄청낮다 ( 5천만상태로 기어드락 원젠컷 가능 ) 야누스를 주더라도 엄청 큰 장점이라고 생각함 단점 1.장점에서 분출로 딜을 넣기가 쉽다고 했지만 설치기가 딜 대부분인게 단점이기도 한데 보스 텔레포트가 거의 없거나 벽으로 보스를 몰아서 칠수있다면 딜이 거의 안새지만 패턴적으로 피해야할때 보스텔이 무조건 유발되는 상황이 나올때 분출을 깔고 조금의 텀이 있다가 딜이 들어가기 때문에 딜로,domain-lexicon-v1.1
2295,296139,lara,챌섭 시드링 3렙 뭐 받나요?,2026-06-17 15:00:00+00:00,https://www.inven.co.kr/board/maple/2295/296139,views,3346,0,2,2,True,neutral,positive,information,커뮤니티,0.35,,컨티 받으면 될까요? 리4가 더 좋겠죠?,domain-lexicon-v1.1
2294,454755,len,렌 유챔 세렌 배율대로 안나오는데?,2026-06-28 15:00:00+00:00,https://www.inven.co.kr/board/maple/2294/454755,comments,3049,0,20,20,True,negative,negative,information,밸런스·스킬,0.6,부족,103퍼 찍히는데 1페 3극하고 2페 다 풀딜 넣어도 많이 부족한데 이거 배율 맞는거 맞음?,domain-lexicon-v1.1
2294,455430,len,렌 노말 흉성 솔플 다들 몇퍼때 하셨나요??,2026-07-05 15:00:00+00:00,https://www.inven.co.kr/board/maple/2294/455430,comments,1885,0,23,23,True,neutral,positive,information,밸런스·스킬,0.35,,흐음... 30분때 흉성 97% 배율로 깎았을때에는 분명 피가 7~8% 남길래... 오... 이거 진짜 빡딜하면 더 깎을수있나? 생각이 들었는데... 20분 패치되고 나서 스펙업 더하고 배율 100%가 되고나서 쳐봣는데 피가 거의 13%가 남아서.. 이건 깎아도 못꺨피인데 싶어서요 혹시 지금 노말흉성 솔플 하시는분들중에서 100% 대로 깨시는분들 팁좀 알수있을까요??..ᅮᅮ 현재 제가 하는 빌드는 1정수 후 2정수 빌드로 첫극제외 풀 130%극딜하고있습니다 ᅮᅮ,domain-lexicon-v1.1
2294,456801,len,만참 구조에 대한 저의 생각,2026-07-10 15:00:00+00:00,https://www.inven.co.kr/board/maple/2294/456801,comments,2642,2,25,24,False,negative,negative,request,밸런스·스킬,0.6,문제,1줄 요약 구조적으로 문제 없다고 생각합니다. 일단 이번 만참 추가 스킬을 처음에 보고 든 생각은 왜 굳이 쿨타임을 넣어서 번거롭게 할까 였습니다만 생각해보니 운영진이 생각하는게 이런게 아닐까 라는게 떠오른게 있었습니다. 1. 평딜 데미지 상승 2. 단순한 딜 사이클을 그대로 유지 할것 쿨타임 15초의 의미가 극딜보다는 평딜 데미지 상승이 되도록 하고 망혼강림은 몰아쓰는게 기본이긴 하지만 한번에 못 쓸수도 있으니 어느정도 여유 시간 주기라는 의도라고 보면 이게 렌의 기본 플레이 방식과도 크게 다를게 없고 평딜에 데미지를 주겠다는 것도 이루어지고 망혼강림 20초에 이번 6차 15초이니 망혼강림을 한번에 못 털어도 5초 정도는 여유시간을 준다는 걸로 해소하였다고 생각합니다. 한마디로 쉬운 플레이라는 관점에서 본다면 이번 스킬은 구조적으로 문제가 있다기 보단 오히려 구조적으로 잘 짜여진 스킬이라고 생각합니다. PS. 만약 노쿨화가 된다면 당현하게도 15초쿨이 있을때보다 데미지가 낮게 될텐,domain-lexicon-v1.1
2294,457164,len,렌 본캐로 계속 할만 할까요?,2026-07-13 15:00:00+00:00,https://www.inven.co.kr/board/maple/2294/457164,comments,3052,0,26,27,True,positive,mixed,request,보스·전투,0.75,좋다 · 최고,렌 덕분에 유입되어 지금까지 쭉 키우면서 헥환 9.8렌을 육성중인데요 처음 렌 출시때 메이플을 시작하면서 메이플에 무지한 시기에 렌을 선택한건 최고였다고 생각하는데 시간이 흘러가면서 익숙해져버린 보스 패턴들로 렌이 가지고 있던 장점들이 점점 퇴색되는거 같고 이번 챌섭때 아크를 시작했는데 아크가 체급이 좋다는 말은 들었지만 단순한 보스들은 90%대 배율로도 어렵지 않게 잡는 경험을 하고 있다보니 원래 계획하던 렌의 데티해방 목표가 망설여지더라구요 모아둔 자본을 차라리 아크에 투자하는게 좋을까? 하구요 렌을 295렙까지 키운 애정도 있고 조각이 매몰된 부분도 있어서 본캐를 바꾸는게 부담이 없진 않아서 그냥 실전 딜 좋은 렌을 본캐로 계속 투자할지 아니면 스펙업을 멈추고 본캐를 바꿔야할지 조언 부탁드립니다.,domain-lexicon-v1.1
2294,457415,len,렌 만참 테섭 릴리즈 (ㅆㅂ),2026-07-16 07:57:00+00:00,https://www.inven.co.kr/board/maple/2294/457415,comments,7848,1,21,21,True,neutral,neutral,information,커뮤니티,0.35,,에ᅢ효 https://maplestory.nexon.com/testworld/news/all/189,domain-lexicon-v1.1
2294,456125,len,스킬딜이 너무 세서 문제면 딜을 쳐 깎아야지,2026-07-08 15:00:00+00:00,https://www.inven.co.kr/board/maple/2294/456125,recommendations,1256,9,0,0,True,neutral,neutral,complaint,밸런스·스킬,0.35,,원래 사이클대로 노쿨이면 너무 셀거같으니 쿨타임 쳐넣고 잘쓰던 구조 조지는건 대체 씨발 어디서 나온 생각임? 블래스터 본캐일때 해머스매시가지고 온갖 개지랄하던거랑 이거랑 똑같은 새끼가 손댄거같음 나가 이 씨발새끼야 니가 왜 넥슨에서 월급을 받고있는건데,domain-lexicon-v1.1
2294,456286,len,걍 심검 발동 시마다 자동 발동하게 하면 되잖아 쿨 15초를 왜 달아,2026-07-08 15:00:00+00:00,https://www.inven.co.kr/board/maple/2294/456286,recommendations,3129,11,11,11,True,neutral,negative,complaint,밸런스·스킬,0.35,,극딜 때 여러 번 발동되는 게 싫어? 그럼 퍼뎀을 조정하면 되잖아 왜 굳이 15초 쿨을 달아 렌으로 망혼강림 일필은커녕 엔버링크에조차 안 맞춰본 겜안분마냥,domain-lexicon-v1.1
2294,456474,len,렌분들 걍 신스킬 노쿨로 받아야합니다. 명색이 6차 신스킬입니다.,2026-07-09 15:00:00+00:00,https://www.inven.co.kr/board/maple/2294/456474,recommendations,4150,31,10,10,True,mixed,positive,request,밸런스·스킬,0.8999999999999999,재미 · 문제 · 하향,사용감이 티도 안나는 화중군자 또받는거도 진짜 아니에요 신스킬 이팩트도 자주보고 좀 이미지적으로 티나는거도 중요합니다 보스돌때 타격이팩트가 보스행동가려서 기본이팩트는 켜도 타격이팩트는 끄는분들 많은데 덕분에 회중군자 받고도 이팩트 구경 해보지도 못한분들 많잖아요 아 그냥 쌔졌겠지 환산이 이거찍으라잖아 하면서 이팩트도 못보고 아무튼 사용되고 있겠지 믿는 구데기 신스킬 한번 받았으면 됐잖아요 예인에 맞춰서 가끔 튀어나오는 생존신고스킬? 아무튼 망혼검 막타에 나오게 설계해놓고 극딜땐 한번 나와서 티도안나는 스킬? 노쿨로 심검에 다터지는 정도는 되어야 극딜 망혼난사때 타수든 이팩트든 사운드든 그 부분에서 재미와 시원함을 느낍니다 수치는 어차피 지들이 조정하겠죠 막말로 수치 그대로두고 노쿨로 만든다 했을때 렌이 밸런스에 문제될정도로 체급높은캐릭도 아닙니다 저는 지금 나오는 점유율도 렌뿐만아니라 어느직업이든 말 안된다고 생각해요 스오솔하고 좋은싸움하는게 진짜 신스킬입니까? 어쨌든 스스로 불안감,domain-lexicon-v1.1
2294,457563,len,렌 스킬 개발자님. 유도하시는 방향을 모르겠습니다.,2026-07-16 08:49:00+00:00,https://www.inven.co.kr/board/maple/2294/457563,recommendations,1478,18,2,2,True,mixed,neutral,complaint,밸런스·스킬,0.8999999999999999,만족 · 재미 · 문제,"5분만 커뮤눈팅하고, 2분만 극딜해봐도 이 구조가 왜 불호인지 아실텐데요. 렌 유저들은 낮은 체급에도 불구하고 구조적 유연함과 실전딜에 나름 만족감을 느끼고 있습니다. 고쿨뚝 유저들의 경우 일필에 맞춰 망혼을 사용하는 재미를 느끼며 게임합니다. 애초에 최초 설계도 그렇게 하셨을거구요. 그런데 지금 이 상황은 이해가 안됩니다. 1. 망혼이 노쿨로 나갈 경우 극딜 딜지분이 높아지는게 문제시면 평소 노쿨에 승화 지속시간동안 사용횟수 제한 (설마 이 로직 추가하는게 귀찮아서 군대식 일처리를 하시는거면 진짜 다시 생각해주시기 바랍니다.) 2. 노쿨로 나갈시에 전체딜상승률이 너무 높다고 생각하시는거면 수치를 조정하시면 되지 않을까요? (설마 수치 조정이 귀찮아서 군대식 일처리를 하신거면 진짜 다시 생각해주시기 바랍니다.) 만약 이대로 넘어온다면 저희는 그냥 렌 스킬 담당자분께서 일하기 귀찮다 라고 생각하며 자기 편한대로 일하시는 분이라고 생각할수밖에없습니다. 그에 관련하여 앞으로 나올 모든 패",domain-lexicon-v1.1
2294,458087,len,테섭 건의사항 공유 + 시간되시면 건의 한 번 부탁드립니다.,2026-07-18 08:24:00+00:00,https://www.inven.co.kr/board/maple/2294/458087,recommendations,420,9,1,5,True,mixed,neutral,request,밸런스·스킬,0.75,재미 · 문제,"1. 건의 내용 요약 망혼강림은 1 타만 사용해도 재사용 대기시간이 시작되기 때문에 이후 2~4 타를 약 20 초 동안 플레이어가 상황에 맞게 자유롭게 운용할 수 있는 구조임 하지만 만참의 재사용 대기시간 때문에 약 5 초 안에 2~4 타를 사용하지 않으면 만참의 재사용 대기시간이 밀려 다음 망혼강림에서 만참이 발동하지 않는 문제가 발생함 결과적으로 기존에는 약 20 초 동안 자유롭게 사용할 수 있었던 운용 시간이 약 5 초 수준으로 줄어들면서 , 망혼강림을 상황에 맞게 자유롭게 운용할 수 있었던 기존 플레이 방식이 사실상 어려워졌음 현재 2 차 테스트 서버에 적용된 승화 사용 시 만참 재사용 대기시간 초기화 는 이러한 문제를 해결하지 못하고 , 오히려 승화 분리의 효율만 높여 일반적인 운용과의 격차를 더욱 크게 만들고 있음 만참의 재사용 대기시간을 삭제하고 , 승화 버프로 추가 사용 가능한 3 회의 망혼강림에서는 만참이 발동하지 않도록 조정 하면 기존 운용 방식은 유지하면서도 극딜",domain-lexicon-v1.1
2294,455751,len,렌은 심검 이후 자동발동 맞네,2026-07-08 15:00:00+00:00,https://www.inven.co.kr/board/maple/2294/455751,views,11844,0,7,7,True,neutral,positive,information,커뮤니티,0.35,,그냥 무난한가,domain-lexicon-v1.1
2294,455781,len,근데 신규스킬 쿨 달려있는거 별로 안 좋은거 같은데...,2026-07-08 15:00:00+00:00,https://www.inven.co.kr/board/maple/2294/455781,views,5565,0,16,16,True,neutral,negative,debate,밸런스·스킬,0.35,,이거 15초면 앞으로 망혼강림 모아서 엔버링크에 털거나 승화분리해서 시퀀스 켜고 망혼강림 터는거 못하는거 아닌가... 15초마다 망혼강림 막타 날려야 손해가 없는거잖아 이러면 억지로 뽑아내던 고점도 못 뽑고 진짜 쿨마다 망혼 발사하는 딸깍질밖에 못하는거 아님? 심지어 만약 쿨뚝 보정 안 받는 스킬로 나오면 5초뚝은 강제로 기다려야됨 ᄏᄏᄏ,domain-lexicon-v1.1
2294,455832,len,신스킬 엄청 약한거 같은데요??,2026-07-08 15:00:00+00:00,https://www.inven.co.kr/board/maple/2294/455832,views,10277,1,15,15,True,neutral,negative,information,밸런스·스킬,0.35,,"스펙: 5초뚝, 리6/컨6, 헥사 풀강 + 어센트 사용 0회 오리진 포함 1분 50초 딜 넣었을때 퍼뎀 2.2%밖에 안되네요 일필 타이밍마다 맞춰서 썼는데도 2.2%면 너무 약한데 어센트까지 포함하면 점유율 더 떨어질거같습니다.",domain-lexicon-v1.1
2294,456415,len,신규 스킬 점유율,2026-07-09 15:00:00+00:00,https://www.inven.co.kr/board/maple/2294/456415,views,6162,2,7,7,True,neutral,positive,request,밸런스·스킬,0.35,,"5초뚝 리5 승화 분리O 기존 딜 사이클 1561조 점유율 2.67퍼 망혼 쿨 돌 때마다 바로 쓰면 1524조 점유율 2.93퍼 극딜할 때 일필 터져서 1561조 나왔는데 그거 감안해도 기존 딜 사이클이 좀 더 쌘 거 같아요 신규 스킬 쿨타임 없으면 점유율 3.1퍼 나올 거 같네요 승화 지속 시간 동안 만참 최대 1회 발동, 쿨타임 삭제하면 기존 플레이 경험 해치지않고 극딜 비중 높아지는 것도 막을 수 있어요,, 본섭 패치 전에 개선해주세요 ᅲ",domain-lexicon-v1.1
2295,295935,lete,레테 직업가이드 완성본 (본섭수정),2026-06-16 15:00:00+00:00,https://www.inven.co.kr/board/maple/2295/295935,comments,122243,53,79,78,False,neutral,positive,information,밸런스·스킬,0.35,,"본섭 패치내용 반영 완료 2초뚝도 파티격이면 그냥 선 오리진빌드 채용하세용 4초 이상 쿨뚝부터는 선 오리진 빌드도 유용함 ​ ​ ​ 보스 거리 벌렸다가 돌아올때 컨버지 다시 걸어주기 필수 ​ ​ 복층 보스 윗 컨버지로 날먹 가능 ​ 윗점 + 대각텔 + 3체공 + 블링크 가능 눕텔 가능, 윗점 후 대각 아래텔 가능​ ​ ​ ​ ​",domain-lexicon-v1.1
2295,297099,lete,소환수 온오프로 해주세요..,2026-06-24 15:00:00+00:00,https://www.inven.co.kr/board/maple/2295/297099,comments,4614,0,43,44,False,neutral,negative,request,보스·전투,0.35,,매번 소환하기도 귀찮고 사냥할때 소환수 유지때문에 거탐 많이올때도있습니다. 같이 문의좀 부탁드려요,domain-lexicon-v1.1
2295,297737,lete,레테 현시점 최적 딜사이클 (26.07.03 기준) - 체인 커맨드 버그,2026-07-02 15:00:00+00:00,https://www.inven.co.kr/board/maple/2295/297737,comments,11468,3,46,45,False,mixed,negative,complaint,밸런스·스킬,0.8999999999999999,감사 · 버그 · 문제,"26.07.09 체인커맨드 버그 수정됨 26.07.03 20시 21분 수정 : 가독성 개선 26.07.03 21시 58분 수정 : 오리진 사이클 추가 26.07.03 23시 29분 수정 : 쿨밀림 관련 수정 26.07.04 01시 41분 수정 : 오리진 사이클 수정 ● 3줄 요약 현재 쿨밀림이나 재사용 여부에 따라 여러 딜사이클이 제안되고 있습니다. 현 재 체인 커맨드가 이딕트 스킬의 '오버로드 후 사용 불가 1.8초'까지 초기화하는 버그 가 존재하며, 이를 이용하면 기존보다 효율적인 사이클을 사용할 수 있습니다. 사이클은 글 최하단에 한번 더 정리해두었습니다. ▶ 2초뚝 기준 시퀀스 - 아즈라스 - 이딕트 2종 (총합 최대 7회 가능) - 나머지 오버로드 - (맹약 최종완성) - 이딕트 재사용 끝까지 ※ 재사용이 과도하게 발생해 쿨밀림이 예상될 경우에는 버그 활용을 포기하고 바로 나머지 오버로드를 사용하는 것이 좋습니다. ● 왜 이런 사이클인가? 기존에는 오버로드 사용 후 1.8초",domain-lexicon-v1.1
2295,297787,lete,레테 총평: 본캐로 키울 직업은 절대 아니다,2026-07-03 15:00:00+00:00,https://www.inven.co.kr/board/maple/2295/297787,comments,9589,0,62,62,True,positive,negative,complaint,밸런스·스킬,0.6,기대,"짤은 본섭 내실 풀 기준(재사용 54.5%), 극딜타임때 이딕트를 '한번 눌렀을때' 평균 기대횟수입니다 이론상 2초뚝도 가능하지만 현실적으로.. 4+초뚝을 꼈다 가정해보면, 리레5렙 기준 리레 시간안에 이딕트를 3번 누를 수 있어요 그럼 총 기대횟수는 2.2x3인 6.6회겠죠? 하지만 이딕트는 2개로 나눠져있죠? 극딜때 13.2회가 평균 기대횟수에요 11극 기준 145번 써야한다는거죠 그냥 미친 도박 직업이에요 재사용 어빌쓰는 직업 중에서 이렇게 극단적인 케이스가 있었나요? 왜 소환사 컨셉인건지 이해가 될정도로 극딜 밸런스가 말도 안돼요.. 자동타격 메커니즘도 없었으면 저점은 전직업 꼴등일거라고 봐요 물론 무수히 많은 시간을 쓴다면 평균값은 13.2회로 수렴하겠죠 근데 그 평균이 보스 치는 20분동안 딱 나온다는 보장은? 없죠? 당장 챌섭에서도 칼로스 같은 체력바 나눠진 보스에서 역체감 심할거에요 단일체력바 보스는 20분동안 평균값만 잘나오길 기도하면 되지만, 칼로스는 4칸 그 한칸",domain-lexicon-v1.1
2295,298866,lete,근데 레테 이 정도라면 너프 확정 아님?,2026-07-09 15:00:00+00:00,https://www.inven.co.kr/board/maple/2295/298866,comments,10087,0,51,51,True,neutral,negative,information,커뮤니티,0.35,,컨트롤이 엔버 미하일보다 쉬운거 같은데 개내보다 더 강한게 신기하네 본섭 갈 즈음에 팔다리 까진 아니어도 손가락 몇 개는 분지를 것 같은데,domain-lexicon-v1.1
2295,296485,lete,동꼽 사냥 정보공유 하러왔음,2026-06-19 15:00:00+00:00,https://www.inven.co.kr/board/maple/2295/296485,recommendations,10942,16,26,25,False,neutral,positive,request,밸런스·스킬,0.35,,매크로에 컨버지+임펠 넣고 꾹 45초가 아니라 딱 1분 동꼽 가능하고 방향키 누를 필요없이 제자리서 다시 키 뗐다 누르기만 해도 갱신 가능한 점이 ᄅᄋ 개쩜 황혼은 움직여야 다시 스킬이 써진답니다 다들 285까지 달려잇,domain-lexicon-v1.1
2295,297373,lete,당신이 임펠을 계속 눌러야 하는 이유,2026-06-27 15:00:00+00:00,https://www.inven.co.kr/board/maple/2295/297373,recommendations,10483,18,18,18,True,neutral,positive,information,밸런스·스킬,0.35,,"레테 본섭 출시하고 공략 만들어오는 사람들도 있고 하길래 직게 글 잘 안썼는데 이건 좀 안 알려진 팁인 거 같아서 글 쓰러 왔음. 아래 3줄 요약 레테 임펠이 본섭 넘어오면서 한마리만 맞아도 현재 있는 소환수들한테 다 공격속도 적용되게 바뀐 건 맞음 근데 여기서 간과한 게 ""현재""라는 점임. 바르가르랑 템플러의 경우에는 지속시간이 따로 있기 때문에 영향이 덜함. 어차피 계속 소환돼있으니까 공속버프가 갱신됨. 그런데 우리에겐 우리가 제어할 수 없는 펠이라는 소환수가 있음. 임프린트를 배우기 전까지는 바르가르와 템플러처럼 지속형이다가, 임프린트를 배우면 1공격 적중 시 10% 확률로 '펠' 1마리를 소환 2마력 흔적이 변경되거나 중첩된 마력 흔적이 있을 때 50% 확률로 중첩된 마력 흔적을 소모하면서 '돌진하는 펠' 1마리를 소환 두 가지 형태의 펠을 소환하게 됨. 여기서 돌진하는 펠의 경우는 단발성이나, 일반 펠은 10초 동안 지속됨. 이 펠이 임펠을 계속 눌러야하는 이유가 됨. 위에",domain-lexicon-v1.1
2295,298606,lete,260709 레테 패치 리뷰,2026-07-08 15:00:00+00:00,https://www.inven.co.kr/board/maple/2295/298606,recommendations,8515,16,12,12,True,negative,mixed,request,밸런스·스킬,0.6,너프,● 1차 테스트서버 밸런스패치 사항 ■ 레테 텔레포트 - 다른 캐릭터에게 이펙트가 어색하게 보이는 현상이 수정됩니다. 인보크 : 바르가르 - 데미지가 마스터 레벨 기준 143%에서 204%로 증가됩니다. 드라이브 - 공격 속도 증가 효과가 별도의 버프 아이콘으로 표기되도록 변경됩니다. 인보크 : 템플러 - 데미지 공식이 변경됩니다. 레비테이트 - 발판에 닿은 경우 체공이 종료되지 않는 현상이 수정됩니다. 인보크 : 템플러 II - 데미지 공식이 변경됩니다. 이딕트 : 램페이지 - 바르가르의 일반 몬스터 공격 시 데미지가 마스터 레벨 기준 241%p에서 210%p로 감소됩니다. 임펠 - 공격 속도 증가 효과가 별도의 버프 아이콘으로 표기되도록 변경됩니다. 인보크 : 바르가르 강화 - 최종 데미지 증가량이 마스터 레벨 기준 300%에서 180%로 감소됩니다. 오버로드 : 템플러 온슬로트 - 사용 시 액션 딜레이만큼 임펠 효과가 적용되도록 변경됩니다. 오버로드 : 바르가르 트라이던트 - ,domain-lexicon-v1.1
2295,299895,lete,매우늦은 260716 레테 패치 리뷰,2026-07-19 10:57:00+00:00,https://www.inven.co.kr/board/maple/2295/299895,recommendations,4785,16,13,12,False,mixed,mixed,request,밸런스·스킬,0.8999999999999999,기대 · 문제 · 너프,● 2차 테스트서버 밸런스패치 사항 ■ 레테 인보크 : 펠 - 스킬 설명이 수정됩니다. 인보크 : 바르가르 - 스킬 설명이 수정됩니다. 인보크 : 템플러 - 스킬 설명이 수정됩니다. 오블리크 텔레포트 - 사용 시 가끔 맵 밖으로 이동하는 현상이 수정됩니다. 인보크 : 템플러 II - 스킬 설명이 수정됩니다. 인보크 : 바르가르 VI - 스킬 설명이 수정됩니다. 이딕트 : 램페이지 VI - 데미지가 마스터 레벨 기준 808%에서 760%로 감소됩니다. 인보크 : 템플러 VI - 스킬 설명이 수정됩니다. 이딕트 : 템플러 아츠 VI - 데미지가 마스터 레벨 기준 813%에서 764%로 감소됩니다. 보이드 오리진 - 스킬 설명이 수정됩니다. - 심상 세계 파괴 이펙트가 스킬 이펙트 투명도 옵션에 영향을 받지 않도록 수정됩니다. - 스킬 사용 시 재생되는 배경음악이 가끔 어색하게 종료되는 현상이 수정됩니다. - 스킬 지속 중 최종 데미지가 증가하는 기능이 추가됩니다. - 스킬 지속 중 심상,domain-lexicon-v1.1
2295,295902,lete,레테 진지하게 고쳐야 할 거,2026-06-16 15:00:00+00:00,https://www.inven.co.kr/board/maple/2295/295902,views,17571,4,3,3,True,negative,neutral,complaint,밸런스·스킬,0.6,문제,"[제목]레테 진지하게 고쳐야 할 거[내용] 1. 오버로드 스킬은 ""레테가 바라보는 방향""으로 사용됨 이건 의도 된 거 같기도 하고 문제는 없어 보입니다. 그러나 레테의 전반적인 플레이 방식인 자동 공격 메커니즘과는 조금 맞지 않는 것 같습니다. 레테가 항상 보스를 바라보고 플레이 하지는 않으니까요. (극딜 때라도 직접 해야지 싶을 수도 있습니다.) 그리고 진짜 문제는 2번입니다. 2. 이딕트 스킬은 ""소환수가 바라보는 방향""으로 사용됨 늑구랑 검마가 계속 와리가리 침 + 이딕트 스킬은 소환수가 바라보는 방향으로 나감 => ""보스 왼쪽에서 왼쪽을 바라보는"" 것과 같은 타이밍에 스킬을 쓰면 안 맞을 수 있습니다. 소환수 각자가 때리는 방식이기 때문에 이런 경우가 생깁니다. 실험을 여러 번 해봤는데 한 마리가 안 때려서 데미지가 2/3만 들어가는 경우가 계속 생깁니다. 결국 컨버지라는 스킬은 우선 타겟팅, 소환수 텔포 기능은 있지만 딜로스가 없다고 안심할 수 있는 스킬이 아닙니다.",domain-lexicon-v1.1
2295,295925,lete,레테 현 시점 문제점 총 정리,2026-06-16 15:00:00+00:00,https://www.inven.co.kr/board/maple/2295/295925,views,16986,0,7,7,True,negative,positive,request,보스·전투,0.6,문제,"(체인 커맨드 관련) 1. 오리진을 무조건 가장 먼저 사용해야 함. 따라서 같은 파티원 중 레테가 또 있다면 오리진 사용 타이밍이 겹쳐서 레테끼리의 파티에 제약이 생김. 2. 딜 템포나 보스 패턴 등의 이유로 오리진을 사용을 원치 않아 사용하지 않으려 할 때, 맹약 최종 완성을 못시켜 딜로스가 생김. 3. 쿨감 모자를 사용할 경우 오리진 쿨이 돌기 직전에 극딜 쿨이 도는 경우가 생김. 이 경우에 극딜을 사용하면 오리진 사용 전에 맹약 최종 완성이 되어, 이대로 오리진을 사용하면 최종 데미지 버프를 못받음. (ex. 극딜 쿨은 돌았지만 오리진 쿨이 5~6초 남는 경우) (AI 관련) 4. 늑구 파업 문제. 너무 멀어졌을때 파업하는건 ᄋᄌ. 하지만 각각의 소환수 개체 위치가 파업의 기준이 되는건 문제. (ex. 늑구 위치를 신경 쓰는게 아니라 보스 몹과 유저 거리에 따라 공격 여부를 결정하는 등, 지금 상황은 문제가 맞음) 5. 이딕트의 공격 방향이 몹을 기준으로 사용됨. 오버로드의 경",domain-lexicon-v1.1
2295,296042,lete,"레테 고점용 극딜 사이클(수정, 2초기준)",2026-06-17 15:00:00+00:00,https://www.inven.co.kr/board/maple/2295/296042,views,34153,1,28,28,True,neutral,mixed,information,밸런스·스킬,0.35,,"1. 체인 커맨드 포함 시퀀스 2. 아즈라스(120초) 먼저 털기(재사용으로 인한 극딜밀림 방지용) 3. 이딕트 4. 60초쿨 오버로드(커맨드 완성 및, 이딕트 쿨초) 5. 이딕트 6. 오리진 (2분극딜시 생락) 7. 이딕트",domain-lexicon-v1.1
2295,296124,lete,레테 무적기 없나요 ?,2026-06-17 15:00:00+00:00,https://www.inven.co.kr/board/maple/2295/296124,views,18527,0,1,1,True,neutral,neutral,information,커뮤니티,0.35,,ᄌᄀᄂ,domain-lexicon-v1.1
2295,296925,luminous,극딜시 일반바인드는 어떻게 넣으시나요?,2026-06-22 15:00:00+00:00,https://www.inven.co.kr/board/maple/2295/296925,comments,1414,0,18,18,True,neutral,positive,request,보스·전투,0.35,,챌섭 아주 재밌게 하고 있는 루린이 입니다. 1. 오리진 빛둠>스틱스+노바>퍼니싱 빛둠 노바>오리진>빛둠노바 앱킬 2. 일반극딜 빛둠>스틱스+노바>퍼니싱 빛둠 노바 앱킬 이런식으로 굴리고 있는데 1번은 노바바인드랑 오리진바인드 시간이 겹쳐서 손해보는 느낌인데 리레안에 오리진 넣자니 어쩔 수 없는 것 같아서요.. 다른 방법이 있을까요? 그리고 퍼니싱 킬때 따닥 누르면 자꾸 껏다켜지는데 퍼니싱 키는 팁이 있을까요? 고수님들 도움 부탁드립니다,domain-lexicon-v1.1
2295,297198,luminous,루미 검마 132퍼인데 딜이 부족합니다 영상피드백 부탁드립니다,2026-06-25 15:00:00+00:00,https://www.inven.co.kr/board/maple/2295/297198,comments,1917,0,17,17,True,neutral,positive,request,밸런스·스킬,0.35,,https://www.youtube.com/watch?v=SbXaHkwnqo8&feature=youtu.beD,domain-lexicon-v1.1
2295,297701,luminous,흉성 입장 극딜 어떻게 하나요?,2026-07-02 15:00:00+00:00,https://www.inven.co.kr/board/maple/2295/297701,comments,889,0,17,17,True,neutral,positive,question,밸런스·스킬,0.35,,"2정수 빌드인데 원래는 버릇처럼 입장 오리진극 했는데 이제 20분이니까 다음 극딜탐에 오리진 써도 되겠다 싶어서 2극 현실때부터 오리진 썼는데 타임아웃했어요. 보약이 빠져서 그런건지, 뭔가 모르는 실수를 한건지 모르겠네요... 원래대로 입장 오리진극하는게 맞을까요?",domain-lexicon-v1.1
2295,298149,luminous,이게 루미꺼인가,2026-07-08 15:00:00+00:00,https://www.inven.co.kr/board/maple/2295/298149,comments,3432,0,14,14,True,neutral,neutral,information,커뮤니티,0.35,,,domain-lexicon-v1.1
2295,298405,luminous,구조는 괜찮은듯?,2026-07-08 15:00:00+00:00,https://www.inven.co.kr/board/maple/2295/298405,comments,3164,0,18,18,True,neutral,negative,information,밸런스·스킬,0.35,,"60초가 아니라 이퀄내 1회발동이라 또 빛둠세 쿨감 먹는 이상한짓 할까봐 불안했는데 다행히 그런건 없고 딜상향, 헤카테처럼 자동발동만 주면 여한이없을듯 안그래도 주력기3개 쓰는놈이라 키셋자리가없음",domain-lexicon-v1.1
2295,298488,luminous,신규 스킬 이펙트,2026-07-08 15:00:00+00:00,https://www.inven.co.kr/board/maple/2295/298488,recommendations,3699,5,10,10,True,neutral,neutral,information,밸런스·스킬,0.35,,​​​ ​ ​ ​​ 스킬 보이스 - 진리 앞에 서라 - 진리를 마주해라 - 너를 자유롭게 하리라,domain-lexicon-v1.1
2295,298903,luminous,신스킬 앱솔루트 스페이스 개선안,2026-07-10 15:00:00+00:00,https://www.inven.co.kr/board/maple/2295/298903,recommendations,1330,9,1,1,True,mixed,neutral,request,밸런스·스킬,0.95,기대 · 불편 · 오류 · 문제 · 부족,"1. 딜량 - 아무리 메모라이즈 추가타 때문에 퍼뎀이 낮게 책정되었더라도 자체 딜량이 너무 부족하고 일격기 치곤 임펙트 없는 삼삼한 느낌임. 퍼뎀이 최소한 2~3배 이상이여야 한다고 생각함. 만렙 기준 퍼뎀 참고: 앱솔루트 스페이스: 109,980%, 앱솔루트 스페이스+메모라이즈 15회 추가타: 223,980% , 트와일라잇 노바 VI: 129,976% + 스킬 딜레이 트와일라잇 노바 VI 랑 동일함 2. 스킬 증발 - 몬스터가 스킬의 두번째 타격(절대 공간 장악)만 피격당했을 경우 추가타(절대 심판)이 발생하지 않으며 첫번째 피격만 맞아도 가끔 추가타가 발동하지 않음. 따라서 한번이라도 피격당했으면 추가타가 온전히 발생하도록 수정이 필요함. 3. 스킬 범위 (이해를 돕기 위한 이미지 - 피니투라 페투치아의 영역은 860 x 500 / 앱솔루트 스페이스는 900 x 460이고 캐릭터가 한쪽으로 더 치우쳐 있음 ) 일격기에 블랙홀을 소환하는거 치고는 블랙홀을 벗어나면 안맞을 정도로 좁",domain-lexicon-v1.1
2295,298912,luminous,진짜 이펙트 존나구리네,2026-07-10 15:00:00+00:00,https://www.inven.co.kr/board/maple/2295/298912,recommendations,2420,10,11,11,True,neutral,neutral,debate,밸런스·스킬,0.35,,사실상 60초 준극딜인데 다른직업 60초준극딜 이펙트 보고와라 한번 이게 맞나 이게 걍 옛날 아포칼립스지 뭐냐고 대충 몬스터보다 살짝 위에서 빛!어둠! 하면서 하늘보라색 와바박 떨어지는게 이딴걸 진짜 재활용좀 앵간히해 절대공간이 펼쳐진다매 이게이게 이딴게 절대공간?,domain-lexicon-v1.1
2295,299214,luminous,스킬 이펙트 얘기 나온김에 추가로 써봄(스압),2026-07-13 15:00:00+00:00,https://www.inven.co.kr/board/maple/2295/299214,recommendations,919,7,1,3,True,neutral,neutral,request,밸런스·스킬,0.35,,"​ ​ ​ 루미너스는 빛과 어둠을 같이 다루는 마법사이며 빛과 어둠의 융합 마법인 이퀄리브리엄을 사용하는 직업임. 빛은 하늘색, 어둠 적갈색/진한 보라색 스킬 이펙트를 갖고 있고 이퀄리브리엄은 이 두가지 색을 확실하게 대비되게 섞은 이펙트를 가진 직업임. 이런 특징은 루미너스만의 아이덴티티인데... ​ ​ ​ ​ ​ 최근에 나온 이펙트들은 두 색의 확실한 대비보다는 희미하게 색을 섞어 전체적으로 보라색으로 보이게 함. 이는 이퀄리브리엄 스킬도 아니고 어둠 스킬 색에 가깝지만 어둠 스킬 이펙트로 보기도 애매함. 리버레이션 오브도 희미하진 않으나 하늘색 계열은 거의 없고 보라색 계열임. 이러한 이유로 원래 있던 위 스킬들이랑 이질감이 느껴짐. 정말 직업 컨셉을 지켜주고 싶으면 이런 부분들을 좀 바꿔줬으면 함",domain-lexicon-v1.1
2295,299829,luminous,본섭 대비 신스킬 개선안,2026-07-17 15:00:00+00:00,https://www.inven.co.kr/board/maple/2295/299829,recommendations,711,7,0,0,True,mixed,neutral,request,밸런스·스킬,0.95,기대 · 불편 · 오류 · 문제 · 부족,"0. 테섭이랑 달라진점 - 몬스터가 스킬의 두번째 타격(절대 공간 장악)만 피격당했을 경우 추가타(절대 심판)이 발생하지 않으며 첫번째 피격만 맞아도 가끔 추가타가 발동하지 않음. 따라서 한번이라도 피격당했으면 추가타가 온전히 발생하도록 수정이 필요함. - 스킬에 맞은 후 텔레포트를 하면 텔레포트 이전 위치에 추가타 이펙트가 발생함 > 오류 수정으로 첫타던 후속타던 둘 중 하나라도 맞으면 추가타가 발생함 / 추가타 이펙트 오류 수정 완료 이게 끝이며 사실상 변화가 없습니다. 이제 큰 변화를 기대하긴 어려워서 현실적으로 가능한 선에서 써봅니다. 1. 편의성 문제 - 퍼니싱 중 사용 가능 & 시퀀스에 등록 가능 둘 중 하나라도 해줬으면 좋을거 같음. 주력기도 3개인 직업에 키세팅 자리가 부족하다는 의견도 많고, 극딜 중 중간에 사용하려면 퍼니싱을 끊고 사용해야 하는 불편함도 있음. 2. 스킬 범위 (이해를 돕기 위한 이미지 - 피니투라 페투치아의 영역은 860 x 500 / 앱솔루트 스",domain-lexicon-v1.1
2295,296675,luminous,노말 메이린 패턴 올클리어 최소컷 부근으로 쪄왔습니다,2026-06-20 15:00:00+00:00,https://www.inven.co.kr/board/maple/2295/296675,views,27541,2,0,0,True,neutral,neutral,question,보스·전투,0.35,,"노말 메이린 패턴 올클리어 최소컷 부근으로 쪄왔습니다 https://youtu.be/ZdJuNPLQsJw?si=4oc-ZQ_OEd8j_iFS 혹시 전분키시고 메이린 해보셨던분들중에 메이린이 입장극딜하고 패턴보고 직업카드받으면 준극딜 15초정도 남던데 준극 이퀄버프+헤카테바인드+일필에 터시나요 아니면 메용2 히오쓰 있을때 터시나요 전분봐도 직업카드마다 딜량이 다 다른거같아서 전분분석상 이르칼라,조인트어택같은 짧은 극딜기가 딜량이 잘나오는듯 한데 다른분들은 어떻게하시는지 궁금하네요",domain-lexicon-v1.1
2295,297066,luminous,챌섭 검마 솔플 최소컷,2026-06-24 15:00:00+00:00,https://www.inven.co.kr/board/maple/2295/297066,views,3263,0,3,3,True,neutral,negative,information,커뮤니티,0.35,,이번 챌섭으로 메이플 유입하게 된 메린이입니다! 3주 해방을 하기위해 이번주 검마 솔플을 해보려고 하는데요 110% 정도면 도전 해볼만할까요? 가능성이 있다면 주말에 무한트라이 해보려고 합니다,domain-lexicon-v1.1
2295,297123,luminous,노말 메이린 하신분들 투력 어느정도로 잡히나요?,2026-06-24 15:00:00+00:00,https://www.inven.co.kr/board/maple/2295/297123,views,3875,0,5,5,True,neutral,mixed,question,커뮤니티,0.35,,3300인데 20분 다치니까 10%남는데 다른분들은 어떤지 궁금해서요... 인벤에 다른분 영상 3300컷 있긴하던데 그게 최소컷인가싶네요 손이 안좋아서 그런가요,domain-lexicon-v1.1
2296,180861,marksman,신궁 좋나요,2026-04-28 15:00:00+00:00,https://www.inven.co.kr/board/maple/2296/180861,comments,2729,0,16,16,True,neutral,mixed,question,밸런스·스킬,0.35,,유챔으로 궁수하나키우고싶은데 신궁만큼 활 형태(?)가 뚜렷한게 없는것같아서 조작감이나 딜 쓸만하나요,domain-lexicon-v1.1
2296,181803,marksman,저는 성능 안보고 이펙트 재미 보는데,2026-06-12 15:00:00+00:00,https://www.inven.co.kr/board/maple/2296/181803,comments,3227,0,13,11,False,positive,positive,information,커뮤니티,0.6,재미,일단 이펙트 합격인데 재미있나요? 지금 엔버 블래 키네 키우는데,domain-lexicon-v1.1
2296,182002,marksman,신궁 진짜 못할 정돈가요?,2026-06-14 15:00:00+00:00,https://www.inven.co.kr/board/maple/2296/182002,comments,2788,0,14,14,True,neutral,positive,information,보스·전투,0.35,,빵야스킬 나온거 보고 사랑에 빠져서 이번 제네패스로 해방까지 해보려고 하는데 해방까지 하려니까 몬가 신중해지네요 본캐 미하일이라 체급 낮은거는 체감못하는데 (심지어 얘도 버터칼20초에 극딜버프 66초짜리라 소문 72초 극딜도 별생각 안듬) 조작감이 뻣뻣하고 후딜이 심하다는 이야기가 좀 걱정입니다 사거리 길고 돌진기에 더미까지 있어도 보스 패턴 대응이 많이 어렵고 불쾌한가요?,domain-lexicon-v1.1
2296,184614,marksman,여기 신궁 더 버프해달라는 거 배부른 거 같음,2026-07-17 06:04:00+00:00,https://www.inven.co.kr/board/maple/2296/184614,comments,693,0,12,14,True,positive,mixed,praise,밸런스·스킬,0.6,만족,다른 직업 상황보면 장례식장이더라고 깔짝충이긴 하지만 십몇년동안 신궁 해왔던 입장으론 이번 6차 잘 받은것 만으로 만족해야한다고 생각함 여기서 더 버프 받거나 어그로 끌었다간 미래가 무서워,domain-lexicon-v1.1
2296,180894,marksman,신궁 데티카칼 98172 (100%),2026-05-01 15:00:00+00:00,https://www.inven.co.kr/board/maple/2296/180894,recommendations,1700,9,4,4,True,neutral,neutral,information,밸런스·스킬,0.35,,https://youtu.be/6zkSHQZIENg 개인적으로 일러 빼고 장점이 없다고 생각하는 신궁이에요. 영상이 짤렸는지 2페부터밖에 없어요.. 0초뚝 3극 / 3극 / 3극+2어센 / 4극 / 3극+1어센 2-4에서 낙인이 풀린 줄 알았어요.. 그런데도 딜은 꽤 남았어요!,domain-lexicon-v1.1
2296,180918,marksman,데티 카링 완!!!!,2026-05-02 15:00:00+00:00,https://www.inven.co.kr/board/maple/2296/180918,recommendations,1601,9,6,6,True,negative,neutral,complaint,버그·사용성,0.6,버그,데티 카링 완!!! 정말 힘들었어요 ᅲᅲ 하다가 화병나서 죽는 줄 알았는데 어찌어찌 깨지긴 하네요 1페 도올때문에 리트나고 2페 오리진쓰면 카링 증발하는 버그때문에 리트하고 리트날 때 마다 시간이 엄청 낭비되는 거 같아서 힘들더라구요 아무튼 메생 목표 달성 'ᄉ',domain-lexicon-v1.1
2296,181467,marksman,직업탓하기 싫은데 카칼 최소컷 파다보니 하게됨,2026-05-31 15:00:00+00:00,https://www.inven.co.kr/board/maple/2296/181467,recommendations,3160,17,9,9,True,negative,neutral,information,밸런스·스킬,0.6,부족,아 이 직업이였으면 딜로스 안나는데 아 이 직업이였으면 이때 무적 쓰면 사는데(후딜땜에 늦게써짐) 이런 생각이 시발 계속남 내가 그닥 엄청 잘하지 않는것도 있지만 부캐들 칼로스는 90퍼대에도 깨본적 많은데 100퍼 넘는 상태에서도 딜로스 하나 없이해야 깨지는 상태인것 같아 너무 ᄌ같음 아니 다빼놓고 솔직히 딜 컨이 부족해서 그럴수있음 그런데 조작감이 진짜 존나 구림. 적어도 내가 해본 직업 중에선 따라올 직업이 없음. 캐릭터가 개뻑뻑함 그 자체임 제발 신궁에 윤활제 좀 발라주세요,domain-lexicon-v1.1
2296,181719,marksman,신궁 데티카링 105925,2026-06-11 15:00:00+00:00,https://www.inven.co.kr/board/maple/2296/181719,recommendations,1718,10,5,5,True,neutral,neutral,information,밸런스·스킬,0.35,,"https://youtu.be/G44yETZADs4 0초뚝, 시드링5/5 6/3/7 극이에요 1페 궁기-도올-혼돈 3페 궁기-혼돈-도올 1. 0초뚝이어서 여유없이 극딜&스틱스를 도는대로 눌러야해서 유동성이 떨어지고 2. 코강 상태가 평딜은 대부분 만렙인데, 오리진 트스나 리퍼팅이 20렙 & 차지드 10렙이어서, 동 헥환 헥사풀강에 2초뚝이면 훨씬 편하게 깨지지 않을까...? 라고 저는 생각해요! 끝부분에 헥사 강화 상태 있어요.",domain-lexicon-v1.1
2296,181756,marksman,지금바로 신궁생성,2026-06-12 15:00:00+00:00,https://www.inven.co.kr/board/maple/2296/181756,recommendations,6238,11,9,8,False,neutral,neutral,information,커뮤니티,0.35,,​ 빵​,domain-lexicon-v1.1
2296,181727,marksman,시발 신궁 떡상하냐?,2026-06-12 15:00:00+00:00,https://www.inven.co.kr/board/maple/2296/181727,views,4056,0,2,2,True,neutral,neutral,information,커뮤니티,0.35,,드개재~,domain-lexicon-v1.1
2296,183449,marksman,신궁 신규스킬,2026-07-08 15:00:00+00:00,https://www.inven.co.kr/board/maple/2296/183449,views,3308,2,5,5,True,neutral,positive,information,밸런스·스킬,0.35,,​ 시퀀스에 들어가는 120초 극딜기에 막타는 직접 눌러야돼서 키세팅 한자리는 비워둬야겠네요​,domain-lexicon-v1.1
2298,221526,mechanic,챌썹에서 메카닉키울건데 메카닉고수분들,2026-05-31 15:00:00+00:00,https://www.inven.co.kr/board/maple/2298/221526,comments,2171,0,12,12,True,neutral,mixed,information,보스·전투,0.35,,챌썹에서 메카닉키울건데 메카닉고수분들 친구한테 물어보니 무슨 호밍원킬인가 그거 하려면 돈좀써야된다길래 흠;; 메카닉 돈많이드나요? 근데 약한건 아는데 그만큼템이또 싸지않나요 약한만큼템이싸서 템이싼만큼 힘 인트값만큼 템사면 또 파워커브는 비슷하지않나 싶은데; 메카닉이 너무멋있어서 못참겠네 ... 보스 많이 빡쌘가요? 본캐 일리움 렌 썬콜이라;; 네번쨰 유챔으로 키우려고요,domain-lexicon-v1.1
2298,221603,mechanic,지금 메카닉이 얼마나 유지됐으면 좋겠어?,2026-06-04 15:00:00+00:00,https://www.inven.co.kr/board/maple/2298/221603,comments,3090,0,12,12,True,neutral,positive,question,커뮤니티,0.35,,뭐 이미 내부적으로 다 정해뒀겠지만 그냥 궁금하네 막 극단적으로 라이딩 시스템 버려버리고 아이언맨 같은 느낌으로 간다하면 어떨거 같음 좀 뜬금없는데 옛날 던파 메카닉 각성기? 그거 멋잇던데.,domain-lexicon-v1.1
2298,224563,mechanic,직업이 이상한가 내 손이 이상한가,2026-07-12 15:00:00+00:00,https://www.inven.co.kr/board/maple/2298/224563,comments,1130,0,12,13,False,positive,mixed,complaint,밸런스·스킬,0.6,최고,"배율이 125%인데 하드 메이린이 왜 안 깨지는거지.. 최고 진도 메이린 피 3% 남았는데 탭스킬 어센트 1회 제외하고 극딜, 오리진 등 잘 뜬 거 같은데 미치겠네요.. 밸런스 패치 진짜 안 해?",domain-lexicon-v1.1
2298,224637,mechanic,2022년부터 리마 존버하신분 살아계신가요?,2026-07-13 15:00:00+00:00,https://www.inven.co.kr/board/maple/2298/224637,comments,739,0,12,12,True,positive,neutral,praise,밸런스·스킬,0.6,감사,"부캐로 썬콜 루미 보마 렌 일리움 100퍼 배율로 최소컷 잘만깨왔는데 현타오네요. 메카닉만 120퍼에서 130에까지 스펙업해야 그나마 클리어하고... 모험가 시그 개화월영 키네 와헌. 리마하면 우리차례도 올 줄 알았지 구조도 낡았고 체급도 구리고 에휴 타이탄 무적기 행동불가, 극딜기 10초 키다운 행동불가 운영자님 이 두개라도 좀 풀어줘봐요 뻑뻑해요.부캐하다오면 한숨만 나와요 애정캐 매몰 누칼협이라 말한다면 할말 없습니다만 서럽 ᅮᅮ. + 검마 4페 20분쳐봐라 참고로 드릴러쉬 딜레이 패치랑 로봇 3형제 온오프는 감사합니다 좋은패치였어요 잘쓰고있습니다",domain-lexicon-v1.1
2298,224658,mechanic,호밍 온오프화 해주면 안되나,2026-07-13 15:00:00+00:00,https://www.inven.co.kr/board/maple/2298/224658,comments,1148,0,45,52,True,neutral,negative,information,커뮤니티,0.35,,메카닉 키누려는데 키세팅만 몇분째 고민중이네여,domain-lexicon-v1.1
2298,221489,mechanic,노말 유피테르 솔플,2026-05-29 15:00:00+00:00,https://www.inven.co.kr/board/maple/2298/221489,recommendations,1139,4,0,0,True,neutral,neutral,information,커뮤니티,0.35,,실수좀 하고도 원트클 난거보면 최소컷은 유피환산 기준 11.6~7언저리 같네요,domain-lexicon-v1.1
2298,221602,mechanic,칭구랑 떠들면서 그려본 순수 갠취 메카닉 리마,2026-06-04 15:00:00+00:00,https://www.inven.co.kr/board/maple/2298/221602,recommendations,3227,6,7,7,True,neutral,neutral,information,커뮤니티,0.35,,못생긴 로봇에서 내리고 로봇 칭구들 많이 있음 좋겠다,domain-lexicon-v1.1
2298,221788,mechanic,D-1,2026-06-11 15:00:00+00:00,https://www.inven.co.kr/board/maple/2298/221788,recommendations,2088,4,6,5,False,neutral,neutral,information,커뮤니티,0.35,,소리질러!!!!,domain-lexicon-v1.1
2298,222296,mechanic,경험에서 우러나오는 메카닉 조언 몇 가지,2026-06-16 15:00:00+00:00,https://www.inven.co.kr/board/maple/2298/222296,recommendations,2414,6,8,8,True,neutral,neutral,information,밸런스·스킬,0.35,,"1. 호밍=주력기, 매시브=보조스킬 -메카닉은 호밍으로 한손가락을 봉인하면서 매시브/마미컨/디토를 다른 손가락으로 누르는 조금 특이한 컨트롤 구조를 가진 직업이다. 본인이 보스 이해도가 있다고 해도 메카닉을 처음 접한다면 메카닉에 대한 적응에 시간이 걸린다. 초심자의 경우 매시브를 욱여넣는 타이밍에 가장 취약해지므로(후딜 JOAT스킬이기 때문) 보스전이 어렵다면 매시브를 최대한 적게 사용하고 속사기인 호밍과 제트 부스터를 이용한 패턴 회피를 우선순위로 두자. 2. 환산의 보스 배율을 절대 신뢰하지 말 것 -경험상 메카닉의 보스 배율은 5초뚝 기준인 것 같다. 0~2초뚝과 대다수의 평범한 사람의 컨트롤이 만나면 절대 환산 보스배율대로 클탐이 나오지 않는다. 5초뚝이 아니라면 자체적으로 -10%~-20% 의 배율이라고 생각하고 보스에 도전하시길.(그리고 이건 당신의 잘못은 아니다) 3. 서포트 웨이버를 너무 자주 사용하지 말자(솔격) - 서포트 웨이버 재설치 시 약 0.8초 정도 최종데",domain-lexicon-v1.1
2298,225031,mechanic,근데 진지하게 호밍 속사기 건들지 말았으면 함,2026-07-19 10:07:00+00:00,https://www.inven.co.kr/board/maple/2298/225031,recommendations,314,3,0,0,True,neutral,neutral,information,커뮤니티,0.35,,나도 리마 원하긴 하는데 리마한다고 호밍 건들면 차라리 리마를 하지 말았으면,domain-lexicon-v1.1
2298,221536,mechanic,이 직업은 가진게 뭐임 ?,2026-06-01 15:00:00+00:00,https://www.inven.co.kr/board/maple/2298/221536,views,3634,0,8,8,True,neutral,positive,complaint,밸런스·스킬,0.35,,"파티 버프 최종댐 10% ? 와 이거 개사기 아님 ? 왜 자게에서 안 불탐 ? ᄃᄃ 비숍은 몸숍 이러면서 매번 불타는데, 메카닉도 마녀사냥 당하고 위험한거 아님 ??! ᄏ 외형 ᄇ싄 ᄏ 혼자 2010년에 갇혀서 심취해있음 ᄏ 컨셉도 개박살남 ᄏ 공식 일러스트, 신규 스킬들 이랑 1차-5차 컨셉 다 안맞음 ᄏᄏ 구식 됬다가 퓨처리스틱 됬다가 혼자 매번 시간여행함 제로인듯 ᄏ 데미지도 걍 하수구 찌끄레기임. 솔플 데미지도 지나가던 할머니가 기침하는게 더 셀듯. 시너지도 차라리 숍이나 다른애 데려가지 굳이 최종댐 10% 얻겠다고 데미지 밑바닥 혀로 핥고있는 머저리를 왜 데려감 ᄏ 심지어 극딜은.. 에효 말을 말자 ᄉᄇ ᅡ ᄅ것들아 다른거 다 이해하고 애정으로 키우겠다. 홍대병 걸려서 남들이 안하는 뭔가를 함으로써 관심을 좀 받겠다 생각해도 코디템도 제대로 안보여지는데 뭔 소용임 ᄏ 점점 나오는 신박한 코디템들은 대부분 다 적용안됨 ᄏ 혼자 머리속으로 남들과는 다른 자신의 캐릭터를 상상하면",domain-lexicon-v1.1
2298,221584,mechanic,메카닉은 좋은 컨셉들을 제논한테 많이 뺏긴듯,2026-06-03 15:00:00+00:00,https://www.inven.co.kr/board/maple/2298/221584,views,3380,0,3,3,True,neutral,neutral,information,커뮤니티,0.35,,용도에따라 모드전환하는거라던가 오리진쓰고 활공 폭격이라던가 지원로봇의 폭격이라던가 뭔가 쓰기좋은 컨셉들을 많이 뺏긴것같음.. 그래서 리마하기도 난해한것같기도하고 메카닉이 앞으로도 절대 로봇에서 내릴일이 없는것도 제논이라는 존재때문이고,domain-lexicon-v1.1
2298,221701,mechanic,메카닉 리마스터,2026-06-08 15:00:00+00:00,https://www.inven.co.kr/board/maple/2298/221701,views,3866,2,2,0,False,neutral,neutral,information,커뮤니티,0.35,,​ ​ ​ ​ ​ 어중간하게 소환수 컨셉 달고 오지말고 화약냄새 고철냄새 제대로 풍기는 엑소스켈레톤 메카 감성으로 와주길 기원 반박시 남자 아님,domain-lexicon-v1.1
2298,221868,mechanic,좀 나대지 마라고ㅋㅋ,2026-06-12 15:00:00+00:00,https://www.inven.co.kr/board/maple/2298/221868,views,3698,0,3,3,True,positive,neutral,praise,밸런스·스킬,0.6,좋다,니들은 창섭이가 깔개로 정해둔 직업이라니까? 리마한다고 자게 점령하더니 꼴좋다ᄏᄏ,domain-lexicon-v1.1
2298,221901,mechanic,리마 안해도 아마 메카닉 키울거같은데 얘 어떰,2026-06-12 15:00:00+00:00,https://www.inven.co.kr/board/maple/2298/221901,views,3491,0,10,10,True,neutral,neutral,information,보스·전투,0.35,,아마 챌섭에서 전투력 1억정도까지 키울거같음 이미 250넘게 키운캐릭이 X 확실하게 이번엔 안키운다 세모 그래서 남은애들이 파란 동그라미 인데 원래 리마 소식 없을때 다음 챌섭 한다고 우선순위 높여놨다가 리마 거피셜이라길래 확정시켰는데 안되가지고 붕 뜸 그래서 메카닉 하려는데 어떰? 별로면 파란동그라미 안에서 추천좀,domain-lexicon-v1.1
2296,181896,mercedes,메르세데스 유챔으로 어때요?,2026-06-13 15:00:00+00:00,https://www.inven.co.kr/board/maple/2296/181896,comments,2324,0,26,26,True,negative,positive,complaint,버그·사용성,0.6,불편,본캐로 캡틴 키우는 사람인데욥... 캡틴보다 약할 거 같지는 않아서 요번에 썬콜이랑 메르세데스 중에 고민이에요 난이도랑 체급 불편한 점 장점 등 선생님들의 의견 듣고싶어요,domain-lexicon-v1.1
2296,181968,mercedes,챌섭 메르 고민중입니다! 질문글,2026-06-14 15:00:00+00:00,https://www.inven.co.kr/board/maple/2296/181968,comments,2043,0,23,23,True,positive,positive,question,밸런스·스킬,0.6,감사,이번 챌섭에서 데벤져 or 메르를 하려구 하는데 뭐가 더 좋은 선택일지 모르겠어서 각 직업게시판에 의견 좀 구하려고 합니다. 스펙은 익스우2인가는 헥환6.5정도 하려고 합니다. 제가 생각하는 메르의 장점은 1. 프리드 2. 극딜이 강하다 단점은 1. 연계 2. 뻑뻑한 조작감?? 이렇게 알고 있는데 메르의 장단점과 추천 or 비추천하는 이유를 알려주시면 감사하겠습니다. 더 추가로 궁금한 걸 적어보자면 1. 엘고때만 연계를 빡세게하고 엘고가 끝나면 이슈 + 엔릴만 돌리는 형식으로 해도 되는지? 해도 된다면 풀연계와 얼마나 차이나는지 궁금합니다. (메르 지인이 딜차이 이렇게 해도 얼마 안나서 본인은 이렇게 한다고 함) 2. 헥환 6만대 중저스펙에 효율이 어떤지? 3. 이스케이프를 공중에서 사용해야하는데 2초뚝 기준 이 연계 사이클에서 스듀 엔릴 스듀 유니콘 스듀 스피어 리프 > 엔릴시작 연계 공중에 있는 턴이 스피어 리프하는 턴밖에 없는데 이 때 말고 패턴이 날라오면 어떻게 피하는지 궁금,domain-lexicon-v1.1
2296,183421,mercedes,오랜만에 와도 숨쉬듯이 연계 패는건 한결같네,2026-07-08 15:00:00+00:00,https://www.inven.co.kr/board/maple/2296/183421,comments,1210,0,24,24,True,positive,negative,praise,밸런스·스킬,0.6,좋다,이슈상향패치 들어오면 연계단들 뒤져서 좋다고 축포 울리고 연계상향패치 들어오면 연계단들 니들이 만든 세상이라 까대고 스킬 좀 꼴받아서 사이클좀 참고할수 있나 하고 들어왔는데 여전하네,domain-lexicon-v1.1
2296,183662,mercedes,베리안 서지 계산 (2초뚝 돌아감),2026-07-08 15:00:00+00:00,https://www.inven.co.kr/board/maple/2296/183662,comments,4066,19,47,46,False,negative,negative,complaint,밸런스·스킬,0.75,버그 · 문제,"선 요약 >> 1.00 << >> 1.00 << >> 1.00 << >> 1.00 << >> 1.00 << >> 1.00 << >> 1.00 << >> 1.00 << >> 1.00 << >> 1.00 << ​ 엘고 o 기준 2초뚝 돌아감. 단 쿨타임 서버랙까지 고려하면 3초뚝이 안정적임 엘고 x 기준으로도 계산상으론 2초뚝으로 돌아가야 하는데 연계쿨감이 누락되는 버그가 있는 것으로 추정됨 5초뚝 4초뚝 필수 어쩌고는 측정 실수 or 쿨감 버그임 사실과 다름 0. 솔직히 스킬 메커니즘 자체에 대한 불만이 좀 많지만 여기선 언급하지 않겠음 나중에 따로 정리하는걸로 1. 딜레이 툴팁상 750ms, 풀공속시 570ms이나 연계시 딜레이 스킵에 대한 정보는 위컴알이 바껴서 그런가 클라이언트 상 값을 찾기는 힘들었음 측정해본 결과 연계시 모두 330ms ( 11프레임) 으로 추정 2. dps 모두 기존 1초콤보 ( )의 dps보다 아주 살짝 강한 정도 (+5~10%) 추가로 강화서지 2타 가 ",domain-lexicon-v1.1
2296,184161,mercedes,근데 갑자기 연계 삭제를 원하는 이유는 뭔가요?,2026-07-13 15:00:00+00:00,https://www.inven.co.kr/board/maple/2296/184161,comments,1650,0,28,28,True,neutral,negative,debate,밸런스·스킬,0.35,,"안녕하세요. 자게 보고 궁금해서 물어보러 왔습니다. 메르가 원래 속사 직업이었는데 갑자기 연계 직업이 됐다고 하더라고요. 그래서 찾아보니까 연계 직업으로 바뀐 건 2014년 조율자의 손길 패치었네요. 그러면 12년 동안 연계 직업이었다는 거고 그러면 대부분 유저는 연계를 보고 직업을 고른 게 아닌가? 왜 연계를 삭제하고 속사 직업으로 바꿔달라고 하는 거지? 의문이 생겨 여쭤보러 왔습니다. 절대 비꼬거나 분탕을 칠 의도가 아닌, 순수하게 어떤 경위로 이런 주장이 메르세데스의 주류 의견이 된 건가 궁금해서 왔습니다.",domain-lexicon-v1.1
2296,181010,mercedes,무언가 잘못된 패치 (진짜임),2026-05-06 15:00:00+00:00,https://www.inven.co.kr/board/maple/2296/181010,recommendations,6231,38,6,5,False,mixed,positive,information,밸런스·스킬,0.8999999999999999,기대 · 너프 · 하향,"밑밥: 최근 좀 바빠서 계산기 업데이트가 거의 안되서 부랴부랴 업데이트한거라 실수 or 누락사항이 있을수도 있음 헤카테는 반영 안됨 (미사용 기준으로 계산, 그런데 어차피 데미지 비교하는데 있어서는 영향 없음) 변경사항: 오리진 컷씬 퍼뎀 변경 (900% -> 707%, 960% -> 760%) 엘고 발동 도중 오리진 사용 시 컷씬 최종데미지 18% 증가 우선 최종데미지 증가량보다 컷씬 퍼뎀 너프폭이 더 커서 기존보다 너프인건 확정 그런데 그러라고 던져준 오리진 가속 아니니까 곱게 다시 엘고쓰고 오리진 쓰라는 의도까진 알겠는데 그렇게 쌔지도 않은 오리진 컷씬딜에 최종뎀 꼴랑 18% 더 얹는다고 과연 엘고를 쌩으로 5.6초 더 쓰는거보다 더 가치가 있을까? 아무리 오리진에 극딜버프가 좀 몰려있다고는 해도 엘고는 연계데미지 최종뎀을 184% 올려주는 변종 인데 동시를 엘고와 시퀀스를 동시에 쓰는 빌드를, 분리를 시퀀스-오리진 이후에 엘고를 쓰는 빌드로 명칭 - 분리는 엘고만 나눠쓰는거고",domain-lexicon-v1.1
2296,183679,mercedes,단추 자체를 잘못끼웠는데 왜 계속 밀고 나가냐고,2026-07-08 15:00:00+00:00,https://www.inven.co.kr/board/maple/2296/183679,recommendations,1578,28,7,7,True,neutral,negative,request,밸런스·스킬,0.35,,"구조가 답이 없어서 실전성이 떨어지니깐 연계 의존성 좀 낮추고 이슈타르링이랑 이르칼라 좀 쓰게 해달라고 말하는 게 그렇게 못 들어줄 요구냐? 애초에 이슈타르링 쓰는 캐릭이었잖아. 엘리멘탈 고스트는 발동했을 때만 연계쓰라고 만든 스킬이잖아 지금 그냥 엘고 120초 만들고 이슈타르링 이르칼라도 삭제하지 그래? 지금 그렇게 만들어놓는 거랑 다를 게 없잖아ᅳ 어? 진짜 연계 하나 살리자고 그 외 정체성이랑 구조란 구조는 다 박살내버린 게 현재 메르잖아. 치격이고 나발이고, 이슈타르링이 있는데 120초 내내 연계를 써야 되는 상황이 왔을 때. 후속 조치를 바로 하지 않은 시점에서 그냥 이슈타르링은 돌이킬 수 없는 패망의 길로 접어든 거였노 캐릭터 고유 컨셉 자체를 그냥 싸그리 뭉개버린 거랑 뭐가 다르냐 구조 개선을 하지 않더라도 최소한 이슈타르링 존재 이유는 남겨뒀어야지. 배리안 서지 조작감이 이상하다고? 연계 구조가 고정되어서 이상하다고? 원래 쓰던 걸 못 쓰게 되어서 빡친다고? 이슈 유저",domain-lexicon-v1.1
2296,183733,mercedes,김창섭 흉성에서 엘고 풀연계쓰고 정수줏으면 인정할게,2026-07-09 15:00:00+00:00,https://www.inven.co.kr/board/maple/2296/183733,recommendations,1951,20,7,7,True,neutral,negative,information,커뮤니티,0.35,,해봐 ᄏᄏ,domain-lexicon-v1.1
2296,184145,mercedes,이거 만들어주세요 신창섭,2026-07-12 15:00:00+00:00,https://www.inven.co.kr/board/maple/2296/184145,recommendations,2913,29,12,12,True,neutral,neutral,information,밸런스·스킬,0.35,,루미너스 처럼 스킬로 계열 선택하고 사용 스킬 달라지게 만들어줘~~ 아니면 데몬 데슬 데벤져처럼 종신계약이라도 좋으니까,domain-lexicon-v1.1
2296,180975,mercedes,딜 똑같아도 너프같은데,2026-05-06 15:00:00+00:00,https://www.inven.co.kr/board/maple/2296/180975,views,3725,1,12,12,True,negative,negative,information,밸런스·스킬,0.6,너프,분리하고 쓸때 엘고 7초 더쓰는거 체감 크던데 깡오리진딜=테섭오리진딜(+엘고) 똑같이 조정돼도 그냥 엘고 지속 평균 2초 너프랑 동급이잖아,domain-lexicon-v1.1
2296,181233,mercedes,분위기가 안좋지만 자랑한번 할게요..,2026-05-16 15:00:00+00:00,https://www.inven.co.kr/board/maple/2296/181233,views,3509,11,12,12,True,neutral,positive,information,커뮤니티,0.35,,배율 98퍼(4.55)로 하세유챔 클리어 했어요!! 하세유챔까지는 상성이 좋아서 어찌저찌 클리어는 하긴 하네요. 하지만 노칼은 음... 템셋은 위 사진과 같습니다!!,domain-lexicon-v1.1
2296,182114,mercedes,강은호 생각에 딱 공감한다..,2026-06-16 15:00:00+00:00,https://www.inven.co.kr/board/maple/2296/182114,views,5858,0,11,11,True,neutral,neutral,information,밸런스·스킬,0.35,,"지금 딥하게 할 본캐를 정한다면 현재 주어진 조건들로 투자효율, 체급 등을 봤을 때 궁수에선 살아남을게 카인 하나고 ""난이도를 리스펙 해주지만 메르에반이 병신인 이유는 시너지 때문... 그래서 아크도 위험하다 "" 근데 태생적으로 받은 시너지를 없앤다고 딜 버프가 따라올 것도 장담할 수 없고 .. 본인은 이제 12만 초입인데 이제 투자효율 체감되기도 하고 메르 점점 모르겠다... 에반 유저들도 비슷한 생각이려나",domain-lexicon-v1.1
2294,454678,mihile,데티카링 3페에서 자꾸 죽는데..,2026-06-27 15:00:00+00:00,https://www.inven.co.kr/board/maple/2294/454678,comments,663,0,13,12,False,neutral,positive,question,커뮤니티,0.35,,혼돈 목걸이에 죽을때도 있고 가끔 의문사할때도 있는데 너무 스트레스네요 다들 어떻게 안죽고 하시는거죠..,domain-lexicon-v1.1
2294,455071,mihile,난 내가 컨트롤 평균은 된다 생각하고 있었는데,2026-07-01 15:00:00+00:00,https://www.inven.co.kr/board/maple/2294/455071,comments,1303,0,14,14,True,positive,neutral,information,커뮤니티,0.6,편하다,챌섭 레테로 하드진힐라 해보니 새삼 가드가 진짜 편한거였구나 느낌 렌보다 편하다는 레테로 하는데도 왤캐 힘드냐 ᅲ,domain-lexicon-v1.1
2294,456071,mihile,예전에 개선글 쓸때 직업컨셉이 어쩌구,2026-07-08 15:00:00+00:00,https://www.inven.co.kr/board/maple/2294/456071,comments,827,0,21,21,True,neutral,mixed,request,밸런스·스킬,0.35,,무적기는 순수 무적기로 쓸 수 있게 가드에 달린 딜을 주력기나 다른스킬에 이관 or 추가타 형식으로 바꾸면 보스 바인드를 걸어도 딜손실 없어지고 가드를 쓰고 싶은 사람은 원래 하던대로 가드로 막고 무빙으로 피하면서 딜 넣고 싶은 사람은 일반직업 처럼 그렇게 할 수 있게 개선안을 쓰니 뭔 직업 컨셉이 어쩌구 태글 거는 사람들 있어서 그냥 80추글 삭제했는데 가드 쿨마다 쓰고 싶은사람은 그대로 쿨마다 쓰면서 원래대로 하면되고 무적기로만 쓰고 싶은 사람은 바인드 딜 손실도 없애면서 양각을 잡을 수 있는 패치 방향성이라 그냥 무조건 이득 볼 수 밖에 없는데 직업 컨셉으로 태클 거는 사람들 무슨 생각인지 모르겠음...,domain-lexicon-v1.1
2294,456990,mihile,혹시 미하일 맞춤 필터키 같은게 있나,2026-07-12 15:00:00+00:00,https://www.inven.co.kr/board/maple/2294/456990,comments,427,0,13,13,True,neutral,positive,information,커뮤니티,0.35,,세팅값 어케 하는게 좋으려나,domain-lexicon-v1.1
2294,457724,mihile,미하일 분들이 바인드에 걸린 상태에서 맵패턴에 가드를 해서 딜을 넣는게 사라지는게 아쉬워하는 분들이 있어서,2026-07-16 11:03:00+00:00,https://www.inven.co.kr/board/maple/2294/457724,comments,544,1,18,20,True,negative,negative,complaint,보스·전투,0.6,아쉽,아쉬워...?????아쉬워??????? 아쉽다는 표현은 진짜 아닌것같은데 퇴근하고 라방 미하일 언급한거 듣다가 확긁히네,domain-lexicon-v1.1
2294,455761,mihile,적당히해야지 겜안분 씨발련들아,2026-07-08 15:00:00+00:00,https://www.inven.co.kr/board/maple/2294/455761,recommendations,1823,10,9,8,False,neutral,positive,information,커뮤니티,0.35,,쿨뚝끼고 5초마다 가드쿨이고 가드성공할때마다 시간 초기화인데 20 -> 60초는 대체 무슨 의도냐? 60초동안 가드 못박을거 배려한거임?개씨발 공버프 3배 버프를 해줘도 모자를판에 5초마다 갱신되는 버프 3배지속 늘려주는건 ᄏᄏᄏᄏᄏᄏᄏᄏᄏᄏᄏ,domain-lexicon-v1.1
2294,456609,mihile,뭐막고 살지..,2026-07-09 15:00:00+00:00,https://www.inven.co.kr/board/maple/2294/456609,recommendations,4391,90,10,7,False,neutral,neutral,information,커뮤니티,0.35,,막고살기 팍팍하네..,domain-lexicon-v1.1
2294,457588,mihile,유튜버 Tero 대리작성) 오늘 패치 소신발언 및 개선안,2026-07-16 09:08:00+00:00,https://www.inven.co.kr/board/maple/2294/457588,recommendations,1004,12,3,3,True,negative,negative,request,밸런스·스킬,0.6,부족,"일단 작성자 피셜 하꼬임. 하꼬니 뭐니 비꼬는거 금지 그러니 그냥 내용만 보셈 ================================ 오늘 겨우 급하게 ""바인드 시 맵 패턴 삭제""에 따른 가드 반격 조치가 들어왔습니다. 하지만 이 내용은 미하일의 이해도가 있었다면 너무도 기본적인 조치였고, 여전히 그럼 최장 약 20초간 이어지는 바인드 시간동안 이미 다 타고 없어지는 미하일의 파티 유틸 (로 아이아스, 라이트 오브 커리지) 보호막은 이제 무슨 소용인지 이에 대한 답변은 전혀 없었습니다. 이러한 시점에서 유저들은 개별 직업에 대한 이해도 부족을 의심할 수 밖에 없게 됩니다. 따라서 다음 부분에 대한 유저 개선 요구의 적용과 인식 변화로서 다음 항목을 촉구드립니다. --- ■ 3줄 요약 : - 현재 미하일의 유틸 능력은 개발진에게 너무 이전 검밑솔 시절의 기준으로 과대평가되어 있는 것으로 보인다. - 그러나 그란디스 이상의 '요즘 메타의 보스들'은 예전과는 달리 애초에 피격이 클리어",domain-lexicon-v1.1
2294,457816,mihile,패치 전 미하일 데티카링 기준 10.65(어센트 6.57),2026-07-16 15:23:00+00:00,https://www.inven.co.kr/board/maple/2294/457816,recommendations,448,14,9,9,True,neutral,negative,information,밸런스·스킬,0.35,,"https://youtu.be/JBc9tY14e0M 1트만 한거고 신규 스킬 코어 만렙 찍으면 최소컷 찍어올깨요. 일단 빌드는 1페 궁기(준-극-준)-도올(극-준-극)-혼(준-극) 2페 2준극 2극 3페 6준극(?) 5극 으로 0.5극+11.5극으로 하긴 했는데 마지막 준극 안해도 잡힐 딜이긴 했습니다. 미하일은 선 준극 빌드로 하면 연모기준 첫 준극에 로아, 빛의 수호, 가드5스택 등 주요 버프들 다 빠지고 준극되서 첫 준극이 너무 약하게 나가서 안 좋긴 한데 그래도 카링은 선 준극 빌드가 정답인 것 같습니다. 스펙은 환산에 있는 10.6대 미하일분 검색해서 헥환+어센트계수까지 전부 맞춘거라 어센트 딜뻥은 없을꺼에요.(실수로 mvp버프 안빼서 환산 200, 어센트계수0.03 더 높게 침) 1페 혼돈에서 바인드 안 썼다가 패턴보고 가드실수도 꽤 많긴 합니다. 깎으면 10.6도 되긴 할듯요.",domain-lexicon-v1.1
2294,457941,mihile,메이플 내장 필터키 테섭 리뷰,2026-07-17 08:21:00+00:00,https://www.inven.co.kr/board/maple/2294/457941,recommendations,532,9,6,6,True,neutral,positive,request,밸런스·스킬,0.35,,다 죽어가는 미하일에 그나마 몸박 가드로 산소 호흡기를 달아줬네요. 9월 밸패도 있다고 했으니 함 믿어보겠습니다.. 필터키가 유행탄지 좀 됐어도 귀찮아서 안 쓰고 있었는데 이번 2차 테섭으로 메이플 내장으로 제공돼서 테섭에서 전분 비교를 해봤습니다. 6분 기준으로 측정해서 비교하고 싶었지만 소오소라 서버렉을 동일하게 해서 비교하기엔 트라이 횟수가 좀 많을거 같아 오리진 없는 신규 스킬 포함 1 극딜 사이클 굴려서 비교해봤습니다. 필터키 on : 405.69조 필터키 off : 400.95조 맨 아래 첨부드린 필터키 off 전투분석에서 가드가 사용횟수가 2회 더 많고 데미지는 2.13조 더 많은걸 고려해서 가드가 동일하게 터졌다고 가정하면 필터키 on : 407.82조 필터키 off : 400.95조 오리진 없는 1 극딜 기준 최종뎀 1.7% 상승 이지만 6분 기준으로 측정하면 오리진이 전분에 포함돼서 이 수치보다 좀 더 감소됩니다. 혹시나 필터키 on 전분이 소오소라 서버렉을 더 받,domain-lexicon-v1.1
2294,454251,mihile,뉴비 미하일 필독,2026-06-23 15:00:00+00:00,https://www.inven.co.kr/board/maple/2294/454251,views,1571,4,5,5,True,neutral,positive,request,밸런스·스킬,0.35,,"1. 미하일의 쿨타임이 달린 주력 딜링기는 클라우 솔라스, 데들리 차지, 로얄 가드 입니다. 해당 스킬들은 가능한 쿨마다 반드시 돌리시기 바랍니다. 2. 인스톨 실드 는 극딜 버프인 소울 마제스티의 디버프를 묻히는 설치기 입니다. 극딜 전 반드시 설치하여 지속시간 갱신을 해야합니다. 3. 여제 시그너스의 축복 은 문브릿지 (235레벨) 이후 초월자 시그너스의 축복 으로 강화가 가능합니다. 4. 미하일의 링크 스킬인 빛의 수호 는 딜 버프 입니다. 상태 이상 내성은 타 직업이 받는 효과이며, 벞지의 효과를 받습니다. 5. 하이퍼 스킬인 로얄가드 - 인핸스 는 생존용 패시브 하이퍼 스킬 입니다. 기본적으로 인핸스가 찍혀 있으므로 초기화 후 로얄가드 - 이그노어 가드 로 변경하는게 좋습니다. 단, 인핸스의 생존성이 필요한 분들은 제외 입니다. 6. 소드 오브 소울 라이트 (버터칼)과 라이트 오브 커리지(6차 개방 이후) 는 재사용 시 공격 기능이 발동됩니다. 지속시간이 끝나기 전 반드시 ",domain-lexicon-v1.1
2294,456139,mihile,테섭전분 공유합니다 씨발 ㅋㅋㅋㅋ,2026-07-08 15:00:00+00:00,https://www.inven.co.kr/board/maple/2294/456139,views,1733,2,7,7,True,neutral,neutral,request,커뮤니티,0.35,,"30렙강화기준 5분30초 (어센트, 일필 사용 X, 2번째오리진극 사용 X) 굳이 다른전분은 공개할 필요 없을것같아서 라오커보다 약하네요",domain-lexicon-v1.1
2294,456881,mihile,ㅇㅂ) 지금 미하일 하고 있는 방송인 제발 꾸준히 해줬으면 좋겠다,2026-07-11 15:00:00+00:00,https://www.inven.co.kr/board/maple/2294/456881,views,2620,0,10,10,True,neutral,positive,information,밸런스·스킬,0.35,,애매하게 원기의 흔적 남아있는 보스까지만 하고 끝나면 또 미하일 인식만 안 좋지 할만한데? 이런 말만 나옴 이제와서 미하일 안 좋은 거 원래 알았다고 하는 타직업 애들 또 미하일 중위권 딜 나오면 끌어내릴 생각만 함 리마스터 직후 여론 아직도 기억남 목소리 안 내줘도 좋으니까 꾸준히라도 해줬으면 좋겠음 아직도 타 직업들 조금만 패치 마음에 안 들면 이제 미하일급이네 미하일이랑 비비네 이런 소리 나오는 거 이해가 안 됨,domain-lexicon-v1.1
2297,328825,night_lord,형님들 나로 보스 배율 ..?,2026-06-27 15:00:00+00:00,https://www.inven.co.kr/board/maple/2297/328825,comments,2115,1,20,20,True,neutral,negative,debate,보스·전투,0.35,,형님들 나로 배율 이상한거 아닌가여 뭐 카엔슬 196 진힐라 148 이런식인데 20분 꽉채워도 안깨지는데 뭐죠..? 진힐라는 꽉채우고 때렷는데 4.8퍼남고 카엔슬은 안깨져요 ᅲ 메린이는아니고 챌1234 마스터 이상했는데 요번 나로 꼴려서 했는데 지옥같네여,domain-lexicon-v1.1
2297,329009,night_lord,챌섭 시즌 4 복귀유저 나로 후회글 및 개선 바람,2026-06-29 15:00:00+00:00,https://www.inven.co.kr/board/maple/2297/329009,comments,1325,2,15,15,True,mixed,positive,complaint,밸런스·스킬,0.95,좋다 · 재미 · 이쁘다 · 문제 · 아쉽,"닼나 은월 본부캐로 키우다가, 은월 리마로 이팩트랑 손맛 사라져서 유기하고, 닼나는, 묘하게 재미없어서, 메이플 1년 정도 떠났던 사람임. 이번 레테, 루미, 배메 고민하다가, 개인적으로 나로 신규6차 너무 이쁘게 생겨서 그거 하나 보고 나로 함. 하지만, 그냥 아닥하고 레테나 할껄 나로 후회 하고 있음. 이유는 주로 특유의 ""딜레이"", ""경직"" 때문. 나로 선택 후회 이유 : 1. 쿼드러플?(주력기) 스로우 딜레이 및 ""경직"" 암유발 이동 점샷 때리려면, 진짜 박자 잘 맞춰서 때려야 한다. 하지만 패턴 피하기 급급한 보스전에서, 침착하게 점샷 때리면서 이동하는게 여간 쉽지가 않음. 따라서, 이동 점샷 삑사리 남. 정말 불쾌한 경험. 이게 내가 뭐 잘못하고 있나 해서, 나워 해보니까 쾌적함... 진짜 왜 주력기를 이따구로 경직을 넣었는지 전혀 이해가 안감. 막말로 몸빵이 좋은 애도 아니라 빨리 빨리 움직이면서 플레이 해야하는데, 진짜 직업 특성과 전혀 안 맞는 생각 없는 세팅값 같음",domain-lexicon-v1.1
2297,329622,night_lord,챌섭 나로 챌린저 후기,2026-07-07 15:00:00+00:00,https://www.inven.co.kr/board/maple/2297/329622,comments,2913,4,40,39,False,positive,positive,debate,밸런스·스킬,0.6,좋다,"하드메이린 연모 103% 클 1오리진, 1쿨초, 2바인드, 2어센트로 클리어 했습니다. 카드운이 좋아 어센트 추가를 전혀보지않는걸 고려한다면 90% 후반대 클도 충분히 가능해 보입니다 장점을 먼저 이야기하면, 1. 유틸이 좋다 - 퍼지, 닼사, 러쉬, 트점, 짧쿨무적 같이 짜잘짜잘하게 유틸이 이것저것 있어서 패턴피하기가 쉬움 2. 템값대비 준수한 성능 - 템값은 거의 숍밑딜 수준인데 체급은 렌보다는 높고 썬콜보다는 낮은 딱 중간위치에 있음 그렇기에, 본캐로 쓰기엔 별로 좋지 않으나 유챔용으로 쓰기엔 이만한 직업이 없다고 생각함 3. 딜구조가 단순하다 - 시퀀스 스프 쿼드 꾸욱 으로 끝나는 아주 단순한 딜구조를 갖고 있음 4. 텔포급 성능의 러쉬 - 개인적으로 나로의 가장 좋은 유틸이 아닌가 생각됨 텔포처럼 딜누수 없이 흐름을 쭉 이어갈 수 있음 공중에서도 사용할 수 있어서 갑자기 방향전환해서 패턴 피 할 수도 있음 단점을 이야기 해보면, 1. 윗점이 낮다 - 이때까지 해본 모든 직업",domain-lexicon-v1.1
2297,330750,night_lord,"스프 개편을 쉽게 안해주는 이유(장문, 뇌피셜)",2026-07-12 15:00:00+00:00,https://www.inven.co.kr/board/maple/2297/330750,comments,1673,0,26,26,True,neutral,negative,request,밸런스·스킬,0.35,,"나로 스프가 보스와 초 근접딜을 요구하는 형태로 상당히 긴 시간이 흘렀는데도, 확실한 개편 없이 이 구조를 유지 중인데는 이런 이유가 있지 않나 생각함. 스프는 단순히 스프 하나로 독단적인 스킬이 아님 스프와 쿼드 그리고 마크 그리고 러쉬까지 여러 스킬들과 연계되어있는 집약적인 스킬임 스프 중 쿼드 사용 시 추가 쿼드 줄기들이 함께 발사되며 쿼드 줄기 한 줄 당 마크 표식 1회 생성 시도가 아닌 쿼드 줄기의 각 표창 마다 마크 표식 생성을 시도함 (쉐파 쿼드 줄기는 제외.) 이로 인해서 스프탐 쿼드에는 무수히 많은 마크가 터지게되고, 이 마크를 통해 러쉬의 쿨을 수동적으로 초기화시켜 조건부 무한 러쉬를 사용하도록 설계한 형태임 이까지는 나로 유저라면 다 아는 이야기지만 좀 더 깊게 생각해볼 필요가 있는 스킬은 바로 쿼드러플 스로우임 옛메 트리플 스로우를 사용해본 사람이라면 알겠지만 옛메 스로우류 스킬은 몹과 나의 거리가 벌어져 있어도 (만약 스로우 사거리 안에는 있는 정도의 거리라면",domain-lexicon-v1.1
2297,330887,night_lord,제발 한 번만 봐주세요.,2026-07-13 15:00:00+00:00,https://www.inven.co.kr/board/maple/2297/330887,comments,1638,21,14,13,False,mixed,positive,request,밸런스·스킬,0.95,기대 · 만족 · 감사 · 문제 · 부족,"이 게시글엔 또 ""나이트로드""에 ""나""도 모르는 모지리들 와서 댓글에 똥 쌀꺼 알지만서도 한 번 속는 셈 치고 글 써봅니다. 25년 01월을 시작으로 나이트로드라는 직업을 시작했고 표도의 낭만으로 선택한 직업인데 컨셉도 박살나고 딜 구조도 박살난 현 상황 물론 저보다 더 강하시고, 오랜 기간 플레이하신 분들도 많을꺼 알고있습니다. ""1등 직업 만들어달라고 글 쓰는거 절대 아닙니다."" 신 스킬 컨셉, 구조 모두 박살나서 들어오는 것만 막고싶어 투력 5억 따리지만 조심스럽게 말해봅니다. 제발, 나이트로드 좀 지켜주세요. 아래는 제가 문의글 남긴거 같이 적어봅니다. 수정할 부분이나 추가할 부분 댓글 주시면 감사하겠습니다. **나이트로드의 정체성과 성능 모두 다시 한번 검토 부탁드립니다.** 2025년 01월 09월 부터 나이트로드로 시작하여 데티해방까지 하며 게임을 즐기고 있는 유저입니다. 이번 신규 스킬을 보면서 기대보다 아쉬움이 더 크게 남았습니다. 나이트로드는 메이플스토리를 대표하는",domain-lexicon-v1.1
2297,327860,night_lord,챌섭 유입 나로 공략,2026-06-19 15:00:00+00:00,https://www.inven.co.kr/board/maple/2297/327860,recommendations,2403,10,8,7,False,mixed,positive,request,밸런스·스킬,0.75,기대 · 부족,"안녕하세요. 간단한 공략글 작성합니다. 누락된 내용이 있을 수 있습니다. 하기 내용 중 램펀트=강화 포시즌, 마크=사출기를 의미합니다 1. 극딜 시퀀스 - 풍마 - 램펀트 - (오리진 있을 시 사용) 보스 첫 극에서 위 순서를 빠르게 하시면 일필 안에 오리진 시전 딜까지 전부 박힙니다. 극딜 중엔 쿼드,풍마,램펀트만 사용합니다. Q : 스인미 크오솔은 언제 써요? A : 4가지 시전 방법이 있습니다. 1. 입장맵에서 미리 일필을 써서 첫 극딜에 시간 맞춰서 사용하기 ᄂ 매번 보스 입장해서 일필 터치고 시간초 보고 몇 초에 들어가고,, 번거롭습니다. 다른 직업은 오리진의 막타에 맞추기 위해서 위 과정이 반 쯤 필수인 경우가 있습니다. 고점 보실 거면 이렇게 하시면 됩니다. 한 번 삐끗나면 오리진 시전딜에 일필이 온전히 안묻는다는 점만 인지하고 계시면 됩니다. 2. 스프(30초) 끝난 이후에 사용하기 ᄂ 괜찮습니다. 다만 섭렉 영향으로 스프 시전 시간이 조금씩 달라져서 전 안씁니다. 3",domain-lexicon-v1.1
2297,329596,night_lord,나로 소소한 꿀팁,2026-07-06 15:00:00+00:00,https://www.inven.co.kr/board/maple/2297/329596,recommendations,1089,8,6,6,True,neutral,positive,request,밸런스·스킬,0.35,,이번 패치로 하이퍼 스킬 초기화 비용이 없어졌습니다 이제 보스 잡으시고 보상방에서 하이퍼 초기화 하시고 쇼다 드랍 5퍼 추가로 받기가 가능해졌어요 5퍼라 사실 귀찮으면 안해도 될듯 하지만 그냥 챙기실 분은 챙기라고 올려봅니다,domain-lexicon-v1.1
2297,330057,night_lord,나로 신규스킬 전분 및 최종뎀관련 정리,2026-07-08 15:00:00+00:00,https://www.inven.co.kr/board/maple/2297/330057,recommendations,4302,22,11,9,False,positive,positive,debate,밸런스·스킬,0.6,감사,"안녕하세요 루나서버 대표 나로 늙은이 뱍홍입니다. 신규코어 테섭에나왔는데 평소 나로 직업톡방에서 도움받은게 많은지라 뭐라도 갚아드리고자 신규스킬 전분관련 최종뎀관련 정리작업을 진행했습니다. 정리과정에서 도움주신 스피킹, 마뀨마님에게 감사하단말씀 먼저 드려요 :D 선요약 후 본문 - 만렙기준 점유율은 2.92%(비교: 슈리켄3.7%, 스틱스2%, 얼닼1.8%) - 기존대비 비교 시 튀는 값 보정기준 1렙기준 1.9%, 30렙기준 3.3% 최종뎀+ - 스블46개중 램펀22+리츄얼16개로 스블빨리털기용으로 굳 ----- 아래는 기존 -> 리츄얼1렙 -> 리츄얼30렙 순서대로 쳐 본 전분 입니다. 아래의 공통조건을 최대한 지키려고 공격회수를 최대한 맞추려고 쳐봣는데 사람인지라 조금 틀려서 보정을 조금했습니다. - 오리진 후 오리진쿨 돌아올때까지 5:36초 측정진행 - 측정캐릭은 5초뚝이며 14초 - 쿨감+메르기준 1분당 약 7번정도 패시브가 터집니다. 아래는 위의 사진을 표로 정리한거에요 ",domain-lexicon-v1.1
2297,330361,night_lord,나로 신규 6차 스킬 이대로 괜찮은가??,2026-07-09 15:00:00+00:00,https://www.inven.co.kr/board/maple/2297/330361,recommendations,1148,9,6,5,False,mixed,neutral,request,밸런스·스킬,0.8999999999999999,기대 · 불편 · 심각,"신규 6차 이대로 들어오면 안되는 이유 신규6차스킬은 풍마처럼 1타 2타로 나뉘어져 키를 총 2번 누르도록 설정되어있습니다 기존 나로 오리진 극딜 순서=시퀀스-풍마-포시즌-오리진 오리진 끝나면 약 6초정도 시간 걸림= 스프 24초 남음 애초에 기본콤보도 스프가 6초정도 손해보는 기형적인 구조+ 시퀀스 등록도 안되고 직접 2번 눌러야하는 이번 신규 6차가 들어온다면?? 그토록 나로들이 바라던 스프 압축 20초화 달성(근데 딜 압축은 안된) 여러분들의 도움이 필요합니다 테섭문의로 이번 신규6차스킬을 시퀀스포함+ 2타 삭제 의견을 넣어주세요 만약 이대로 넘어오게 되는 불편은 물론 손해보는건 저희들입니다.... 귀찮으시더라도 한번만 부탁드립니다.... 지금 나로가 많이 아픕니다. 체급도 낮고, 나로의 근본 컨셉은 망가지고 오히려 표도의 컨셉은 나이트워커에게 넘어간 상황입니다. 현재 나로는 심각한 상황이지만 나로 게시판이 조용한건 이미 고스펙, 열정있는 사람들은 포기하거나 떠낫기때문입니다. ",domain-lexicon-v1.1
2297,329931,night_lord,나로 6차 신스킬 점유율,2026-07-08 15:00:00+00:00,https://www.inven.co.kr/board/maple/2297/329931,views,3283,3,9,10,False,neutral,neutral,request,밸런스·스킬,0.35,,"2초뚝, 리레5렙, 헥사 풀강 서든, 쇼다운, 플레어, 스인미, 크오솔은 따로 안썼습니다 [30초 점유율] [2분 점유율] [6분 점유율] 대충 측정해봤어요~ 필요한 분들 참고하세용 (2타 쓰고도 아이콘에 1이라고 남아있는데 그거는 왜그런지 몰겠슴...)",domain-lexicon-v1.1
2297,329989,night_lord,신규코어 0/1/30렙 전분,2026-07-08 15:00:00+00:00,https://www.inven.co.kr/board/maple/2297/329989,views,2901,1,5,5,True,neutral,positive,information,밸런스·스킬,0.35,,"풍마보다 약하고 딜레이 더 긴 스킬을 스프타임에 쓰는게 손해같아서 따로 썼습니다 섭렉,마크운빨에 따라 달라질 수 있습니다 0렙 전분(스프 섭렉이 좀 오래감) 1렙 전분 및 점유율 30렙 전분 및 점유율(전분 1초 늦게 끔) 이대로 나오면 강화순위 꼴지겠네요",domain-lexicon-v1.1
2297,330064,night_lord,신규 스킬 마크 터져요,2026-07-08 15:00:00+00:00,https://www.inven.co.kr/board/maple/2297/330064,views,2848,0,6,6,True,neutral,negative,request,밸런스·스킬,0.35,,"""3초뚝"" 기준으로 신규스킬(패시브) 쿨타임이 대략 10초 언저리고 마크 발동 횟수가 110초(1극 사이클) 당 39타 정도 추가로 나와요 5분40초 1오리진 사이클에는 마크가 얼추 120타 언저리가 추가로 나와요 다만 신규스킬(액티브) 쓰는 액션 딜레이 동안 스프를 2타정도 못치는것의 변수가 있을 듯",domain-lexicon-v1.1
2297,328018,night_walker,"데티 카칼 구워왔어요(헥사94796, 배율97.22%), 2초뚝 빌드 공유(20분 패치 이후)",2026-06-20 15:00:00+00:00,https://www.inven.co.kr/board/maple/2297/328018,comments,1033,5,14,12,False,mixed,positive,request,밸런스·스킬,0.75,좋아요 · 부족,"20분 패치 이후, 카칼 배율이 이전에 비해 살짝 후하게(?) 매겨져 있는 것 같아서 직접 확인해보고 싶기도 하고, 또 나는 어디까지 내려서 잡을 수 있을까 궁금하기도 해서 도핑 좀 빼고 배율 내려서 쳐봤습니다. (제외 목록 : 가호, vip, 명예영약, mvp, 마선기) 96.49%에서 네 시간 이상 박치기 하다가 안 돼서 붕뿌 추가하니까 97.22%로 바로 잡히더라구요! 최소컷은 아닌 것 같고, 아마 장인분들이 치시면 조금 더 내릴 수 있지 않을까 싶습니다. 장인분들보다 몇%만큼 못 치는지 궁금하네요 *빌드(11.5극)* 1페 : 오리진+극딜, 다음 극딜 돌기 15초 전 2페 진입 2-1 : 극딜+오리진, 다음 극딜 돌기 25초 전 권능 진입 2-2 : 극딜+극딜+극딜, 리레 끝나기 전 권능 진입 (오리진 미룸) 2-3 : 준극+오리진+극딜+3어센트, 준극 10초 남기고 권능 진입 (더 당기면 좋아요) 2-4 : 준극+극딜+오리진+막 준극 (총 2극3준) 요 빌드로 쳤고, 1초 ",domain-lexicon-v1.1
2297,328189,night_walker,나워의 난이도가 높은 이유가 궁금합니다.,2026-06-21 15:00:00+00:00,https://www.inven.co.kr/board/maple/2297/328189,comments,2237,0,15,16,False,neutral,neutral,complaint,밸런스·스킬,0.35,,"나워 관련 영상 보면 직업 난이도가 중간 이상으로 평가받던데어떤 부분이 난이도를 높이는건가요? 평타가 좀 뻑뻑하긴 한데 데슬을 하다와서 그런지 그러려니 하게되는 느낌도 있고, 짧쿨기도 오멘이랑 바이트만 써주면 되잖아요? 생존 유틸도 빵빵하던데 왜 다들 컨트롤이 어렵다고 하는건지 궁금합니다. 이번에 챌섭 나워를 키우고있는데 혹시 놓치고있는 부분이 있는게 아닌가 싶어 조심스레 여쭤봅니다.",domain-lexicon-v1.1
2297,329252,night_walker,보공 좀 여쭙겠습니다 성님들,2026-07-02 15:00:00+00:00,https://www.inven.co.kr/board/maple/2297/329252,comments,995,0,15,15,True,neutral,positive,question,커뮤니티,0.35,,나워를 챌섭에서 처음 키워보는 유저인대 보조가 지금 이상황이라 더돌릴 여력이 안되는데 지금은 챌섭이라 보공효율이 좋지만 본섭으로 리프했다는 가정하에 보공 몇줄까지 허용이될까요ᅲᅲ 제네무기 공공공은 사실상 불가능이라 보공 최대 몇줄까지 되는지 알려주실수있으실까요...,domain-lexicon-v1.1
2297,329713,night_walker,나워 신스킬 툴팁,2026-07-08 15:00:00+00:00,https://www.inven.co.kr/board/maple/2297/329713,comments,5722,0,13,13,True,neutral,neutral,information,밸런스·스킬,0.35,,저는 아직 패치중이라 섣버님꺼 퍼옴 + 60초 준극 스킬에 분신 최종뎀도 70%로 일괄 적용이면 극딜은 더더욱 쌔질듯...,domain-lexicon-v1.1
2297,330150,night_walker,나이트워커 신규 6차 '싱귤래러티 스로우' 분석,2026-07-08 15:00:00+00:00,https://www.inven.co.kr/board/maple/2297/330150,comments,4479,12,15,15,True,neutral,positive,information,밸런스·스킬,0.35,,"안녕하세요 필순입니다! 오늘 공개된 나이트워커 신규 6차 '싱귤래러티 스로우' 스킬 구조 및 딜 상승량 정리해봤습니다. https://youtu.be/JThV5v16t5g?si=VbclCnP8xiDKqqnt 간단하게 정리해보면 구조 자체는 더할 나위 없이 깔끔하게 잘 받은 것 같습니다. 하지만 데미지 측면이 조금 아쉬운데 5분 40초 전분 기준 기존 딜사이클, 신규 딜사이클 각각 3회씩 측정해본 결과 기존 1차 1570.1327조 2차 1572.5043조 3차 1566.2733조 평균 1569.6367조 신규 1차 1592.7407조 2차 1584.6399조 3차 1601.0729조 (바이트 1회 많이 사용되어 1회 평균 데미지 2.1418조 차감) 평균 1592.8178조 로 기존 딜사이클 대비 1.476%정도 상승했습니다. 나이트워커 뿐만 아니라 여러 직업 또한 신규 스킬 데미지가 너무 보수적으로 책정된 것 같아 2차 테섭 변경점 등 확인해봐야 하겠지만 현재로써는 강화 재화 대비",domain-lexicon-v1.1
2297,328145,night_walker,나이트워커 그림,2026-06-21 15:00:00+00:00,https://www.inven.co.kr/board/maple/2297/328145,recommendations,1021,9,2,1,False,neutral,neutral,information,커뮤니티,0.35,,그렸습니다,domain-lexicon-v1.1
2297,330247,night_walker,보마 직게보니 씁쓸하네,2026-07-09 15:00:00+00:00,https://www.inven.co.kr/board/maple/2297/330247,recommendations,2647,10,4,4,True,mixed,neutral,complaint,밸런스·스킬,0.75,편하다 · 불편,30초쿨 스킬 폭시 멈추고 누르는게 불쾌하다고 윈브 아이들웜화 해달라고 다눕는데 바이트 스읍하 다시생각해도 미친패치임 바이트 최종뎀 갱신 불편하다니깐 최종뎀 패시브바꾸고 바이트 딜올려서 이젠 칼같이 써야하는ᄏᄏᄏ,domain-lexicon-v1.1
2297,330544,night_walker,이베이젼 은월 후방이동 처럼 부드럽게 바꿔줬으면 좋겠다,2026-07-10 15:00:00+00:00,https://www.inven.co.kr/board/maple/2297/330544,recommendations,1163,11,4,3,False,neutral,neutral,request,밸런스·스킬,0.35,,"둘다 키우는 입장에서 은월하다 나워하면 너무 버벅거리네여 퀸터플,바이트,윗점 후딜만 줄여줘도 훨씬 쾌적할것 같은디ᅲ 추가로 팔랑크스 시퀀스 넣을수 있게 해줘",domain-lexicon-v1.1
2297,331265,night_walker,신스킬 사용 / 미사용 전분 비교,2026-07-16 10:30:00+00:00,https://www.inven.co.kr/board/maple/2297/331265,recommendations,1307,16,11,12,False,neutral,positive,debate,밸런스·스킬,0.35,,"신스킬 미사용 1449조 퀸터 3356회, 배트 868회, 어비셜 151회 신스킬 사용 1495조 퀸터 3270회, 배트 880회, 어비셜 172회 나머지 스킬 사용횟수 다 맞춤 변수 최대한 줄이기 위해 서버렉 먹는 링크 빼고 진행 (카인, 모도) 극, 준극 사용 순서가 중요 싱귤(캔슬) - 팔랑크스 - 오멘 - 바이트(캔슬) - 퀸터 - 래피드 싱귤을 맨 앞에 놔야 기존에 생성되어있던 배트가 사출되면서 팔랑크스 오멘 바이트 타이밍에 배트 로스가 없음 어비셜 딜량 늘어난거 보면 1렙 개방효율 상당히 좋은 편 만렙기준 신스킬로 인한 딜 증가량은 대략 3%정도. 순서 잘 지킵시다.",domain-lexicon-v1.1
2297,329789,night_walker,지금까진 호재인듯,2026-07-08 15:00:00+00:00,https://www.inven.co.kr/board/maple/2297/329789,views,3736,0,3,3,True,positive,neutral,praise,밸런스·스킬,0.6,만족,짧쿨기 줄줄 알았는데 준극기면 딱히 번거로워지지도 않고 쿨뚝 늘려야하지도 않고 준극때 스피어 털기도 쉬워질거고 극딜버프랑 역시너지나는것도 아니고 이펙트도 족간지나고 ᄏᄏ 수치는 몰라도 기조는 일단 만족,domain-lexicon-v1.1
2297,329913,night_walker,래피드 이베이젼 변경점은 신스킬 때문이 맞네요,2026-07-08 15:00:00+00:00,https://www.inven.co.kr/board/maple/2297/329913,views,3365,0,10,8,False,neutral,mixed,information,밸런스·스킬,0.35,,어떤분이 댓글로 신스킬 캔슬 가능해서 변경점 생긴거 아니냐고 하셨는데 맞네용 실제로 테섭에서 써보니까 싱귤->이베이젼 캔슬 잘 됩니다,domain-lexicon-v1.1
2297,330002,night_walker,6차 후기,2026-07-08 15:00:00+00:00,https://www.inven.co.kr/board/maple/2297/330002,views,4613,0,6,6,True,neutral,neutral,information,밸런스·스킬,0.35,,쉐스 딜 약소 증가 어비셜 꽤나 증가 자체딜 후짐 쉐스가 빨리 털려서 1렙 오픈만해도 실전딜 향상에 도움이 될 것으로 보임. 헥사강화 효율은 똥이긴한디..,domain-lexicon-v1.1
2294,455384,paladin,팔라딘 챌린저 후기,2026-07-05 15:00:00+00:00,https://www.inven.co.kr/board/maple/2294/455384,comments,1564,0,15,14,False,neutral,positive,debate,밸런스·스킬,0.35,,"일단 똥 나오게 약한 건 맞는듯합니다. 클리어 시 생각나는 보스배율+클탐 그리고 감상에 대해 써보겠습니다. 노말세렌 - 160퍼정도 배율 1분대 클리어 (이때는 1유니티2폴 개념도 모르고 그냥 무작정 보스 들어갔을 때) 하드세렌 - 2인 배율 150퍼로 갔는데 0초 남기고 진땀승. 150퍼면 씹어먹을 줄 알았음. 나도 말리고 파티원도 새로운 직업 적응 안 돼서 못치긴 했음. 근데 2인격도 딜이 좀 쥐똥만큼 박히는 거 보고 살짝 암담 이지칼로스 - 122퍼 진땀승. 칼로스 배율 100%초중반이면 깨는데 이때부터 의아함의 시작이었음. 2낙인 오리진 안 쓰면 클리어 힘든듯. 칼로스 특성상 2-1,2-2는 딜이 남기 때문에 2-3 가기 전 까지는 아무리 잘쳐도 클리어에 영향이 그닥 없었음. (참고로 유챔보마 116퍼 노말칼로스 4분인가 6분인가 남음 90퍼대 배율 ᄊᄀᄂ) 아마 이지칼로스 최소컷은 110~115 언저리 아닐까 싶음. 이 이후로 팔라딘 배율 120퍼 이하면 클리어할 자신감이 ",domain-lexicon-v1.1
2294,456113,paladin,직업별로 필요한걸 준다면서 60초는 많이 아쉽네요,2026-07-08 15:00:00+00:00,https://www.inven.co.kr/board/maple/2294/456113,comments,2012,0,11,11,True,neutral,neutral,request,밸런스·스킬,0.35,,원래도 극딜비중이 낮고 준극이 높은 직업인데 120초로 주는게 취지에 맞지 않나,domain-lexicon-v1.1
2294,456756,paladin,흉성 배율 138퍼인데 안잡히네요…,2026-07-10 15:00:00+00:00,https://www.inven.co.kr/board/maple/2294/456756,comments,5725,0,21,21,True,neutral,negative,information,밸런스·스킬,0.35,,노말 흉성 깍고 있는 중인데 2정수 빌드 완벽하게 안하면 못깨겟죠?? .... 진짜 3페 넘어가면 3-4분 남는데 2정수 빌드 좀 꼬였다고 해도 딜이 너무 비는데...,domain-lexicon-v1.1
2294,457105,paladin,익검 솔플 120%면 할만한가요??,2026-07-13 15:00:00+00:00,https://www.inven.co.kr/board/maple/2294/457105,comments,996,0,13,13,True,neutral,negative,question,커뮤니티,0.35,,120%인데 1페 2극 하고도 2어센트를 해야 넘어가지는데 이러면 힘들겠죠?? 비슷하게 클리어 하신분 계시면 알려주세요,domain-lexicon-v1.1
2294,457363,paladin,데티카칼 배율 110.9퍼 나오는데 왜 클각이 안보이지,2026-07-17 00:32:00+00:00,https://www.inven.co.kr/board/maple/2294/457363,comments,688,0,13,13,True,neutral,neutral,complaint,밸런스·스킬,0.35,,1페가 넘 애매하네 1페 에서 2극딜 박고 3번째 극딜 쿨 돌 때 피가 너무 애매함 1페에서 어센트를 다 털기는 아깝고 뭔가뭔가임,domain-lexicon-v1.1
2294,454598,paladin,이번 챌섭에서 팔라딘 시작했는데 뭔가 배율이 이상한거 같아요!,2026-06-26 15:00:00+00:00,https://www.inven.co.kr/board/maple/2294/454598,recommendations,1460,2,2,2,True,neutral,neutral,information,밸런스·스킬,0.35,,네 맞습니다 님이 정상입니다 솔플체급 자체도 낮은데 후딜범벅에 이동유틸도 좆구려서 남들처럼 100%에 최소컷낸다? 꿈도 꾸지마시구요 대충 130%부터 생각하시고 좀 컨이딸린다 150%를 최소컷 보시면 됩니다 당신이 못하는게 아닙니다 이 직업이 병신입니다 애초에 하지말라했잖아,domain-lexicon-v1.1
2294,455354,paladin,팔라딘 하드메이린 (hx4.99) 배율122.3% 최소컷(?),2026-07-04 15:00:00+00:00,https://www.inven.co.kr/board/maple/2294/455354,recommendations,3135,2,3,3,True,neutral,positive,information,보스·전투,0.35,,https://youtu.be/EpxYJMdLHEo 팔라딘 찐부캐로 키울려는데 이거..뭔가 이상하네여... 0최종뎀 2오리진 1초기화 1어센트 2바인드,domain-lexicon-v1.1
2294,456535,paladin,팔라딘 테섭 신규스킬(디바인 컨버전스) 미개봉 & 30강 전분 비교,2026-07-09 15:00:00+00:00,https://www.inven.co.kr/board/maple/2294/456535,recommendations,1468,2,6,7,False,positive,negative,debate,밸런스·스킬,0.6,기대,https://youtu.be/AmMvb3i4KEQ 미개봉 전분 903조 https://youtu.be/IhRFE_PRvAY 30강 전분 934조 둘 다 동일하게 7초뚝 리5컨5 러프하게 한번씩만 쳐본거라 크뎀 숙련도 등 변수요소는 크게 고려되어 있지 않은 수치 비교입니다. 대충 이정도구나 정도로만 보기 이기적인 생각으로는 30초스킬로 나와서 폴링이랑 묶어쓰기 좋았으면 하는 기대(7초뚝이라 1리레에 5번쓰기 가능)였는데 120으로 안나와서 다행인듯 파티만 아니었으면 3초~4초로 모자 바꾸지 않았을까 싶네요,domain-lexicon-v1.1
2294,457819,paladin,챌섭 팔라딘 하드메이린 잡아왔어요,2026-07-16 16:03:00+00:00,https://www.inven.co.kr/board/maple/2294/457819,recommendations,318,3,1,2,False,neutral,neutral,information,커뮤니티,0.35,,배율 90%대일 때부터 한번씩 연모 쳐보면서 배율 몇쯤에 깨질까 계산해봤는데 3트 해보면서 죄다 123%쯤이 극최소컷일것이다 라고 나오는거에요;;; 팔라장인컷(?)이라는 115% 맞추고 해보니 3%쯤 남기고 아웃되길래 홧김에 본섭 주보수익 털어서 스펙업하고 123%로 클리어... 진짜 너무 힘들었어요 ᅲᅲ 캐릭이 생각대로 빠릿하게 반응해주질 않는 뭔가 뻑뻑한 기분...,domain-lexicon-v1.1
2294,458233,paladin,챌4 팔라딘 챌린저 올 미션 달성 팔라딘 상향필수,2026-07-20 00:08:00+00:00,https://www.inven.co.kr/board/maple/2294/458233,recommendations,356,1,4,3,False,neutral,neutral,information,밸런스·스킬,0.35,,클리어 각 보스별 배율 이카 121% 노칼 116% 하메 115% 노적106% 하세130% 제 경험상 타직업 100%가 팔라딘 기준으로 120%쯤 나오는 듯 똥 나오게 약합니다 다들 챌 미션 파이팅,domain-lexicon-v1.1
2294,455748,paladin,아니 팔라딘 60초 준극은 오케인데 왜 연타냐,2026-07-08 15:00:00+00:00,https://www.inven.co.kr/board/maple/2294/455748,views,2241,0,7,7,True,neutral,positive,complaint,커뮤니티,0.35,,크아악,domain-lexicon-v1.1
2294,455987,paladin,퍼뎀은 존나약한데용?,2026-07-08 15:00:00+00:00,https://www.inven.co.kr/board/maple/2294/455987,views,2925,0,7,7,True,neutral,positive,information,커뮤니티,0.35,,6분점유율 오리진한테 따잇 안쓰고쳤을때 614조>631조 2.7%??,domain-lexicon-v1.1
2294,456134,paladin,구조 이펙트는 맘에 듬,2026-07-08 15:00:00+00:00,https://www.inven.co.kr/board/maple/2294/456134,views,2558,0,7,7,True,neutral,neutral,request,밸런스·스킬,0.35,,"쿨뚝 기준 극딜 약간씩 밀리는게 있었는데 60초 준극 추가로 좀 더 바빠져서 그런가 쿨밀림 체감 약간 줄어듬 스택 스킬이라 꾹눌해도 되고 1타만 써도 쿨감 적용되는것도 맘에 들고 딜만 좀 어떻게 안되나,,",domain-lexicon-v1.1
2296,181202,pathfinder,패파게 사람들이 읽어주면 좋겠는 글,2026-05-14 15:00:00+00:00,https://www.inven.co.kr/board/maple/2296/181202,comments,3692,5,64,64,True,mixed,negative,question,커뮤니티,0.8999999999999999,좋다 · 나쁘다 · 불편,"가라 인장에 업적인증하는 사람 가라 인장 무 인장 인장 있어도 갱신 오래 안 된 사람 이런 사람들을 거르세요. 특히 패파같은 직업은 하다 접은 사람들이 많아서 주보캐로 돌리면서 직업 고점이나 개성 버리고 쉬워지기만 바라는 사람들도 분명 있다는 거 알아주시면 좋겠습니다. 옛날부터 빌런들 꼬리를 잡아보면 옛날에 패파 템팔고 주보캐로 쓰면서 본캐 호영, 에반 키우던 사람들이었던 거 기억하시는 분들도 있을겁니다. 저만해도 멍청하게 보마 일리움 안 해서 유니온 챔피언 캐릭터는 고점이고 나발이고 불편한 거 고치고 저점 올려라 라고 생각하는 사람이니까 저를 포함해서 하는 말 입니다. (그래도 전 자게에서는 떠들어도 직게 가서 직업에 관한 의견은 안 씁니다.) 베라서버 프로에피님에 대해서, 직게에서 조리돌리는 건 물론 개개인의 자유지만, 패치 될 때마다 환산주스탯 자료 제공을 본인이 하는 게 아니라면 그 부분에 대한 고마움은 항상 가지고 있도록 합시다, 이번에도 아직 환산 패치 안됐다고 불편해하던",domain-lexicon-v1.1
2296,181305,pathfinder,내용김) 데티카링 후기 (10.34~10.51),2026-05-20 15:00:00+00:00,https://www.inven.co.kr/board/maple/2296/181305,comments,3829,15,20,19,False,positive,positive,debate,밸런스·스킬,0.6,기대,"https://youtu.be/1rEG2DqF_aI?si=G13KDV6KvwSzUT-W 클리어는 저번 주에 했는데.. 현생에 치여서 늦어졌네요 10.34때부터 다른직업들 클리어 영상이 눈에 밟혀서 조금씩 시도했는데 1페에서 의미없이 시간만 엄청 박았어서 혹시나 트라이 하는 분들 시간을 조금 아껴드릴 수 있지 않을까 해서 스펙대별 트라이 기록을 작성하기로 했습니다. 혹시 패파를 장인급으로 하시거나 카링을 엄청 잘 치는 분들께는 해당 사항이 없을 수도 있어요. 클리어 기준 1페 궁도혼 3페 궁도,혼 혼터빌로 진행했습니다. 빌드는 10.4x부터 가능한걸 그대로 사용해서 더 높은 스펙에서 트라이 하시는 분들은 오히려 딜낭비가 조금 있을 수 있으니 3페 평딜 분배를 조정하시면 될거같아요 (혼돈을 미리 더 쳐두는 등) 1페 궁기는 스틱스를 분리해서 숨는 것을 미루고 3페는 궁기에 일반극3번, 도올에 오리진극2번으로 안정적으로 2흉수가 잡히게끔 했습니다. 2페에선 영상 기준으로 극딜을 바로바로 ",domain-lexicon-v1.1
2296,182304,pathfinder,패파 꿈나무 인사드립니다!!!!!,2026-06-18 15:00:00+00:00,https://www.inven.co.kr/board/maple/2296/182304,comments,1173,0,19,13,False,neutral,neutral,request,커뮤니티,0.35,,챌섭에서 패파를 키우고 있구요!!!! 제 꿈은 커서 패파짱이 되는거에요!!!! 잘부탁드립니다!!!!,domain-lexicon-v1.1
2296,183203,pathfinder,패스파인더 테섭 스킬,2026-07-08 15:00:00+00:00,https://www.inven.co.kr/board/maple/2296/183203,comments,2270,0,22,22,True,neutral,positive,complaint,밸런스·스킬,0.35,,쿨이 왜 없지 60초 준극기인지 120초 극딜기인지 중요한데..,domain-lexicon-v1.1
2296,183416,pathfinder,극딜때 게이지 걱정은 왜하는거에요??,2026-07-08 15:00:00+00:00,https://www.inven.co.kr/board/maple/2296/183416,comments,1359,0,28,28,True,negative,negative,complaint,밸런스·스킬,0.6,부족,머 얼블렐릭언바로 얼블캔슬 못해서 그런가? 시퀸스나오고 가끔 극딜때 게이지 부족해서 스킬들 안나가는거 몇번겪고 걍 렐릭에볼 시퀸스 배리어 앞자리에 깔아두고 풀게이지로 극딜시작후에 레템깐걸로 게이지 바로차고 얼블은 특코 타이밍 맞춘다고 어차피 바로쏘는거도 아니여서 그냥 렐릭에볼 시퀸스에 넣으면 극딜때 게이지 걱정은 없는거같은데 지금 특코 쿨120초라서 쿨뚝효과 안받으면 걍 일필써야될거같기도하고 암튼 특코 발동하고 얼블쏘는거 기다는 시간에 신규스킬 다쏴도 레템깔려있으면 얼블 4스택은 바로바로라 솔직히 극딜때 게이지!!!!! 는 잘 모르겠음.. 아 그렇다고 이번 신규스킬이 정상이란건 아님.. 뭐지?? 딜도 쌘거같지 않은데 조건은 덕지덕지 붙여놔가지고 저점완화에 딸깍화 계속하면서 신직업 내더니 갑자기 이상한짓 해버리네요,domain-lexicon-v1.1
2296,181014,pathfinder,패파 HEXA 105533 데티카링 낋여왔습니다,2026-05-07 15:00:00+00:00,https://www.inven.co.kr/board/maple/2296/181014,recommendations,2490,17,11,11,True,neutral,neutral,information,커뮤니티,0.35,,"https://youtu.be/S8qaVVpU91U 여러분 제가 이겼습니다! (_ _) 한놈만 스위칭이 너무 끔찍해서 다신 트라이 하고 싶지 않네요,,, 빌드 참고 하시라고 영상 올립니다 모두 해방하시는 그날까지 (_ _)",domain-lexicon-v1.1
2296,181541,pathfinder,익검 배율108퍼 후기,2026-06-05 15:00:00+00:00,https://www.inven.co.kr/board/maple/2296/181541,recommendations,1745,9,4,4,True,neutral,positive,information,밸런스·스킬,0.35,,헥사환산 10.6 포뻥받은 배율 108퍼 4초뚝 입니다 데티퀘 도중 스트레스가 너무 받아서 리프레쉬 하려고 찐모 가봤는데 17극으로 똥손인 저도 익검 널널하게 격파되네요 1페~3페 일필 4페 한놈만 1페 2극 + 어센트 2방 2페는 넘어가기전에 피 6퍼인가에 극딜 돌아서 그냥 극딜쓰고 넘어갔습니다 3페는 그냥개못친거같고 어센트 1방 썼습니다 4페에서는 평딜로 실드가 안까져서 그냥 놀다가 한놈만만 스위칭하면서 극딜만 파괴 집중해서 하고 극딜 버프 남아있을땐 열심히 쳤습니다 보상은 결정말곤 없네요. 익검 정보가 많이 없길래 환산 이쯤되면 그냥 다들 도전해보시라구 글썼습니다 데티 도전하러 다시 가보겠습니다.,domain-lexicon-v1.1
2296,183368,pathfinder,블디블디 콤레레콤콤 블디블디 마테리얼버스트,2026-07-08 15:00:00+00:00,https://www.inven.co.kr/board/maple/2296/183368,recommendations,933,9,3,3,True,neutral,neutral,information,밸런스·스킬,0.35,,극딜시퀀스 악! 이볼템이 안나가 ᄏᄏᄏᄏᄏ 블디블디 마테리얼버스트! 아 맞다 콤레 adhd 패파 완성 ᄏᄏᄏᄏ,domain-lexicon-v1.1
2296,183456,pathfinder,렐릭차지 삭제했더니 비슷한거 들고왔네,2026-07-08 15:00:00+00:00,https://www.inven.co.kr/board/maple/2296/183456,recommendations,694,9,2,2,True,neutral,neutral,request,밸런스·스킬,0.35,,렐릭차지 삭제의 핵심이 평딜을 못치면 쿨감을 못시켜서 파멸적 저점이 나와서 삭제시키고 저점개선한건데 근데 또 평딜로 게이지 채워야 재성능 내는 신규6차내면 뭐 어쩌라는거임? 남들 조건없이 발동가능한 스킬에 우리는 게이지 제약걸어두고 보스 레이드중 신경써야되는거만 늘어났는데 ᄏᄏᄏ 아 어차피 점유율 별로라서 신경쓰지말라는건가? 앞으로 게이지도 신경쓰면서 콤레쿨도 봐야되는 병신직업 대체왜함? 리턴이있다면모를까 ᄏᄏ,domain-lexicon-v1.1
2296,181265,pathfinder,아스트라 보조 해방 질문있습니다.,2026-05-18 15:00:00+00:00,https://www.inven.co.kr/board/maple/2296/181265,views,3092,0,13,13,True,neutral,positive,question,커뮤니티,0.35,,환산 6.9 패파입니다. 이제 아스트라 보조무기 1차해방하는데 지금 쓰고 있는 보조무기를 해방하는게 나을지 아니면 새로운 보조무기를 구해서 해 방하는게 나을지 궁금합니다.,domain-lexicon-v1.1
2296,181396,pathfinder,현시점 패파 어떤가요,2026-05-27 15:00:00+00:00,https://www.inven.co.kr/board/maple/2296/181396,views,2978,0,10,10,True,neutral,positive,information,커뮤니티,0.35,,현재 와헌인데 패파 보다보니 해볼까 라는 생각 들어서 여름 하버로 와헌 -> 패파 가볼까 하는데 어떤가요,domain-lexicon-v1.1
2296,181768,pathfinder,패파 스킬 코어 gif,2026-06-12 15:00:00+00:00,https://www.inven.co.kr/board/maple/2296/181768,views,3235,0,2,2,True,neutral,neutral,question,밸런스·스킬,0.35,,근데 뽀뽀딜 해야 되는데 멀리서 저러면 실전에서는 이펙트가 어떻게 보이려나,domain-lexicon-v1.1
2297,327870,phantom,팬텀한테 개사기 당하고 쓰는글(운영자 필독),2026-06-19 15:00:00+00:00,https://www.inven.co.kr/board/maple/2297/327870,comments,2643,15,29,29,True,positive,mixed,request,밸런스·스킬,0.6,좋다,"본인 챌섭 팬텀 입문 1. 팬텀 출시한지 15년이 다돼간다.. 챌섭에서 고확으로 닼나 신궁 구걸하는게 맞나 2. 트리플점프 이동거리 짧은건 그렇다쳐도 명색이 도적인데 윗점하고 이동수단이 아예없는건 좀 너무하네. 기동성도 그렇지만 다른 쓸만한 유틸도 없어서 윗점 = 그냥 무방비임 3. 렌 와헌 마냥 속사기에 더블점프.. 대신 선후딜이 있네요 4. 전직업 무적기, 돌진기 평준화 받을때 얘는 뭐했나 10만년전 스우 전깃줄 넘을때나 유용했던 개낡아빠진 슈라우드 개선이라도 하든가 후방이동이라도 개선하든가.. 딜링기나 버프기에 무적이 달려서 필요할때 쓸수있는 순수 무적기조차 없음 5. 수년전에 듀블 파컷도 강제이동 리레탈출어쩌고 얘기나오고 수정됐는데 얘는 2026년에 마오팬쓰니까 버프된 리레범위 뚫고 달나라로 가버리네 ᄏᄏ 6. 안 그래도 스틸스킬 컨셉이라 키세팅 빡빡한데 극딜 키다운 중에 버프 스킬을 따로 써야하는게 진짜 요즘시대에 말이 되는 구조인가 싶음. 시퀀스에 넣을 수 있는데도 따로 ",domain-lexicon-v1.1
2297,328037,phantom,피해자들 속출중이네,2026-06-20 15:00:00+00:00,https://www.inven.co.kr/board/maple/2297/328037,comments,4312,20,22,22,True,positive,mixed,request,밸런스·스킬,0.6,기대,어어 어서들와라 너네도 이제 목소리 내야겠지? 1. 템오카 눈치싸움좀 그만하자 준극화/설치화 하던지 최소한 딜점유율을 낮춰라 2. 마오팬 리브 딜 즉발로 바꿔라 칼로스가 여태 씹은 딜만 10경은 넘는다 + 마오팬은 아랫키로 고정 기능좀 넣고 리브 커맨드는 이제는 좀 삭제하자? 3. 라모르 없애라 씹같은거 두말안한다 버프화해라 4. 슈라는 구닥다리고 개편대상이 맞음 한목소리 좀 내자 + 애초에 텔포기가 두개있을 필요도 없음 트와일도 유의미하게 개편하라 5. 얼드 선후딜좀 ᄊᄈ 보마 보스돌고 얘하면 한숨만 나온다 6. 스위칭 입도아프다 7. 블랙잭 해방모드 없애고 선딜좀 없애라 자동사출로 하던지 옘병 8. 걍 직업 체급 자체가 애미가없음 프리드 받은거보면 모기딜 인지는 하는거같음 기대한다 창섭아 9. 신규 6차 타수가 심상치않던데 30초로 내면 뒤진다 이상,domain-lexicon-v1.1
2297,328175,phantom,"매력만 남은 괴도가 아닌, 성능까지 갖춘 팬텀을 바라며",2026-06-21 15:00:00+00:00,https://www.inven.co.kr/board/maple/2297/328175,comments,2733,24,19,19,True,mixed,positive,request,밸런스·스킬,0.95,기대 · 재미 · 문제 · 부족 · 너프,"서론 [요약] 현 메타에 도태된 조건부 유틸 및 딜 구조 개선 * 선 구조 개선 / 후 체급 개선을 위한 구조 개선 중점 글입니다. * 인식 변화로 신규 유입 / 유챔 인구 수 증가 (Like 보마, 와헌) * 후 체급 개선 요구 시 화력 증진 기대 (+ 분탕 최소화) * Make Phantom Great Again [기대 효과] * 구조 개선으로 편의성 및 실전 딜 향상 (클탐 체급 향상) * 신규 유입 및 유챔 인원 증가 (직업 인구 수 체급 향상) * PC에서 작성되어 모바일 가독성이 떨어질 수 있습니다. * 데스크톱 사이트 (PC 모드) 전환하여 보시는 것을 추천드립니다. 0차 [0차] 슈라우드 (루시드 텔포화) 3초 충전, 최대 5스택 저장 (스택형 즉발 텔포) 공중 사용 가능 * 최대 3번 짧은 딜레이로 연속 사용 가능 (기존 사용감 유지) 트리플 점프 (트점 정상화) 더블 점프 + 윗점 / 윗점 + 더블 점프 가능 저지먼트 Auto/Manual 모드 삭제 랜덤 버프 삭제",domain-lexicon-v1.1
2297,330138,phantom,팬텀 키셋팅 공유,2026-07-08 15:00:00+00:00,https://www.inven.co.kr/board/maple/2297/330138,comments,1738,0,21,21,True,neutral,neutral,information,커뮤니티,0.35,,마음껏 쓰셔도 됩니다!,domain-lexicon-v1.1
2297,330366,phantom,어제 잠깐 쳐본 거긴한데 극딜은 대충 이런느낌일듯,2026-07-09 15:00:00+00:00,https://www.inven.co.kr/board/maple/2297/330366,comments,1847,1,17,17,True,neutral,positive,information,밸런스·스킬,0.35,,오랜만에 이펙트 풀로켜니까 다른 캐릭같네 ᄅᄋᄏᄏ,domain-lexicon-v1.1
2297,327924,phantom,[장문] 팬텀의 문제점,2026-06-20 15:00:00+00:00,https://www.inven.co.kr/board/maple/2297/327924,recommendations,2288,24,17,17,True,mixed,negative,request,보스·전투,0.95,기대 · 불편 · 문제 · 너프,진짜 장문임 8개월 전에 썼던 개선안인데 놀랍게도 단 한 가지도 개선이 안 됐음 https://www.inven.co.kr/board/maple/2297/317733 이 글에다 똑같은 거 써놔서 딱히 안 봐도 됨 현 시점 내가 생각하는 팬텀의 가장 큰 문제는 크게 5가지인데 첫번째는 인식 팬텀의 가장 큰 문제점은 제대로 해보지 않으면 뭐가 문제인지 절~~대 모른다는 점임 유니온 캐릭으로 육성만 해봤거나 허수아비만 치거나 딜찍으로 보스 다니면 스킬 존나 부드럽고 스킬 피아노 치듯 그냥 쿨 되는대로 주르륵 누르면 끝이고 유틸을 글로 쭉 써 놓으면 이만한 씹사기캐가 없음 그러니 제대로 파보지 않은 사람들은 팬텀 무적기 개많고 무빙속사에 힐에 생티티에 최하위가 맞지 그럼 딜까지 중위권 되고 싶음? 양심 어디? 이런 여론이 대다수임 팬텀에 대한 인식을 알 수 있었던 가장 어이 없던 사건은 팬텀의 왕께서 방송인으로 유명하지 않았던 시절 무릉 1위 찍었다고 진짜 개 뜬금 없이 자게에서 팬텀 개사,domain-lexicon-v1.1
2297,329980,phantom,팬텀은 짧스킬 많은데 60초로 받는거는 말도안됨,2026-07-08 15:00:00+00:00,https://www.inven.co.kr/board/maple/2297/329980,recommendations,2700,18,4,4,True,neutral,neutral,information,밸런스·스킬,0.35,,얼드- 키다운 스킬 블랙잭- 15초 엑티브 스킬 템오카- 15초 키다운 2초스킬 마크오브팬텀- 30초 다단히트 스킬 리프트브레이크- 30초 다단히트 스킬 로카피- 30초 즉발 스킬 조커- 120초 5초 키다운 스킬 신규스킬- 60초 다단히트 스킬... 120초로 쿨 늘리고 조커급으로 데미지 늘려줘야한다고 생각함 절대 60초로 받으면 안됨..결국 또 족쇄임,domain-lexicon-v1.1
2297,330226,phantom,뇌가 뒤져버린 팬텀 신스킬 기획자는 봐라,2026-07-09 15:00:00+00:00,https://www.inven.co.kr/board/maple/2297/330226,recommendations,2898,20,10,10,True,mixed,negative,request,밸런스·스킬,0.95,재미 · 불편 · 문제 · 너프,도대체 팬텀한테 리브마오팬때부터 참격 형식 1타 2타 분리 ᄌ같은 스킬을 주는이유가 뭐냐? 언제튈지 내부 쿨을 카운팅하지않는이상 감잡기어려운 보스들 때문에 2타에 딜이 더몰린 팬텀 특성상 팬텀의 성능 그대로를 뽑으려면 대부분은 직업과 다르게 그냥 스킬을 누른다고되는게 아니라 이 보스새끼가 템포를 쓸지말지 보리보리쌀을 쳐하고자빠져있다가 안튈거같을때 스킬을 써서 후속 2타까지 다박아넣어야 그나마 낮은체급의 성능이 나오는 병신 직업이 팬텀임. 요번 챌섭 신규 유저들 팬텀하러 들어와서 매콤한 참격식 후속 2타 보스텔포와 돌진에 증발하는 똥내에 당해서 우는꼴을 보고도 기어이 참격식 1타 2타 분리식 신스킬을 내고싶더냐? 팬텀 신스킬 기획자는 양심이 뒤져버린 씨이벌련 그자체다 그렇다고 팬텀이 보스 텔포와 돌진 내부쿨까지 머리속에서 카운팅하고 감안해서 참격식 후속2타를 다박아넣을경우 고점이 좋은 직업이기라도하냐? 전혀아니다 그 지이랄을 다쳐해야 그나마 체급 하위권의 딜량이 온전히 박히는 똥내나는,domain-lexicon-v1.1
2297,329302,phantom,챌시즌4 팬텀후기,2026-07-02 15:00:00+00:00,https://www.inven.co.kr/board/maple/2297/329302,views,3086,6,10,10,True,positive,positive,praise,밸런스·스킬,0.8999999999999999,재미 · 최고 · 감사,챌3에 제논으로 6만급까지 키웠다가 도저히 조작감. 유틸때문에 못하겠어서 주보캐로 두자하고 3월정도부터 여름전까지 메소모으면서 팬텀에 줄 도적템을 하나씩 본썹에 사두면서 준비했습니다. 도적템을 사면서 직게반응보니 팬텀이 너무 구리다 유틸도 반쪽짜리다 라는 말을 많이 봐서 다른직업해야하나 싶었지만 도적템을 이미 산 이상 다른 도적직업류는 끌리는게 없더라구요 챌시즌4가 시작하고 초반 템값이 말도안되게 뻥튀기되길래 제논템을 싹다팔고 그돈으로 못맞춘부위를 하나씩 사면서 비교적 여유컷으로만 챌섭 보스들을 클리어했습니다. 제 주관이라 반박하실수도 있지만 지극히 제 주관상 장단점입니다. 1. 장점 - 템값이 비교적 저렴한편 - 속사기라 무빙하면서 패턴회피하는게 재밌음 -★그렇다고 렌처럼 단조롭지않고 짧쿨기 굴리는 맛이 있음( 아다리맞으면 마오팬 무적으로 패턴회피까지) - 제논에 비하면 유틸이 나쁘지않음(텔포. 속사기. 짧쿨무적- 이건 내맘대로 못쓰긴함. 프리드 goooooat. 자체헤도. 분노안,domain-lexicon-v1.1
2297,329712,phantom,KMST v1.2.203)팬텀 신규스킬 플레슈 르투르,2026-07-08 15:00:00+00:00,https://www.inven.co.kr/board/maple/2297/329712,views,3876,3,15,15,True,neutral,positive,information,밸런스·스킬,0.35,,,domain-lexicon-v1.1
2297,329856,phantom,신스킬 점유율,2026-07-08 15:00:00+00:00,https://www.inven.co.kr/board/maple/2297/329856,views,3790,8,14,14,True,neutral,positive,information,밸런스·스킬,0.35,,베놈버스트님님님도 못이긴 신스킬 느와르도 한번쓸때마다 17장밖에안나가고.. 만렙기준입니당,domain-lexicon-v1.1
2297,330268,phantom,신규 6차 '플레슈 르투르' 간단 리뷰,2026-07-09 15:00:00+00:00,https://www.inven.co.kr/board/maple/2297/330268,views,2968,11,7,7,True,neutral,negative,information,밸런스·스킬,0.35,,"https://www.youtube.com/watch?v=HMW3ice9r-I * 공격 대상 (몬스터)가 있어야 스킬 사용 가능 * 스킬을 쓸 때 앞/뒤 발동 가능 사거리는 같음 * 텔포형 보스 딜 누수 있음 * 돌진형 보스 딜 누수 없음 (공격 범위는 작으나, 이펙트와는 별개로 추적딜이 있는듯함) * 1차 테섭 전분(5분40초) 2.1~2.4퍼 수준 조각 소모 갯수를 보면 2차 테섭에 점유율 4퍼 내외로 받을 스킬인듯 합니다. 키셋 모자르면 닼사 빼는게 베스트 같네요.",domain-lexicon-v1.1
2298,221559,pirate_other,에테추옵인데 얼마에 올려야할지 도와주시면 감사합니다.,2026-06-01 15:00:00+00:00,https://www.inven.co.kr/board/maple/2298/221559,comments,653,0,1,1,True,positive,neutral,praise,커뮤니티,0.6,감사,지난주에 샤타하고 옵션돌리다가 추옵이 나왔는데...제 스펙에비해 너무 높게나온것같아서 팔고 다시살까해요.. 이게 추옵어느정도라고 해야하는지 잘모르겠고.. 얼마정도에 올려야할지 도움주시면 정말로 감사합니다. 서버는 베라에 있습니다.,domain-lexicon-v1.1
2298,221790,pirate_other,쇼케이스 끝나면 바로 테섭 열리는걸로 아는데용..,2026-06-11 15:00:00+00:00,https://www.inven.co.kr/board/maple/2298/221790,comments,544,0,1,1,True,neutral,neutral,information,밸런스·스킬,0.35,,혹시 테섭열리면 뭐 밸런스패치 같은거도 같이 들어올수도있나용?,domain-lexicon-v1.1
2298,223014,pirate_other,7월되면 검마 1대1 나눔할분 계신가요?,2026-06-21 15:00:00+00:00,https://www.inven.co.kr/board/maple/2298/223014,comments,331,0,0,0,True,neutral,neutral,information,커뮤니티,0.35,,검마 3분컷이던데 나눔할싸람,domain-lexicon-v1.1
2298,223491,pirate_other,행님들 이번에 챌섭에서 캐슈시작해서 잘하고있는데 코디질문입니다..,2026-06-28 15:00:00+00:00,https://www.inven.co.kr/board/maple/2298/223491,comments,285,0,0,0,True,neutral,neutral,question,경제·옥션,0.35,,"데비존의 모자 완전 탐나는데 지금은 획득방법없나요?? 경매장에도 매물이 하나도 없어서 궁금합니다,, 근본 해적 코디 마렵네요",domain-lexicon-v1.1
2298,223782,pirate_other,해적 직업 추천좀,2026-07-03 15:00:00+00:00,https://www.inven.co.kr/board/maple/2298/223782,comments,356,0,1,1,True,neutral,neutral,information,밸런스·스킬,0.35,,캡틴 캐슈 바이퍼 은월 아크는 이미 다키웠음 메카닉은 키워둔게 있긴한데 몬가 몬가임 남은게 그럼 스커 엔버 정도인데 스커 엔버 메카닉 셋 중 뭐가 더 보스에서 체급 괜찮음?,domain-lexicon-v1.1
2298,222427,pirate_other,스커할까 은월할까 고민이네,2026-06-16 15:00:00+00:00,https://www.inven.co.kr/board/maple/2298/222427,recommendations,421,0,0,0,True,neutral,neutral,information,커뮤니티,0.35,,진짜 뭐해야지,domain-lexicon-v1.1
2298,222444,pirate_other,스커할까 은월중 고민입니다,2026-06-17 15:00:00+00:00,https://www.inven.co.kr/board/maple/2298/222444,recommendations,440,0,0,0,True,mixed,neutral,complaint,버그·사용성,0.75,만족 · 불편,스커는 뭔가 보스때 불편할거같고 은월은 뭔가 개인적인 만족도로 따지면 작은육각형느낌이라.. 어찌해야할질 몰루겠네요,domain-lexicon-v1.1
2298,221760,pirate_other,안녕하세요 힘 3초뚝 가격 질문 드립니다,2026-06-10 15:00:00+00:00,https://www.inven.co.kr/board/maple/2298/221760,views,640,0,0,0,True,neutral,neutral,question,경제·옥션,0.35,,"덱스 띄우려다가 얼떨결에 힘 둘둘이.되었는데, 이런건 잠재 가격을 얼마로 팔아야 할까요? 에디가 조금 높아서 동급 시세를 못 찾겠네요",domain-lexicon-v1.1
2298,222010,pirate_other,챌섭 본캐 스커vs은월,2026-06-13 15:00:00+00:00,https://www.inven.co.kr/board/maple/2298/222010,views,564,0,0,0,True,neutral,neutral,request,보스·전투,0.35,,스커는 렌 나왔을 때 챌섭에서 노진힐라랑 나머지 하드보스까지는 깼지만 시간이 없어서 해방은 못하고 흐지부지됐습니다 그래서 이번에 제네패스 플러스인가 대적자목표로 해보려고 하는데 스커랑 은월이 좀 땡기네요 근데 좀 극과극 느낌이라 고민이 됩니다! 한쪽은 체급 좋은데 피로도가 좀 있고 다른쪽은 체급 낮은데 피로도는 낮은 느낌? 완전 고점말고 적당한 고점에서 본캐로 둘 중에 추천 부탁드립니다 참고로 해방은 해본적 없는 메린이에오,domain-lexicon-v1.1
2298,222341,pirate_other,지난 챌섭유입 메린이 아크vs캡틴 본캐 추천,2026-06-16 15:00:00+00:00,https://www.inven.co.kr/board/maple/2298/222341,views,548,0,0,0,True,positive,neutral,praise,커뮤니티,0.6,만족,지난챌섭에서 은월키우면서 에메랄드 달성하고 즐기고 있는 뉴비입니다 요번 챌섭에서 본캐를 육성하려고하는데 아크와 캡틴 중 고민입니다 체급이 엄청 높은구간을 가야 체감이 된다고 들었는데 쭉 게임을 한다는 가정에서 체급을 빼놓기가 고민되더라구요. (은월급만해도 만족) 이번에 챌린저 도전해보려고 합니다!,domain-lexicon-v1.1
2300,355663,qna,아니 지금 기웃거리는 뉴비들 렌보마 하라고 걍,2026-05-26 15:00:00+00:00,https://www.inven.co.kr/board/maple/2300/355663,comments,4574,0,29,29,True,neutral,positive,request,밸런스·스킬,0.35,,안녕하세요 선생님들 주년 복귀해서 출첵만 찍고있는 뉴비입니다. 여름 챌섭때 본캐 정해보려 합니다. 렌 보마 은월 고민중입니다. 가슴이 시키는 순서는 은월 렌 보마 순이고 머리가 시키는 순서는 보마 렌 은월 순입니다 은월이랑 렌은 본섭에 260 깡통 있구여.. 직업 보셔서 느낌 오셨겠지만 편한직업 위주로 골라봤습니다 전 챌섭때 데벤이랑 제로 했었는데 쉽지 않더군요 웰 거미줄 못치우고 폐사했습니다. 개인사정으로 플탐이 길지 않아서 숙련도를 요구하는 직업은 쉽지 않겠더라구여 천천히 사부작 사부작 하려합니다. 세 직업 비교 및 추천 부탁드립니다.,domain-lexicon-v1.1
2300,355812,qna,현질 효율 좋은 직업이 있나요?,2026-05-30 15:00:00+00:00,https://www.inven.co.kr/board/maple/2300/355812,comments,3799,0,26,26,True,positive,positive,request,밸런스·스킬,0.75,재미 · 감사,"안녕하세요 고수님들. 아직 돌 안된 아기가 있는 뉴비입니다 최근에 복귀해서 렌을 키우며 이것저것 참고하고 여기서 도움도 많니 받고 해서 우선 챌섭에서 찐 본캐용 하나 키우고 장기적으로 즐겨보려고 합니다. 직업은 썬콜이나 보마로 생각하고 있었는데요, 장기적으로 보면 두 직업 다 고점이 높은편은 아니라고 여기저기서 보여서 고민이 되네요. 궁수 혹은 법사 중에서 혹시 직업을 추천해주실 은인 계실까요 보통 주말 저녁 아기가 잘 때 할 수 있는 형편이라 렌처럼 키를 많이 안누를 수 있는 직업이면 좋을 것 같습니다만. 조금 더 컨트롤이 필요해도 할 수는 있을 것 같습니다. 재미도 어느정도 있으면 좋을 것 같습니다. 노잼이면 질릴 것 같네요..(나이 이슈로 컨트롤 빡세면 힘듦) 현질은 200정도 생각하고 있습니다. 요약 1. 고수님들 직업 추천 문의 - 찐뉴비(유니온 등 아무것도 없고 하버로 렌 키우는 중) - 법사 or 궁수 중에서 - 아기가 잘때 주말만 할 예정, 컨트롤 적당히 요구되면 괜찮",domain-lexicon-v1.1
2300,355886,qna,해방 미루어지게 생겼습니다 ㅠㅠㅠ,2026-06-01 15:00:00+00:00,https://www.inven.co.kr/board/maple/2300/355886,comments,6106,0,23,23,True,neutral,negative,information,버그·사용성,0.35,,"안녕하세요 메린입니다... 월보스 검마까지 잡게되면 6월11일 해방일정이여서 기분좋게 기사님구해서 검마 돌고있었는데,,마지막페이지때 1퍼남기고 렉떄문에 죽었는데, 그대로 클리어가 된 것 같더라구요,, 그래서 검마 잡았다는 월보스 처리는 되어있고,,어둠의 흔적은 못받고,,, 그래서 6월18일로 미루어지게되었는데,,, 이렇게되면 그간 쌓아온 6월17일까지 샤드코인도 못쓰고,,그냥 날리게 생겼습니다.. 메이플 사이트에 문의 넣으면 다시 받을 수가 있을까요...??",domain-lexicon-v1.1
2300,356114,qna,사냥의 goat는 누구입니까,2026-06-07 15:00:00+00:00,https://www.inven.co.kr/board/maple/2300/356114,comments,12216,0,75,75,True,neutral,positive,information,밸런스·스킬,0.35,,스커?윈브?라라?보마?썬콜?루미? 사냥피로도 낮고 원킬 잘나는 직업이 하고싶어요...,domain-lexicon-v1.1
2300,356214,qna,메소 제가 판매했는데 접속 제한 걸렸어요..,2026-06-10 15:00:00+00:00,https://www.inven.co.kr/board/maple/2300/356214,comments,19406,3,33,32,False,neutral,neutral,complaint,경제·옥션,0.35,,제가 사냥이랑 보돌로 번 거라 확실하게 깨끗한 메소예요 6월 2일에 딱 한 사람이랑 거래했는데 11일 오늘 7일 제재 먹었어요 게임 접속 제한 사유 : 현금거래(재화 회수 가능) 라고 써있네요 인게임 채팅 안 남겼고 경매장 거래 했어요 지금도 많은 사람이 물통거래를 하는데 왜 걸렸을까요 저한테 구매한 사람이 작업장이나 매크로에 연루된 걸까요ᅲᅲ,domain-lexicon-v1.1
2300,356295,qna,솔 야누스 30기준 사냥 제일 편한 직업머임?,2026-06-12 15:00:00+00:00,https://www.inven.co.kr/board/maple/2300/356295,comments,15081,0,38,37,False,neutral,positive,information,밸런스·스킬,0.35,,솔 야누스 30기준 사냥 제일 편한 직업머임?동꼽되는거로..,domain-lexicon-v1.1
2300,356722,qna,정말 메이플 처음 하는 사람 직업추천,2026-06-14 15:00:00+00:00,https://www.inven.co.kr/board/maple/2300/356722,comments,3210,0,26,26,True,neutral,positive,question,밸런스·스킬,0.35,,"이번에 키우는 애를 애정있게 본캐로 키워보려 합니다 과금 계획은 크게 없고 패스랑 패키지 등 질러가면서 하려해요 그 메소 드랍템도 맞춰주고.. 보스를 진짜 1도 몰라서 카오스 자쿰한테도 자꾸 뒤집니다 잘 안뒤지는 애는 없나요 1. 레테 -뭔가 안키우면 뒤처지는 느낌 2. 렌 -이게 진짜 쉽다고 들음 3. 보마 -이건 더 쉽고 쎄다고 들음 4. 캡틴, 와헌, 아델 -이 셋은 그냥 순수 궁금 =본캐로 좀 애정있게 키울만한 친구 이중에서 뭐 하면 될까요?",domain-lexicon-v1.1
2300,357550,qna,저 ㅈ된건가요?하이퍼버닝,2026-06-19 15:00:00+00:00,https://www.inven.co.kr/board/maple/2300/357550,comments,4108,0,28,29,False,neutral,negative,information,성장·보상,0.35,,어제 저녁 늦게 챌린저스에 캐릭터를 만든다는걸 스카니아에서 레테를 하이퍼버닝 지정하고 생성하고 200까지 테라블링크?하고 끄고 지금알게됐어요 스카니아에 한걸... 스카니아에 생성한 하버레테 지웠는데... 하이퍼버닝 다시는 못만드나요................................................. 완전히 캐삭하고 다시 챌3에 만 드려고하는데 하이퍼버닝 지정이안되네요.. 200렙보상도 받았는데 장비같은거요;;하 ᄉ.ᄇ 그러면 하버 다시 지정할수있어도 버닝200렙보상 받았으니 200렙 보상도 또 못받는건가요..? 피시팡까지 결제해놨는데 ᅲᅲ 젠장!!,domain-lexicon-v1.1
2300,357919,qna,선생님들 노말 윌도 못깨면 접는게 맞을까요?,2026-06-23 15:00:00+00:00,https://www.inven.co.kr/board/maple/2300/357919,comments,1455,0,32,32,True,neutral,negative,information,보스·전투,0.35,,"3일째 도전 중인데 너무 못하네요 윌도 어려워서 못하는데, 다른 보스들도 힘들겠죠?",domain-lexicon-v1.1
2300,358023,qna,도와주세요 전투력 2100만까지 올렸는데도,2026-06-24 15:00:00+00:00,https://www.inven.co.kr/board/maple/2300/358023,comments,2659,0,27,27,True,neutral,positive,information,보스·전투,0.35,,아델 직업인데 전투력 2187되나? 그정도 되는데도 하드스우도 못깨고 하드데미안도 못깨고 노말듄켈까지 힘든데 너무 똥손이어서 패턴 피하기가 너무 어렵습니다.....계속 연습만이 답일까요? 아님 전 스펙 더 올려야할까요? 극딜 사이클대로 쿨 돌때마다 하는데...피도 안깎입니다..하드 데미안은 원래 일케 안 깎이나요? 제네시스 패스까지 샀는데 이렇게 보스도 못도는데 괜히 샀나 싶어 후회되네요ᅲ,domain-lexicon-v1.1
2300,358388,qna,누가 메이플 접는건 능지순이라 했는데...,2026-06-27 15:00:00+00:00,https://www.inven.co.kr/board/maple/2300/358388,comments,1827,0,25,24,False,neutral,neutral,complaint,버그·사용성,0.35,,"정말이다... 내가 처음 메이플 접한게...2004년 중2 봄에 친구들과 500원 pc방에 갔을때인가 그럴거고... 일 때문에 출장에 가느라 접속을 안한것이...2026년 3월.... 2026년 6월 24일 레테 만들고 게임을 즐기다가 토요일 동전꼽아 정지를 당하고 나니까... 처음에는 열받다가... 진짜 오래간만에 집 대청소를 하고 시계를 보니까...그래도 12시 더라고 그러다가 왜 정지를 먹었을까...진짜 동전인가... 하고 고객센터 문의하고 글 찾아보고 하니까...비정상적인 기록 탐지더라고 그게 반복적인 키 입력, 매크로 탐지 등등 근데 나는 매크로를 쓸줄 모르니까 패스 아 동꼽하네.ᄏᄏᄏ ᄂ 반복적인 키 입력이긴 하는구나? ᄂ 재밌는건 겨우 2분 썻는데 정지임ᄏᄏᄏᄏᄏ 나랑 같은 사람이 많더라고 ᄏᄏ 아무튼 점심 먹고 분리수거 해도 책읽고 영화보고 집오니까 18시 30분 넘어서 인벤에 물어봐야겠네...하고 올리고 나서 저녁 먹고, 씻고 하니까 자고 일어났는데... 몸이 개운하",domain-lexicon-v1.1
2300,358910,qna,소과금 메린이 템셋팅 순서 좀 알려주시면 감사합니다.,2026-07-04 15:00:00+00:00,https://www.inven.co.kr/board/maple/2300/358910,comments,523,0,25,25,True,positive,positive,request,성장·보상,0.6,감사,"이번 달에 운 좋게 33퍼 띄워서 이거 팔고 자석펫 한 마리 사고 나면 한 600억이 남습니다. 이걸로 스펙업하고 싶은데 구매할 템순서 알려주시면 감사합니다. 오늘 샤타포스 때 마이링은 22 성 띄울 예정입니다. 50억정도 있습니다. 가엔링은 저대로 그냥 팔고 600억 메소 들어오면 새로 살 예정입니다. 반지는 현재 4레벨 반지 하나 샀고, 아마 리레링4렙도 하나 미리 쌀 때 하나 살 예정입니다. 메고수님의 지도 부탁드립니다. 무기는 천장처서 현재 코인 다 쓴상태이구요. 메소로 아마 에디 레전 달아야할 듯 싶습니다 . 제네시스 패스 당연히 구매 했습니다. 레전더리 의문의결계 8강입니다. 진 패스 구매한 상태입니다.",domain-lexicon-v1.1
2300,359039,qna,돈좀쓴것 같은데 안쎼져서 고민입니다 ㅠ,2026-07-05 15:00:00+00:00,https://www.inven.co.kr/board/maple/2300/359039,comments,1356,0,38,38,True,neutral,positive,information,보스·전투,0.35,,본캐급으로 천천히 키우려고 준비중인데 그래서 템하나 하나 신경써서 맞추다보니... 쓴 돈 대비 전투력이 안나오는 거가타 고민입니당 ᅲ 해방은 칭구랑 같이한다고 밀려서 7.16 예정이고.. 아이템메이커로 해방무기 정옵 넣어서 돌려봐도 하메가 95퍼 뿐이 안나오네요ᅲ 이제 돈모아서 버섯펫 사려고 했는데 꼼짞없이 또 템에 돈을 써야할꺼같아요.. 한 200억~300억 정도 (자석펫 살돈인데 ᅲ) 더 템에 투자한다하면 어떤거 우선으로 하는게 좋을까요..??,domain-lexicon-v1.1
2300,359096,qna,챌섭 무자본 현실적 목표,2026-07-06 15:00:00+00:00,https://www.inven.co.kr/board/maple/2300/359096,comments,7643,0,28,30,False,neutral,negative,information,커뮤니티,0.35,,챌섭 오늘부터하면 티어 어디로 목표 잡아야할까요? 챌린저패스만 샀고 현질은 더 안할듯 싶음,domain-lexicon-v1.1
2300,359163,qna,메소마켓 쓰는게 더 이득일까요?,2026-07-07 15:00:00+00:00,https://www.inven.co.kr/board/maple/2300/359163,comments,1841,0,23,23,True,neutral,positive,debate,경제·옥션,0.35,,"첫 본캐 챌섭에서 만들었습니다. mvp는 곧 실버이고 보조랑 미트라 합쳐서 400억정도에 맞출 생각인데, 쌀사먹는거랑 차이가 많이나더라고요. mvp효과가 좋은건 알지만 실제로 애정있게 게임하시는 분들이 봤을땐 메소마켓을 쓰는게 좋은지 의견 궁금합니다!",domain-lexicon-v1.1
2300,359225,qna,메소 다 파먹고도 재획 빨아도 이득인가영?,2026-07-08 15:00:00+00:00,https://www.inven.co.kr/board/maple/2300/359225,comments,5158,0,28,28,True,neutral,positive,question,경제·옥션,0.35,,"처음 메이플 챌섭에서 시작한 뉴비입니다 다이아 티어에 아드, 메드는 어빌밖에 없는데 메소 다 먹고도 재획 빠는게 이득인가요?",domain-lexicon-v1.1
2300,359468,qna,챌린저목표 8600만 윈브 뭘 더 해야할까요?,2026-07-11 15:00:00+00:00,https://www.inven.co.kr/board/maple/2300/359468,comments,18327,0,141,40,False,neutral,positive,request,밸런스·스킬,0.35,,"제목 그대로 챌린저목표로 달리고 있습니다. 닉네임은 윈브프라임 입니다. 무기 해방까지했고 미트라도 사고 보조도 윗3줄을 삿는데 셋 다 미라클날 에디 레전도 못가고 폭망하고 제네무기는 윗잠 더 돌릴예정입니다. 지금 8600만인데 하드 메이린까지 꺨려면 템을 뭐 더 건드려야 할까요? 지금 템셋팅이 도전자셋에 여명4셋, 파풀마, 분자벨 플하 에픽~유니크 대충하고 18성까지 했습니다. 대충 생각중인건 메소 모아서 무보엠 레전2줄이랑 장신구들 유니크등업하고 2줄, 에디 에픽등업하고 2줄밖에 생각이 안납니다. 이벤트링 하나랑 피도미를 뭘로 바꿔야할까요? 헥사스킬은 스텟3까지 떡작하고, 사냥으로 조각 모을때마다 계속 강화중입니다. 일단 무보엠 에디가 젤 급하겠죠...?",domain-lexicon-v1.1
2300,359535,qna,원래 세렌 정신병자가만든 보스맞나요?,2026-07-12 15:00:00+00:00,https://www.inven.co.kr/board/maple/2300/359535,comments,3883,9,44,44,False,neutral,negative,debate,보스·전투,0.35,,제가 트라이하다가 정신병걸릴거같은데 하드듄캘이랑 두마리 개초딩패턴으로 돈뽑아처먹을려고만든 보스같은데 제가 똥손인거임? 내가 똥손이라서 그러면 과감하게 남은거 팔아재끼고 접을꼐요 배율 170퍼입니다,domain-lexicon-v1.1
2300,359719,qna,헥사 코어 3 때문에 벽에 막힌거 같습니다,2026-07-14 15:00:00+00:00,https://www.inven.co.kr/board/maple/2300/359719,comments,3334,0,22,22,True,neutral,positive,request,보스·전투,0.35,,이번 유입 메린이 보마로 281렙 찍고 검밑솔 보스들 다 돌면서 행메중이었는데 헥사 코어 2 까지 뚫는데 좀 부담이 되었었습니다 근데 이번에 3까지 뚫으려는데 생각보다 어마무시하게 솔 에르다와 조각이 필요하더라고요... 이건 자연 사냥으로 얻긴 좀 힘든 양 같은데 여기서 현질을 하라고 만든 시스템인가요 아니면 사냥 꾸준히 하면 충분히 가능한 양일까요...? 뉴비라서 진짜 몰라서 여쭤봅니다,domain-lexicon-v1.1
2300,359866,qna,지피방? 원격피시방? 질문있습니다,2026-07-16 15:00:00+00:00,https://www.inven.co.kr/board/maple/2300/359866,comments,2171,0,23,23,True,positive,neutral,question,운영·소통,0.6,감사,"안녕하세요. 챌섭 유입뉴비입니다 이번달은 간신히 피시방 15시간 채워서 자석펫 받을 수 있는데 직장다니면서 피시방 60시간 채우는건 솔직히 힘들거같아서 이것저것 찾다보니 지피방, 원격피시방을 알게 되었네요 근데 이거 사용하면 정지사유라는 이야기를 봤습니다. 아직까지 운영되는거 보면 사용하는 사람도 많을거 같은데 출근하기전에 켜놓고 퇴근하고 와서 제가 게임하고 하는 방법도 정지되나요? 지피방이랑 원격피시방이랑 차이가 원격피시방이 더 안전하다! 정도로만 알고있습니다. 어떤 방식이 나은지 알려주시면 감사하겠습니다.",domain-lexicon-v1.1
2300,355681,qna,아이템 질문하기전에 읽어보세요,2026-05-26 15:00:00+00:00,https://www.inven.co.kr/board/maple/2300/355681,recommendations,1005,7,0,0,True,neutral,neutral,question,경제·옥션,0.35,,"맨날 무슨템 얼마에요? 무슨템 사야하나요? 물어보길래 하나써봄 고인물들도 시세 달달 외우고있는사람 없고, 그때그때 경매장확인해야하고 질문자 캐릭터정보보고 고민해야되므로 대부분 답변 제대로 안달림. 본인이 보고 공부를 하시길. 위 템 사진 맨위부터 별22개 가위횟수1회 (내가 구매해서 착용하다가 가위를 사용하여 재판매 후 그다음 구매자는 평생착용하는 거래불가아이템이 되므로 재판매 시 구매자가 없을 확률이 높고, 팔리기 위해서는 매우 싼 가격에 판매해야할 확률이 매우매우 높음) *초록글씨* 추옵 주56(부24)+5% *보라글씨* 주문서작 부2 공28 윗잠재 레전30% 아랫잠재 에픽 2.1줄 (에픽은 주스텟4% 공마10을 2줄로봄 또는 공마20~21도 두줄로 취급, 레어에서는 공마10을 한줄로보고 2줄은 거의안뜸) 어차피 에디에픽이상 볼사람들은 이거안봐도될테니 위 템이 현재 142억, 가위횟수말고는 깔끔한 아이템. 하지만 매물이 많은 아이템이라 굳이 가횟낮은 아이템을 저 가격에 살 이유는",domain-lexicon-v1.1
2300,357588,qna,"진짜메린이입니다....아버가 없습니다...훈수 좀 부탁드리빈다.,.,",2026-06-19 15:00:00+00:00,https://www.inven.co.kr/board/maple/2300/357588,recommendations,1570,1,17,17,True,neutral,negative,request,보스·전투,0.35,,아버 캐릭터 지웠다가 아버가 통째로 없어져서 쌩으로 키우고있숨니다.. 지금 가진 메소는 569만원입니다.. 아직 카벨/카오스피에로/스우 안잡았고 나머지는 잡았숩니다 쉬운것들이요.. 아이템 가이드 부탁드립니다 ᅲ 메소는 보스 돌아서 구하고.. 뭐부터 해야할지 갈피가 안잡혀요.. 스우 잡고싶은데.. 저기 있는템은 챌린저스 아이템 빼고 제가 다 만들었습니다 (보스장신구도 다 만들었습니다 제가..) 매커네이터 펜던트는 10강에 추옵 INT 28 올4% 강환불 돌려서 만들었습니다,domain-lexicon-v1.1
2300,357828,qna,듀얼블레이드 세트 가지고계신분 수소문해봅니다,2026-06-22 15:00:00+00:00,https://www.inven.co.kr/board/maple/2300/357828,recommendations,821,1,3,3,True,neutral,positive,information,경제·옥션,0.35,,모험가말고 옛날매물이라 사고싶은데 너무탐나네요 지금 메소가있는것도아니지만 혹여나 생기게된다면 파시는분이랑 연락이라도닿고싶습니다 저는 진짜 완전한 듀얼블레이드가 되고싶은데 꿈을 이뤄주실분없나요,domain-lexicon-v1.1
2300,357836,qna,개초보뉴비 챌린저하고싶습니다 길을알려주세요,2026-06-22 15:00:00+00:00,https://www.inven.co.kr/board/maple/2300/357836,recommendations,4785,1,9,9,True,neutral,positive,question,보스·전투,0.35,,"지금 길라잡이 보스컨텐츠 순서 기준 실제로는 노말루시드 / 이지 윌 잡았고 연습모드로 노말루시드 노말 윌까지 싹 다 잡았습니다 + 노말카이 옛날에 마지막으로 잡았던게 카루타가 끝이고 나머지는 영상보면서 패턴보고 다 맞으면서 겨우 깼습니다. 그래서 뭔가 레이드가 재밌게 느껴져서 현재 제네시스패스+스타터팩?만원짜리 구매 했고 챌섭 끝날때까지 챌린저를 찍고 제네시스 해방? 이거 패스끝까지는 해보고싶은데요 1. 제네시스 하드 메이린부터 진힐라 하드, 카오스 더스크랑 하드 듄캘까지 다 잡아야하는건가요? (초보기준 다 깰수 있을까요??) 2. 추가적으로 구매해야하는 상품이 뭔지 궁금합니다 (사냥은 하지만 초보라 뭔가 다른 사람보다 렙업이 느린느낌) 2-1. 제네시스패스plus는 구매가 왜 안되는건가요? 2-2. 챌린저스패스는 exp랑 프리미엄까지 사야하나요? 2-3. 에픽던전 메포로 구매하는거 경험치가 많이주던데 매주 사면 좋나요? lv1 ,lv2 효율이 나오나요? 3. 장비템이나 메소를 사야",domain-lexicon-v1.1
2300,357897,qna,메이플 입문 뉴비 유튜브 보고 따라오긴 했는데 템세팅 앞으로,2026-06-22 15:00:00+00:00,https://www.inven.co.kr/board/maple/2300/357897,recommendations,668,1,5,5,True,neutral,mixed,question,보스·전투,0.35,,"안녕하세요 앞으로 뭐 해야하는지 감이 안 잡힙니다 위와 같은 템세팅으로 유튜브 보고 따라왔고 전투력 2200만 정도 나옵니다. 노말 진힐라까지는 한 3시간 패서 잡아서 지금 플래티넘에 와있는 상태인데요 앞으로 장신구를 바꾸라는 걸 들었는데, 한주한주마다 유니크 잠재 발라가면서 바꾸면 되는건지 뭐부터 우선순위를 둬야 하는지.. 사파이어 가려면 뭔가 스펙업을 해야할 것 같은데 좀 친절히 알려주실 분 계신가요??",domain-lexicon-v1.1
2300,357928,qna,챌섭 메린이 파풀마 대신 블빈마를 사버렸습니다..망한건가요?,2026-06-23 15:00:00+00:00,https://www.inven.co.kr/board/maple/2300/357928,recommendations,6047,2,12,12,True,neutral,mixed,information,경제·옥션,0.35,,"어떤 유튜버(지@)를 보고 파풀마가 있는줄 모르고 블빈마를 사버렸습니다.. 근데 다른 유튜버 들은 파풀마를 사라고 하더라고요 (물@@아,메@놈) 블빈마는 2억 메소 주고 샀는데 파풀마는 2억 초반대~3억에 거래 되었더라고요 가격차가 별차이가 안나는데 블빈마를 사버려서 너무 후회됩니다.. 메린이 망한건가요?ᅲᅲ 파풀마로 다시 살까요?",domain-lexicon-v1.1
2300,358194,qna,메린이 600억 메소 정도 스타드 할려는데 질문있어요!,2026-06-26 15:00:00+00:00,https://www.inven.co.kr/board/maple/2300/358194,recommendations,966,1,3,3,True,neutral,positive,question,경제·옥션,0.35,,"카데나 진행중인데 보스시간이 너무 오래걸리고 리트가 많아서 뼈대정도만 맞춰주고 싶어서요!! 600억정도 생각하고 있고 자본은 제네시스, 챌린저스 패스는 다해놓은 상태입니다! 자석펫 없고 따로 구매한건 1개도 없어요 ᅲ 제 생각은 보조무기 보보공/공잡옵잡옵 / 미트라 공공럭 / 공공럭 / 심장 럭x3 /럭올스텟 기타 이정도 경매장에 알아보니까 600억정도 되더라구요 다사면 그게 좋을지 아니면 반지나 귀걸이 등 악세를 맞추는게 더 효율이 좋을지 궁금합니다!",domain-lexicon-v1.1
2300,358201,qna,바인드 씹힘 질문,2026-06-26 15:00:00+00:00,https://www.inven.co.kr/board/maple/2300/358201,recommendations,619,1,5,5,True,neutral,neutral,complaint,보스·전투,0.35,,챌섭에서 제논 육성중인데 보스 할때마다 에르다 노바가 씹힘니다 ᅲ 일반 극딜 때 패턴이랑 안겹치는거 같은데도 쓰면 계속 헤카테 바인드만 써지고 노바는 써지는데 적용이 안 되네요 혹시 왜 그런지 아시는 분 있나요,domain-lexicon-v1.1
2300,358424,qna,성장 방향 좀 알려주세요,2026-06-28 15:00:00+00:00,https://www.inven.co.kr/board/maple/2300/358424,recommendations,520,1,8,8,True,negative,positive,question,밸런스·스킬,0.6,부족,열심히 해서 렙 280까지 찍고 스샷정도 세팅했는데 앞으로 어느 쪽으로 성장 방향을 잡으면 좋나요? 검마는 파티로는 깼고 솔로는 도전 못 해봤고 세렌 노말 가봤는데 딜 부족하더라구요.... 직업은 비숍이고 검마 밑으로는 솔로로 일단 다 깼습니다.,domain-lexicon-v1.1
2300,358481,qna,보스 파티플레이 중 죽으면 아무 보상 못받나요?,2026-06-29 15:00:00+00:00,https://www.inven.co.kr/board/maple/2300/358481,recommendations,750,1,3,2,False,negative,neutral,question,성장·보상,0.6,아쉽,챌린저스 서버로 메이플 유입한 뉴비입니다 오늘 밤늦게까지 검은마법사 트라이를 했는데 결국 마지막페이지 피통5퍼에서 아쉽게 죽어버렸습니다 그런데 팀원 한명은 격파 성공했다고 저도 격파처리 되더니 아무 보상도 없이 끝나버렸습니다 이런 경우에는 어떻게 해야 되나요? 어둠의 흔적을 위해 하루종일 공략보고 도전했는데...,domain-lexicon-v1.1
2300,358499,qna,템세팅 vs 다조구매,2026-06-29 15:00:00+00:00,https://www.inven.co.kr/board/maple/2300/358499,recommendations,3381,2,13,13,True,neutral,positive,debate,커뮤니티,0.35,,다음달에 대략200억 정도를 투자를 한다면 템세팅이 나을까요? 지금 템 비싼건 3배씩 비싸던데(장신구) 이게 맞나 싶기도;; 차라리 싼 다조를 구매하는게 좋을까요.... 메짱이분들 답변 좀 ... 본캐로 키울 아이 입니다!,domain-lexicon-v1.1
2300,358900,qna,이거 111억 관세o 괜찮게산건가요?,2026-07-03 15:00:00+00:00,https://www.inven.co.kr/board/maple/2300/358900,recommendations,1307,1,1,1,True,neutral,neutral,information,경제·옥션,0.35,,추옵은 조금씩 돌릴생각이긴한데 같은가격대에 레전 세줄이 이거뿐이길래 평생쓸생각으로 샀습니다. 챌린저까지 목표입니다.,domain-lexicon-v1.1
2300,358934,qna,하드메이린+본캐급 스펙업 어느정도로 해야할까요ㅠ?(사진있음),2026-07-04 15:00:00+00:00,https://www.inven.co.kr/board/maple/2300/358934,recommendations,3397,1,11,11,True,neutral,positive,question,커뮤니티,0.35,,챌섭에서 하드메이린까진 여유롭게 잡고싶구 추후 본섭가서도 본캐로 쓰려면 여기서 스펙업 순서를 어떻게 해야할까요? 어느정도로 뭘 맞춰야될지 도저히 감이 안와요.. 미트라는 쌍레 공 5줄 살 예정이에요 1. 여명 21성 둘둘 2. 칠흑 깡통 레전 사서 천천히 직작하기 3. 그 외 다른거...?,domain-lexicon-v1.1
2300,359202,qna,목 긴 공룡 모자 이름 아시는분...,2026-07-08 15:00:00+00:00,https://www.inven.co.kr/board/maple/2300/359202,recommendations,930,4,5,5,True,neutral,positive,information,커뮤니티,0.35,,아니 무슨 공룡?? 모자인데 목이 엄청 긴 공룡 모자였어요... 더블클릭 하려는데 사라져서 여기 올립니다 ᅲ,domain-lexicon-v1.1
2300,359352,qna,템 업그레이드 질문!!!,2026-07-09 15:00:00+00:00,https://www.inven.co.kr/board/maple/2300/359352,recommendations,252,1,2,2,True,neutral,positive,request,커뮤니티,0.35,,"이번주에 하드 메이린까지 잡고 싶은데 제일 가성비 있게 템을 업그레이드 하려고 합니다.... 일요일에 17성 강화권으로 가엔링 17성 까지 해주고 그 다음부터 뭐부터 해야할지 모르겠습니다. 생각하는건 크뎀,올스텟 아케인장갑인데 전문가분들의 조언 부탁 드립니다. https://maplescouter.com/ko/info?name=%EC%A1%B0%EC%A2%85%ED%95%A0%EA%B2%8C%EC%9A%A7",domain-lexicon-v1.1
2300,359640,qna,와이프가 시작한다해서 보마로 하버 만들어줬는데 텔포직업을 원합니다 ㅠ,2026-07-13 15:00:00+00:00,https://www.inven.co.kr/board/maple/2300/359640,recommendations,1676,1,15,15,True,neutral,negative,question,밸런스·스킬,0.35,,하버랑 비욘드는 캐삭하고 재지정 하면 그만이긴 하지만 아버를 못받으니 이거 뭐..... 어떻게해야할지 모르겠네요 ᅲ 1:1문의글도 남기긴 했지만 ᅲ 아버 종결 아이템으로 가장 싸게 맞춘다면 장비만 100억 밑으로 맞출 수 있을까요? 레테로 진행하려 합니다 ᅲ,domain-lexicon-v1.1
2300,359678,qna,플라즈마 하트 본캐 vs 부캐 고민,2026-07-14 15:00:00+00:00,https://www.inven.co.kr/board/maple/2300/359678,recommendations,705,1,9,8,True,neutral,positive,question,커뮤니티,0.35,,"안녕하세요 이번 챌섭에서 플라즈마 하트를 받을 수 있을 것 같은데, 본캐를 줘야되나요 하니면 챌섭캐가 그대로 들어야 되나요? 본캐는 환산 5만 정도에요!",domain-lexicon-v1.1
2300,359886,qna,6월말 유입 뉴비 현실적인 조언 부탁드립니다,2026-07-16 15:00:00+00:00,https://www.inven.co.kr/board/maple/2300/359886,recommendations,244,1,6,5,False,neutral,negative,request,성장·보상,0.35,,안녕하세요 6월말쯤 유입한 뉴비인데요 제 기억에 전에는 챌섭경매장이 본섭이랑 통합이아니였어서 템값이 너무비쌋었던 기억이있어서 이번 버닝을 본섭에 하이퍼버닝받고 비욘드버닝받고 키웠는데 챌섭이 경매장통합이더라구요.. 정말 땅을치고 후회했는데 그래도 안접고 오늘까지 버티면서 매일매일하고있습니다 제 질문은 챌섭3만점보상인 유니인온비약20개가 저처럼 유니온1500따리에게는 절실하거든요 그래서 제가 챌섭에 레테를 1렙부터 손수키워서 지금238레벨인데 챌섭끝나기전까지 3만점이 현실적으로 가능할까요?... 혼자 계산해본결과 메이플보스자체도 저번주 본캐로 진힐라노말 첫클할정도로 메이플의 짬밥이없습니다. 과금도 소소해서 3만점목표로 레테에게 해준다면 250~300억정도 해줄거에요 그냥 챌섭 끝나기전까지 몬파+일퀘정도랑 이벤트좀 소소하게 챙기면서 즐기다가 리프할까요? 아니면 정말 3만점 가능할까요? 거짓없이 메근육없는 제 상태로 가능한지 조언부탁드립니다..,domain-lexicon-v1.1
2300,355558,qna,현재 10.3 챌린지 티어표 의미있음?,2026-05-23 15:00:00+00:00,https://www.inven.co.kr/board/maple/2300/355558,views,9556,0,20,20,True,neutral,negative,information,커뮤니티,0.35,,데벤져 해보고싶은데 어렵다 쓰레기다 이런 말이 있어서,domain-lexicon-v1.1
2300,355698,qna,mvp작 효율 어떤가요?,2026-05-27 15:00:00+00:00,https://www.inven.co.kr/board/maple/2300/355698,views,8298,0,1,1,True,neutral,neutral,request,경제·옥션,0.35,,"챌섭 대비 mvp작 하려고 하는데(사우나, 일퀘 딸깍 등등 때문에) 할인되는 상품권 구매 -> 충전 -> 시세보고 캐시템 구매 후 판매 -> 환전 까지는 이해했는데 이 과정에서 어느정도 손실이 발생할지 감이 잘 안오네요.. 추가로 mvp작 할때 생기는 손실을 그냥 메소로 바꿔먹는거는 효율이 어떤지(레드 편의성을 이길 수 있을지?)도 궁금합니다!!",domain-lexicon-v1.1
2300,356243,qna,현금거래 정지,2026-06-11 15:00:00+00:00,https://www.inven.co.kr/board/maple/2300/356243,views,9600,1,8,8,True,neutral,positive,information,경제·옥션,0.35,,메이플 지금 메소 팔아서 정지먹는게 파는사람만 정지먹는건가요? 아니면 사는사람도 정지먹고 메소는 레드어카운트로 회수가되는건가요?,domain-lexicon-v1.1
2300,356280,qna,챌섭 메소,2026-06-12 15:00:00+00:00,https://www.inven.co.kr/board/maple/2300/356280,views,10658,0,4,4,True,neutral,neutral,information,경제·옥션,0.35,,챌섭에서 쓸려고 40억 모아놨는데 이걸로 머하는게 좋을까요?,domain-lexicon-v1.1
2300,356363,qna,이벤트 공짜 자석펫 질문있습니다.,2026-06-12 15:00:00+00:00,https://www.inven.co.kr/board/maple/2300/356363,views,9396,0,7,7,True,neutral,positive,question,이벤트·캐시,0.35,,이번에 하는 공짜 자석펫 한마리 이벤트 이거 챌섭에서 받을 수 있는건가요? 보니까 6월 18일에 받을수 있다고 나오긴하는대 이 이벤트 자체가 17일날 끝나는대 끝나고 이벤트 다한사람만 받는거같은대 이거 챌섭에서 가능한거임? 이벤트 자체는 17일에 끝나는대?? 이번 첼섭보니까 기간제 자석펫도 없는거같은대 혹시 첼섭에서 받으면 19회 밀려있는 출책 메포로 밀려하는대 어떤가요 다들?,domain-lexicon-v1.1
2300,356437,qna,자석펫 월드공유,2026-06-13 15:00:00+00:00,https://www.inven.co.kr/board/maple/2300/356437,views,7799,0,4,4,True,neutral,neutral,information,커뮤니티,0.35,,이거 다른서버로도 공유가능하다는건가요 아니면 한서버내에서만 무한공유가능하다는건가요,domain-lexicon-v1.1
2300,357014,qna,메소마켓 시세 왜 점점 내려가나요?,2026-06-16 15:00:00+00:00,https://www.inven.co.kr/board/maple/2300/357014,views,20447,0,13,13,True,neutral,neutral,complaint,경제·옥션,0.35,,이번 챌섭 열리면 메소마켓으로 메소를 구입하려 했는데 시세가 올라갈까봐 미리 구입하려 했습니다. 근데 지난주부터 서서히 메소 가격이 떨어지더라구요. 혹시 최근에 메소마켓 가격이 떨어질만한 이슈가 있었던건가요? 챌섭이 열리기 전에 미리 메소를 구입해야 할지 지금 구입해야 할지 메이플 시세에 익숙하신 분들의 의견을 듣고 싶습니다.,domain-lexicon-v1.1
2300,357154,qna,신규 직업 버프라던데,2026-06-17 15:00:00+00:00,https://www.inven.co.kr/board/maple/2300/357154,views,13378,0,9,9,True,neutral,positive,information,밸런스·스킬,0.35,,"이번에 시작해보려고하는데, 원래는 레테가 생각보다 별로라는 평이 있어서 렌이랑 아란 중 고민하다가 아란을 해보려고했었습니다. 원하는 것도 원하는건데 성능캐릭이 하고 싶어서 그러는데, 메이플을 완전 처음 해보는 뉴비인데 레테로 시작할만할까요?",domain-lexicon-v1.1
2300,357161,qna,챌 1섭을 해야하는 이유,2026-06-17 15:00:00+00:00,https://www.inven.co.kr/board/maple/2300/357161,views,17616,0,15,15,True,neutral,mixed,information,커뮤니티,0.35,,가 있나요??.. 3까지는 다 가능한거 아닌지요...,domain-lexicon-v1.1
2300,357228,qna,챌섭에서 이번에 처음 키우려고 하는데 200렙 달성 비약 질문드려요,2026-06-17 15:00:00+00:00,https://www.inven.co.kr/board/maple/2300/357228,views,11432,0,5,5,True,positive,positive,question,성장·보상,0.6,감사,"본섭에서는 유니온 9240인데 주보용 부캐 하나 키우고싶어서 챌섭에서 키우고 본섭으로 리프하려고 합니다 그런데 챌섭이 이번에 처음인 상황입니다 (예전에는 새로운 서버에서 키우기 귀찮아서 본섭에 하이퍼버닝 받아서 260만 키우고 버리고 했어요) 챌섭에서 키우면 200레벨 달성의 비약을 20개 주잖아요? 근데 이건 챌섭 유니온 내실용으로 200렙 20개를 만드는게 좋은지, 아니면 본섭 유니온 레벨 올리기용으로 1~2캐릭에 몰빵해서 200렙 이상 만들어서 본섭 리프에 같이 가져오는게 좋은지 잘 모르겠습니다... 아직 물약 받으려면 시간 좀 많이 남아서 천천히 고민하는기 맞긴 하지만 챌섭이 처음이라 점수표 보상 보니까 궁금해져서요!! 지금 본섭에 유니온용 캐릭터로 205둘둘을 해둔 상태긴 한데... 보통 이럴때는 200레벨 달성의 비약은 어떻게 사용하는게 좋은지 알려주시면 감사하겠습니다!!",domain-lexicon-v1.1
2300,357252,qna,에테리온 아티팩트 코어 활성화 뭐해요?,2026-06-17 15:00:00+00:00,https://www.inven.co.kr/board/maple/2300/357252,views,8693,0,0,0,True,neutral,neutral,information,밸런스·스킬,0.35,,사냥시 솔 에르다 흭득량 하면 되나용?? 서버는 챌린저스에여!,domain-lexicon-v1.1
2300,357290,qna,노말 카이 최소컷이 몇이에요?,2026-06-17 15:00:00+00:00,https://www.inven.co.kr/board/maple/2300/357290,views,30955,0,5,5,True,neutral,neutral,information,커뮤니티,0.35,,지금 레테 리레4랩 컨티3랩있고 투력 1300만인데 갈수있나요?,domain-lexicon-v1.1
2300,357703,qna,이번 챌섭 페어리하트작 뭐가 맞아요..?,2026-06-21 15:00:00+00:00,https://www.inven.co.kr/board/maple/2300/357703,views,15275,0,8,8,True,neutral,neutral,information,커뮤니티,0.35,,다 말이 조금씩 달라서 대충 여론이 1. 일단 피버때 30퍼 작하고 본섭 넘어오면 매지컬작 2. 챌섭 상점 1000코인 짜리 카르마 프악공or마 사서 작하기 이렇게 두가지 있던데 둘 다 숫자가 비슷하게 보여서.. 챌섭뉴비라 언컨은 생각도 못하고 해도 플라즈마 업글해서 사용할 예정임다.,domain-lexicon-v1.1
2300,357767,qna,챌섭 레잠 어디에써야되나요?¿?¿?¿?¿?¿?,2026-06-21 15:00:00+00:00,https://www.inven.co.kr/board/maple/2300/357767,views,11524,0,8,8,True,neutral,positive,question,커뮤니티,0.35,,1. 블랙보조 2. 엠블렘(미트라) 3. 페어리하트 당신의 선택은??? *(제네무기는 4만점 레잠 쓸거에요!)*,domain-lexicon-v1.1
2300,357959,qna,연합 토큰 어떻게 얻나요?,2026-06-23 15:00:00+00:00,https://www.inven.co.kr/board/maple/2300/357959,views,8204,0,16,16,True,neutral,negative,question,이벤트·캐시,0.35,,미션 울티마인지 뭔 씨잘떼기 없는 스토리텔링 영상 따위에 무슨 시간 할애를 1시간이나 강제하고 지랄인지 참. 다 읽지도 않음. 걍 개 빡쳐서 중도 관둠. 앞으로 몇 수시간을 갈아넣어야하는지 미확인 상태. 이딴거 빼라니까는 고정도 아니고 단기 이벤트에 뭔 힘을 이래 주는지. ᄏᄏᄏᄏ 개선 제보를 이딴거넣으라고 힘주는 유저들이 많은가보다. 진짜 개변태 인간들 많나봐요. 온라인 도박장에 이딴 궁금하지도 않는 스토리 읽고싶나봐. 그래서 연합 토큰 어딧나요 ᅲᅲ,domain-lexicon-v1.1
2300,357969,qna,레테 어빌리티 질문요,2026-06-23 15:00:00+00:00,https://www.inven.co.kr/board/maple/2300/357969,views,24285,0,6,6,True,neutral,positive,question,커뮤니티,0.35,,레테 어빌리티 돌리다가 2번째줄에 상추뎀8%가 떳는데 자물쇠 잠궈도 되나요? 그리고 서큘레이터? 이건 어떻게 사용하나요?,domain-lexicon-v1.1
2298,221780,shade,챌섭에서 키우려고 고민중인데 후방캔 질문,2026-06-10 15:00:00+00:00,https://www.inven.co.kr/board/maple/2298/221780,comments,2133,0,14,14,True,neutral,positive,question,커뮤니티,0.35,,후방캔할때 다들 벽에서 하던데 벽이 있어야 되는건가요?,domain-lexicon-v1.1
2298,221842,shade,신규 스킬 개인적으로 극호임.,2026-06-12 15:00:00+00:00,https://www.inven.co.kr/board/maple/2298/221842,comments,7223,3,23,23,True,neutral,positive,information,밸런스·스킬,0.35,,은월 설정이 수호령으로 랑을 지니고 있는 설정인데 그 시절 수호령의 설정은 ' 같이 싸운다 '였음. 그 시절 향수도 느껴지고 개인적으로 이팩트는 호신강림 복붙 시절급의 무성의 아니면 좋아하는 편임. 아무튼 결론. 랑아!!! 보고 싶었다!! 역시 은월의 정실!!,domain-lexicon-v1.1
2298,224107,shade,신스킬 점유율 테스트,2026-07-08 15:00:00+00:00,https://www.inven.co.kr/board/maple/2298/224107,comments,4111,10,14,14,True,neutral,positive,information,밸런스·스킬,0.35,,1렙기준 0.54퍼 30렙기준 2.46퍼 사출기 생각하면 1레벨 오픈효율 1퍼 30렙기준 3퍼쯤 같음,domain-lexicon-v1.1
2298,224885,shade,신6차를 120초로 받아내는 건 불가능에 가깝습니다. 이미 늦었음,2026-07-18 05:55:00+00:00,https://www.inven.co.kr/board/maple/2298/224885,comments,892,0,13,14,False,neutral,neutral,request,밸런스·스킬,0.35,,처음부터 120초로 나왔으면 모를까 이미 60초라고 못 박힌 스킬을 120초로 바꿔준다? 다른 직업들 사이에서 우리는 왜 안 바꿔주냐는 불만 무조건 나오겠죠? 그거 하나하나 다 들어주면 밑도 끝도 없음.. 전 직업 다 120초짜리로만 내야 함 ᄏᄏ 내가 김창섭이었어도 안 해줄 듯 파쇄연권 때처럼 추후에 120초화 될 가능성은 있긴 한데 그거 기다리는 동안 제른다르모어 모가지 따게 생겼고 그럼 이제 어떻게 하느냐? 기존 구조를 뜯어고치는 게 베스트인데 그것도 9월까지는 하지 않겠다고 선언해버렸죠. 9월에 해주기나 할지도 미지수고 그나마 이번 달에 당장 요구해볼 만한 건 '시퀀스 등록' 하나밖에 없어 보이네요 이거라도 해주면 그나마 다행일 듯,domain-lexicon-v1.1
2298,225024,shade,소혼장막 되돌리기엔 너무 늦었음,2026-07-20 07:36:00+00:00,https://www.inven.co.kr/board/maple/2298/225024,comments,902,1,13,13,True,negative,negative,request,밸런스·스킬,0.75,문제 · 너프,"소혼장막이 괴랄하게 변한게 소혼장막VI 출시 + 정령집속(소혼장막 최종뎀 증가)의 미친 효율때문 조각으로 그냥 소혼장막 + 소혼장막%p달린 스킬만 풀강해도 극딜이 무지막지하게 강했음 이후 정집에 달린 최종뎀이 무지막지하게 까였었고 앞으로 나올 마스터리코어들도 문제가 됨 이미 소혼장막VI는 출시했고, 나머지 나올 스킬이 여우령, 정령의 화신, 폭류권, 사혼각인인데 이거 강화해서 뭐함? 소리가 나오던 상태 극딜이 3차스킬 + 5차 스킬패시브 및 액티브로 3차스킬 최종뎀 증가하는 괴랄한 구조 + 딜의 8할은 먹고들어갔던 상황이라 애매하게 너프하면 바닥으로 추락하고, 다른스킬로 강화하자니 다른직업대비 극딜이 너무강해지는 모순이 발생함 그 딜구조를 귀참(진귀참)/귀문진/파쇄연권으로 분리시킨게 개화월영이었고 개화월영이 욕먹은 이유는 1. 극딜직업을 준극딜로 만듬(리레 > 컨티 강제) 2. 당시 6차 강화순서 소혼장막VI가 1순위 였는데 그걸 여우령으로 바꿈(후순위), 조각 안돌려줌 3. 소혼장",domain-lexicon-v1.1
2298,222609,shade,은월도 2차 해방 완료!,2026-06-18 15:00:00+00:00,https://www.inven.co.kr/board/maple/2298/222609,recommendations,1161,13,1,1,True,positive,neutral,praise,커뮤니티,0.6,감사,응원해주시고 도움주신 분들 모두 감사드립니다. 그럼 모두 즐메하세요!,domain-lexicon-v1.1
2298,224165,shade,은월 담당 직원은 매 패치마다 비호감이네,2026-07-08 15:00:00+00:00,https://www.inven.co.kr/board/maple/2298/224165,recommendations,1441,6,1,1,True,neutral,neutral,information,밸런스·스킬,0.35,,밸패도 리마도 신스킬도 늘 잡음이 없는 날이 없네 얘네는 뭐 일부러 이러는건가? 극딜 비중 높으면 평딜 평딜 비중이 높으면 극딜을 준다고 해놓고 준극 비중이 꽤 높고 빡빡한 직업한테 준극을 주는건 걍 유저 불쾌하라고 주는거잖아;; 저런게 한 두번이면 말을 안하겠는데 매번 밸패에도 리마에도 신스킬 나올때도 신규 마코 열어줄때도 전부 ᄌ돼봐라라는 심보로 패치를 하니깐 기분이 나쁘네 체급이 바닥을 기어도 창섭이 형 보고 요즘 그냥저냥 아무 생각이 없었는데 패치 보니깐 진짜 별로네,domain-lexicon-v1.1
2298,224541,shade,신규스킬 너무 별론데 하..,2026-07-11 15:00:00+00:00,https://www.inven.co.kr/board/maple/2298/224541,recommendations,1147,4,11,11,True,neutral,negative,information,밸런스·스킬,0.35,,언제까지 랑이 물고 늘어질거야 지겹네 진짜 이펙트라도 완전 화려 하면 몰라 다른 직업들 진짜 멋있는거 많던데 하.. 본캐 였는데 이거 하나 때매 유기하고 다른걸 키울까 생각이 들정도네,domain-lexicon-v1.1
2298,224648,shade,핵심 시너지를 날렸으면 적어도 체급이라도 챙겨줘야지,2026-07-13 15:00:00+00:00,https://www.inven.co.kr/board/maple/2298/224648,recommendations,1507,14,8,7,False,neutral,neutral,information,밸런스·스킬,0.35,,중간에서 어느정도 아래면 이해라도 하겠음 근데 밑바닥에서3번째는 좀 심하지않냐? 심지어 저거 실전딜로 뽑기도힘든 점캔 기준이라는 말도있는데 점캔까지빼면 그냥 꼴등급이라는거잖아 시너지 9할이상 빼가고 체급도 안챙겨준거야?,domain-lexicon-v1.1
2298,221870,shade,작은 랑이는 이해하겠는데,2026-06-12 15:00:00+00:00,https://www.inven.co.kr/board/maple/2298/221870,views,3997,2,9,9,True,neutral,neutral,information,커뮤니티,0.35,,뒤에 큰 랑이가 진짜 불호네 ;;,domain-lexicon-v1.1
2298,221983,shade,은올은 딜 약한거 말고 다 괜찮음?,2026-06-13 15:00:00+00:00,https://www.inven.co.kr/board/maple/2298/221983,views,3446,0,3,2,False,neutral,neutral,information,밸런스·스킬,0.35,,유틸 후딜 난이도 편리함 다 괜차너?,domain-lexicon-v1.1
2298,224041,shade,오 신규 6차,2026-07-08 15:00:00+00:00,https://www.inven.co.kr/board/maple/2298/224041,views,3372,0,13,13,True,neutral,neutral,information,밸런스·스킬,0.35,,흠...? 스킬 시퀀스 등록 가능을 내놓아라 !,domain-lexicon-v1.1
2297,329548,shadower,신규코어 메익 자동사출 맞음?,2026-07-06 15:00:00+00:00,https://www.inven.co.kr/board/maple/2297/329548,comments,2003,0,35,35,True,neutral,positive,request,밸런스·스킬,0.35,,이야기 흐름상 버프 지속시간동안 메익 자동사출이라는거 같은데 이거 1도 의미 없는거 아님? 애초에 암메 하는게 딜도 딜이지만 분쇄 후딜 짜르는건데 그래야 점암메가 안끊기고 나가던걸 메익 자동사출 된답시고 메익 안누르고 점암암이 될리가 없잖음 후딜을 개선해주는게 아닌 이상 결과적으로 바뀐게 없다 아님? 섀도어 반년쯤 해보니 섀도어 진짜 난이도는 암메가 아니던데 진입장벽은 맞지만,domain-lexicon-v1.1
2297,330161,shadower,인벤은 눈팅만하다가 진짜 처음으로 글써본다 섀도어들아,2026-07-08 15:00:00+00:00,https://www.inven.co.kr/board/maple/2297/330161,comments,1782,9,42,42,True,mixed,negative,request,밸런스·스킬,0.75,좋다 · 너프,"ᄌᄂ고자본도아니고 그냥 라이트하게 즐기는 294 11만대 섀도어임 캔슬 없어지면 약해진다 > 보마언급은 하지도 않을게 근데 언제부터 정상적인 밸패를 받았는데? 일도양단 박살났던 것도 암메암유지해서임? 밸패는 그냥 운영자 마음이지 스스로 나 상시캔슬직업 어려워서 고점보상받아야함ᄋᄋ >이거 누가인정해줌? 운영자가 한번이라도 인벤여론보고 오ᄏᄏ 이거였음? 하면서 수정해줌? 그냥 적용하잖아 왜 이런 셀프족쇄 매달고 살아가고싶어하는거야? 자동사출 = 개딸깍 직업 = 딜너프 이 이론 깨진지가 언젠데 왜 아직도 메이플월드에 살고있는거냐고 렌붕이 이후부터 리마, 신캐 다 딸깍이로 만들고 있고 구조개선해주고있어 근데 쌘놈들은 쌔 그냥 이상한 신념가지고 수호단마냥 다른사람의견 쌩까지말고 객관적으로 봐 니들이 주장하는 논리는 깨졌고. 변화해야하는 시기야. UI는 뭐 모두가 좋다고 바꾸니? 바꾸고 적응하라잖아 그게 지금 메타야 캔슬있다고 우리가 항상 상위권이였니? 아니잖아. 실전딜은 말안할게 허수아비도 ",domain-lexicon-v1.1
2297,330351,shadower,섀86 암메수호단 vs 자동사출단,2026-07-09 15:00:00+00:00,https://www.inven.co.kr/board/maple/2297/330351,comments,2018,6,46,46,True,negative,negative,request,밸런스·스킬,0.6,문제,직접 참전해보고 느낀건데 말안통하고 꽉막힌건 섀86이아니라 자동사출단인듯 일단 기본적으로 화가난상태고 날조가심함 99%의 섀도어가 자동사출을원한다 -> 암메수호단은 사람으로 안봐서 카운팅을 안함 캔슬직업인데 약하다 -> 자꾸 렌멱살을잡는데 애초에 명확한 지표도없고 섀도어는 몇년동안 하위권으로 처박힌적이없음 자동사출된다고 약해진다는건 뇌피셜이다 -> 보마같은 특수케이스가 있지만 팩트만 놓고보면 난이도가 어렵다고 하는직업은 대부분 상위권딜러임 밸런스를맞출때 조작난이도가 영향이있는건 분명함 이건 너무 당연한게 렌이나 레테같은 캐릭터가 딜 1 2등하고있으면 유저들이 납득하겟음? 나도 자동사출이되면 좋고 유입도 엄청 늘어날거라고 생각하는데 그래도 지금 상태의 섀도어를 좋아하는 사람들도 분명히 있다 라는걸 인정해야함 근데 자동사출단은 일단 욕부터 박고 보는게 문제임 아무리 딸깍직업이 늘어나고있는 추세라고 한들 내 직업이 딸깍직업이 되는건 유저들 의견도 들어봐야 하는거임 게이지직업들의 게이지를 ,domain-lexicon-v1.1
2297,330572,shadower,연막 파티 시너지랑 그리드 삭제하고 체급 올려줬음 좋겠음,2026-07-10 15:00:00+00:00,https://www.inven.co.kr/board/maple/2297/330572,comments,1469,13,32,30,False,neutral,negative,information,밸런스·스킬,0.35,,연막 있다고 파티 짤 때 우선이 되는 정도도 아니고 그리드는 ᄏᄏ 한 시간 사냥에 츄파춥스 1개도 안 나오는 스킬 메제 다 채워봐야 천 원도 차이 안 나는데 이 색기 때문에 조금만 먹고 살만해지면 머리채 존나 잡힘 걍 연막 개인 버프화 그리드 삭제하고 딜이나 올려줬으면,domain-lexicon-v1.1
2297,330806,shadower,의미 없는 갈라치기로 잘들 논다,2026-07-12 15:00:00+00:00,https://www.inven.co.kr/board/maple/2297/330806,comments,2051,12,33,33,True,neutral,positive,information,밸런스·스킬,0.35,,"신규 6차 암/분 :멸 데미지 상향만 잘 받아도 중타 이상은 치는 것을 디렉터가 암메암 자체를 개성이라고 공표했으면 그런 거지 업데이트 때 마다 아득바득 기어와서 따지고 있네 섀86이 어쩌구 암메암이 저쩌구 암메 현상 유지를 하던 자동사출로 바뀌던 어차피 고만고만한 체급으로는 한계가 있는데 뭘 그리 싸우냐 이번 패치로 들어오는 것 자체가 일부 자동 사출로 어느 정도 편의성 봐주겠다는 거잖아 그런데 이것도 못 받아 들여서 찡찡거리냐 대체 어떤 삶을 살았길래 찡찡을 패시브로 가지고 있을 수 있는지 감도 안잡히네 무작정 편해지기만 한다고 다 좋아 지나? 렌 보마 레테 이미 편한 만큼 편한 직업들 다 체험해봤으면서도 이러냐? 그리고 그리드 메획, 연막탄 시너지 이딴 것 때문에 섀도어 체급 상향이 안된다는 애들은 무슨 피해망상이냐? 이 정도 정신병이면 일단 병원부터 다녀야지 게임을 처하고 있네",domain-lexicon-v1.1
2297,330050,shadower,섀도어 3rd 스킬코어 : 무아지경 1차 테섭,2026-07-08 15:00:00+00:00,https://www.inven.co.kr/board/maple/2297/330050,recommendations,4574,17,17,17,True,positive,positive,information,밸런스·스킬,0.75,좋다 · 감사,"​ ✨ 섀도어 3rd 스킬코어 : 무아지경 1차 테섭 ✨ 안녕하십니까 ? 먼저 , 저는 인벤 게시판에서 섀도어 공략 및 패치요약 , 메타관련 글 등을 작성하고 있는 루웽 이라고 합니다 . 재획하면서 조금씩 작성하여 올리는거라 정기적이지는 않지만 꾸준히 올리고 있으며 작성된 글은 아래 링크를 통해 확인하실 수 있습니다 . ⭐ 섀도어 정보 ( 공략 & 패치정리 등 ) 글 모음 2026ver. ⭐ https://www.inven.co.kr/board/maple/2297/321162 오늘은 신규 3번째 스킬코어 1차 테스트 서버가 열려서 글을 작성하게 되었습니다. 아직 테섭이기도 하고 저도 정보 공유를 하는 입장이기 때문에 틀린부분이나 추가하면 좋겠다 싶은 내용은 댓글로 알려주시면 감사하겠습니다. 오늘 글의 순서는 다음과 같습니다 . 0. 스킬 변경사항 : 스틱스, 섀도어 1. 섀도어 3번째 스킬코어 : 무아지경 2. 강화비용 & lv당 상승량 3. 무아지경 : 스킬 구성 4. 최종데미지 ",domain-lexicon-v1.1
2297,330248,shadower,Tting님 왜이렇게 분쟁을 하시는거에요?,2026-07-09 15:00:00+00:00,https://www.inven.co.kr/board/maple/2297/330248,recommendations,1188,16,9,9,True,mixed,negative,request,밸런스·스킬,0.75,재미 · 너프,섀도어 게시판 예전부터 눈팅하고 가끔 댓글도 달았는데 Tting님은 지금은 아이디 환생하신지는 모르겠지만 우클릭카이팅님(절개 삑사리 가끔 내시지만 그대로 냅둬야한다 그것도 손맛이다라고 하신분)이랑 같이 대표적인 암메 수호단으로 기억하는데요 뭐가 그렇게 두려우신 건가요? 님이 컨트롤 좋은거 이미 많은 사람들이 알고 있고 영상도 종종 올렸던걸로 기억합니다 님이 연습해서 그만큼 숙련도 높혀 쌓아논걸 예를들어 님이 한 95% 배율로 보스 잡았던것들을 120~130%치던 사람들이 님이랑 비슷하게 보스 깨게 된다면 그런게 좀 맘에 안드시는걸까요? 아니면 정말로 쉬워져서 딜이 깍이는게 두려우신가요? 예전부터 논쟁있었던 자동사출 논란 솔직히 지금 다들 빨간약 드신거 아닌가요? 직접 해보니 어색하긴하더라도 30초 동안 시원시원 하게 되고 더 재미도 있다는 분도 계시고..역체감 지린다는 분도 계시고.. 솔직히 구조 개선 받는게 미래를 위해서도 좋잖아요 딜은 너프 될수도 있고 버프 될수도 있는건데 일단,domain-lexicon-v1.1
2297,330339,shadower,섀도어의 유구한 역사,2026-07-09 15:00:00+00:00,https://www.inven.co.kr/board/maple/2297/330339,recommendations,993,14,6,6,True,positive,mixed,request,밸런스·스킬,0.6,재미,"섀도어는 오래전 인소야가 존재하던 시절부터 부스후딜을 줄이는 패치에대해 기존섀도어 유저들이 '부스후딜 줄이면 부스만 쓰게되고 다른스킬 섞어쓰는거 안해서 재미없어진다,스킬을 섞어쓰는것도 실력이다'라며 스스로 후딜족쇄를 차던 직업입니다. 메익 자동사출되면 재미없으시죠? 암메암을 해야 진짜실력있는 섀도어같으시죠? 하지만 결국 자동사출로 바뀔겁니다. 암메암은 캐릭터 컨트롤 실력의 지표나, 재미요소가 아닌 단순반복 노가다, 스킬 구조적 결함에 불과하니까요. 키매크로나 필터키를 사용하고, 인게임 내 스킬매크로에 암살을 올려놓는 행위가 게임에서의 실력적인 부분입니까? 저 행위들이 암메암 타수를 올려주는데 실력적인부분 맞는거죠? 진짜 게임실력이란, 주어진 상황에서 그에 걸맞게 스킬을 누르고 패턴을 회피하는겁니다. 마치 카데나가 쿨초되는 스킬을 조합하여 섞어쓰고, 블래가 캔슬로 1mm무빙하며 패턴을 회피하는것처럼요. 외부프로그램이나 하드웨어에 의존하면 타수가 더 늘어나는 암메암같은건 실력이 아닙니다",domain-lexicon-v1.1
2297,330475,shadower,✨무아지경 및 섀도어 건의사항✨,2026-07-09 15:00:00+00:00,https://www.inven.co.kr/board/maple/2297/330475,recommendations,2438,22,10,10,True,mixed,positive,information,밸런스·스킬,0.95,만족 · 불편 · 버그 · 문제 · 싫다,"​ ✨ 무아지경 및 섀도어 건의사항 ✨ 안녕하십니까 ? 먼저 , 저는 인벤 게시판에서 섀도어 공략 및 패치요약 , 메타관련 글 등을 작성하고 있는 루웽 이라고 합니다 . 재획하면서 조금씩 작성하여 올리는거라 정기적이지는 않지만 꾸준히 올리고 있으며 작성된 글은 아래 링크를 통해 확인하실 수 있습니다 . ⭐ 섀도어 정보 ( 공략 & 패치정리 등 ) 글 모음 2026ver. ⭐ https://www.inven.co.kr/board/maple/2297/321162 이번 글은 테스트월드에서 공개된 신규스킬 무아지경 테스트월드 건의사항 템플릿 공유하고자 작성합니다. 작성자와 다른 의견이 있다면 내용을 추가하거나 따로 작성하여 건의하시면 됩니다. 무아지경 정리, 분석은 아래 글을 참고하시기 바랍니다. ✨섀도어 3rd 스킬코어 : 무아지경 1차 테섭&건의사항✨ https://www.inven.co.kr/board/maple/2297/330050 1. 무아지경에 대한 의견 2. 테스트월드 건의사항",domain-lexicon-v1.1
2297,331175,shadower,못 끄게 할 게 아니라 끌 필요가 없게 해줘야지 씨팔,2026-07-16 08:48:00+00:00,https://www.inven.co.kr/board/maple/2297/331175,recommendations,1382,14,6,6,True,neutral,negative,request,밸런스·스킬,0.35,,버프 켜진 상태가 더 세면 우리가 미쳤다고 줫만한 버프표기 찾아가며 마우스로 끄겠어요? 버프 켜졌는데 ᄉᄇ 평소보다 쳐약하다고 그래서 끈다고요 근데 코강으로 최종뎀 +120% 오르는 거 빼버리고 퍼뎀은 +100%만 상향하면 씨팔 결국 더 약해졌잖아요 그러면서 버프 수동 종료를 원천 금지해버리면 버프 켜진 동안 더 약해지라는 게 스킬 출시 의도입니까? 아니면 찍지 말고 조각 아끼라고 배려라도 해주는 건가요? 도대체 뭘 하고 싶은 겁니까?,domain-lexicon-v1.1
2297,327848,shadower,챌섭 헥환 5.08 하드 메이린 17분 52초,2026-06-19 15:00:00+00:00,https://www.inven.co.kr/board/maple/2297/327848,views,8052,4,1,1,True,neutral,neutral,information,커뮤니티,0.35,,https://youtu.be/5-DCbzMZhdU 5초뚝 리4컨4,domain-lexicon-v1.1
2297,329847,shadower,ㅇㅂ)프론 하는거 보고 있는데,2026-07-08 15:00:00+00:00,https://www.inven.co.kr/board/maple/2297/329847,views,2467,0,9,9,True,neutral,negative,information,커뮤니티,0.35,,메익 타수 늘어난게 제일 클 듯 30초 기준 303타에서 450타정도까지 늘어나네,domain-lexicon-v1.1
2297,329860,shadower,섀도어 신규스킬 1렙 최종뎀증가량,2026-07-08 15:00:00+00:00,https://www.inven.co.kr/board/maple/2297/329860,views,3278,1,17,16,False,neutral,negative,request,밸런스·스킬,0.35,,기존 암살30강화기준 버프를 사용하면 30초동안 메익이 자동사출 13초정도는 신 규6차 강화된 형태 나머지 버프유지동안 기존암살로나감(꾹눌러도댐) 기존암살 점유율 39% 신규 암살 점유율 9.8% (추가타아님) ???????????????????????????????????????????????????????????????,domain-lexicon-v1.1
2297,331089,shadower,딜이 2배가 됐는데?,2026-07-16 08:04:00+00:00,https://www.inven.co.kr/board/maple/2297/331089,views,2834,0,8,8,True,neutral,negative,information,밸런스·스킬,0.35,,ᄋᄀ ᄌᄍᄋᄋ?,domain-lexicon-v1.1
2294,454197,soul_master,챌섭 소마하는데 딜이 제대로 안박혀요,2026-06-23 15:00:00+00:00,https://www.inven.co.kr/board/maple/2294/454197,comments,2169,0,15,15,True,negative,negative,complaint,밸런스·스킬,0.6,문제,본캐 11.8만 카이저입니다 100%대로도 보스 깨고 하는데 이번 챌섭 소마 하고 있습니다 이칼 120%라는데 평딜 안쉬고 했는데 안깨집니다.. 뭐가 문제인걸까요? 시퀀스는 다시 체크해봤는데 제대로 되어있고 평딜때는 평타 계속 치면서 유성우지대? 유지하고 있습니다 제가 뭐 놓치고 있는 온오프가 있는지.. 뭔지 모르겠습니다 혹시 뭐 팁이 있을까요 진짜 도무지 모르겠네요 코스믹버스트 이거 우클릭하면 자동사용되는거 맞죠?? 평딜때 그냥 평타+설치기 말고 뭐 없는직업 아닌가요,domain-lexicon-v1.1
2294,454455,soul_master,소마 약한게 호들갑 떨 정도임?,2026-06-25 15:00:00+00:00,https://www.inven.co.kr/board/maple/2294/454455,comments,2794,0,32,32,True,neutral,mixed,information,커뮤니티,0.35,,약한건 지금 상황에서 당연한거고 데티카링 100퍼 초중반은 나오고 최소컷 보면 110퍼 넘어가는건 없던데(물론 이게 정상이지만) 걍 하려면 해도 되는 정도죠? 90~100퍼 클을 무조건 밥 먹듯이 해야 한다 라는 마인드면 당연히 소마 같은 체급은 패스하는게 맞고 사소하지만 트루 시너지도 있는 것도 파티격에선 나름 유의미하고,domain-lexicon-v1.1
2294,455410,soul_master,이 병신같은 캐릭은 아무리 쌀도핑이라지만,2026-07-05 15:00:00+00:00,https://www.inven.co.kr/board/maple/2294/455410,comments,1450,0,13,13,True,neutral,negative,information,밸런스·스킬,0.35,,환산 112% 배율로 ᄅᄉᄃ3페를 못미는게 말이되나 ᄏᄏᄏ 시~~~~발 물로켓 직업,domain-lexicon-v1.1
2294,456013,soul_master,사출기 그만 달라던 애들 누구냐,2026-07-08 15:00:00+00:00,https://www.inven.co.kr/board/maple/2294/456013,comments,2763,8,15,15,True,neutral,negative,request,밸런스·스킬,0.35,,걍 사출기로 줘라 제발 난 아크나 은월같은 평타강화기인 줄 알았다 ᄏᄏᄏ 엘리시온 중 평타강화되면 엘리시온 일정스택 소모해서 그만큼 추가타 들어가는 메커니즘으로 나름 극딜 압축도 될까 생각했는데 개꿈이었다 ᄏᄏᄏᄏᄏᄏᄏᄏ 보고 있으면 이걸로 바꿔조 제발 아이디어 제공했자나ᅲᅮᅲᅮᅲ,domain-lexicon-v1.1
2294,456720,soul_master,이 직업은 시너지 아예 삭제하는 방향이 맞다,2026-07-09 15:00:00+00:00,https://www.inven.co.kr/board/maple/2294/456720,comments,1726,2,20,20,True,negative,negative,request,밸런스·스킬,0.75,문제 · 너프,"굳이굳이 시너지 칼질해서 조금이라도 남겨봐야 족쇄만 그대로지 시너지 있다는 사실 자체는 변함이 없음 상위보스 팟격가는데 ""아 소마님은 시너지 있으니까 환산 수천높은 퓨딜 지원왔지만 거르고 소마님 데려갈게요"" 이런 파장 한명도 없음 마침 스펙에 맞아서 데려왔는데 소마라 시너지좀 받겠네요 이수준이고 하드발드는 3페때만 시너지 적용이라 힘못쓰는것도 있고 심지어 소마 시너지 아예 삭제됬다고 알고있는 유저도 많음 차라리 퓨딜로 만들어서 추가 상향받을 여지라도 남겨두는게 맞는방향인거 같음 ""차피 삭제되도 상향 안해줄거 같은데"" - 이건 별개의 문제임 솔직히 시너지 있든말든 파티 구직에는 차이가 없음 ""아니 아크는 시너지도 있는데 고평가 받던데"" - 이건 이레귤러임 실제로 아크유저도 시너지 있어서 너프받을까봐 벌벌 떨고있음 차라리 삭제해달라고 하고있음",domain-lexicon-v1.1
2294,455989,soul_master,하.. 소마 구조 개선이 시급합니다,2026-07-08 15:00:00+00:00,https://www.inven.co.kr/board/maple/2294/455989,recommendations,910,7,0,0,True,neutral,neutral,request,밸런스·스킬,0.35,,"퍼뎀, 딜 지분도 중요하지만, 60초 스킬을 리레 극딜중에 써야하는데 엘리시온 타수 30개를 리레 이미 다 못 쓰고, 손해를 보고 있는데 여기서 구조 파괴하는 스킬 내는 거 부터가 그냥 딜로스 ᄌᄂ 보고, 손해 보는 직업 구조 개선이 중요합니다!!! 한 번 누르게 해주거나, 코스모스처럼 편의성을 주거나, 엘리시온 ᄌᄂ 압축해주거나",domain-lexicon-v1.1
2294,456414,soul_master,리레 4렙에 6차극딜이 다 들어가야함,2026-07-09 15:00:00+00:00,https://www.inven.co.kr/board/maple/2294/456414,recommendations,1237,8,2,2,True,neutral,neutral,information,밸런스·스킬,0.35,,최소한 그정도는 압축되는게 맞음 극딜이 길어야할 이유가 1도없음,domain-lexicon-v1.1
2294,456500,soul_master,소마 신규 6차 스킬 셀레스티얼 클리브 점유율/최종뎀/딜사이클 정리,2026-07-09 15:00:00+00:00,https://www.inven.co.kr/board/maple/2294/456500,recommendations,1981,25,5,5,True,negative,neutral,complaint,밸런스·스킬,0.75,불편 · 아쉽,"+ 5초뚝 리5 컨5 환산11.5 환산 전분 제보 기준으로 측정하였습니다 ▶ 극딜순서 이클립스 - 시퀀스 - 평타(파워) - 팔랑크스 - 오리진 - 셀레스티얼 클리브(신스킬) ▶점유율 및 최종뎀 1렙 점유율 1.26% 30렙 점유율 3.12% 본섭 전분 1397.3조 테섭 전분 1425.5조 최종뎀 2.02% 증가 ▶스킬리뷰 2타 스킬이라 눌렀다 바로 때면 2타 증발 0.5초 정도 키다운 해야합니다 테섭에서 테스트해보면서 스킬이 딜이 쎄고 약하고를 떠나서 정말 불편했습니다... 다른 스킬 처럼 한번만 눌러도 되게 바꼈으면 함 ▶ 오리진 리레 극딜 시 엘리시온 오리진 O 본섭 6대, 테섭 7대로 리레 엘리시온 1대 차이남 오리진 O 엘리시온 30대 24초 걸림 오리진 X 엘리시온 30대 17초 걸림 최대한 이미지로 전체 내용 정리했습니다 자세한 딜사이클 및 전분 내용이 궁금하시다면 영상 참고해주세요 딜을 떠나서 스킬 구조부터가 아쉽네요ᅮᅮ https://youtu.be/sHAkcOUz",domain-lexicon-v1.1
2294,457232,soul_master,챌섭 소마 챌린저 달았습니다,2026-07-13 15:00:00+00:00,https://www.inven.co.kr/board/maple/2294/457232,recommendations,1084,7,10,8,False,negative,positive,request,밸런스·스킬,0.6,아쉽,99.X%에 1.2퍼인가 남기고 짜증나서 조각 좀 누르고 올리고 했습니다 3개 모으고 주는 특전? 그거는 어센트 한번 말고 나머지는 잘 기억이 안나네요 ᄒᄒ; 옛날에 소마 본캐하던거 생각나서 레테랑 소마중에 고민하다 소마했는데 확실히 체급이 조금 아쉽긴하네요 쩝 요번에 스킬 개선 잘 받고 들어왔으면 좋겠습니다! 소마 화이팅,domain-lexicon-v1.1
2294,455136,soul_master,소마 펀치킹 1등님도 접은것 같네요.,2026-07-02 15:00:00+00:00,https://www.inven.co.kr/board/maple/2294/455136,views,2183,1,8,8,True,neutral,neutral,information,커뮤니티,0.35,,애인님 템이 빠져있음......,domain-lexicon-v1.1
2294,455745,soul_master,소마 변경점,2026-07-08 15:00:00+00:00,https://www.inven.co.kr/board/maple/2294/455745,views,2669,3,8,7,False,neutral,neutral,information,커뮤니티,0.35,,버스트 버프인줄알았네,domain-lexicon-v1.1
2294,455929,soul_master,"신스킬 코강 1렙과 30렙 전분, 딜점유율",2026-07-08 15:00:00+00:00,https://www.inven.co.kr/board/maple/2294/455929,views,2731,2,11,10,False,neutral,positive,information,밸런스·스킬,0.35,,셀레스티얼 클리브 이외에 모든 스킬들의 레벨은 30렙입니다. 리레5렙/컨티5렙/3초뚝/일필X 극딜 순서는 오리진 : 이클립스-시퀀스-팔랑크스-스틱스1대-오리진-클리브 일반 : 이클립스-시퀀스-팔랑크스-클리브 셀레스티얼 클리브 1레벨 셀레스티얼 클리브 30레벨,domain-lexicon-v1.1
2297,327731,thief_other,하이퍼버닝 맥스 질문드립니다.,2026-06-18 15:00:00+00:00,https://www.inven.co.kr/board/maple/2297/327731,comments,437,0,0,0,True,neutral,neutral,question,성장·보상,0.35,,18일 이전 16일날 계정을 만들고 18일이 지난 오늘부터 키우고있는데.. 260찍고 다른캐릭으로 변경하려고 기존캐릭 삭제하니 받았던 보상을 다시 못받더라구요.. 이럴때 어떻게 해야할까요. 아예 다른계정으로 키우려 들어오니 하이퍼버닝 맥스도 기간이 지났는지 안되고.. 새로 보상 다시 받으면서 할 방법이 없을까요 ᅲᅲ 도와주세요,domain-lexicon-v1.1
2297,329039,thief_other,선생님들,2026-06-29 15:00:00+00:00,https://www.inven.co.kr/board/maple/2297/329039,comments,269,0,1,1,True,neutral,neutral,question,커뮤니티,0.35,,나워랑 듀블 둘중하나 고르려고 하는데 장단점좀 알려주실수 있나요,domain-lexicon-v1.1
2297,329381,thief_other,도적 미트라 방공공/공공 챌섭전에 얼마였나요??,2026-07-04 15:00:00+00:00,https://www.inven.co.kr/board/maple/2297/329381,comments,362,0,2,2,True,neutral,positive,information,경제·옥션,0.35,,아시는분 계신가요?? 지금 경매장 보니까 대충 200억정도 하는거 같은데 시세 별로 안올른거면 사려고하는데 원래 얼마정도 였을까요?? 방30~35 공12 공9 공12 공9 옵션정도입니다,domain-lexicon-v1.1
2297,329855,thief_other,이거 진짜예요???,2026-07-08 15:00:00+00:00,https://www.inven.co.kr/board/maple/2297/329855,comments,257,0,0,0,True,neutral,neutral,information,커뮤니티,0.35,,자자 제가 살 주식 목록 부르겠습니다 곧 상폐될 거예요,domain-lexicon-v1.1
2297,330089,thief_other,이제 퇴근하는데 민심 왜이럼?,2026-07-08 15:00:00+00:00,https://www.inven.co.kr/board/maple/2297/330089,comments,224,0,0,0,True,neutral,neutral,complaint,커뮤니티,0.35,,듀블만 대충 봤는데 민심 박은것 같은데 나로 섀도는 어찌됨? 3모도충 멸망했나?,domain-lexicon-v1.1
2298,221705,thunder_breaker,챌섭 대비 스커 qna,2026-06-08 15:00:00+00:00,https://www.inven.co.kr/board/maple/2298/221705,comments,5515,5,17,17,True,mixed,positive,request,보스·전투,0.75,재미 · 문제,"짧고 굵은것만 음슴체로 쓰겠습니다. 사실 말하고싶은 본론은 2번이긴해요. 1. 사냥 능력? 벽력, 야누스만 열면 세르니움 ~ 탈라하트까지 황혼 동꼽 가능. 1젠 2황혼이 거의 모든 맵에서 거의 확정적으로 터져서 마릿수 처리하는건 황혼 사냥하는 직업중 최상위임. ex) 비숍은 설치기가 1킬나면 1젠 2황혼이 안터짐. 스커가 1젠 2황혼 터지는건 해파가 멀리까지 굴러서 끝자락에 있는 1층몹을 타격해서인데 진짜 앵간한 맵은 다 2황혼 터진다고 보면 됨. 로디드 보유, 극딜 버프 3개 굴려가면서 하면 투력 낮아도 안정적으로 사냥 가능. 2. 연계 손아파요? or 연계 난이도? 연계 난이도는 어려울게 없음. 섬멸과 벽력을 반복해서 누르면 되고, 중간중간 섬멸 때리고 벽력탄 or 태풍을 때려주면 됨. 극딜 때는 섬멸이랑 태풍을 연계하고. 손아픈가? 하면 손아프다는 사람 100명중 99명은 - 미친듯이 연타하거나 - 섬멸과 벽력을 붙여놓고 쓰거나(z섬멸 x벽력) 둘중 하나임. 스커는 메르처럼 뒤",domain-lexicon-v1.1
2298,222021,thunder_breaker,안녕하세요 이번에 명훈님 직업추천에 참여한 김비와라고 합니다,2026-06-13 15:00:00+00:00,https://www.inven.co.kr/board/maple/2298/222021,comments,6211,2,48,48,True,mixed,positive,request,밸런스·스킬,0.8999999999999999,좋다 · 감사 · 부족,제가 운이 좋게 참여하게 됐는데 제가 긴장하다보니 설명드려야 하는 걸 많이 빼먹었기도 하고 극딜 순서도 꼬여서 말씀 드린거 같고 다시 생각해보니 이래저래 부족한 점들이 많았던거 같았고 저는 비추천 드렸지만 그래도 하시고 싶으신 뉴비유입 분들이나 스킬디자인이 마음에 들고 연계가 재밌어 보여 스트라이커를 하시려는 분들이나 본캐를 스트라이커를 해보시려는 분들에게 정확하게 설명드리는게 좋다고 생각해서 다시 글로 작성해보려 합니다. 모바일로 작성하는거라 양해부탁드립니다 다시 컴퓨터로 정리해서 읽기 편하시도록 수정하도록 하겠습니다 첫번째로 보스 극딜에 대해 설명 드리겠습니다 시퀀스를 설명드리자면 120초 극딜 신뇌합일 - 글로리 오브 가디언즈 - 초월자 시그너스의 축복 - 천지개벽 - 오버드라이브 - 리스트레인트 링 - 소울 컨트랙트(엔젤릭 버스터 링크 스킬) 60초 준극딜 윈드부스터 - 오버드라이브 - 소울 컨트랙트(엔젤릭 버스터 링크 스킬) 보스대기방에 입장하셔서 엘리멘트 라이트닝을 5스택,domain-lexicon-v1.1
2298,222642,thunder_breaker,스커 1일차 끝내고.. 질문..,2026-06-18 15:00:00+00:00,https://www.inven.co.kr/board/maple/2298/222642,comments,1458,0,16,16,True,neutral,positive,question,보스·전투,0.35,,"스킬은 빠진 게 없이 다 넣은 것 같고 유튜브로 공부를 다해봤는데.. 평딜 때 섬벽 벽섬이 따로 중요하지 않다고 해서 1. 평딜은 벽섬 벽섬하고 극딜 때 태섬태섬을 하고 있어요. ᅳ 괜찮은가요? 2. 연계라고 적힌애들은 (극딜 11번누르는 친구도 적혀있음) 다 연계를 해야 되는걸까요? 연무장 보니까 그냥 제 키셋기준 벽 333333333333 태섬태섬 하는 것 같더라구여 그게 옳은건지 섬3섬3섬3이 옳은건지.. 3. 벽섬벽섬을 하다가 보스가 튀거나 그랬을 때 (2인격, 사냥하먄서 연습하다가 위치 옮길 때) 바로 점프를 하면 안나가더라구요 후딜이 개길어요. 그래서 벽섬벽섬 (보스텔) ᅳ> 파도 아랫키 점프 윗점 해서 슈슈슈슉 날라가서 다시 패고 해야되는건지. 아니면 파도를 안 써도 후딜이 원랜 안긴데 제가 이상한건지.. 궁금합니다..",domain-lexicon-v1.1
2298,223602,thunder_breaker,뉴비 보스 배율,2026-06-30 15:00:00+00:00,https://www.inven.co.kr/board/maple/2298/223602,comments,1075,0,12,12,True,negative,mixed,complaint,밸런스·스킬,0.6,문제,카엔슬 141% 나와서 트라이 했는데 진심 계속 타임아읏해서 빌드 깍고 깎아 겨우 깻거든요 숙련도 문제인걸까요 아니면 그냥 약간의 딜로스 감안하면 이게 맞는걸까요 더스크도 비슷한 배율로 거의 20분 꽉쳐서 깻거든여ᅲ,domain-lexicon-v1.1
2298,224857,thunder_breaker,도르핀<<분탕입니다,2026-07-17 15:41:00+00:00,https://www.inven.co.kr/board/maple/2298/224857,comments,676,1,12,12,True,negative,negative,question,커뮤니티,0.6,너프,이번챌섭에서 스커 처음키우면서 질문 핀트 못읽고 다른뉴비들한테 스커사긴데 너가못하는거다 하면서 분탕침 심지어 옛날에는 은월너프하라고 분탕친적도 있네요 무시 ᄀᄀ,domain-lexicon-v1.1
2298,223869,thunder_breaker,"스커 노말칼로스 솔플 89% ( HEXA 47,810 )",2026-07-05 15:00:00+00:00,https://www.inven.co.kr/board/maple/2298/223869,recommendations,967,2,2,2,True,neutral,neutral,request,버그·사용성,0.35,,https://www.youtube.com/watch?v=L8zJVogk3ow&t=361s 어센트가 9렙이라 안쓰고 0렙 기준으로 쟀습니다. 3 / 2 / 2 / 2 노트북 이슈로 렉은 양해 부탁드립니다..,domain-lexicon-v1.1
2298,223984,thunder_breaker,이번에 스커 시작하신분들 하이퍼스킬 확인,2026-07-07 15:00:00+00:00,https://www.inven.co.kr/board/maple/2298/223984,recommendations,1470,3,1,1,True,neutral,positive,information,밸런스·스킬,0.35,,"스킬 자동으로 찍게 냅두면 질풍 - 보너스어택을 안 찍네요. 헥사 풀강 점유율기준 최종뎀 2%, 체감상 최종뎀 3% 손해본 것 같습니다. 초기화 후 새로 찍으시는 분은 벽력 - 리인포스를 안 찍으시면 됩니다.",domain-lexicon-v1.1
2298,224627,thunder_breaker,챌린저스 시즌4 스트라이커 -완-,2026-07-13 15:00:00+00:00,https://www.inven.co.kr/board/maple/2298/224627,recommendations,1614,5,5,5,True,neutral,neutral,information,밸런스·스킬,0.35,,"직업 체급도 무시 못 하지만 처음 입문할때 그냥 상어/고래가 좋아서 손 아파도 한건데 의외로? 그렇게 아프진 않았음 본캐가 제로여서 그런가 동질감 느껴짐 -장점 - 파도-이거 잘 쓰고 못 쓰고로 스커의 본질이 달라지는 거 같음 해파-걍 goat 해신강체-보호막 리필 될 때마다 이래서 맞딜하는구나 싶음 -단점- 연계 직군이다 보니 살짝만 눌러도 리듬 못 타고 혼자 스킬나감 창뇌연격 누를 때마다 손아픔 하이퍼스킬에 추천스킬로 강화패시브가 찍히는데 처음에 유튭 가이드 영상 안봤더라면 ""벽력-리인포스 -> 질풍-보너스 어택"" 이거 신경 못 쓰고 지나쳤을듯 챌린저 기간은 약 한달정도 잡았는데 결계/어빌이 심하게 억까 들려서 곤란했지만 무기/엠블렘/장갑 무기-레/유 잠재 발라서 시작 엠블렘 깡통 13억주고 유/에 잠재 발라서 시작 장갑 50억 주고 크/주 였던거 전부 잘나와서 생각보다 돈 많이 안쓴 시즌이였음 템값 구매나 이것저것 합치면 500-600억 정도 추정됨 패스권은 전부 다 구매함 개",domain-lexicon-v1.1
2298,221656,thunder_breaker,이번 챌섭 사람들이 스커 안했으면 좋겠음...,2026-06-07 15:00:00+00:00,https://www.inven.co.kr/board/maple/2298/221656,views,3462,1,6,5,False,neutral,positive,information,밸런스·스킬,0.35,,'사람들이 많이 안하는 직업 키우는 나'에 심취한 힙스터가 되고싶음..,domain-lexicon-v1.1
2298,221719,thunder_breaker,스커 왜 손이 아픈거에요?,2026-06-09 15:00:00+00:00,https://www.inven.co.kr/board/maple/2298/221719,views,3310,0,10,10,True,neutral,neutral,complaint,커뮤니티,0.35,,저는 안아픈디... 섬멸 v 벽력 c 태풍 shift에 놓고하고 있고 막 연타 안하고 그냥 누르는데 손 안아프던데 제가 뭔가 지금 잘못하고 있는걸까요...? 다들 아프다 하시는데 전 안아파서... 뭔가 제가 잘못하고 있는것 같은느낌 ᄏᄏᄏ,domain-lexicon-v1.1
2298,221838,thunder_breaker,"스트라이커 신규 코어 ""해황폭쇄""",2026-06-12 15:00:00+00:00,https://www.inven.co.kr/board/maple/2298/221838,views,5865,2,6,7,False,neutral,neutral,information,밸런스·스킬,0.35,,.,domain-lexicon-v1.1
2304,44501,tips,메이플스토리 인벤 공략 모음 (6.10),2026-06-15 15:00:00+00:00,https://www.inven.co.kr/board/maple/2304/44501,comments,103176,21,45,44,False,positive,positive,information,보스·전투,0.6,최고,"※ 추가 및 수정이 필요한 게시글은 제보 부탁드립니다. 🌱 기본·효율 팁 ⚔️ 직업·스킬 운용 🧭 콘텐츠·유니온 🔰 신규·복귀 가이드 ✨ 코디·도감 📈 스펙업·장비 세팅 👑 보스 공략 📱 메이플스토리M 🌱 기본·효율 팁 ↗ 돌아온 잡다한 환기성 팁들.txt ↗ 거래가능한 드메템 총정리 ↗ 메카베리 농장 경험치 분석 ↗ 경험치 BM 효율 시트 (260113 수정) ↗ 제네시스 패스 정보 & 챌섭vs본섭 어디서 하는게 좋은가 ↗ MVP 퀵패스 몬스터파크 서순에 따른 비용 차이 ↗ 메이플 홈: 업적 보상 가구 조건과 이미지 등 신규 콘텐츠 정리 ↗ 스펙 구간별 결정 가격 증감률 ↗ 조합키와 노블스킬(+영메)팁 ↗ (팁)유니온 배치 ↗ 시퀀스 등록 꿀팁 ↗ 가격 대비 경험치 도핑 효율(24.09.30 14:05 수정) ↗ 마가티아 85 -101 마을 퀘스트 동선 절약 하기. ↗ 사냥, 컨텐츠 및 BM에서 경험치 및 관련 아이템 효율 비교 (8월 이후) ↗ 펫줍 제외할거 공유 ↗ 헥사스탯 선",domain-lexicon-v1.1
2304,47443,tips,인증 챌린저스 대비 캐릭터 선택 가이드,2026-05-07 15:00:00+00:00,https://www.inven.co.kr/board/maple/2304/47443,comments,40274,20,127,27,False,mixed,positive,request,밸런스·스킬,0.95,최고 · 감사 · 문제 · 부족 · 너프,"선요약 본인이 메이플이 처음이다 -> 보마, 은월, 렌, 와일드 헌터 중 선택. 고점 보고싶으면 후에 본캐 변경 본인이 유챔을 키울 생각이다 -> 보마, 은월, 렌, 와일드 헌터, 일리움, 썬콜, 추천 본인이 복귀라 어느 정도 보스 패턴을 안다. 고점 보고싶다 -> 카데나, 아크, 제논, 칼리, 제로, 블래스터, 카인 추천 조커픽(상위보스 패턴 숙지 필요) -> 비숍, 팔라딘 반드시 피해야 하는 캐릭터 -> 메카닉, 미하일, 데몬, 나이트워커 웬만해선 피해야 하는 캐릭터 -> 바이퍼, 캡틴, 엔버, 카이저, 에반, 신궁, 패파 언급 안한 캐릭터 -> 적극 추천할 정도는 아니지만 해도 무방. 질답게에 이번 챌섭 캐릭터 추천 요청이 많길래 캐릭터 추천 글 작성해봅니다. 진캐x환산 챌린지, 유튜브에 업로드 된 직업 기록, 연무장 기록에 커뮤 인식과 필자 주관 한스푼씩 섞어서 만들었습니다. 1. 뉴비, 혹은 쉬운 캐릭터를 원하는 사람 난이도를 1순위, 체급을 2순위로 고려한 추천 목록입니다",domain-lexicon-v1.1
2304,47473,tips,"설치기, 룬, 동꼽 알림 웹사이트 개선해서 만들어봤습니다",2026-05-10 15:00:00+00:00,https://www.inven.co.kr/board/maple/2304/47473,comments,19728,27,75,75,True,mixed,positive,request,버그·사용성,0.8999999999999999,감사 · 불편 · 오류,"https://maple-timer.com/ - 최초 공유글: https://www.inven.co.kr/board/maple/5974/6534996 - 자게글: https://www.inven.co.kr/board/maple/5974/6561583 ​ ​ 소리 키는거 추천 소리 키는거 추천 전에 한 번 공유했던 설치기 알림 웹사이트 Maple Timer를 피드백 받아가면서 계속 고쳤고, 이제 핵심 기능은 어느 정도 쓸 수 있는 상태가 된 것 같아서 다시 공유드립니다. 한 줄로 설명하면, 사냥 중 화면을 계속 보고 있지 않아도, 퀵슬롯 쿨타임 숫자를 읽어서 설치기와 룬 알림을 주는 웹사이트 입니다. 별도 프로그램 설치 없이 브라우저에서 바로 사용합니다. 처음에는 야누스 정도만 알림을 조금 더 편하게 받는게 목표였는데, 여러 피드백을 통해 오류도 수정하고 기능들도 추가했습니다. 왜 만들었나요? 기존에 존재하는 타이머 사이트들이 사용자가 직관적으로 사용하기 어렵다고 느껴서 만들었습니다.",domain-lexicon-v1.1
2304,47485,tips,인증 헬레나 나이트메어 작은 팁,2026-05-14 15:00:00+00:00,https://www.inven.co.kr/board/maple/2304/47485,comments,45166,23,41,38,False,neutral,positive,request,보스·전투,0.35,,"※ 테섭 : 안전 에겐 최소 전투력 ( 100 레벨 기준 ) ★ 테토 : 8초 / 106만 [어센트 모두 사용] ◆ 안전 에겐 : 4초 / 141만 [어센트 사용 X] ● 안전 풀 에겐 : 4초 / 162만 [어센트 모두 사용] 나메가 어려운 작은 돌정이 들은 마지막 QTE 때문이라도 5개 틀려도 되는 안전 에겐 으로 하시길 바랍니다. 100 레벨 찍었을 때, 대부분의 작은 돌정이 들은 요구 전투력을 넘길 것 입니다. 공격 하다가 위험한 상황이 나올 수 있는 행동을 삭제한게 안전 입니다. 에겐 / 풀 에겐 전투력을 구하실 때 4초 이상의 쿨감을 사용 중이면 4초로 바꿔 입력하세요 i 결정을 바꾸라는 의미가 아님 체공으로 쿨감 효과 거의 날려 먹고 있기 때문에 극딜 잘 굴리는 4초나 극딜 늦게 올리는 6초나 스킬 사용 횟수가 거의 비슷합니다. i 6초가 좀 더 편함 i 4초는 누적 20초 밀리면 막극 제대로 못 함 100레벨 미만에서의 전투력을 보려면 환산 사이트 - 놀이터 - 루시드",domain-lexicon-v1.1
2304,47514,tips,웹서핑/게임 하면서 재획하는 멀티 오버레이 출시,2026-05-19 15:00:00+00:00,https://www.inven.co.kr/board/maple/2304/47514,comments,16327,14,54,54,False,mixed,positive,request,버그·사용성,0.75,감사 · 오류,"[다운로드 및 안내] - 다운로드 (깃허브) : https://github.com/cartilage0bone/Mecus-Releases/releases - 사용 가이드 및 공홈 : https://maple-focus.web.app 안녕하세요. 멀티태스킹에 최적화된 다기능 오버레이 '메커스(Mecus)' 를 소개합니다. 한 줄로 요약하면, 메이플 재획 중 다른 브라우저나 앱을 마우스로 조작해도, 메이플 클라이언트에 포커스가 유지되어 키보드 입력이 끊기지 않게 해주는 앱 입니다. ✨ 핵심 기능 1. 포커스 마술사 ​ 재획하면서 단순히 영상을 보는 것을 넘어, 입력 중단 없이 커뮤니티 글을 읽거나, 웹툰 다음화를 클릭하거나, 턴제/카드 게임을 동시에 플레이 할 수 있습니다. 메커스 오버레이 패널에 띄워둔 화면을 마우스로 아무리 클릭하고 스크롤해도 메이플의 스킬이 끊기지 않습니다. 매직 포커스를 적용하면 스팀 패키지 게임 등 외부 창 또한 키보드 입력을 무시하고 마우스 입력만 들어갑니다. ",domain-lexicon-v1.1
2304,47515,tips,인증 챌섭 직업선택 가이드 (수정 6/16),2026-05-20 15:00:00+00:00,https://www.inven.co.kr/board/maple/2304/47515,comments,168810,60,753,63,False,mixed,positive,information,보스·전투,0.95,좋다 · 재미 · 감사 · 불편 · 문제,"챌섭 직업선택 가이드 수정 6/14) 선생님들 다짜고자 OO직업 좋나요? OO직업 어렵나요? 이러면 제가 해줄수 있는 말이 없어요. 그런건 직게 가서 확인하시는게 정확합니다. 제가 모든 직업을 장인급으로 알고있는것도 아니고 선생님들의 성향이나 피지컬 수준을 알고있는 것도 아니라서 대답이 곤란합니다. 적어도 질문을 하실거면 어떤 취향이신지(간단하게 좋은지 복잡한게 재미있는지), 본캐 부캐인지, 유챔으로 하는지 익스우 솔플 이상의 진심부캐로 보는지는 말해주셔야돼요. 그리고 저 홍대병 아니예요... 최소한 유챔은 제가 추천해놓은거 외에는 싹다 추천하지 않는다라고 박아놓고 시작하는거니까 그 부분은 고려해주세요. ex) 본캐로 할건데 제가 원래 구조가 복잡한걸 잘 못한는데 간단하면서 템값이 좀 싼애가 있을까요? => 보마하세요 진심부캐로 할건데 팔라딘 괜찮나요? => 솔플만보면 비추, 파티플 기준이면 메리트가 확실히 있기는 합니다. 유챔에서 팬텀 어떤가요? => 유챔 추천목록에 없으면 싹다 ",domain-lexicon-v1.1
2304,47572,tips,인증 챌섭 직업 정하다가 정리해본 전직업 유틸 모음집,2026-06-07 15:00:00+00:00,https://www.inven.co.kr/board/maple/2304/47572,comments,99060,198,206,6,False,negative,neutral,information,밸런스·스킬,0.6,오류,"서론. 챌섭 직업 정하기가 힘들어서 이 영상 저 영상 둘러보다가 뭔가 유틸 관련해서 한번에 정보를 얻는 과정이 번거로워서 직접 만들어봤습니다. 저는 극딜, 준극딜 같은 딜구조나 체급 이런 부분은 템을 좀 더 맞추거나 밸런스 패치를 받으면 해소되는 부분이라고 생각합니다. 그래서 직업 선택 할 때 유틸과 조작감을 많이 고려하게 되더라고요. 저처럼 유틸 관련해서 궁금하신 분들이나, 아직 챌섭 직업 고민을 하고 계신분들이 계신다면 도움이 되었으면 좋겠습니다. 직업은 순서대로 쭉 작성했으니 전체적으로 보고 싶은분은 쭉 보시고, 각 직업별로 앞에 이름을 달아둘테니 특정 직업이 궁금하신분은 ctrl+f 누르시고 직업명 검색하셔서 찾아가시면 편하실겁니다. 아래는 선정 기준과 주의사항, 참고사항 등을 적어둘 것인데 자료만 보실거면 ""히어로"" 검색하시고 바로 보시면 됩니다. 기본설정. 1. 회복, 무적 등의 생존기, 이동기와 같은 체감 가능한 유틸들로 선정했습니다. 2. n초마다 n% 회복 같은 바로",domain-lexicon-v1.1
2304,47600,tips,인증 여름 이벤트 재화 획득량 정리 + 패스 효율,2026-06-13 15:00:00+00:00,https://www.inven.co.kr/board/maple/2304/47600,comments,40102,33,47,46,False,neutral,positive,information,성장·보상,0.35,,롤 보면서 만들어서 누락된 게 있거나 틀릴 수 있어요 +) 5세트 가버려서 효율도 러프하게 계산해봤어요,domain-lexicon-v1.1
2304,47602,tips,[재획 타이머] 메이플 타이머 업데이트,2026-06-13 15:00:00+00:00,https://www.inven.co.kr/board/maple/2304/47602,comments,17317,9,52,52,True,mixed,positive,request,버그·사용성,0.95,감사 · 오류 · 버그 · 문제,"자유 게시판에도 작성했는데, 본질은 팁게가 맞다고 생각해 팁게에도 작성합니다. https://maple-timer.com https://maple-timer.com/guide -자게 글: https://www.inven.co.kr/board/maple/5974/6694130?my=chuchu -이전 공유글: https://www.inven.co.kr/board/maple/5974/6561583?my=post ​ 소리 키는거 추천 소리 키는거 추천 안녕하세요. 메이플 타이머 개발자입니다. 처음 홍보 글을 올린 뒤 한 달정도 시간이 지났는데, 생각보다 많은 사용자 분들이 여러 버그 제보와 제안 사항들을 보내주셨고 최초 글을 올렸을 때보다 어느 정도 기능들도 많이 추가되습니다. 이번 여름 새롭게 입문하는 분들도 첼섭에서 야누스30 을 받기 때문에, 같이 사용하시면 좋을 것 같아서 한 번 더 글을 작성합니다. 기존 글에 작성했던 내용들은 간단하게 작성하고, 새로 추가한 내용들은 좀 더 자세",domain-lexicon-v1.1
2304,47622,tips,스펙터 블래스트 공략,2026-06-15 15:00:00+00:00,https://www.inven.co.kr/board/maple/2304/47622,comments,134105,36,77,76,False,neutral,positive,request,밸런스·스킬,0.35,,직업 설명 가온 : 딜러 연계로 게이지를 채워 강화 공격기를 사용하는게 핵심 기본 스킬 기본 공격 1초마다 강화되기는 하지만 데미지 차이가 없고 자연 에너지도 후에 얻을 스킬 때문에 큰 의미가 없어서 신경 안써도 됨 3레벨 습득 스킬 윗점 스킬 후에 얻을 스킬과 연계해서 쓰는 스킬이고 그 전까진 윗점으로 씁니다 7레벨 습득 스킬 게이지 100일때만 사용할 수 있는 스킬입니다 설명에는 만조 다음에 쓰는 스킬 강화라 되어있지만 북명파천창 (창던지기)만 강화됩니다 2초가 지나거나 다른 스킬을 사용하면 강화가 적용되지 않으니 만조 다음에 바로 북명파천창을 써야됩니다 ★ ★ ★중요 ★ ★ ★ 창던지기 스킬 만조일때 사용하면 데미지가 10배가 되고 만조+케이라 버프를 받으면 8000%까지 강화됩니다 10레벨 습득 스킬 내려찍는 스킬입니다 공중에서만 사용 가능하며 승파격과 연계하여 빠르게 자연에너지를 채울 수 있습니다 13레벨 습득 스킬 에너지 채우기 스킬 비영참 사용 후 승파 사용시 분신의 위,domain-lexicon-v1.1
2304,47634,tips,직업별 순위,2026-06-16 15:00:00+00:00,https://www.inven.co.kr/board/maple/2304/47634,comments,27266,0,78,74,False,neutral,neutral,information,밸런스·스킬,0.35,,직업별 순위 모음 이런거는 어디서 볼수있을까여?,domain-lexicon-v1.1
2304,47635,tips,인증 챌섭 레테 제자리 사냥터 모음 (세르니움~아르테리아),2026-06-17 15:00:00+00:00,https://www.inven.co.kr/board/maple/2304/47635,comments,154245,23,40,42,True,neutral,positive,information,보스·전투,0.35,,"1. 스캐터 ON 기준 입니다 2. 매크로에 컨버지+임펠 등록하고 사용하면 약 60초 동안 동꼽이 가능합니다 (임펠만 썼을때 : 45초까지 동꼽 가능) 관련 글 : https://www.inven.co.kr/board/maple/2304/47758 *인기 사냥터들은 제외했습니다 (도서관,골목2 등등) 챌섭3누스를 받은 기준입니다만 각 지역마다 설치 없이 소환수가 다 잡아주는 사냥터가 존재합니다 (마릿수 34마리) 고점 사냥터: 마릿수 높은 사냥터들 날먹: 설치X 00:09 세르니움 고점 해변암석지대3 (38마리) 왕립도서관6 (38마리) 동쪽성벽2 (34마리) 00:50 세르니움 날먹 격전의 서쪽 성벽2 (34마리) 격전의 동쪽성벽1 (34마리) 격전의 동쪽성벽2 (34마리) 격전의 동쪽성벽4 (34마리) 01:49 아르크스 고점 황야4 (39마리) 열차3 (38마리) 극장3 (39마리) 02:29 아르크스 날먹 극장1 (34마리) 극장4 (34마리) 극장6 (34마리) 황야1 (3",domain-lexicon-v1.1
2304,47636,tips,인증 야누스 30렙 제자리 사냥터 모음 (세르니움~아르테리아),2026-06-17 15:00:00+00:00,https://www.inven.co.kr/board/maple/2304/47636,comments,186311,25,116,17,False,neutral,neutral,information,보스·전투,0.35,,https://youtu.be/x1HcrxKj2ZU?si=4WA_fjxTKexKCyYs * = 야누스 * = 파운틴 o = 제자리 위치 세르니움 - 암석 지대 3 6분 1800~1880마리 아르크스 - 횡단열차6 6분 1800~1880마리 오디움 - 잠긴 문 뒤 실험실 4 6분 1850~1900마리 도원경 - 여름 4 6분 1850~1900마리 아르테리아 - 최하층 통로 6 6분 1900~1920마리 아르테리아 - 최상층 통로 2 6분 1900~1920마리 이번에 아르테리아는 사냥터 괜찮은데가 많아져서 선택 폭이 넓습니다. 하위 사냥터는 여전히 별로입니다.,domain-lexicon-v1.1
2304,47643,tips,인증 레테 극딜순서 다시 짜왔음,2026-06-17 15:00:00+00:00,https://www.inven.co.kr/board/maple/2304/47643,comments,161863,142,256,50,False,neutral,positive,information,밸런스·스킬,0.35,,고점용은 어지간하면 진입 극딜때만 사용 될 것으로 예상됨 + 이딕트 스킬은 임프린트 스킬 때문에 번갈아가면서 사용하는것을 권장,domain-lexicon-v1.1
2304,47689,tips,인증 모험으로 알아온 메이린 개꿀팁 (일요일에 재획안하고 메이린 최소컷 깎으면서),2026-06-21 15:00:00+00:00,https://www.inven.co.kr/board/maple/2304/47689,comments,64412,59,126,26,False,neutral,positive,request,밸런스·스킬,0.35,,안녕하세요 썬데이 재획안하고 메이린 극최소컷부터 깎으면서 고려했었던 모든 꿀팁을 들고왔습니다 1. 타직업 스킬카드를 언제 써야하는지 입장하면 보스타격가능 시간이 19분 47초부터이고 19분 7초가 되면 특수패턴이 나오는데 노말기준 거의 60초 준극딜 시간과 비슷하게 타직업 스킬카드를 선택하고 2번째 극딜이 10초정도 남았을때 타직업 스킬카드를 한번더 선택할수 있게 되는데 타직업 스킬을 가지고 있는 상태에서 제단에서 카드를 선택하면 가지고있던 스킬은 변경되고 사용중이던 스킬은 사라지니 데미지상승 관련된 준극딜 적용버프들이 있다면 그때 사용하는것을 추천드립니다 루미처럼 없는경우 일격필살에 맞추거나 극딜버프 남았을때 추천드립니다 +웬만하면 메이린 돌진기보고 사용해서 풀히트 유도해줍시다 2. 어떤 타직업 스킬카드를 써야하는지 타직업 스킬들의 경우 풀히트 기준 데미지가 거의 동일하게 설계가 되었는데 (전용BGM+사용효과 전부 적용됩니다) 스택형식 으로 나가는 윈드브레이커의 하울링게일이나 캐논,domain-lexicon-v1.1
2304,47755,tips,에테리온 에픽던전 안찍고 에픽 돌았는데,2026-06-24 15:00:00+00:00,https://www.inven.co.kr/board/maple/2304/47755,comments,7931,0,55,49,False,neutral,neutral,information,성장·보상,0.35,,지금이라도 찍는게 나음? 아니면 일퀘로 틀어야함? 보너스 경험치 받을건데 여기에 합계산되면 지금이라도 찍으려고,domain-lexicon-v1.1
2304,47801,tips,하드메이린 템세팅 가이드,2026-06-28 15:00:00+00:00,https://www.inven.co.kr/board/maple/2304/47801,comments,40853,19,47,47,False,mixed,positive,request,밸런스·스킬,0.75,감사 · 오류,"참고로, 이 템셋이 무조건 옳다! 는 절대로 아닙니다. 참고를 해서 세팅을 하면 좋겠다 이 정도일 뿐입니다. 스스로 공부해서 본인만의 방향을 찾아가는 것도 상당히 좋은 방법이라고 생각합니다. 들어가기 전, 3줄 요약 조지고 들어갑니다 하드메이린? 은근히 컷 높다. 템을 어느 정도 보강을 해야 한다. 18성 여명, 보조 엠블 레전/에픽으로 가능은 하다! 다들 제네무기 날먹해서 컷을 열심히 내려봅시다! 아래의 조건으로 환산에 시뮬레이션을 돌려 진행하였습니다. 꼭 읽어보고 참고해주시길 바랍니다. 환산주스텟 가이드 : https://www.inven.co.kr/board/maple/2304/47723 환산주스텟 사이트 : https://maplescouter.com/ko 1. 내실 레벨 : 285 (렙뻥도 상당히 중요합니다. 1렙 당 배율 2퍼씩 상승합니다) 6차 강화 : 지금 챌섭에서 키우고 있는 캐릭에 넣었으며, 조각은 1600개 가량, 헥사스텟은 2까지 찍었습니다. 시드링 : 리 4 ",domain-lexicon-v1.1
2304,47805,tips,인증 스압) 쓰잘데기 없는 보스 TMI,2026-06-29 15:00:00+00:00,https://www.inven.co.kr/board/maple/2304/47805,comments,45787,112,135,38,False,mixed,positive,complaint,밸런스·스킬,0.8999999999999999,좋다 · 최악 · 아쉽,"1 스우 1페 배리어는 지속 시간이 끝날 때 남아있는 쉴드에 비례하여 체력을 회복한다 2 스우 2페 3페의 침입자 격퇴 프로토콜은 좌측 하단에 사각지대가 있다 3 스우한테 공멸형 패턴을 적중 시킬 때 나오는 효과음이 있다 4 스우 2페이즈에서 하늘색 공 날리는 드론은 공멸형 패턴을 일정 수치 이상 적중시킬 경우 사라진다 3페이즈에도 이런 패턴이 있었으나 아예 삭제됐다 5 데미안 1페에서 낙인사를 7번 하면 체력을 유지한 채 즉시 2페이즈로 넘어간다 https://www.inven.co.kr/board/maple/5974/6286676 6 데미안 1페 돌진은 벽쪽을 바라봤을 때 공간이 없으면 무조건 반대 방향으로 시전한다 7 데미안 2페 폭주 패턴은 시전 직전 투명한 상태로 잠깐 맵에 나타나는데, 디버프 아이콘 또는 보스 타격 실루엣으로 확인할 수 있다. 이 때 의지를 사용하면 석화(좌우 연타로 푸는거)에 걸리지 않는다 8 데미안 1페이즈 속박 패턴은 캐릭터 내성에 따라 입력해야하는 ",domain-lexicon-v1.1
2304,47829,tips,친구들 보여주려고 만든 템셋팅 가이드,2026-07-02 15:00:00+00:00,https://www.inven.co.kr/board/maple/2304/47829,comments,18287,11,78,76,False,neutral,positive,request,밸런스·스킬,0.35,,"챌섭 템셋팅 기본 가이드 1. 무기 제네무기 윗잠방무x3줄 밑잠 2줄 1추@가 최종목표 2. 보조 가성비로 보보방, 보공방 추천 레전에픽 - 40억, 방무 없으면 70억 레전유닠 - 카인90억 렌45억 레테 70억 -> 이렇게 돈 모을 자신 없으면 걍 블랙보조에 대충 직작 3. 엠블렘 미트라 존나비싸서 못산다는 가정 유니크 에픽 15퍼 6퍼 쓰다가 큐브 모아서 등업 노리기 -> 최종적으로 레전 에픽 공21퍼, 공6퍼 노리면 됨 4. 방어구 (오른쪽템) 아이템버닝이나 꾸준히 하자 본인 직업이 쿨뚝 쓰는지 잘 확인하고 / 5. 장신구 가이드라인 최종 목표 - 18성 15퍼 에디에픽2줄 프악공/마작 * 임시 목표 스타포스 - 17성 바르고 샤타때 18성 달아주기 or 17성 깡 직작 (샤타 기준 기댓값 6~8억) 잠재 - 유잠 바르고 15퍼 띄우기 무조건 메멘토 실버 큐브 말고 쓰면 안됨 ex) 메멘토 골드 큐브로 등업 노리면 안됨? ᄋᄋ 안됨 우리할배 운 갖다써도 절대못함 0.04퍼임 ",domain-lexicon-v1.1
2304,47941,tips,레벨 구간별 BM 효율,2026-07-19 16:31:00+00:00,https://www.inven.co.kr/board/maple/2304/47941,comments,8625,4,40,40,True,neutral,positive,information,성장·보상,0.35,,,domain-lexicon-v1.1
2304,47351,tips,"인증 [23주년] 봄빛 풍경, 단풍빛 추억 공략",2026-04-22 15:00:00+00:00,https://www.inven.co.kr/board/maple/2304/47351,recommendations,77610,23,14,14,True,neutral,positive,information,밸런스·스킬,0.35,,"23주년 단풍빛 추억 이벤트 공략 석촌호수의 특별한 방문객들과 사진 촬영 1일차 (4월 23일 오전 10시부터 시작 가능) 밍밍부인의 이야기 듣기 석촌호수의 시계탑 사진 촬영하기 위치: 중앙 에오스탑 옆 밍밍부인에게 촬영한 사진 전달하기 보상: 어트렉션 데미지스킨(유닛) , 특별한 츄러스 1개 2일차 (4월 24일 오전 00시부터 시작 가능) 요정 크리엘의 이야기 듣기 석촌호수의 목마 사진 촬영하기 위치: 좌측 최상단 요정 크리엘에게 촬영한 사진 전달하기 보상: 거대 버섯 소환진 교환권 (가구) , 특별한 츄러스 1개 3일차 (4월 25일 오전 00시부터 시작 가능) 보좌관 티군의 이야기 듣기 석촌호수의 마차 사진 촬영하기 위치: 우측 상단 보좌관 티군에게 촬영한 사진 전달하기 보상: 메이플 어택 세트 선택권 , 특별한 츄러스 1개 4일차 (4월 26일 오전 00시부터 시작 가능) 뮤즈의 이야기 듣기 석촌호수의 솜사탕 사진 촬영하기 위치: 좌측 루시드 뮤즈에게 촬영한 사진 전달하기 ",domain-lexicon-v1.1
2304,47458,tips,몬컬 꿀팁 공유,2026-05-09 15:00:00+00:00,https://www.inven.co.kr/board/maple/2304/47458,recommendations,12222,30,21,20,False,neutral,positive,information,커뮤니티,0.35,,몬컬 할때 등록 안된 녀석들 맨날 검색해서 찾았었는데 우연치 않게 더블클릭 해봄 그랬더니 이렇게 몹이 어디 출현하는 지 위치 다 뜸. 몬컬러들한테 유용할듯 +자게에 올렸었는데 여기에 올리는게 낫겠다 싶어 옮김,domain-lexicon-v1.1
2304,47492,tips,메이플 접속종료 의미있게하기,2026-05-15 15:00:00+00:00,https://www.inven.co.kr/board/maple/2304/47492,recommendations,29571,22,21,21,True,neutral,neutral,information,커뮤니티,0.35,,1. 샤타 미라클때 할일만하고 접종하기 2. 별 한번만 눌러볼까 생각날때 접종하기 3. 잠재 에디 맛만볼까 접종 4. 저거 사서 내가 뛰울수있을거 같은데 접종 5. 에테 17->18성만 뛰우자 접종(120억빨리고 18못뛰움 경험담),domain-lexicon-v1.1
2304,47561,tips,[공략] 유챔 레이드 65000점 넘기기,2026-06-01 15:00:00+00:00,https://www.inven.co.kr/board/maple/2304/47561,recommendations,19098,21,34,33,False,neutral,positive,request,보스·전투,0.35,,데티카링 준비물로 연모 유챔 5단계가 필요해서 열심히 깎아봄. 팁게랑 여기저기서 아이디어 얻음. 6월 17일 ~ 6월 24일 3중마약 구간에 데티카링 노리는 사람들은 ᄀᄀ 준비물 : 10만 본캐/하세유챔 이상 부캐 3개 엔버 10.3 보마 5.8 비숍 5.8 제로 5.2 1-1 (사냥) : 엔버어센트/보마어센트 이후 보마로 마무리 1-2 (보스/좌) : 비숍 준극딜 1-3 (사냥) : 비숍 오리진 1-4 (보스/우) : 비숍 사냥(버프온) 1-5 (사냥) : 비숍 어센트 (10초 대기) 2-1 (보스/좌) : 본캐 준극 2-2 (사냥) : 제로 어센트 2-3 (보스/중) : 본캐 평딜 2-4 (사냥) : 보마 사냥(버프온) 2-5 (보스/우) : 제로 극딜 (10초 대기) 3-1 (사냥) : 보마 오리진 3-2 (보스/좌) : 본캐 극딜 3-3 (사냥) : 제로 오리진 3-4 (보스/중) : 본캐 오리진 3-5 (사냥) : 비숍사냥(버프온) (10초 대기) 4-1 (보스/좌) : 엔,domain-lexicon-v1.1
2304,47612,tips,인증 챌린저스 육성 가이드 공유(구글 시트),2026-06-14 15:00:00+00:00,https://www.inven.co.kr/board/maple/2304/47612,recommendations,80677,30,32,32,False,positive,positive,request,보스·전투,0.6,감사,안녕하세요 에오스에서 섀도어를 가볍게 키우고 있는 유저입니다. 이번 챌린저스 시즌 4가 출시됨에 따라 지인분들 공유용으로 가이드용 구글 시트를 간단하게 만들어봤는데요 링크(댓글 추가): https://docs.google.com/spreadsheets/d/146WLpua-AjjrbKRv3OkT9WkMQE8Y6YiSGftXUu9jdmE/edit?usp=sharing 이번에 메이플을 처음 하시는 뉴비분들 뿐만 아니라 어느정도 메이플이 익숙하신 분들도 확인을 위해 한 번쯤 보실만 하도록 제작하려고 했습니다. 다양한 레퍼런스 자료들을 이용해서 작성되었구요. 최대한 레퍼런스를 표기하려고 했습니다. 크게 시트는 다음과 같이 4가지로 나뉘어있습니다 육성 관련 패스관련 보스관련 코인샵 관련 많은 분들에게 도움이 되면 좋겠습니다. 혹시 작성된 내용 중 틀린 부분이 있다면 말씀해주시기 바랍니다. 감사합니다. +07/01) 념글 감사합니다. 일부 표현 및 내용 수정되어 1.3 버전으로 업데이트 하였습니,domain-lexicon-v1.1
2304,47669,tips,버프 시퀀스에 현재 갖고 있지 않는 버프를 미리 넣어두는 방법,2026-06-20 15:00:00+00:00,https://www.inven.co.kr/board/maple/2304/47669,recommendations,14050,37,12,12,True,neutral,neutral,information,커뮤니티,0.35,,​ ​ 버프 매니저에서 제공하는 버프들은 현재 보유하고 있지 않아도 시퀀스에 미리 등록할 수 있습니다.,domain-lexicon-v1.1
2304,47822,tips,스케줄러 미세 팁 두 가지,2026-06-30 15:00:00+00:00,https://www.inven.co.kr/board/maple/2304/47822,recommendations,10859,24,11,10,False,positive,neutral,praise,보스·전투,0.75,좋아요 · 감사,1) ​ 마우스 휠로 스케줄러 이용하기 ​​ ​​ ​ 마우스 클릭으로 스케줄러 이용하기 ​마우스 휠로 이동하는 것보다 마우스 클릭하고 움직이는 게 훨씬 더 빠릅니다 ​ 보스 추가할 때 사용하면 아주 좋아요 2) 보스 컨텐츠 설정에 들어가시고 밑으로 쭉 내리시면 마일리지 받기가 있는데요 이거 추가하신 다음에 보스 컨텐츠 가장 아래에 짱박혀 있는 마일리지를 우클릭해 준 다음 위치 변경 가장 위로 올려두시면 보스 돌고 마일리지 받을 때 아주 편합니다 이상 스케줄러 미세 팁 두 가지였습니다 감사합니다,domain-lexicon-v1.1
2304,47591,tips,챌린저스 월드 시즌 4 와 패스 요약 포탈,2026-06-13 15:00:00+00:00,https://www.inven.co.kr/board/maple/2304/47591,views,45816,3,0,0,True,neutral,neutral,information,커뮤니티,0.35,,https://www.inven.co.kr/board/maple/5974/6687033 이후 통합하여 갱신합니다,domain-lexicon-v1.1
2304,47599,tips,인증 챌린저 달려면 어디까지 잡아야하나요?,2026-06-13 15:00:00+00:00,https://www.inven.co.kr/board/maple/2304/47599,views,52450,13,28,29,True,neutral,positive,information,성장·보상,0.35,,"각 레벨별 무슨보스까지 깨야되나 보고싶어서 정리한거 공유함 보스순서는 밑에있는 표 기준으로 했음. ex) 노칼기준-노칼까지 다 잡아야함 하늘색 글자는 검밑솔 다잡으면 됨 세줄요약 1. 280기준 하메까지 잡으면 챌 달성 2. 마스터는 280기준 이칼까지, 281기준 하세까지, 285기준 노세 3. 284부터는 하메아래 7000짜리 보스(이칼 이적자 하세) 한마리 생략 가능",domain-lexicon-v1.1
2304,47606,tips,챌섭 1~2주차 아케인포스에 관하여,2026-06-14 15:00:00+00:00,https://www.inven.co.kr/board/maple/2304/47606,views,42981,11,10,10,True,neutral,neutral,request,성장·보상,0.35,,"기준:보약버프 위아래 4레벨씩 포인트구매(일퀘-선택-,아케인포스) *일퀘보다 몬파가 우선* 3줄 요약 챌섭첫주 보약버프 하이퍼스탯,아케인포스,아케인일퀘보상찍는거 조절로 1350맞춰도됨 2주차부터는 검마110%포뻥 도달가능 심볼 각각1업+길드25레벨 아케인포스+30 계산하게된 계기:첫주차에 노블스킬없는상태로 노포뻥 검밑솔이 빡세보여서 계산하게됨 챌린저스서버 1주차 도달 아케인포스 버닝비욘드효과 +100 하이퍼스탯 +100 썸머카운트다운 +60 첫주차보약 4렙 +40 길드25렙 30(거의 불가능) 첫주차에 얻을수있는 선택심볼교환권(아케인심볼 총3150개) 챌린저스패스 10(기본)+100(프리미엄) 하이퍼버닝 1600(아케인) 신입용병지원 500(아케인) 신입용병지원 100(선택교환권) 보스코인샾 ~30(선택교환권) 사용안해도 크게지장X 2주차에 얻을수있는 선택심볼 교환권 챌린저스패스 10+100(프리미엄) 보급일지 50(선택교환권) 보스코인샾 ~30(선택교환권)사용안해도 크게지장X 누적",domain-lexicon-v1.1
2304,47640,tips,[챌린저스] 내실 체크리스트,2026-06-17 15:00:00+00:00,https://www.inven.co.kr/board/maple/2304/47640,views,57149,10,25,25,True,negative,positive,request,밸런스·스킬,0.6,부족,"+ 에반 [계승된 의지] 마력 10, 올스탯 10, 보뎀 5% 있습니다. 발사체 (궁수 직업군, 나이트워커, 나이트로드, 캡틴) - 궁수 직업군 : 티타늄 화살 - 나이트로드 : 플레임 표창 - 나이트워커 : 플레임 표창 - 캡틴 : 자이언트 불릿 (정보 부족)추가 장비 (메카닉, 에반) - 네벨(보조무기, 엠블렘 상인) 판매 - 메카닉 : 퓨어 골드 메탈 파츠 세트 - 에반 : 어비스 마스크 + 리버스 3파츠 (시즌3 기준 링크) https://www.inven.co.kr/board/maple/2304/46759",domain-lexicon-v1.1
2304,47644,tips,인증 에테리온 아티팩트 효율 분석 ( 일퀘 vs 몬파 vs 에픽던전 ),2026-06-17 15:00:00+00:00,https://www.inven.co.kr/board/maple/2304/47644,views,79293,14,7,7,True,neutral,positive,request,성장·보상,0.35,,"추가 강화 없이 코어 1단계만 사용했을 때 추가 경험치만 계산한 표입니다. 매일 몬파 2회 vs 에픽 던전 1회를 비교하면 거의 비슷한 효율을 가지고, 일퀘는 가장 낮은 효율을 보입니다. 따라서 [ 몬파 = 에픽던전 > 일퀘 ] 순으로 효율이 좋습니다. 추가 강화를 최대로 하여 코어 5단계를 사용했을 때 추가 경험치만 계산한 표입니다. 매일 몬파 7회 vs 에픽 던전 1회를 비교하면 270 미만에서는 몬파 우세, 그 뒤로는 에픽 던전 우세를 보이고, 일퀘는 가장 낮은 효율을 보입니다. 따라서 [ 260 ~ 269 ] 에서는 [ 몬파 > 에픽던전 >>> 일퀘 ] [ 270 ~ 289 ] 에서는 [ 에픽던전 > 몬파 >>> 일퀘 ] 순으로 효율이 좋습니다. 각 코어별 5레벨 풀강을 하는 데 기댓값은 988개로, 에테리온 코어 1레벨에 20만 메소로 계산하면 평균 2억 메소에 유의미한 추가 경험치 효과를 누릴 수 있을 것으로 보입니다. 제가 추천하고 싶은 강화 순서는 270 레벨을 기점으",domain-lexicon-v1.1
2304,47671,tips,제네패스 3주 해방 최소컷 흔적 계산,2026-06-20 15:00:00+00:00,https://www.inven.co.kr/board/maple/2304/47671,views,40912,1,5,5,True,neutral,negative,request,보스·전투,0.35,,"요약 제네패스 사용 기준: 1주차: 하루시 2인 + 나머지 검밑 솔격 2주차: 노블 사용 후 검밑 솔격 + 검마 3인 3주차: 검밑 솔격 + 검마 솔격 +어둠의 흔적 최대 보유량은 3000개라서 3주차에는 중간에 해방퀘를 진행해 흔적을 소모해야 함 ᅳᅳᅳᅳᅳᅳᅳᅳᅳᅳᅳᅳᅳᅳᅳᅳᅳᅳᅳᅳᅳᅳᅳᅳᅳᅳᅳᅳᅳᅳᅳᅳᅳᅳᅳᅳᅳᅳᅳᅳᅳᅳᅳ 기본전제: 제네패스 사용 + 7월 초 검마 솔격 3주 해방에서 검밑 보스로 얻을 수 있는 흔적은 3주 풀클 기준 최대 4230개 해방 필요 흔적은 6500개 라서, 검밑을 전부 솔격해도 검마에서 최소 2270 를 채워야 함 그런데 검마 흔적은: 검마 방식 흔적 솔격 1,800 2인 900 3인 600 즉, 검밑을 3주 내내 풀솔격해도 6월과 7월 중 최소 한번의 검마 솔격이 없으면 3주 해방은 불가능 7월 검마 솔격을 전제로 하면서 6500을 최소컷으로 채우는 법 하스데루윌진듄더 중에서 환산컷이 가장 높은게 하루시 그러므로 첫주는 하스데윌진듄더 솔격 + 하루시 ",domain-lexicon-v1.1
2294,455422,warrior_other,전사 12탈벨 파시는분 쪽지부탁드려여,2026-07-05 15:00:00+00:00,https://www.inven.co.kr/board/maple/2294/455422,comments,289,0,0,0,True,neutral,neutral,request,커뮤니티,0.35,,ᄋᄋ,domain-lexicon-v1.1
2294,455592,warrior_other,전사 앱솔 윗잠 36퍼 또는 25성 아이템 구매합니다,2026-07-07 15:00:00+00:00,https://www.inven.co.kr/board/maple/2294/455592,comments,279,0,0,0,True,neutral,neutral,information,커뮤니티,0.35,,"전사 앱솔 윗잠 36퍼 신발,망토,견장 또는 25성 에디 3줄 깔끔한 아이템 구매합니다 카루타 상의도 36퍼 또는 25성 이상 구매해봅니다 댓글 주시거나 오픈카톡: 베라/창세로 연락주세요",domain-lexicon-v1.1
2294,457020,warrior_other,전사 미트라 윗잠 36퍼 팔아요,2026-07-12 15:00:00+00:00,https://www.inven.co.kr/board/maple/2294/457020,comments,241,0,0,0,True,neutral,neutral,information,커뮤니티,0.35,,챌3 롄곤이 쪽지주세요,domain-lexicon-v1.1
2294,457885,warrior_other,전사템 150억 근처 아무부위 삽니다 쪽지주세요,2026-07-17 03:07:00+00:00,https://www.inven.co.kr/board/maple/2294/457885,comments,80,0,0,0,True,neutral,neutral,information,커뮤니티,0.35,,"벨트,마이링제외",domain-lexicon-v1.1
2294,458267,warrior_other,팔라딘유저분들 그만 징징대세요,2026-07-20 07:27:00+00:00,https://www.inven.co.kr/board/maple/2294/458267,comments,58,0,0,0,True,negative,neutral,complaint,밸런스·스킬,0.6,불편,290렙 이제곧291렙되는 핵환5.88만 노칼솔플되는팔라딘유저입니다 팔라딘 이번에나온스킬도 역대급으로 잘 받은 전직업중에서 엄청좋은준극딜기고 딜무난하고 모든성능이엄청좋은데 왜이리 징징대세요 제발 그만 징징대지마시고 그만징징대세요 그렇게 팔라딘에 불만이많으시면 자세을고쳐앉으시고 그래도 불편하시면 걍 메이플접으시거나 그렇게 쌘 직업들을중하나선택하셔서 하세요^^,domain-lexicon-v1.1
2294,454743,warrior_other,안녕하세요 전사님들 질문 있습니다.,2026-06-28 15:00:00+00:00,https://www.inven.co.kr/board/maple/2294/454743,views,463,0,0,0,True,neutral,neutral,question,밸런스·스킬,0.35,,제가 부캐템 돌리다 떠서 그런데 보스 20분화가 됐어도 4초를 쓰는 직업은 없는걸로 알고 있는데 혹시 3-4초가 최적인 직업이 있을까요? 가격은 에디값 밖에 못받을거 같긴한데 그게 맞겠죠?,domain-lexicon-v1.1
2296,180757,wild_hunter,인증 와일드헌터 기본 공략(2026.4.),2026-04-21 15:00:00+00:00,https://www.inven.co.kr/board/maple/2296/180757,comments,36131,36,93,93,True,mixed,positive,question,밸런스·스킬,0.95,만족 · 감사 · 부족 · 너프 · 아쉽,"안녕하세요. 와헌이 리마스터한 지도 벌써 반년이 지났네요. 유입이 0이었던 인구수 압도적 꼴찌 직업이었는데, 리마스터에 상향도 먹으니 유입한다는 사람이 많이 보이네요. 석궁 든 렌, 쿨뚝직업이라는 이미지는 많이 있는데 잘 정리된 정보는 많이 없는것 같아서 또, 본캐나 유챔으로 유입하는 분들이 잘 적응하길 바라는 마음에 글을 작성하게 되었습니다. 1. 개요 A. 기본 설명 와헌은 다들 아시겠지만, 재규어를 타면서 석궁을 쏘는 직업임. 기본 매커니즘은 재규어를 타고 발칸을 쏘면서 쿨마다 강력하고 추가타를 발동시키는 [커맨드 스킬]을 눌러주는 방식. B. 어빌: 첫줄 - 보공 / 2~3번째줄 - 크확,상추뎀 C. 하이퍼스킬 D. 시퀀스 E. 헤카테 감응 - 플레게톤 (30렙 극딜기): 오버드라이브에 감응 추천 - 스틱스 : 엔버링크 or 인팬트리 or 수동감응 등. 본인 취향에 맞게 추천 고수는 수동감응이 좋고, 넣으실거면 엔버링크나 인팬트리(챌섭)에 넣는 걸 추천드립니다. 저는 중요한 ",domain-lexicon-v1.1
2296,182047,wild_hunter,왜 보조 안팔리지 이탈인데?,2026-06-15 15:00:00+00:00,https://www.inven.co.kr/board/maple/2296/182047,comments,4375,0,20,20,True,neutral,neutral,complaint,커뮤니티,0.35,,239억인데... 더 내려요?,domain-lexicon-v1.1
2296,182195,wild_hunter,유입들을 위한 와헌 장단점 정리 및 QnA,2026-06-17 15:00:00+00:00,https://www.inven.co.kr/board/maple/2296/182195,comments,11645,7,28,28,True,negative,positive,question,보스·전투,0.95,불편 · 문제 · 너프 · 심각,"조금 늦었지만 지금이라도 대충 정리해서 올려봅니다. 빠진 부분이나 다른 의견은 댓글 달아주시면 추가 및 수정하도록 하겠습니다. (같은 유틸이어도 장단점이 섞여있어서 구분해서 적지 않았습니다. 빨간 글이 단점입니다.) 1. 속사+높은기동력 및 관련유틸 (와헌 기본이속 210) 와헌은 속사류직업으로 가능한 많은 패턴을 걸어서 피하는 것을 선호합니다. 그러나 최근 보스들은 일반직업의 경우 걸어서 피하기 빠듯해 텔포or 점프를 하는 경우가 종종 발생합니다. 반면 와헌은 빠른 이동속도를 활용해 딜로스 없이 걸어서 피하는 패턴이 더욱 많은 편입니다. 렌 출시 당시 가장 칭찬받던 속사+덥점 → 와헌은 속사+트점으로 상위 호환의 성능을 갖추고 있습니다. 와헌은 드로우백이라는 스킬로 후진이동이 가능합니다. 패턴을 피하며 방향전환하며 생기는 딜로스를 줄일 수 있습니다. 와헌은 프레데터스 리프 라는 스킬로 보스에게 디버프를 묻혀두면, 데슬이나 섀도어 등처럼 보스 추적 텔레포트가 가능한 직업입니다. 상당",domain-lexicon-v1.1
2296,182393,wild_hunter,형님들 극딜 쿨밀림 저만 있나요?,2026-06-19 15:00:00+00:00,https://www.inven.co.kr/board/maple/2296/182393,comments,1324,0,25,25,True,neutral,positive,information,보스·전투,0.35,,현재 챌섭 2초뚝이고 극딜 순서가 시퀀스 > 커맨드 123 > 인팬 > 오리진 > 옵드 (커맨드 123) 바인드 ~ 잔여딜 순서잖아요 다음 일반 극딜 때 시퀀스랑 옵드 ~ 인팬 조금씩 밀리는데 쿨돌면 그냥 바로 시퀀스 누르고 딜 하시나요? 일반 극딜은 바인드 시퀀스 옵드+커맨드인지 커맨드 후 옵드 해야라는지도 모르겠네요,domain-lexicon-v1.1
2296,183095,wild_hunter,와헌 온오프 두개에 커맨드 스킬 세개 맞잖아 와 나만 딜이 약한데,2026-07-05 15:00:00+00:00,https://www.inven.co.kr/board/maple/2296/183095,comments,1802,0,25,25,True,neutral,negative,information,밸런스·스킬,0.35,,뭐가문젠데 ᅲᅲ,domain-lexicon-v1.1
2296,180760,wild_hunter,[사냥]그란디스 후반부 지역 사냥터 정리(도원경~카르시온),2026-04-21 15:00:00+00:00,https://www.inven.co.kr/board/maple/2296/180760,recommendations,2401,8,0,0,True,neutral,neutral,information,보스·전투,0.35,,안녕하세요. 와헌 리마 이후 사냥터를 찾다가 빌드가 없어서.. 충격받고 직접 만든 사람입니다. 굳이 만들어놓고 혼자보기는 뭣해서.. 기왕 만든거 다같이 보자고 생각했습니다. 영상을 다 올리기에는 너무 많아서(카르시온 지분이 큽니다) 글 링크를 모아서 올려둡니다. 혹시나 글을 하나하나 들어가기 귀찮으시다면.. 영상을 올려둔 링크도 넣어둡니다. https://www.youtube.com/@will-t1z7m <도원경> 모든 계절별로 1~2개씩 있습니다. https://www.inven.co.kr/board/maple/2296/181665 <아르테리아> 지형패치로 좋은 곳이 많이 생겼습니다(특히 최상층) https://www.inven.co.kr/board/maple/2296/182397 <카르시온> 40마리를 잡는 거의 모든 사냥터가 좋은 지형입니다. 취향껏 선택하시면 됩니다. https://www.inven.co.kr/board/maple/2296/182398,domain-lexicon-v1.1
2296,183767,wild_hunter,나 진짜 이해가 안되네,2026-07-09 15:00:00+00:00,https://www.inven.co.kr/board/maple/2296/183767,recommendations,2000,14,4,4,True,neutral,neutral,request,밸런스·스킬,0.35,,"훌륭한 유틸과 발칸 꾹 + 쿨마다 커맨드 3개만 누르면 되는 간단한 딜구조가 이 직업 매력이라고 생각했음. 근데 이제와서 기존 커맨드랑 쿨도 안맞고 발칸도 끊어야되는 쓰레기를 줘? 겜안분도 정도가 있어야 되는거 아니냐 기존의 딜구조를 정면에서 다 부정하잖아 ᄏᄏᄏᄏᄏ 리마한지 1년 남짓인데 벌써 직업 컨셉 까먹은거?? 어차피 딜 수치는 바껴서 본섭 올거라 신경안쓰고 있는데 잘 만들어진 직업 구조를 조지는건 누구 생각이냐 대체 아이디어 낸놈, 그걸 승인한놈 누군지 궁금하네 ᄅᄋ 하버로 키워서 매몰될 때쯤에 뒤통수 치는거임? 유저들이랑 기싸움 적당히하고 의견좀 들어라 제발... 자동사출로 바꾸든가 기존 커맨드랑 쿨을 맞추든가 60초나 120초 준극기로 내든가 셋중 하나면 되는데 오답을 정확하게 고르네 이정도면 너네도 뭐가 오답인지 뻔히 알고 패치하는거잖아 구조 개선해라 진짜",domain-lexicon-v1.1
2296,183801,wild_hunter,열받은김에 하나더 열받는점,2026-07-09 15:00:00+00:00,https://www.inven.co.kr/board/maple/2296/183801,recommendations,1537,13,6,5,False,neutral,neutral,information,커뮤니티,0.35,,라이딩타면 왤케 안되는게 많고 뭐만하면 자꾸 내리냐 악몽선경 기믹 파훼 -> 재규어 내리고 가이디드 꺼짐 마빌 분해 -> 안됨 이거말고도 잡다하게 안되는거 개많음 아니 뭐 재규어타면 분해기에 팔 안닿나 소소하게 안되는게 많음,domain-lexicon-v1.1
2296,184072,wild_hunter,"와헌 하드메이린 헥환 45,391 (배율 95.97%)",2026-07-11 15:00:00+00:00,https://www.inven.co.kr/board/maple/2296/184072,recommendations,1651,7,3,3,True,negative,positive,request,밸런스·스킬,0.6,부족,"92퍼때 트라이했지만 실패하고 헥사랑 심볼 등 내실 좀 더 올리니까 겨우 깼네요. 어센트는 한번 떴고, 아래 사진 마지막 15초에 얻을 수 있는 직업+기믹스킬까지 생각하면 조금은 더 낮아도 되기야할텐데 너무 낮으면 1페를 제때 넘기기 힘들거라 1페 운이 많이 좋아야 할 것 같아요. 최소컷 하시는 분들은 스킬뜨는거에 따라 달라지긴하지만 일반적으론 6극 돌기전에 2페 넘어가야 클각 나온다고 생각하시면 될 거 같습니다. 와헌이 딜이 엄청 쌔진 않아도 빠른 이속과 속사기덕에 뒤돌때도 딱 붙은채로 뒤돌아서 계속 때릴 수 있고, 운명패턴 파훼할때도 드로우백으로 딜 안쉬고, 에어본 맞거나 메이린 돌진 후에도 텔포로 바로 따라가는 등 딜로스 줄일 수 있는 유틸들이 많아서 재밌게 플레이 했던것 같아요. (아이템 및 타 보스 배율 정보) 추가로 메이린 기믹스킬 운빨의 저점을 높일 수 있는 저의 잡기술? 꿀팁? 입니다. 매번 최적의 타이밍에 좋은 스킬이 뜨면 좋겠지만 하다보면 극딜쿨이 운명패턴보다 살짝",domain-lexicon-v1.1
2296,181703,wild_hunter,와헌 체급이 지표랑 말하는게 달라요,2026-06-11 15:00:00+00:00,https://www.inven.co.kr/board/maple/2296/181703,views,6362,0,12,12,True,positive,positive,praise,밸런스·스킬,0.6,좋다,최근 나온 지표들인데 전혀 와헌 체급이 쎈게 아닌데 직게 글이나 댓글보면 다 체급 좋다 0초 뚝 이어도 체급 좋아서 100% 클 된다 이런 말 뿐인데 이해가 잘 안갑니다 일단 실전딜은 당연히 잘 나올텐데 체급< 자체가 높은건 아니지 않나요??,domain-lexicon-v1.1
2296,181953,wild_hunter,와헌 체급 하위권까지 떨어졌을까요..?,2026-06-14 15:00:00+00:00,https://www.inven.co.kr/board/maple/2296/181953,views,5904,0,6,6,True,negative,negative,complaint,밸런스·스킬,0.75,문제 · 너프,"안녕하세요? 이번 챌섭에서 진심부캐로 와헌을 키워보려했는데 체급이 상대적으로 많이 낮아질까요...? 보스 시간이 20분으로 줄어들면 세이람 가동률이 50%에서 75%로 늘어나니, 다른 직업들은 체급이 5~6% 가까이 상대 상향을 받는데 반해, 와헌은 그대로고요... 거기에 고쿨뚝 직업이라 17극 이점을 받는것도 사라졌기 때문에 뭔가 다단 너프 받은 기분입니다. 연무장 dpm 기준으로 하위권이 기록도 몇 개 없고 조금 문제가 있을수 있다고 생각은 되는데 와헌으로 상위보스 가시는 분들은 체감이 어떤지, 와헌 체급이 현재 어느정도인지 너무 궁금합니다ᅲᅲ",domain-lexicon-v1.1
2296,182174,wild_hunter,와헌 기초 가이드 (포탈 열어둠),2026-06-17 15:00:00+00:00,https://www.inven.co.kr/board/maple/2296/182174,views,7846,1,4,4,True,neutral,positive,request,밸런스·스킬,0.35,,"오늘 챌섭 오픈 날짜라서 혹시 키우는 분들 참고하시라고 포털만 열어두겠습니다! https://www.inven.co.kr/board/maple/2296/180757 저기에 없는 내용 추가하면... 아버 2초 VS 스탯뚝 → 무조건 2초 리레4렙 VS 컨티4렙 → 저라면 리레4 받을 듯 (컨티4가 딜은 더 좋을 수 있는데, 챌섭은 리4가 맞다봄) 챌섭/유챔스펙 체급 → 고점이 쌔진 않지만, 저점보장은 잘 되어 있는 느낌(여러 후기 참고함)",domain-lexicon-v1.1
2296,181849,wind_archer,행복한 특코스위칭,2026-06-13 15:00:00+00:00,https://www.inven.co.kr/board/maple/2296/181849,comments,4533,7,27,27,True,neutral,positive,information,커뮤니티,0.35,,​ 가이디드 정상화 이제 볼텍스 정상화만 남았다​,domain-lexicon-v1.1
2296,182384,wind_archer,특코스위칭 가이드,2026-06-19 15:00:00+00:00,https://www.inven.co.kr/board/maple/2296/182384,comments,6693,17,26,26,True,mixed,mixed,request,밸런스·스킬,0.75,좋아요 · 문제,"모르시거나 헷갈리시는 분들 많은 것 같아서 사진자료 첨부하면서 한 번 글 써봐요 이번 프리셋 패치로 난이도가 매우 쉬워졌기 때문에 하기 싫으셔도 프리셋 설정은 해두시고 가끔씩이라도 해보시면 좋을 거예요 1. 한놈만 l, 치명적인 일격 l 코어 개방 확인 2. 프리셋 설정(설정-캐릭터 프리셋) 3.프리셋 등록 사용하실(편한) 프리셋 2곳에 각각 한놈만 l, 치명적인 일격 l(다른 항목들은 보스 세팅으로 설정 ) 4. 키세팅 등록 아무리 키세팅에 정답은 없다지만 프리셋 변경키는 오른손이 정답인 거 같아요 5. 프리셋변경 확인 프리셋 변경키+1~5 넘버키 누르셔서 정상 작동되는지 확인해주세요 6. 보스적용 한놈만 / 치명적인 일격 특수코어는 장착하면서 60초의 쿨타임을 가지기 때문에 크리인(서버렉까지) 정도만 다 털고 스위칭 진행하시면 돼요 따라서 정확히는 과거 초시축 예열 시절처럼 초시축은 미리 쓰는 게 좋긴 하겠다만, 스킬가속으로 인해서 조금 골치 아파지기도 했고 스위칭 행위 자체가 ",domain-lexicon-v1.1
2296,183752,wind_archer,제발 아네모이 시퀀스 안넣어주는 이유라도 알려줘,2026-07-09 15:00:00+00:00,https://www.inven.co.kr/board/maple/2296/183752,comments,2297,10,33,33,True,neutral,negative,question,커뮤니티,0.35,,안넣어줄꺼면 안넣어줘도 되니까 제발 이유라도 말해줘 제발 씨발 진짜 진심 궁금해 미쳐버리겠어,domain-lexicon-v1.1
2296,183775,wind_archer,[1.2.203] 윈브 신규 스킬 코어 계산,2026-07-09 15:00:00+00:00,https://www.inven.co.kr/board/maple/2296/183775,comments,4456,20,24,24,True,negative,positive,complaint,밸런스·스킬,0.8999999999999999,오류 · 버그 · 문제,"우선 제가 관측한 바로는 현재 테섭 윈브에게 2가지 오류가 있어요 저번 코어인 팔랑크스와 신규 코어인 실프스 브레스 툴팁 설명 읽어보시면 사출기 관련해서 코멘트가 살짝 달라요 팔랑은 트윔/스톰윔/스브 각 확률을 표기해놓은 반면, 실브는 트윔/강화된 정령의 기운(강트윔으로 예상)/스톰윔으로 표기되어 있고 사실 저는 테섭 깔기 전부터 툴팁 읽고 또 겜안분 짓 했겠구나 느끼긴 했는데 아니나 다를까 직접 쳐보니 역시나 오류가 있더군요 1. 실프스 브레스의 트윔 사출 오류 스브는 표기가 누락되어있으므로 기본 스브 설명 상의 45%로 예상했고 실측 결과도 그러했어요 문제는 트윔인데 당연하게 표기 상의 80%(하이퍼+10%)/60%에 어림도 없는 사출량이 나왔고 실측 결과로 봤을 때는 팔랑 6차와 같은 사양인 60%(하이퍼+10%)/20%의 수치로 생각되네요 2. 팔랑크스의 스브 사출 오류 그리고 엉뚱한 놈에게서 또 오류가 발생한 걸 관측할 수 있는데 현재 본섭에서도 정상적으로 표기 상의 65%",domain-lexicon-v1.1
2296,184771,wind_archer,제발 도와주세요 딜이 이상해요,2026-07-19 13:24:00+00:00,https://www.inven.co.kr/board/maple/2296/184771,comments,1154,0,21,21,True,neutral,positive,information,밸런스·스킬,0.35,,"​ ​ 배율 126퍼로 노말카링 하는데 딜이 이상합니다.. 장인분들이 107퍼로 첫극하면 25초 정도에 30퍼 정도 남던데 저는 45퍼가 남아요.. 순서는 플라워 - 오리진 - 시퀀스,아네모네 - 볼텍스, 팔랑크스, 3게일 - 치격터지면 스인미크오솔 - 천노꾹 - 1게일 입니다.",domain-lexicon-v1.1
2296,183819,wind_archer,윈브 부캐인 인간들 기어와서 한마디씩 하는 거 어이가 없네,2026-07-09 15:00:00+00:00,https://www.inven.co.kr/board/maple/2296/183819,recommendations,2582,18,16,16,True,mixed,mixed,complaint,밸런스·스킬,0.8999999999999999,편하다 · 불편 · 부족,"윈브 본캐로 키우는 사람들이 다 불편하다고 고쳐야 한다고 그러는데, 꼭 부캐로 윈브 하는 새끼들이 ""그 정돈가.."", ""그렇게 불편한지 모르겠음"" 댓글로 이지랄 떨고 가네 ᄏᄏᄏ 아네모이 때부터 주장해온 스킬 시퀀스화를 '윈브게시판'에서 윈브들이 말하는 게 이해가 안 가? 진짜 이해가 안 가는 건 본캐도 아닌 놈들이 와서 댓글로 논리적인 척 댓글 싸지르고 가는 거야. 사회성이 존나 부족한 건지 눈치가 없는 건지;",domain-lexicon-v1.1
2296,184386,wind_archer,[1.2.204] 윈브 신규 스킬 변경점 계산,2026-07-16 08:41:00+00:00,https://www.inven.co.kr/board/maple/2296/184386,recommendations,3044,11,3,4,True,neutral,neutral,information,밸런스·스킬,0.35,,계산 방식은 https://www.inven.co.kr/board/maple/2296/183775?my=post 참고 변경점 -테섭 팔랑크스 스톰브링어 고정 확률 미적용되던 현상 수정(본섭에서는 정상이던 현상) -살프스 브레스 트라이플링 윔 하이퍼 확률 증가 패시브 적용되던 현상 수정 따라서 살프스 브레스의 트라이플링 윔 확률을 일반32%/강화48% -> 일반28%/강화42%로 수정 1렙 개방 시 0.69342% 30렙 풀강 시 3.12305% 1차 테섭 대비 0.05%p 정도 하락으로 큰 차이는 없습니다 -------------수정------------- 천노 비용을 계산해놓고 차감을 안 했었네요 각각 0.11% 지불하기에 해당 수치만큼 차감하여 수정,domain-lexicon-v1.1
2296,182740,wind_archer,윈브 종결 어빌 맞추는 순서 (뉴비참고용 *중요),2026-06-25 15:00:00+00:00,https://www.inven.co.kr/board/maple/2296/182740,views,5788,1,10,10,True,neutral,neutral,question,밸런스·스킬,0.35,,"사랑하는 윈브 가족 여러분. 이번시즌 유입 윈브 뉴비들을 위해 어빌리티 맞추는 순서를 알려드립니다. _<어빌맞추는 순서>_ 1. 비어있는 어빌리티 프리셋을 연다. 2. 레전드리 어빌리티로 올린다. 3. 두 번째줄 또는 세 번째 줄에 크리티컬확률을 먼저 띄운다. (수치신경 ᄂᄂ) 4. 크리티컬 확률을 잠그고, 상태이상 옵션을 띄운다 (이또한 수치신경 ᄂᄂ) 5. 크확,상추뎀을 잠그고 첫줄에 보공을 띄운다. 6. 완성 *첫번째줄에 보공 먼저 떳다고 절대 잠그지 마십쇼 크확이 우선입니다. *수치가 낮아도 띄우는게 먼저라, 나중에 카오스서큘 or 블랙서큘로 수치만 따로 돌려야합니다. 아래가 최종 어빌수치 입니다. [보스 몬스터 공격시 데미지 20% 증가 ] 레전드리 [크리티컬 확률 20% 증가 ]. 유니크 [상태이상에 걸린대상 공격시데미지 8%증가]. 유니크",domain-lexicon-v1.1
2296,183352,wind_archer,신규 6차 이펙트,2026-07-08 15:00:00+00:00,https://www.inven.co.kr/board/maple/2296/183352,views,4997,7,16,15,False,neutral,positive,information,커뮤니티,0.35,,https://youtu.be/B2RZmSTLZtk?si=frtQjnkkx8KQkNFX 대충 쳐봤을땐 3.3~3.5퍼까지 나올듯 굿 천노 누르면서 안써짐,domain-lexicon-v1.1
2298,221754,xenon,제논 쿨감 관련 질문이 종종 있어서 간단한 설명,2026-06-10 15:00:00+00:00,https://www.inven.co.kr/board/maple/2298/221754,comments,3912,13,27,27,True,positive,positive,complaint,밸런스·스킬,0.6,좋다,5초 << 말 그대로 저점 방지용 쿨감모 편한데 환산대비 딜이 꽤나 많이 약함 솔직히 거품 엄청 끼였는데 쓸데없는 고평가가 되있음 4초 << 17극 리레 20초를 마지노선으로 다 넣을수 있어서 5초보다 잘쓰면 고점 높음. 최소컷 보스에서 가장 유용한 쿨감 3초 < 얘가 순수 실전딜량은 제일 쎔 단점은 17극이 구조상 안된다 (맛이 없게 들어간다) 17극 이하로 치는 보스는 3초가 제일 쎄다 라고 생각 하면됨. (일부 보스는 17극 박는거 보다 3초 16.5 박는게 더 컷이 잘 나올수도 있음 / 예를들어 블댄을 제때 못터트리고 텔포를 많이타서 스킬이 증발되는 칼로스 같은 보스 등등) 그이상의 쿨감은 6초 << 수로 에서 가장 최적화 된 쿨감 7초 << 그냥 엄청 이쁜 쓰레기 모자 포톤이 싸이클 당 5번이 들어가서 이것도 신격화가 되있는데 포톤 1번 더쏘는게 그정도가 아님.. 그냥 그분들이 쓰는 환산 뻥튀기용 모자 퍼클런 할때 이득 볼려고 쓰는 모자고 실성능 많이 구림. 결론) 제논 고,domain-lexicon-v1.1
2298,222638,xenon,제린이가 유입 제린이분들에게,2026-06-18 15:00:00+00:00,https://www.inven.co.kr/board/maple/2298/222638,comments,4281,6,49,49,True,positive,positive,question,밸런스·스킬,0.75,만족 · 감사,"안녕하세요 필자는 고점플레이 유저가 아니고 이제 6개월차 초보 제린이입니다. 이번 챌섭 맞아 유입 제논분들이 많아져서 직게에 올라오는 자주묻는질문 간단한 QnA 작성해보려고합니다. 정말 기본적인 내용의 정보만 다루고 있습니다. 고인물 선생님들께는 도움안됨. 글재주도 없고 가독성도 좋지 않지만 도움이 되셨으면 좋겠습니다. 잘못된 정보가 있다면 고인물 선생님들께서 댓글로 정정 및 첨언해주시면 감사하겠습니다. 글을 적다가 뭘 적을까 더 생각나는게 없어서 여기까지만 적고 댓글남겨주시면 대댓글 남기고 답변가능한 선에서 글 내용에 추가하겠습니다! Q-1 ) 제논 극딜순서 알려주세요. 필자가 사용하는 극딜순서입니다. 파티격에서는 입장극딜 시 1포톤, 솔격에서는 포톤장전 후 2포톤 입장맵 오파츠 오리진극딜 포톤장전(3초뚝 8초 5초뚝 11초) - 역장 - 오리진 - 시퀀스 - 스매셔 - 저격(포톤발사) - 인팬 - 저격 일반극딜 시퀀스 - 스매셔키다운(포톤발사) - 저격 - 인팬 - 저격 포톤은 ",domain-lexicon-v1.1
2298,223188,xenon,챌섭 제논 왜이렇게 약할까요..?,2026-06-23 15:00:00+00:00,https://www.inven.co.kr/board/maple/2298/223188,comments,2978,0,34,34,True,neutral,positive,complaint,밸런스·스킬,0.35,,"현재 챌섭에서 제논을 키우고있는 메린이입니다.. 템도 4여명으로 어찌어찌 맞추고 지금 할 수 있는 스펙업은 다 한 것 같습니다.. 헥환기준 2만정도 나오고 있고 보스 초기화전에 하드보스를 치고싶었는데 도저히 딜이 안나옵니다 ,, 타협을해서 노말로 치기로 결정을 하고 노말 진힐라를 쳤는데 피할거 다 피하고 최대한 딜을 욱여넣었는데 배율 207%나오는 진힐라 19분 50초로 10초 남기고 간신히 잡았습니다 .. 제가 딜 사이클을 이상하게 굴리는걸까요 ..?",domain-lexicon-v1.1
2298,223685,xenon,제논 점샷해도됩니까,2026-07-01 15:00:00+00:00,https://www.inven.co.kr/board/maple/2298/223685,comments,2606,0,53,53,True,neutral,positive,information,커뮤니티,0.35,,제논 점프하면서 공격해도 공속 똑같나요?+그리고 멜다캔슬이란걸 듣고왔는데 어캐하는건가요,domain-lexicon-v1.1
2298,223954,xenon,제논 하드 메이린 92%,2026-07-07 15:00:00+00:00,https://www.inven.co.kr/board/maple/2298/223954,comments,4531,0,23,22,False,neutral,neutral,question,보스·전투,0.35,,컷 어느정도인지 궁금해서 공략좀 보고 제대로 해봤는데 오리진 1극+1어센이 남네요 ᄃᄃ; 얘도 꽉컷은 86-87% 정도에서 놀지 않을까 예상.. 3초뚝 2바인드 1최종뎀 2어센트 1초기화,domain-lexicon-v1.1
2298,224113,xenon,제논 테섭 신규 스킬코어 종뎀 상승률,2026-07-08 15:00:00+00:00,https://www.inven.co.kr/board/maple/2298/224113,recommendations,7464,18,19,18,False,neutral,positive,information,밸런스·스킬,0.35,,몇판 쳐보니 3.47% - 3.6% 사이에서 놀고있음 5초뚝 오버로드 4회 리레 3회 최대한 맞췄습니다. 다른건 전부다 쿨마다 누르기 (어짜피 준극 레투에 2번은 무조건 들어감) 리레에 3번 박는게 생각보다 실전성이 많이 떨어질듯 합니다. 솔직히 실전에서 굴릴려면 6초뚝은 가져와야 실전성이 있어보이는데 점유율 보니까 고쿨감을 목숨걸고 넘어갈 상승치는 아닌거 같음. >> 저격이 중간에 끊기고 발사 되는거라 저격횟수가 빠지는걸 고려하면 사실 저 점유율 만큼 세지진 않습니다.. 실제로 딜상승률은 3퍼 턱걸이 or 조금 더 아래 로 예상 (환산피셜 2% 대다),domain-lexicon-v1.1
2298,224190,xenon,실제 종뎀 상승률은 3%가 안 됩니다,2026-07-08 15:00:00+00:00,https://www.inven.co.kr/board/maple/2298/224190,recommendations,4838,14,15,15,True,neutral,neutral,information,밸런스·스킬,0.35,,"저격 쓰는 기회비용을 생각해야되서 그냥 직접 쓰는 처형, 즉 저격 mk.2인 셈인데 신규스킬(풀강) = 38,675% 일반 저격(풀강) 3타 = 41,704.74% * 참고용 (모두 풀강 기준) 포톤 1회 = 168,960% 일반 저격 1타 = 13,901.58% 강화 저격(처형) 1회 = 28,274.4% 풀강 기준으로도 저격 3대보다 약한 스킬인데 신규스킬이 없어도 저격 1타는 그 시간에 들어가는지라 ""30렙 기준"" 으로 봐도 1회 사용 시 저격 2회치만큼 딜을 더 박을 수 있다 정도라서 실 상승률은 2% 중반대에서 놀고 있다 보는게 맞고 3초뚝이라면 2% 초반까지 내려갈 수 있습니다 간단히 말해서, 신규스킬 점유율의 1/3 가량은 러프하게 기존 저격 자리에서 훔쳐온거라는 이야기.",domain-lexicon-v1.1
2298,224284,xenon,테섭 신규 스킬 후기 / 최종뎀 상승률 / 개선점,2026-07-08 15:00:00+00:00,https://www.inven.co.kr/board/maple/2298/224284,recommendations,3612,19,10,10,True,negative,positive,request,밸런스·스킬,0.75,버그 · 문제,"일단 환산에 전분 제출된 자료 기준 5뚝 으로 쟀고, 최종뎀 상승률은 2.285% * 3뚝이면 더 내려감 / 6뚝 이상은 조금 더 오름 / 실전은 아주 소폭 더 높을 것 이번 스킬 (레일건)은 복잡한거 하나도 없고 그냥 15초마다 쓸 수 있는, ""창을 던져 물리 피해를 입힙니다"" 급의 액티브 하나가 추가된 게 끝입니다 뭐 워낙에 간단한 스킬이고, 의외로 만듦새 자체는 생각보다 괜찮아서 많이 깔 건 없지만 아래 사항들은 좀 개선되서 나왔으면 좋겠다고 생각합니다 이게 딜이든 사용 횟수 쪽이든 결국 저격의 파이를 나눠먹는데 적어도 저격과 비교해서 어느정도 상위호환의 구조를 가지고 있거나 혹은 완전한 차별점이 있어야 되는데, 지금은 그런 면에서 너무나도 작은 육각형을 보여주는지라...... (놀랍게도 모양새는 육각형이긴 함) 이게 이번 신규코어들 밸류가 하나같이 너무 구려서 생기는 문제이기도 하네요 그리고 이야기가 나오는 사용감 문제의 근본적인 원인도 신규스킬의 밸류가 너무 낮은 것에서 출",domain-lexicon-v1.1
2298,224814,xenon,제논 인게임 필터키 + 신규 스킬코어 체감,2026-07-16 09:58:00+00:00,https://www.inven.co.kr/board/maple/2298/224814,recommendations,2911,8,14,17,False,neutral,positive,information,밸런스·스킬,0.35,,원래 필터키 사용 안했는데 이번 신규코어 랑 시너지가 좋은듯? 저격이랑 같이 쏠때 딜레이가 거의 없는 수준 귀찮아서 안썼었는데 이제 인게임에서 사용 가능하니 꼭 사용하시길 바랍니다.,domain-lexicon-v1.1
2298,221787,xenon,제논 쿨뚝 비교를 시각화한 글,2026-06-11 15:00:00+00:00,https://www.inven.co.kr/board/maple/2298/221787,views,5873,2,10,10,True,mixed,positive,request,밸런스·스킬,0.95,좋다 · 문제 · 부족 · 너프 · 아쉽,"아래 글은 쇼케 이전까지의 정보입니다 20분화 패치로 글의 의미가 많이 퇴색됐고 신스킬도 30인지, 60인지 120인지 등 정보가 없어서 어느정도 정보가 더 풀리면 새로 적든가 하겠습니다 ᅳᅳᅳᅳᅳᅳᅳᅳᅳᅳᅳᅳᅳᅳᅳᅳᅳᅳᅳ 아래의 쿨뚝 성능 비교글이 얼추 다 맞는 이야기긴 한데, 약간은 편향된 느낌으로 전달이 될 수 있을 것 같아서 보기 쉽게 시각 자료를 추가해서 글을 써 봤음 사실 다 자세히 볼 필요는 없고 필요한 것만 요약하자면 돈을 ""아주 많이"" 쓰면 딱히 스펙다운 할 일은 없음 근데 가성비를 따지는 순간 역전되는 구간이 있음 -> 모자에 쓸 돈 좀 아끼고 다른 데 투자하면 더 세다는 말 여기서 모든 게 비롯됨 지금 제논 쿨감 효율은 딱 [ 쿨감 <> 올스탯퍼 ] 기본 교환비 만큼은 얼추 효율이 나오지만, 고쿨뚝으로 갈수록 왜곡되는 고쿨감 환산뻥까지 감안하면 거기는 교환비가 손해임 * 모든 비교는 30분, 17극 꽉 치는 기준 애초에 그거보다 일찍 끝나면 고쿨감을 찾을 이유가 ",domain-lexicon-v1.1
2298,222096,xenon,유입대비 저번 챌섭 제논 후기,2026-06-14 15:00:00+00:00,https://www.inven.co.kr/board/maple/2298/222096,views,7507,0,19,19,True,negative,positive,request,보스·전투,0.6,불편,"지난 챌섭에서 노말 칼로스, 이지 카링까지 격파 했었음 아이템 버닝의 효율이 조금 떨어지긴 하지만 나름 무난했음 아마 챌섭버프(쿨감5퍼), 2초뚝으로 하는 1레투 2포톤은 꽤 칼타이밍을 요구할거라 잘 안될 가능성 높음 아이템 버닝에 1레투 2포톤을 수행하지 못하는 0초뚝, 18여명보장의 5만대 스펙의 챌섭에선 제논의 강함이 막 와닿진 않았음 이 환경에선 중위권 정도의 직업 성능이라 생각하는데 이건 숙련도 이슈도 있을 것 같음 정확한 비교를 못 하겠음 사냥은 정말 좋았는데 이번에 야누스 30이라 전혀 신경 안 써도 될듯? 자체설치기도 야누스 이상급 성능이라 조작감 관련해서는 이동기가 조금 뻑뻑하고 이동 유틸 자체의 편의성이 많이 떨어짐 평딜때 회피기동으로 쓰면 꽤 딜누수 남 생존유틸이 쿨감을 전혀 안받는 60초쿨 무적기 이외엔 전무한 수준이라 이전 캐릭터가 렌 보마 등이면 생존에 어려움을 느낄 수 있음 필자는 익스우에서 꽤 고전함 포톤레이 시야 가리는것도 위에 말한 익스우에서 조금 불",domain-lexicon-v1.1
2298,222385,xenon,챌섭제논 보조엠블 어떻게가야할까요?,2026-06-16 15:00:00+00:00,https://www.inven.co.kr/board/maple/2298/222385,views,7541,0,2,2,True,neutral,positive,question,밸런스·스킬,0.35,,"안녕하세요 이번에 챌섭에서 제논 도전해보려는데 최신유트브 영상이나 다른 가이드에선 보조엠블에대한 언급이 거의없더라구요 요즘은 그냥 미트라는 기본박고시작하는게 맞는것 같아 보이는데 제논은 보조가 교불이라 혼란이 와서 몇가지 질문드립니다 초기자본은 100억 조금있고 달마다 조금씩 추가로 현질할 예정이며 급하게 가지 않고 기간내에 챌린저만 따는정도로만 목표하고있습니다 이런상황에서 1.엠블렘은 그냥 미트라를 사서 미라클때 쌍레등업후 교불큐브 던지기 vs 본섭 적당한 하이브리드하트 사기 둘중에 뭐가 더 나을지 궁금합니다 2. 만약 하이브리드 하트를 사게된다면 제 목표수준이면 윗잠 아랫잠 잠재가 어느정도 수준정도면 되는지 궁금합니다 3. 하이브리드 하트 매물살펴보니 방무한줄딸린것들이 좀더 비싼게 많아보이던데 제논은 엠블렘에서 방무가 더중요한가요? 또 무보엠에서 보공, 공퍼는 딱히 큰효율차이가 없을까요?? 특정직업은 마력퍼 효율이 더 좋아서 보공이랑 차이가많이 나는것처럼 제논 유효옵이 궁금합니다",domain-lexicon-v1.1
2298,224035,xenon,제논 신규스킬,2026-07-08 15:00:00+00:00,https://www.inven.co.kr/board/maple/2298/224035,views,5456,0,9,9,True,neutral,neutral,information,밸런스·스킬,0.35,,출처 - https://m.blog.naver.com/PostView.naver?blogId=seotbeo&logNo=224341556041&navType=by 섣버님 블로그,domain-lexicon-v1.1
2294,454416,zero,"제로 1주차 해보고 나름 정리해봤고, 질문이 있읍니다..",2026-06-25 15:00:00+00:00,https://www.inven.co.kr/board/maple/2294/454416,comments,2275,4,21,19,False,positive,positive,question,보스·전투,0.6,감사,"챌섭 2초뚝 끼고있습니다 1. 가끔 에고웨폰,초륀기 없이 휠브휠브가 나가는건 뭘 실수했길래 되는걸까요..? 2. 쉐레 경직시간이 3~4초 사이 랜덤인거같은데 맞나요..? 보스 입장 허수아비에 던져보니 경직 해제 시간이 다르더라구여 3. 두번째극딜부터 운용법을 잘 모르겠습니다.. 쉐플 아껴서 1리레 2쉐플하는건 알겠는데, 리밋브 바저항도 먹고 쉐레 경직 끝나고 다시걸기전에 보스가 탈출하고.. 그냥 뒤죽박죽이에요 아래는 틀린거나 추가할거 있으면 알려주시면 감사드립니다...",domain-lexicon-v1.1
2294,454432,zero,챌섭길드원한테 진실을 말해야할까,2026-06-25 15:00:00+00:00,https://www.inven.co.kr/board/maple/2294/454432,comments,3163,0,21,21,True,negative,positive,complaint,밸런스·스킬,0.6,답답,챌섭 길드원이 제로키우시는 분인데 나도 제로키우고 있어서 귓말로 계속 질문오다가 답답하신지 디코까지 하게됐음 기본적인 콤보 윈문윈롤롤 휠브휠버텝브어 는 하시는데 보스들어가면 진짜 아몰랑 맘대로 딜하시다가 쿨안돈 스킬 꾹누르셔서 1초 멈칫... 태그 1초 멈칫.. 태그 무한반복중이심 극딜중에도 마찬가지.. 유튜브 영상도 개인소장용으로 올리시는분이던데 본캐아란으로는 102퍼 103퍼 이렇게 잡고다니는 실력자심 제로 클탐보니까 140퍼 겨우 잡기도하시고 아직 검밑 하위보스 잡는단계라 검마3페나 세렌이 진짜 지옥인데 아직 체험 해보지도 못하심 솔직히 제로를 깔끔히 접고 본캐 상위팟격 연습을 할지 그래도 계속 해볼지 자기도 갈피를 못잡겠다고 함 이거 냉정한 진실을 말해줘야할까 그래도 꾸준히 하면 할수있어요! 같은 직게느낌 나는 답변을 해줘야할까 오늘도 퇴근하고 오실텐데.. +제로가 본인 생각보다 더 어렵다고 본캐일부터 마무리하고 생각좀 해보시겠다네요,domain-lexicon-v1.1
2294,455431,zero,챌섭 제로 뉴비들이 보고 싶은 보스들 있나,2026-07-05 15:00:00+00:00,https://www.inven.co.kr/board/maple/2294/455431,comments,2273,3,35,35,True,neutral,neutral,information,보스·전투,0.35,,템빼고 쳐볼까 일단 본인 개못하긴 하는데...,domain-lexicon-v1.1
2294,456783,zero,제로 6차 타임 어소리티 리메이크,2026-07-10 15:00:00+00:00,https://www.inven.co.kr/board/maple/2294/456783,comments,3187,26,20,20,True,neutral,positive,information,밸런스·스킬,0.35,,"타임 어소리티 (Time Authority) 권한이 있는 시간, 시간의 권위 정도로 해석이 가능한데 륀느가 시간의 힘이 담긴 시간의 창을 내리 꽂는 형태로 만들어보았음 대충 제로 5차 스킬에 있는 리미트 브레이크, 조인트어택, 에고 웨폰, 쉐도우 플래시를 참고하여 짬뽕해서 만듦 (아이디어랑 요거 그리는데 1~2시간 밖에 안 걸렸다는 건 안 비밀..)",domain-lexicon-v1.1
2294,457361,zero,제로 조작감 어떤가요?,2026-07-17 00:09:00+00:00,https://www.inven.co.kr/board/maple/2294/457361,comments,987,0,19,19,True,neutral,mixed,information,밸런스·스킬,0.35,,"귀찮으시겠지만 답변 한번씩 가능할까요? ᅲ 제가 조작감이랑 부드러움?을 제일 중요시해서 원래 전사는 쳐다도 안봤는데 제로 컨셉,이펙트가 진짜 너무 취향이라 딴 직업을 키워도 계속 생각이나서.. 평타정도는 될까요",domain-lexicon-v1.1
2294,456370,zero,이펙트 웃음벨이긴 하네,2026-07-08 15:00:00+00:00,https://www.inven.co.kr/board/maple/2294/456370,recommendations,4571,15,16,16,True,neutral,negative,information,커뮤니티,0.35,,​ ​ 이게 칼리여 제로여 ᄏᄏᄏᄏ,domain-lexicon-v1.1
2294,457843,zero,이펙트 이펙트 이펙트 이펙트 이펙트,2026-07-16 22:18:00+00:00,https://www.inven.co.kr/board/maple/2294/457843,recommendations,590,12,1,1,True,positive,neutral,debate,밸런스·스킬,0.6,기대,"1.굴렁쇠 -말이 안되는 수준,, 과장없이 10년 전에 나왔어도 욕먹을 아이디어와 퀄리티라고 생각합니다. 2.륀느 -굴렁쇠에 가려져 있지만 륀느 디자인과 막타 이펙트 역시 매우 구지다고 생각합니다. 전혀 세련되어 있지 않은 느낌.. 너무 평면적(?)이라 그런지 왠지 모를 이질감도 듭니다. -->이 모든 게 합쳐진 구진 이펙트가 기존에 예쁜 윈윈스같은 제로의 아이덴티티 스킬들을 모두 가려버립니다. 모션마저 안보일 지경입니다. 솔직히 비교적 최근에 나온 공용코어나 어센트도 제로의 사기적인 컨셉에 비해서는 잘 뽑힌 건 아니라 생각합니다만, 이번 건 정도를 넘어섰습니다. 모든 인력들이 레테로 인해 차출되어 버림받은 느낌입니다. 2차 테섭에도 그대로 들어온 걸로 보아 이제는 일말의 기대조차 하고 있지 않긴 합니다만.. 진짜 너무 슬퍼요ᅲᅲ",domain-lexicon-v1.1
2294,457864,zero,이펙트 수정 아이디어,2026-07-17 01:41:00+00:00,https://www.inven.co.kr/board/maple/2294/457864,recommendations,910,15,3,4,True,positive,neutral,debate,밸런스·스킬,0.6,감사,"태엽은 너무 실망스럽습니다. 못생겼고, 칼리 스킬 복붙해서 급하게 만든 것 같아요. 시간 + 제로의 검 컨셉 을 생각하면 태엽 굴렁쇠 대신 이런 시계+검 느낌으로 아델 테리토리마냥 검이 꽂히면 더 멋지지 않을까요..? 칼은 여기서 라즐리 라피스같은 모양으로 개인적인 의견이지만 어떤가 싶어서 공유합니다. 솔직히 너무 성의없어요 지피티 돌려도 이정도 나오는데... 혹시나 마음에 드신다면 문의해주시면 감사하겠습니다. + 바빠서 테섭을 못들어가서 직게 다른 분 사진 사용해서 만들었습니다",domain-lexicon-v1.1
2294,457993,zero,제로 신규스킬 문제점,2026-07-17 13:59:00+00:00,https://www.inven.co.kr/board/maple/2294/457993,recommendations,652,14,2,2,True,negative,neutral,request,밸런스·스킬,0.6,문제,"1. 스킬 이펙트 신규 스킬 설명입니다. 스킬 설명을 읽어보면 시간의 메아리라는 추가타가 발생하고 추가타가 일정 횟수 발동 시 영겁의 시간이라는 마지막 타격이 발동되는 구조입니다. 1-1 시간의 메아리 이펙트 특정 기술 사용 시 (사실 상 주력기술에 다 발동됨) 저러한 모양의 ""시간의 메아리""가 전방으로 발사 된 후 다시 돌아오는 구조입니다. 3n번째 발 동시에는 3개가 동시에 나갑니다. 굳이 굳이 장황한 설명 없이 이펙트가 못생겼습니다. ​ ​ 심지어 이게 레이어가 앞에 있게 설정해놨는지 스킬 이펙트를 모두 가리면서 발동됩니다. (멋도 없고, 정신사납고, 눈도 아파요...) 많은 제로 분들이 불호를 표현하는데 컨셉과 이펙트를 다시 고민해주실수 있을까요... 이렇게 간절히 빕니다. 1-2 륀느 이펙트 머리가 유독 커보이는 느낌이 들지 않나요.. 이펙트도 뭔가 옛날 느낌이고 퀄리티가 낮은 느낌.. 저희 륀느도 리인카 누나처럼 뽑아주실 수 있는거 압니다. 심지어 시간의 초월자보다 모래시",domain-lexicon-v1.1
2294,454724,zero,세렌이거 어캄?? ㅋㅋㅋ,2026-06-27 15:00:00+00:00,https://www.inven.co.kr/board/maple/2294/454724,views,5241,0,12,12,True,neutral,negative,information,밸런스·스킬,0.35,,검밑솔은 배율 120~130으로 잡아냈는데 세렌 임마는 배율 150인데도 감이 안잡히네 ᄏᄏᄏᄏ. 제로 소질 있다고 생각했는데 산산 조각남 ᄏᄏᄏ. 깎으면 될거 같긴한데 세렌하면서 느끼는게 제로한테 존나게 불합리한 싸움같이 느껴짐. 위로 올라가면 다 저딴놈들만 있는거임??. 걍 배율 200퍼 만들어서 잡아야하나 싶음. 일단 극딜튀로 잡을 스펙만들고 깎아야하나...,domain-lexicon-v1.1
2294,455747,zero,제로 신규 6차 타임 어소리티,2026-07-08 15:00:00+00:00,https://www.inven.co.kr/board/maple/2294/455747,views,4516,0,11,11,True,neutral,negative,information,커뮤니티,0.35,,.,domain-lexicon-v1.1
2294,455815,zero,신규 스킬 타임 어소리티 짧후기,2026-07-08 15:00:00+00:00,https://www.inven.co.kr/board/maple/2294/455815,views,5622,7,14,13,False,negative,positive,request,밸런스·스킬,0.6,부족,"사이클은 신사이클 나오거나 하진 않을거같네요 기존 베타 극딜 사이클 중 타임포스 부족 현상 개선해준거 같고 타임홀딩 공백시간을 어소리티가 메꿔준 느낌듦 굴렁쇠는 계속 때리다가 마지막에 륀느 이펙트로 터지는거 말곤 없음 추가+ 어소리티 1렙->30렙 증가량 어소리티 1렙은 필수입니다 뎀증 10퍼 회복속도 100%증가 이것만해도 사이클 유지 쉬워졌어요 그외 시간의 메아리가 리레 4렙기준에서는 좀 빡빡하게 다 넣어야하는데 ""리레 4렙 안에 어소리티 다 넣기 챌린지"" 열면 재밌을 듯",domain-lexicon-v1.1
2294,455965,zero,신스킬 레벨구간 딜 점유율,2026-07-08 15:00:00+00:00,https://www.inven.co.kr/board/maple/2294/455965,views,4725,8,8,8,True,neutral,positive,request,밸런스·스킬,0.35,,"1렙 오라웨폰과 좋은 승부 할 뻔 10렙 스인미 크오솔과 좋은 승부 20렙 쉐도우 레인과 좋은 승부 30렙 스틱스와 좋은 승부 딜 점유율은 다 이쯤이라 상관 없어보이고, 구조 개선(타임 포스)을 중점으로 보면 나쁘지 않은 스킬인 듯합니다",domain-lexicon-v1.1
